2026-05-26T13:42:42.2048680Z Current runner version: '2.334.0'
2026-05-26T13:42:42.2073033Z ##[group]Runner Image Provisioner
2026-05-26T13:42:42.2074486Z Hosted Compute Agent
2026-05-26T13:42:42.2075114Z Version: 20260213.493
2026-05-26T13:42:42.2075715Z Commit: 5c115507f6dd24b8de37d8bbe0bb4509d0cc0fa3
2026-05-26T13:42:42.2076490Z Build Date: 2026-02-13T00:28:41Z
2026-05-26T13:42:42.2077135Z Worker ID: {4adea2ee-b236-4820-a6ae-50fbf7805ea8}
2026-05-26T13:42:42.2077883Z Azure Region: northcentralus
2026-05-26T13:42:42.2078530Z ##[endgroup]
2026-05-26T13:42:42.2079990Z ##[group]Operating System
2026-05-26T13:42:42.2080615Z Ubuntu
2026-05-26T13:42:42.2081182Z 24.04.4
2026-05-26T13:42:42.2081625Z LTS
2026-05-26T13:42:42.2082371Z ##[endgroup]
2026-05-26T13:42:42.2082908Z ##[group]Runner Image
2026-05-26T13:42:42.2083495Z Image: ubuntu-24.04
2026-05-26T13:42:42.2084026Z Version: 20260518.149.1
2026-05-26T13:42:42.2085252Z Included Software: https://github.com/actions/runner-images/blob/ubuntu24/20260518.149/images/ubuntu/Ubuntu2404-Readme.md
2026-05-26T13:42:42.2086748Z Image Release: https://github.com/actions/runner-images/releases/tag/ubuntu24%2F20260518.149
2026-05-26T13:42:42.2087708Z ##[endgroup]
2026-05-26T13:42:42.2088736Z ##[group]GITHUB_TOKEN Permissions
2026-05-26T13:42:42.2090828Z Contents: read
2026-05-26T13:42:42.2091478Z Metadata: read
2026-05-26T13:42:42.2092184Z ##[endgroup]
2026-05-26T13:42:42.2094286Z Secret source: Actions
2026-05-26T13:42:42.2095270Z Prepare workflow directory
2026-05-26T13:42:42.2511579Z Prepare all required actions
2026-05-26T13:42:42.2548822Z Getting action download info
2026-05-26T13:42:42.9843795Z Download action repository 'actions/checkout@de0fac2e4500dabe0009e67214ff5f5447ce83dd' (SHA:de0fac2e4500dabe0009e67214ff5f5447ce83dd)
2026-05-26T13:42:43.0896335Z Download action repository 'docker/setup-qemu-action@ce360397dd3f832beb865e1373c09c0e9f86d70a' (SHA:ce360397dd3f832beb865e1373c09c0e9f86d70a)
2026-05-26T13:42:43.5866160Z Download action repository 'docker/setup-buildx-action@4d04d5d9486b7bd6fa91e7baf45bbb4f8b9deedd' (SHA:4d04d5d9486b7bd6fa91e7baf45bbb4f8b9deedd)
2026-05-26T13:42:44.0005826Z Download action repository 'docker/bake-action@6614cfa25eff9a0b2b2697efb0b6159e7680d584' (SHA:6614cfa25eff9a0b2b2697efb0b6159e7680d584)
2026-05-26T13:42:44.5112512Z Download action repository 'codecov/codecov-action@e79a6962e0d4c0c17b229090214935d2e33f8354' (SHA:e79a6962e0d4c0c17b229090214935d2e33f8354)
2026-05-26T13:42:44.7493332Z Download action repository 'crazy-max/.github@9ba6e6f9450baf3b1237f8035c1fdc45932510bd' (SHA:9ba6e6f9450baf3b1237f8035c1fdc45932510bd)
2026-05-26T13:42:44.9204110Z Download action repository 'actions/upload-artifact@043fb46d1a93c77aae656e7c1c64a875d1fc6a0a' (SHA:043fb46d1a93c77aae656e7c1c64a875d1fc6a0a)
2026-05-26T13:42:45.1127474Z Getting action download info
2026-05-26T13:42:45.3512476Z Download action repository 'actions/github-script@ed597411d8f924073f98dfc5c65a23a2325f34cd' (SHA:ed597411d8f924073f98dfc5c65a23a2325f34cd)
2026-05-26T13:42:45.6457232Z Getting action download info
2026-05-26T13:42:45.8532017Z Complete job name: test-integration (docker, ./tests, experimental)
2026-05-26T13:42:45.9199728Z ##[group]Run echo "TESTREPORTS_NAME=test-integration-$(echo "./tests--docker-experimental" | tr -dc '[:alnum:]-\n\r' | tr '[:upper:]' '[:lower:]')" >> $GITHUB_ENV
2026-05-26T13:42:45.9200856Z [36;1mecho "TESTREPORTS_NAME=test-integration-$(echo "./tests--docker-experimental" | tr -dc '[:alnum:]-\n\r' | tr '[:upper:]' '[:lower:]')" >> $GITHUB_ENV[0m
2026-05-26T13:42:45.9201486Z [36;1mif [ -n "" ]; then[0m
2026-05-26T13:42:45.9201940Z [36;1m  echo "TEST_BUILDKIT_TAG=" >> $GITHUB_ENV[0m
2026-05-26T13:42:45.9202222Z [36;1mfi[0m
2026-05-26T13:42:45.9202491Z [36;1mtestFlags="--run=//worker=$(echo "docker" | sed 's/\+/\\+/g')$"[0m
2026-05-26T13:42:45.9202840Z [36;1mcase "docker" in[0m
2026-05-26T13:42:45.9203205Z [36;1m  docker | docker+containerd | docker@* | docker+containerd@* | remote+multinode)[0m
2026-05-26T13:42:45.9203731Z [36;1m    echo "TESTFLAGS=-v --parallel=1 --timeout=30m $testFlags" >> $GITHUB_ENV[0m
2026-05-26T13:42:45.9204309Z [36;1m    ;;[0m
2026-05-26T13:42:45.9204513Z [36;1m  *)[0m
2026-05-26T13:42:45.9204803Z [36;1m    echo "TESTFLAGS=-v --parallel=6 --timeout=30m $testFlags" >> $GITHUB_ENV[0m
2026-05-26T13:42:45.9205162Z [36;1m    ;;[0m
2026-05-26T13:42:45.9205326Z [36;1mesac[0m
2026-05-26T13:42:45.9205585Z [36;1mif [[ "docker" == "docker"* || "docker" == "remote+multinode" ]]; then[0m
2026-05-26T13:42:45.9205956Z [36;1m  echo "TEST_DOCKERD=1" >> $GITHUB_ENV[0m
2026-05-26T13:42:45.9206210Z [36;1mfi[0m
2026-05-26T13:42:45.9206417Z [36;1mif [ "experimental" = "experimental" ]; then[0m
2026-05-26T13:42:45.9206764Z [36;1m  echo "TEST_BUILDX_EXPERIMENTAL=1" >> $GITHUB_ENV[0m
2026-05-26T13:42:45.9207066Z [36;1mfi[0m
2026-05-26T13:42:45.9243128Z shell: /usr/bin/bash -e {0}
2026-05-26T13:42:45.9243689Z env:
2026-05-26T13:42:45.9243877Z   SETUP_BUILDX_VERSION: edge
2026-05-26T13:42:45.9244145Z   SETUP_BUILDKIT_IMAGE: moby/buildkit:latest
2026-05-26T13:42:45.9244428Z   SCOUT_VERSION: 1.11.0
2026-05-26T13:42:45.9244636Z   REPO_SLUG: docker/buildx-bin
2026-05-26T13:42:45.9244866Z   DESTDIR: ./bin
2026-05-26T13:42:45.9245052Z   TEST_CACHE_SCOPE: test
2026-05-26T13:42:45.9245304Z   TESTFLAGS: -v --parallel=6 --timeout=30m
2026-05-26T13:42:45.9245574Z   GOTESTSUM_FORMAT: standard-verbose
2026-05-26T13:42:45.9245811Z   GO_VERSION: 1.26
2026-05-26T13:42:45.9245992Z   GOTESTSUM_VERSION: v1.13.0
2026-05-26T13:42:45.9246346Z   TESTFLAGS_DOCKER: -v --parallel=1 --timeout=30m
2026-05-26T13:42:45.9246631Z   TEST_IMAGE_BUILD: 0
2026-05-26T13:42:45.9246830Z   TEST_IMAGE_ID: buildx-tests
2026-05-26T13:42:45.9247042Z   TEST_COVERAGE: 1
2026-05-26T13:42:45.9247215Z ##[endgroup]
2026-05-26T13:42:45.9549494Z ##[group]Run actions/checkout@de0fac2e4500dabe0009e67214ff5f5447ce83dd
2026-05-26T13:42:45.9549892Z with:
2026-05-26T13:42:45.9550070Z   fetch-depth: 0
2026-05-26T13:42:45.9550268Z   repository: docker/buildx
2026-05-26T13:42:45.9550600Z   token: ***
2026-05-26T13:42:45.9550803Z   ssh-strict: true
2026-05-26T13:42:45.9550987Z   ssh-user: git
2026-05-26T13:42:45.9551170Z   persist-credentials: true
2026-05-26T13:42:45.9551390Z   clean: true
2026-05-26T13:42:45.9551582Z   sparse-checkout-cone-mode: true
2026-05-26T13:42:45.9552120Z   fetch-tags: false
2026-05-26T13:42:45.9552315Z   show-progress: true
2026-05-26T13:42:45.9552499Z   lfs: false
2026-05-26T13:42:45.9552665Z   submodules: false
2026-05-26T13:42:45.9552850Z   set-safe-directory: true
2026-05-26T13:42:45.9553082Z env:
2026-05-26T13:42:45.9553254Z   SETUP_BUILDX_VERSION: edge
2026-05-26T13:42:45.9553492Z   SETUP_BUILDKIT_IMAGE: moby/buildkit:latest
2026-05-26T13:42:45.9553753Z   SCOUT_VERSION: 1.11.0
2026-05-26T13:42:45.9553990Z   REPO_SLUG: docker/buildx-bin
2026-05-26T13:42:45.9554200Z   DESTDIR: ./bin
2026-05-26T13:42:45.9554383Z   TEST_CACHE_SCOPE: test
2026-05-26T13:42:45.9554680Z   TESTFLAGS: -v --parallel=1 --timeout=30m --run=//worker=docker$
2026-05-26T13:42:45.9555026Z   GOTESTSUM_FORMAT: standard-verbose
2026-05-26T13:42:45.9555272Z   GO_VERSION: 1.26
2026-05-26T13:42:45.9555453Z   GOTESTSUM_VERSION: v1.13.0
2026-05-26T13:42:45.9555709Z   TESTFLAGS_DOCKER: -v --parallel=1 --timeout=30m
2026-05-26T13:42:45.9555980Z   TEST_IMAGE_BUILD: 0
2026-05-26T13:42:45.9556171Z   TEST_IMAGE_ID: buildx-tests
2026-05-26T13:42:45.9556379Z   TEST_COVERAGE: 1
2026-05-26T13:42:45.9556653Z   TESTREPORTS_NAME: test-integration-tests--docker-experimental
2026-05-26T13:42:45.9556978Z   TEST_DOCKERD: 1
2026-05-26T13:42:45.9557161Z   TEST_BUILDX_EXPERIMENTAL: 1
2026-05-26T13:42:45.9557366Z ##[endgroup]
2026-05-26T13:42:46.0457243Z Syncing repository: docker/buildx
2026-05-26T13:42:46.0458514Z ##[group]Getting Git version info
2026-05-26T13:42:46.0458959Z Working directory is '/home/runner/work/buildx/buildx'
2026-05-26T13:42:46.0459484Z [command]/usr/bin/git version
2026-05-26T13:42:46.0518911Z git version 2.54.0
2026-05-26T13:42:46.0542920Z ##[endgroup]
2026-05-26T13:42:46.0556460Z Temporarily overriding HOME='/home/runner/work/_temp/1a5161fa-097f-4666-ab42-259e4621d296' before making global git config changes
2026-05-26T13:42:46.0557980Z Adding repository directory to the temporary git global config as a safe directory
2026-05-26T13:42:46.0562177Z [command]/usr/bin/git config --global --add safe.directory /home/runner/work/buildx/buildx
2026-05-26T13:42:46.0606052Z Deleting the contents of '/home/runner/work/buildx/buildx'
2026-05-26T13:42:46.0609913Z ##[group]Initializing the repository
2026-05-26T13:42:46.0614622Z [command]/usr/bin/git init /home/runner/work/buildx/buildx
2026-05-26T13:42:46.0711108Z hint: Using 'master' as the name for the initial branch. This default branch name
2026-05-26T13:42:46.0712195Z hint: will change to "main" in Git 3.0. To configure the initial branch name
2026-05-26T13:42:46.0712722Z hint: to use in all of your new repositories, which will suppress this warning,
2026-05-26T13:42:46.0713102Z hint: call:
2026-05-26T13:42:46.0713274Z hint:
2026-05-26T13:42:46.0713541Z hint: 	git config --global init.defaultBranch <name>
2026-05-26T13:42:46.0713849Z hint:
2026-05-26T13:42:46.0714144Z hint: Names commonly chosen instead of 'master' are 'main', 'trunk' and
2026-05-26T13:42:46.0714646Z hint: 'development'. The just-created branch can be renamed via this command:
2026-05-26T13:42:46.0715008Z hint:
2026-05-26T13:42:46.0715190Z hint: 	git branch -m <name>
2026-05-26T13:42:46.0715404Z hint:
2026-05-26T13:42:46.0715733Z hint: Disable this message with "git config set advice.defaultBranchName false"
2026-05-26T13:42:46.0717184Z Initialized empty Git repository in /home/runner/work/buildx/buildx/.git/
2026-05-26T13:42:46.0728513Z [command]/usr/bin/git remote add origin https://github.com/docker/buildx
2026-05-26T13:42:46.0768673Z ##[endgroup]
2026-05-26T13:42:46.0769091Z ##[group]Disabling automatic garbage collection
2026-05-26T13:42:46.0772612Z [command]/usr/bin/git config --local gc.auto 0
2026-05-26T13:42:46.0800140Z ##[endgroup]
2026-05-26T13:42:46.0800503Z ##[group]Setting up auth
2026-05-26T13:42:46.0802595Z Removing SSH command configuration
2026-05-26T13:42:46.0808386Z [command]/usr/bin/git config --local --name-only --get-regexp core\.sshCommand
2026-05-26T13:42:46.0842111Z [command]/usr/bin/git submodule foreach --recursive sh -c "git config --local --name-only --get-regexp 'core\.sshCommand' && git config --local --unset-all 'core.sshCommand' || :"
2026-05-26T13:42:46.1164201Z Removing HTTP extra header
2026-05-26T13:42:46.1169164Z [command]/usr/bin/git config --local --name-only --get-regexp http\.https\:\/\/github\.com\/\.extraheader
2026-05-26T13:42:46.1199468Z [command]/usr/bin/git submodule foreach --recursive sh -c "git config --local --name-only --get-regexp 'http\.https\:\/\/github\.com\/\.extraheader' && git config --local --unset-all 'http.https://github.com/.extraheader' || :"
2026-05-26T13:42:46.1410027Z Removing includeIf entries pointing to credentials config files
2026-05-26T13:42:46.1416166Z [command]/usr/bin/git config --local --name-only --get-regexp ^includeIf\.gitdir:
2026-05-26T13:42:46.1446783Z [command]/usr/bin/git submodule foreach --recursive git config --local --show-origin --name-only --get-regexp remote.origin.url
2026-05-26T13:42:46.1666045Z [command]/usr/bin/git config --file /home/runner/work/_temp/git-credentials-1e74f50d-2edf-4fca-8b9f-8803fbcd929a.config http.https://github.com/.extraheader AUTHORIZATION: basic ***
2026-05-26T13:42:46.1701516Z [command]/usr/bin/git config --local includeIf.gitdir:/home/runner/work/buildx/buildx/.git.path /home/runner/work/_temp/git-credentials-1e74f50d-2edf-4fca-8b9f-8803fbcd929a.config
2026-05-26T13:42:46.1729944Z [command]/usr/bin/git config --local includeIf.gitdir:/home/runner/work/buildx/buildx/.git/worktrees/*.path /home/runner/work/_temp/git-credentials-1e74f50d-2edf-4fca-8b9f-8803fbcd929a.config
2026-05-26T13:42:46.1768587Z [command]/usr/bin/git config --local includeIf.gitdir:/github/workspace/.git.path /github/runner_temp/git-credentials-1e74f50d-2edf-4fca-8b9f-8803fbcd929a.config
2026-05-26T13:42:46.1803627Z [command]/usr/bin/git config --local includeIf.gitdir:/github/workspace/.git/worktrees/*.path /github/runner_temp/git-credentials-1e74f50d-2edf-4fca-8b9f-8803fbcd929a.config
2026-05-26T13:42:46.1835127Z ##[endgroup]
2026-05-26T13:42:46.1835571Z ##[group]Fetching the repository
2026-05-26T13:42:46.1848334Z [command]/usr/bin/git -c protocol.version=2 fetch --no-tags --prune --no-recurse-submodules origin +refs/heads/*:refs/remotes/origin/* +refs/tags/*:refs/tags/*
2026-05-26T13:42:49.7704528Z From https://github.com/docker/buildx
2026-05-26T13:42:49.7706745Z  * [new branch]          dependabot/github_actions/docker/github-builder/dot-github/workflows/bake.yml-1.9.0 -> origin/dependabot/github_actions/docker/github-builder/dot-github/workflows/bake.yml-1.9.0
2026-05-26T13:42:49.7709274Z  * [new branch]          dependabot/github_actions/docker/login-action-4.2.0 -> origin/dependabot/github_actions/docker/login-action-4.2.0
2026-05-26T13:42:49.7711387Z  * [new branch]          dependabot/github_actions/docker/setup-buildx-action-4.1.0 -> origin/dependabot/github_actions/docker/setup-buildx-action-4.1.0
2026-05-26T13:42:49.7714108Z  * [new branch]          dependabot/github_actions/github/codeql-action-4.36.0 -> origin/dependabot/github_actions/github/codeql-action-4.36.0
2026-05-26T13:42:49.7715222Z  * [new branch]          master      -> origin/master
2026-05-26T13:42:49.7715793Z  * [new branch]          v0.10       -> origin/v0.10
2026-05-26T13:42:49.7716305Z  * [new branch]          v0.11       -> origin/v0.11
2026-05-26T13:42:49.7716813Z  * [new branch]          v0.12       -> origin/v0.12
2026-05-26T13:42:49.7717603Z  * [new branch]          v0.13       -> origin/v0.13
2026-05-26T13:42:49.7718118Z  * [new branch]          v0.14       -> origin/v0.14
2026-05-26T13:42:49.7718902Z  * [new branch]          v0.15       -> origin/v0.15
2026-05-26T13:42:49.7719431Z  * [new branch]          v0.16       -> origin/v0.16
2026-05-26T13:42:49.7719903Z  * [new branch]          v0.17       -> origin/v0.17
2026-05-26T13:42:49.7720416Z  * [new branch]          v0.18       -> origin/v0.18
2026-05-26T13:42:49.7720928Z  * [new branch]          v0.19       -> origin/v0.19
2026-05-26T13:42:49.7721484Z  * [new branch]          v0.20       -> origin/v0.20
2026-05-26T13:42:49.7722332Z  * [new branch]          v0.21       -> origin/v0.21
2026-05-26T13:42:49.7722866Z  * [new branch]          v0.22       -> origin/v0.22
2026-05-26T13:42:49.7723414Z  * [new branch]          v0.23       -> origin/v0.23
2026-05-26T13:42:49.7723955Z  * [new branch]          v0.24       -> origin/v0.24
2026-05-26T13:42:49.7724486Z  * [new branch]          v0.25       -> origin/v0.25
2026-05-26T13:42:49.7725015Z  * [new branch]          v0.26       -> origin/v0.26
2026-05-26T13:42:49.7725552Z  * [new branch]          v0.27       -> origin/v0.27
2026-05-26T13:42:49.7726095Z  * [new branch]          v0.28       -> origin/v0.28
2026-05-26T13:42:49.7726601Z  * [new branch]          v0.29       -> origin/v0.29
2026-05-26T13:42:49.7727116Z  * [new branch]          v0.30       -> origin/v0.30
2026-05-26T13:42:49.7727656Z  * [new branch]          v0.31       -> origin/v0.31
2026-05-26T13:42:49.7728241Z  * [new branch]          v0.32       -> origin/v0.32
2026-05-26T13:42:49.7729201Z  * [new branch]          v0.33       -> origin/v0.33
2026-05-26T13:42:49.7729880Z  * [new branch]          v0.34       -> origin/v0.34
2026-05-26T13:42:49.7730503Z  * [new branch]          v0.6        -> origin/v0.6
2026-05-26T13:42:49.7731145Z  * [new branch]          v0.7        -> origin/v0.7
2026-05-26T13:42:49.7731693Z  * [new branch]          v0.8        -> origin/v0.8
2026-05-26T13:42:49.7732572Z  * [new branch]          v0.9        -> origin/v0.9
2026-05-26T13:42:49.7733108Z  * [new tag]             v0.10.0     -> v0.10.0
2026-05-26T13:42:49.7733625Z  * [new tag]             v0.10.0-rc1 -> v0.10.0-rc1
2026-05-26T13:42:49.7734143Z  * [new tag]             v0.10.0-rc2 -> v0.10.0-rc2
2026-05-26T13:42:49.7734673Z  * [new tag]             v0.10.0-rc3 -> v0.10.0-rc3
2026-05-26T13:42:49.7735201Z  * [new tag]             v0.10.1     -> v0.10.1
2026-05-26T13:42:49.7736037Z  * [new tag]             v0.10.2     -> v0.10.2
2026-05-26T13:42:49.7736543Z  * [new tag]             v0.10.3     -> v0.10.3
2026-05-26T13:42:49.7737046Z  * [new tag]             v0.10.4     -> v0.10.4
2026-05-26T13:42:49.7737541Z  * [new tag]             v0.10.5     -> v0.10.5
2026-05-26T13:42:49.7738025Z  * [new tag]             v0.11.0     -> v0.11.0
2026-05-26T13:42:49.7738543Z  * [new tag]             v0.11.0-rc1 -> v0.11.0-rc1
2026-05-26T13:42:49.7739084Z  * [new tag]             v0.11.0-rc2 -> v0.11.0-rc2
2026-05-26T13:42:49.7739595Z  * [new tag]             v0.11.1     -> v0.11.1
2026-05-26T13:42:49.7740099Z  * [new tag]             v0.11.2     -> v0.11.2
2026-05-26T13:42:49.7740603Z  * [new tag]             v0.12.0     -> v0.12.0
2026-05-26T13:42:49.7741119Z  * [new tag]             v0.12.0-rc1 -> v0.12.0-rc1
2026-05-26T13:42:49.7741635Z  * [new tag]             v0.12.0-rc2 -> v0.12.0-rc2
2026-05-26T13:42:49.7742412Z  * [new tag]             v0.12.1     -> v0.12.1
2026-05-26T13:42:49.7742915Z  * [new tag]             v0.13.0     -> v0.13.0
2026-05-26T13:42:49.7743423Z  * [new tag]             v0.13.0-rc1 -> v0.13.0-rc1
2026-05-26T13:42:49.7743960Z  * [new tag]             v0.13.0-rc2 -> v0.13.0-rc2
2026-05-26T13:42:49.7744469Z  * [new tag]             v0.13.1     -> v0.13.1
2026-05-26T13:42:49.7744919Z  * [new tag]             v0.14.0     -> v0.14.0
2026-05-26T13:42:49.7745314Z  * [new tag]             v0.14.0-rc1 -> v0.14.0-rc1
2026-05-26T13:42:49.7745733Z  * [new tag]             v0.14.0-rc2 -> v0.14.0-rc2
2026-05-26T13:42:49.7746215Z  * [new tag]             v0.14.1     -> v0.14.1
2026-05-26T13:42:49.7746698Z  * [new tag]             v0.15.0     -> v0.15.0
2026-05-26T13:42:49.7747417Z  * [new tag]             v0.15.0-rc1 -> v0.15.0-rc1
2026-05-26T13:42:49.7747967Z  * [new tag]             v0.15.0-rc2 -> v0.15.0-rc2
2026-05-26T13:42:49.7748482Z  * [new tag]             v0.15.1     -> v0.15.1
2026-05-26T13:42:49.7749059Z  * [new tag]             v0.16.0     -> v0.16.0
2026-05-26T13:42:49.7749623Z  * [new tag]             v0.16.0-rc1 -> v0.16.0-rc1
2026-05-26T13:42:49.7750150Z  * [new tag]             v0.16.0-rc2 -> v0.16.0-rc2
2026-05-26T13:42:49.7750653Z  * [new tag]             v0.16.1     -> v0.16.1
2026-05-26T13:42:49.7751162Z  * [new tag]             v0.16.2     -> v0.16.2
2026-05-26T13:42:49.7751674Z  * [new tag]             v0.17.0     -> v0.17.0
2026-05-26T13:42:49.7752501Z  * [new tag]             v0.17.0-rc1 -> v0.17.0-rc1
2026-05-26T13:42:49.7753044Z  * [new tag]             v0.17.0-rc2 -> v0.17.0-rc2
2026-05-26T13:42:49.7753576Z  * [new tag]             v0.17.1     -> v0.17.1
2026-05-26T13:42:49.7754083Z  * [new tag]             v0.18.0     -> v0.18.0
2026-05-26T13:42:49.7754596Z  * [new tag]             v0.18.0-rc1 -> v0.18.0-rc1
2026-05-26T13:42:49.7755116Z  * [new tag]             v0.18.0-rc2 -> v0.18.0-rc2
2026-05-26T13:42:49.7755613Z  * [new tag]             v0.18.0-rc3 -> v0.18.0-rc3
2026-05-26T13:42:49.7756097Z  * [new tag]             v0.19.0     -> v0.19.0
2026-05-26T13:42:49.7756615Z  * [new tag]             v0.19.0-rc1 -> v0.19.0-rc1
2026-05-26T13:42:49.7757159Z  * [new tag]             v0.19.0-rc2 -> v0.19.0-rc2
2026-05-26T13:42:49.7757683Z  * [new tag]             v0.19.1     -> v0.19.1
2026-05-26T13:42:49.7758182Z  * [new tag]             v0.19.2     -> v0.19.2
2026-05-26T13:42:49.7758659Z  * [new tag]             v0.19.3     -> v0.19.3
2026-05-26T13:42:49.7759143Z  * [new tag]             v0.2.0      -> v0.2.0
2026-05-26T13:42:49.7759609Z  * [new tag]             v0.2.1      -> v0.2.1
2026-05-26T13:42:49.7760079Z  * [new tag]             v0.2.2      -> v0.2.2
2026-05-26T13:42:49.7760557Z  * [new tag]             v0.20.0     -> v0.20.0
2026-05-26T13:42:49.7761043Z  * [new tag]             v0.20.0-rc1 -> v0.20.0-rc1
2026-05-26T13:42:49.7761556Z  * [new tag]             v0.20.0-rc2 -> v0.20.0-rc2
2026-05-26T13:42:49.7762343Z  * [new tag]             v0.20.0-rc3 -> v0.20.0-rc3
2026-05-26T13:42:49.7762834Z  * [new tag]             v0.20.1     -> v0.20.1
2026-05-26T13:42:49.7763559Z  * [new tag]             v0.21.0     -> v0.21.0
2026-05-26T13:42:49.7764054Z  * [new tag]             v0.21.0-rc1 -> v0.21.0-rc1
2026-05-26T13:42:49.7764573Z  * [new tag]             v0.21.0-rc2 -> v0.21.0-rc2
2026-05-26T13:42:49.7765118Z  * [new tag]             v0.21.0-rc3 -> v0.21.0-rc3
2026-05-26T13:42:49.7765631Z  * [new tag]             v0.21.1     -> v0.21.1
2026-05-26T13:42:49.7766113Z  * [new tag]             v0.21.2     -> v0.21.2
2026-05-26T13:42:49.7766597Z  * [new tag]             v0.21.3     -> v0.21.3
2026-05-26T13:42:49.7767066Z  * [new tag]             v0.22.0     -> v0.22.0
2026-05-26T13:42:49.7767564Z  * [new tag]             v0.22.0-rc1 -> v0.22.0-rc1
2026-05-26T13:42:49.7768089Z  * [new tag]             v0.22.0-rc2 -> v0.22.0-rc2
2026-05-26T13:42:49.7768598Z  * [new tag]             v0.23.0     -> v0.23.0
2026-05-26T13:42:49.7769102Z  * [new tag]             v0.23.0-rc1 -> v0.23.0-rc1
2026-05-26T13:42:49.7769607Z  * [new tag]             v0.23.0-rc2 -> v0.23.0-rc2
2026-05-26T13:42:49.7770134Z  * [new tag]             v0.24.0     -> v0.24.0
2026-05-26T13:42:49.7770640Z  * [new tag]             v0.24.0-rc1 -> v0.24.0-rc1
2026-05-26T13:42:49.7771134Z  * [new tag]             v0.24.0-rc2 -> v0.24.0-rc2
2026-05-26T13:42:49.7771633Z  * [new tag]             v0.25.0     -> v0.25.0
2026-05-26T13:42:49.7772387Z  * [new tag]             v0.25.0-rc1 -> v0.25.0-rc1
2026-05-26T13:42:49.7772877Z  * [new tag]             v0.25.0-rc2 -> v0.25.0-rc2
2026-05-26T13:42:49.7773349Z  * [new tag]             v0.26.0     -> v0.26.0
2026-05-26T13:42:49.7773832Z  * [new tag]             v0.26.0-rc1 -> v0.26.0-rc1
2026-05-26T13:42:49.7774314Z  * [new tag]             v0.26.1     -> v0.26.1
2026-05-26T13:42:49.7775009Z  * [new tag]             v0.27.0     -> v0.27.0
2026-05-26T13:42:49.7775513Z  * [new tag]             v0.27.0-rc1 -> v0.27.0-rc1
2026-05-26T13:42:49.7775994Z  * [new tag]             v0.28.0     -> v0.28.0
2026-05-26T13:42:49.7776466Z  * [new tag]             v0.28.0-rc1 -> v0.28.0-rc1
2026-05-26T13:42:49.7776981Z  * [new tag]             v0.28.0-rc2 -> v0.28.0-rc2
2026-05-26T13:42:49.7777454Z  * [new tag]             v0.29.0     -> v0.29.0
2026-05-26T13:42:49.7777930Z  * [new tag]             v0.29.0-rc1 -> v0.29.0-rc1
2026-05-26T13:42:49.7778420Z  * [new tag]             v0.29.1     -> v0.29.1
2026-05-26T13:42:49.7778899Z  * [new tag]             v0.3.0      -> v0.3.0
2026-05-26T13:42:49.7779382Z  * [new tag]             v0.3.1      -> v0.3.1
2026-05-26T13:42:49.7779823Z  * [new tag]             v0.30.0     -> v0.30.0
2026-05-26T13:42:49.7780289Z  * [new tag]             v0.30.0-rc1 -> v0.30.0-rc1
2026-05-26T13:42:49.7780793Z  * [new tag]             v0.30.0-rc2 -> v0.30.0-rc2
2026-05-26T13:42:49.7781284Z  * [new tag]             v0.30.1     -> v0.30.1
2026-05-26T13:42:49.7782035Z  * [new tag]             v0.31.0     -> v0.31.0
2026-05-26T13:42:49.7782531Z  * [new tag]             v0.31.0-rc1 -> v0.31.0-rc1
2026-05-26T13:42:49.7783035Z  * [new tag]             v0.31.0-rc2 -> v0.31.0-rc2
2026-05-26T13:42:49.7783522Z  * [new tag]             v0.31.1     -> v0.31.1
2026-05-26T13:42:49.7784011Z  * [new tag]             v0.32.0     -> v0.32.0
2026-05-26T13:42:49.7784497Z  * [new tag]             v0.32.0-rc1 -> v0.32.0-rc1
2026-05-26T13:42:49.7785019Z  * [new tag]             v0.32.0-rc2 -> v0.32.0-rc2
2026-05-26T13:42:49.7785538Z  * [new tag]             v0.32.1     -> v0.32.1
2026-05-26T13:42:49.7786026Z  * [new tag]             v0.33.0     -> v0.33.0
2026-05-26T13:42:49.7786530Z  * [new tag]             v0.33.0-rc1 -> v0.33.0-rc1
2026-05-26T13:42:49.7787019Z  * [new tag]             v0.34.0     -> v0.34.0
2026-05-26T13:42:49.7787503Z  * [new tag]             v0.34.0-rc1 -> v0.34.0-rc1
2026-05-26T13:42:49.7788035Z  * [new tag]             v0.34.0-rc2 -> v0.34.0-rc2
2026-05-26T13:42:49.7788520Z  * [new tag]             v0.34.1     -> v0.34.1
2026-05-26T13:42:49.7789074Z  * [new tag]             v0.4.0      -> v0.4.0
2026-05-26T13:42:49.7789542Z  * [new tag]             v0.4.1      -> v0.4.1
2026-05-26T13:42:49.7790239Z  * [new tag]             v0.4.2      -> v0.4.2
2026-05-26T13:42:49.7790716Z  * [new tag]             v0.5.0      -> v0.5.0
2026-05-26T13:42:49.7791197Z  * [new tag]             v0.5.0-rc1  -> v0.5.0-rc1
2026-05-26T13:42:49.7791675Z  * [new tag]             v0.5.1      -> v0.5.1
2026-05-26T13:42:49.7792412Z  * [new tag]             v0.6.0      -> v0.6.0
2026-05-26T13:42:49.7792895Z  * [new tag]             v0.6.0-rc1  -> v0.6.0-rc1
2026-05-26T13:42:49.7793377Z  * [new tag]             v0.6.1      -> v0.6.1
2026-05-26T13:42:49.7793838Z  * [new tag]             v0.6.2      -> v0.6.2
2026-05-26T13:42:49.7794281Z  * [new tag]             v0.6.3      -> v0.6.3
2026-05-26T13:42:49.7794751Z  * [new tag]             v0.7.0      -> v0.7.0
2026-05-26T13:42:49.7795232Z  * [new tag]             v0.7.0-rc1  -> v0.7.0-rc1
2026-05-26T13:42:49.7795729Z  * [new tag]             v0.7.1      -> v0.7.1
2026-05-26T13:42:49.7796271Z  * [new tag]             v0.8.0      -> v0.8.0
2026-05-26T13:42:49.7796795Z  * [new tag]             v0.8.0-rc1  -> v0.8.0-rc1
2026-05-26T13:42:49.7797322Z  * [new tag]             v0.8.1      -> v0.8.1
2026-05-26T13:42:49.7797783Z  * [new tag]             v0.8.2      -> v0.8.2
2026-05-26T13:42:49.7798228Z  * [new tag]             v0.9.0      -> v0.9.0
2026-05-26T13:42:49.7798685Z  * [new tag]             v0.9.0-rc1  -> v0.9.0-rc1
2026-05-26T13:42:49.7799136Z  * [new tag]             v0.9.0-rc2  -> v0.9.0-rc2
2026-05-26T13:42:49.7799611Z  * [new tag]             v0.9.1      -> v0.9.1
2026-05-26T13:42:49.7924011Z [command]/usr/bin/git branch --list --remote origin/master
2026-05-26T13:42:49.7957604Z   origin/master
2026-05-26T13:42:49.7968541Z [command]/usr/bin/git rev-parse refs/remotes/origin/master
2026-05-26T13:42:49.7991130Z 8c343dbba3983d17be0e785295acd5d3b7df5cad
2026-05-26T13:42:49.7995755Z ##[endgroup]
2026-05-26T13:42:49.7996309Z ##[group]Determining the checkout info
2026-05-26T13:42:49.7997107Z ##[endgroup]
2026-05-26T13:42:49.8001346Z [command]/usr/bin/git sparse-checkout disable
2026-05-26T13:42:49.8046695Z [command]/usr/bin/git config --local --unset-all extensions.worktreeConfig
2026-05-26T13:42:49.8073297Z ##[group]Checking out the ref
2026-05-26T13:42:49.8078010Z [command]/usr/bin/git checkout --progress --force -B master refs/remotes/origin/master
2026-05-26T13:42:50.3880821Z Reset branch 'master'
2026-05-26T13:42:50.3882357Z branch 'master' set up to track 'origin/master'.
2026-05-26T13:42:50.3923811Z ##[endgroup]
2026-05-26T13:42:50.3977168Z [command]/usr/bin/git log -1 --format=%H
2026-05-26T13:42:50.4002686Z 8c343dbba3983d17be0e785295acd5d3b7df5cad
2026-05-26T13:42:50.4177979Z ##[group]Run docker/setup-qemu-action@ce360397dd3f832beb865e1373c09c0e9f86d70a
2026-05-26T13:42:50.4178412Z with:
2026-05-26T13:42:50.4178616Z   image: docker.io/tonistiigi/binfmt:latest
2026-05-26T13:42:50.4178882Z   platforms: all
2026-05-26T13:42:50.4179058Z   cache-image: true
2026-05-26T13:42:50.4179236Z env:
2026-05-26T13:42:50.4179394Z   SETUP_BUILDX_VERSION: edge
2026-05-26T13:42:50.4179641Z   SETUP_BUILDKIT_IMAGE: moby/buildkit:latest
2026-05-26T13:42:50.4179889Z   SCOUT_VERSION: 1.11.0
2026-05-26T13:42:50.4180085Z   REPO_SLUG: docker/buildx-bin
2026-05-26T13:42:50.4180291Z   DESTDIR: ./bin
2026-05-26T13:42:50.4180461Z   TEST_CACHE_SCOPE: test
2026-05-26T13:42:50.4180755Z   TESTFLAGS: -v --parallel=1 --timeout=30m --run=//worker=docker$
2026-05-26T13:42:50.4181094Z   GOTESTSUM_FORMAT: standard-verbose
2026-05-26T13:42:50.4181322Z   GO_VERSION: 1.26
2026-05-26T13:42:50.4181501Z   GOTESTSUM_VERSION: v1.13.0
2026-05-26T13:42:50.4182129Z   TESTFLAGS_DOCKER: -v --parallel=1 --timeout=30m
2026-05-26T13:42:50.4182413Z   TEST_IMAGE_BUILD: 0
2026-05-26T13:42:50.4182614Z   TEST_IMAGE_ID: buildx-tests
2026-05-26T13:42:50.4182825Z   TEST_COVERAGE: 1
2026-05-26T13:42:50.4183090Z   TESTREPORTS_NAME: test-integration-tests--docker-experimental
2026-05-26T13:42:50.4183411Z   TEST_DOCKERD: 1
2026-05-26T13:42:50.4183589Z   TEST_BUILDX_EXPERIMENTAL: 1
2026-05-26T13:42:50.4183787Z ##[endgroup]
2026-05-26T13:42:50.5502860Z ##[group]Docker info
2026-05-26T13:42:50.5539034Z [command]/usr/bin/docker version
2026-05-26T13:42:50.6389743Z Client: Docker Engine - Community
2026-05-26T13:42:50.6390564Z  Version:           28.0.4
2026-05-26T13:42:50.6391303Z  API version:       1.48
2026-05-26T13:42:50.6392143Z  Go version:        go1.23.7
2026-05-26T13:42:50.6392705Z  Git commit:        b8034c0
2026-05-26T13:42:50.6393324Z  Built:             Tue Mar 25 15:07:16 2025
2026-05-26T13:42:50.6393987Z  OS/Arch:           linux/amd64
2026-05-26T13:42:50.6394487Z  Context:           default
2026-05-26T13:42:50.6394976Z 
2026-05-26T13:42:50.6395128Z Server: Docker Engine - Community
2026-05-26T13:42:50.6395496Z  Engine:
2026-05-26T13:42:50.6395746Z   Version:          28.0.4
2026-05-26T13:42:50.6395995Z   API version:      1.48 (minimum version 1.24)
2026-05-26T13:42:50.6396264Z   Go version:       go1.23.7
2026-05-26T13:42:50.6396473Z   Git commit:       6430e49
2026-05-26T13:42:50.6396681Z   Built:            Tue Mar 25 15:07:16 2025
2026-05-26T13:42:50.6396933Z   OS/Arch:          linux/amd64
2026-05-26T13:42:50.6397221Z   Experimental:     false
2026-05-26T13:42:50.6397425Z  containerd:
2026-05-26T13:42:50.6397600Z   Version:          v2.2.3
2026-05-26T13:42:50.6397862Z   GitCommit:        77c84241c7cbdd9b4eca2591793e3d4f4317c590
2026-05-26T13:42:50.6398146Z  runc:
2026-05-26T13:42:50.6398300Z   Version:          1.3.5
2026-05-26T13:42:50.6398505Z   GitCommit:        v1.3.5-0-g488fc13e
2026-05-26T13:42:50.6398740Z  docker-init:
2026-05-26T13:42:50.6398906Z   Version:          0.19.0
2026-05-26T13:42:50.6399109Z   GitCommit:        de40ad0
2026-05-26T13:42:50.6440585Z [command]/usr/bin/docker info
2026-05-26T13:42:50.8409724Z Client: Docker Engine - Community
2026-05-26T13:42:50.8410365Z  Version:    28.0.4
2026-05-26T13:42:50.8410771Z  Context:    default
2026-05-26T13:42:50.8411385Z  Debug Mode: false
2026-05-26T13:42:50.8412252Z  Plugins:
2026-05-26T13:42:50.8412576Z   buildx: Docker Buildx (Docker Inc.)
2026-05-26T13:42:50.8412997Z     Version:  v0.34.0
2026-05-26T13:42:50.8413423Z     Path:     /usr/libexec/docker/cli-plugins/docker-buildx
2026-05-26T13:42:50.8413981Z   compose: Docker Compose (Docker Inc.)
2026-05-26T13:42:50.8414376Z     Version:  v2.38.2
2026-05-26T13:42:50.8414792Z     Path:     /usr/libexec/docker/cli-plugins/docker-compose
2026-05-26T13:42:50.8415169Z 
2026-05-26T13:42:50.8415281Z Server:
2026-05-26T13:42:50.8415544Z  Containers: 0
2026-05-26T13:42:50.8415823Z   Running: 0
2026-05-26T13:42:50.8416094Z   Paused: 0
2026-05-26T13:42:50.8416275Z   Stopped: 0
2026-05-26T13:42:50.8416799Z  Images: 6
2026-05-26T13:42:50.8416987Z  Server Version: 28.0.4
2026-05-26T13:42:50.8417199Z  Storage Driver: overlay2
2026-05-26T13:42:50.8417409Z   Backing Filesystem: extfs
2026-05-26T13:42:50.8417620Z   Supports d_type: true
2026-05-26T13:42:50.8417810Z   Using metacopy: false
2026-05-26T13:42:50.8418007Z   Native Overlay Diff: false
2026-05-26T13:42:50.8418214Z   userxattr: false
2026-05-26T13:42:50.8418398Z  Logging Driver: json-file
2026-05-26T13:42:50.8418613Z  Cgroup Driver: systemd
2026-05-26T13:42:50.8418796Z  Cgroup Version: 2
2026-05-26T13:42:50.8418974Z  Plugins:
2026-05-26T13:42:50.8419139Z   Volume: local
2026-05-26T13:42:50.8419346Z   Network: bridge host ipvlan macvlan null overlay
2026-05-26T13:42:50.8419794Z   Log: awslogs fluentd gcplogs gelf journald json-file local splunk syslog
2026-05-26T13:42:50.8420130Z  Swarm: inactive
2026-05-26T13:42:50.8420324Z  Runtimes: runc io.containerd.runc.v2
2026-05-26T13:42:50.8420565Z  Default Runtime: runc
2026-05-26T13:42:50.8420796Z  Init Binary: docker-init
2026-05-26T13:42:50.8421077Z  containerd version: 77c84241c7cbdd9b4eca2591793e3d4f4317c590
2026-05-26T13:42:50.8421388Z  runc version: v1.3.5-0-g488fc13e
2026-05-26T13:42:50.8421608Z  init version: de40ad0
2026-05-26T13:42:50.8422246Z  Security Options:
2026-05-26T13:42:50.8422454Z   apparmor
2026-05-26T13:42:50.8422614Z   seccomp
2026-05-26T13:42:50.8422770Z    Profile: builtin
2026-05-26T13:42:50.8422949Z   cgroupns
2026-05-26T13:42:50.8423316Z  Kernel Version: 6.17.0-1013-azure
2026-05-26T13:42:50.8423559Z  Operating System: Ubuntu 24.04.4 LTS
2026-05-26T13:42:50.8424016Z  OSType: linux
2026-05-26T13:42:50.8424287Z  Architecture: x86_64
2026-05-26T13:42:50.8424482Z  CPUs: 4
2026-05-26T13:42:50.8424645Z  Total Memory: 15.61GiB
2026-05-26T13:42:50.8424832Z  Name: runnervmg397c
2026-05-26T13:42:50.8425036Z  ID: 030b3de5-f6f5-43f2-8bdc-0a866a274328
2026-05-26T13:42:50.8425293Z  Docker Root Dir: /var/lib/docker
2026-05-26T13:42:50.8425523Z  Debug Mode: false
2026-05-26T13:42:50.8425720Z  Username: githubactions
2026-05-26T13:42:50.8425919Z  Experimental: false
2026-05-26T13:42:50.8426112Z  Insecure Registries:
2026-05-26T13:42:50.8431012Z   ::1/128
2026-05-26T13:42:50.8431210Z   127.0.0.0/8
2026-05-26T13:42:50.8431406Z  Live Restore Enabled: false
2026-05-26T13:42:50.8431570Z 
2026-05-26T13:42:50.8432502Z ##[endgroup]
2026-05-26T13:42:50.8432911Z ##[group]Pulling binfmt Docker image
2026-05-26T13:42:50.9745059Z Cache hit for: docker.io--tonistiigi--binfmt-latest-linux-x64
2026-05-26T13:42:51.6728758Z Received 32159156 of 32159156 (100.0%), 54.3 MBs/sec
2026-05-26T13:42:51.6729476Z Cache Size: ~31 MB (32159156 B)
2026-05-26T13:42:51.6790952Z [command]/usr/bin/tar -xf /home/runner/work/_temp/af258fd6-6d4c-4a66-ba22-15c9096e467c/cache.tzst -P -C /home/runner/work/buildx/buildx --use-compress-program unzstd
2026-05-26T13:42:51.8124299Z Cache restored successfully
2026-05-26T13:42:51.8140624Z Restored docker.io--tonistiigi--binfmt-latest-linux-x64 from GitHub Actions cache
2026-05-26T13:42:51.8503133Z Cached to hosted tool cache /opt/hostedtoolcache/docker.io--tonistiigi--binfmt/latest/linux-x64
2026-05-26T13:42:51.8504372Z Copying /opt/hostedtoolcache/docker.io--tonistiigi--binfmt/latest/linux-x64/image.tar to /home/runner/.docker/.cache/images/docker.io--tonistiigi--binfmt/latest/linux-x64/image.tar
2026-05-26T13:42:51.8970242Z Image found from cache in /home/runner/.docker/.cache/images/docker.io--tonistiigi--binfmt/latest/linux-x64/image.tar
2026-05-26T13:42:51.8995034Z [command]/usr/bin/docker load -i /home/runner/.docker/.cache/images/docker.io--tonistiigi--binfmt/latest/linux-x64/image.tar
2026-05-26T13:42:53.7419431Z Loaded image: tonistiigi/binfmt:latest
2026-05-26T13:42:53.7542773Z [command]/usr/bin/docker pull docker.io/tonistiigi/binfmt:latest
2026-05-26T13:42:54.1666036Z latest: Pulling from tonistiigi/binfmt
2026-05-26T13:42:54.3102918Z Digest: sha256:d3b963f787999e6c0219a48dba02978769286ff61a5f4d26245cb6a6e5567ea3
2026-05-26T13:42:54.3108749Z Status: Image is up to date for tonistiigi/binfmt:latest
2026-05-26T13:42:54.3115507Z docker.io/tonistiigi/binfmt:latest
2026-05-26T13:42:54.3151199Z [command]/usr/bin/docker save -o /home/runner/work/_temp/docker-actions-toolkit-iV3rds/749e64100d3fa0c09bdbc8a02e4fb9cb3ee64266f7f661c98371040689abacb3.tar docker.io/tonistiigi/binfmt:latest
2026-05-26T13:42:54.6952776Z Copying /home/runner/work/_temp/docker-actions-toolkit-iV3rds/749e64100d3fa0c09bdbc8a02e4fb9cb3ee64266f7f661c98371040689abacb3.tar to /home/runner/.docker/.cache/images/docker.io--tonistiigi--binfmt/latest/linux-x64/image.tar
2026-05-26T13:42:54.7658150Z Image cached to /home/runner/.docker/.cache/images/docker.io--tonistiigi--binfmt/latest/linux-x64/image.tar
2026-05-26T13:42:54.7659115Z ##[endgroup]
2026-05-26T13:42:54.7659446Z ##[group]Image info
2026-05-26T13:42:54.7677001Z [command]/usr/bin/docker image inspect docker.io/tonistiigi/binfmt:latest
2026-05-26T13:42:54.8126796Z [
2026-05-26T13:42:54.8127321Z     {
2026-05-26T13:42:54.8127950Z         "Id": "sha256:fb4f8f43716ffaf2802bb32cd60994de149d020f8b1c7e7ddfbdfb43a521ec82",
2026-05-26T13:42:54.8128631Z         "RepoTags": [
2026-05-26T13:42:54.8128991Z             "tonistiigi/binfmt:latest"
2026-05-26T13:42:54.8129392Z         ],
2026-05-26T13:42:54.8129678Z         "RepoDigests": [
2026-05-26T13:42:54.8130352Z             "tonistiigi/binfmt@sha256:d3b963f787999e6c0219a48dba02978769286ff61a5f4d26245cb6a6e5567ea3"
2026-05-26T13:42:54.8130862Z         ],
2026-05-26T13:42:54.8131360Z         "Parent": "",
2026-05-26T13:42:54.8131590Z         "Comment": "buildkit.dockerfile.v0",
2026-05-26T13:42:54.8132275Z         "Created": "2026-02-18T18:09:43.658440389Z",
2026-05-26T13:42:54.8132568Z         "DockerVersion": "",
2026-05-26T13:42:54.8132797Z         "Author": "",
2026-05-26T13:42:54.8132991Z         "Config": {
2026-05-26T13:42:54.8133178Z             "Hostname": "",
2026-05-26T13:42:54.8133401Z             "Domainname": "",
2026-05-26T13:42:54.8133622Z             "User": "",
2026-05-26T13:42:54.8133858Z             "AttachStdin": false,
2026-05-26T13:42:54.8134113Z             "AttachStdout": false,
2026-05-26T13:42:54.8134358Z             "AttachStderr": false,
2026-05-26T13:42:54.8134590Z             "Tty": false,
2026-05-26T13:42:54.8134803Z             "OpenStdin": false,
2026-05-26T13:42:54.8135026Z             "StdinOnce": false,
2026-05-26T13:42:54.8135241Z             "Env": [
2026-05-26T13:42:54.8135573Z                 "PATH=/usr/local/sbin:/usr/local/bin:/usr/sbin:/usr/bin:/sbin:/bin",
2026-05-26T13:42:54.8135965Z                 "QEMU_PRESERVE_ARGV0=1"
2026-05-26T13:42:54.8136207Z             ],
2026-05-26T13:42:54.8136386Z             "Cmd": null,
2026-05-26T13:42:54.8136807Z             "Image": "",
2026-05-26T13:42:54.8137195Z             "Volumes": {
2026-05-26T13:42:54.8137521Z                 "/tmp": {}
2026-05-26T13:42:54.8137838Z             },
2026-05-26T13:42:54.8138150Z             "WorkingDir": "/",
2026-05-26T13:42:54.8138542Z             "Entrypoint": [
2026-05-26T13:42:54.8138897Z                 "/usr/bin/binfmt"
2026-05-26T13:42:54.8139244Z             ],
2026-05-26T13:42:54.8139527Z             "OnBuild": null,
2026-05-26T13:42:54.8139869Z             "Labels": null
2026-05-26T13:42:54.8140178Z         },
2026-05-26T13:42:54.8140461Z         "Architecture": "amd64",
2026-05-26T13:42:54.8140853Z         "Os": "linux",
2026-05-26T13:42:54.8141195Z         "Size": 85108073,
2026-05-26T13:42:54.8141507Z         "GraphDriver": {
2026-05-26T13:42:54.8142102Z             "Data": {
2026-05-26T13:42:54.8142827Z                 "LowerDir": "/var/lib/docker/overlay2/5ceb5318d9267f321b47af16b283269eff3678f175815f8b3910aca69843c262/diff",
2026-05-26T13:42:54.8144142Z                 "MergedDir": "/var/lib/docker/overlay2/44fce93789cb9e2e0636d4e302e9eac40369fceeb6a72f4f8c30809039fb2736/merged",
2026-05-26T13:42:54.8145506Z                 "UpperDir": "/var/lib/docker/overlay2/44fce93789cb9e2e0636d4e302e9eac40369fceeb6a72f4f8c30809039fb2736/diff",
2026-05-26T13:42:54.8147080Z                 "WorkDir": "/var/lib/docker/overlay2/44fce93789cb9e2e0636d4e302e9eac40369fceeb6a72f4f8c30809039fb2736/work"
2026-05-26T13:42:54.8147949Z             },
2026-05-26T13:42:54.8148269Z             "Name": "overlay2"
2026-05-26T13:42:54.8148627Z         },
2026-05-26T13:42:54.8148892Z         "RootFS": {
2026-05-26T13:42:54.8149218Z             "Type": "layers",
2026-05-26T13:42:54.8149595Z             "Layers": [
2026-05-26T13:42:54.8150119Z                 "sha256:7c7a3ed8f59c9c48a6885e1b9d666072857891560d4557401a19bd803378d1d4",
2026-05-26T13:42:54.8151099Z                 "sha256:b7dea0aa7b18514e216eebdbded52b5b2c070562d7c88a97f8c3fb0995e4febb"
2026-05-26T13:42:54.8152061Z             ]
2026-05-26T13:42:54.8152388Z         },
2026-05-26T13:42:54.8152702Z         "Metadata": {
2026-05-26T13:42:54.8153099Z             "LastTagTime": "0001-01-01T00:00:00Z"
2026-05-26T13:42:54.8153555Z         }
2026-05-26T13:42:54.8153857Z     }
2026-05-26T13:42:54.8154137Z ]
2026-05-26T13:42:54.8154893Z ##[endgroup]
2026-05-26T13:42:54.8155505Z ##[group]Binfmt version
2026-05-26T13:42:54.8160953Z [command]/usr/bin/docker run --rm --privileged docker.io/tonistiigi/binfmt:latest --version
2026-05-26T13:42:55.2852455Z binfmt/3a63696 qemu/v10.2.1 go/1.25.7
2026-05-26T13:42:55.3520601Z ##[endgroup]
2026-05-26T13:42:55.3522754Z ##[group]Installing QEMU static binaries
2026-05-26T13:42:55.3537770Z [command]/usr/bin/docker run --rm --privileged docker.io/tonistiigi/binfmt:latest --install all
2026-05-26T13:42:55.4726082Z installing: mips64 OK
2026-05-26T13:42:55.4726879Z installing: arm OK
2026-05-26T13:42:55.4727229Z installing: s390x OK
2026-05-26T13:42:55.4727579Z installing: mips64le OK
2026-05-26T13:42:55.4727936Z installing: loong64 OK
2026-05-26T13:42:55.4728271Z installing: arm64 OK
2026-05-26T13:42:55.4728643Z installing: ppc64le OK
2026-05-26T13:42:55.4728986Z installing: riscv64 OK
2026-05-26T13:42:55.4930076Z {
2026-05-26T13:42:55.4930552Z   "supported": [
2026-05-26T13:42:55.4930884Z     "linux/amd64",
2026-05-26T13:42:55.4931196Z     "linux/amd64/v2",
2026-05-26T13:42:55.4931557Z     "linux/amd64/v3",
2026-05-26T13:42:55.4932162Z     "linux/arm64",
2026-05-26T13:42:55.4932468Z     "linux/riscv64",
2026-05-26T13:42:55.4932783Z     "linux/ppc64le",
2026-05-26T13:42:55.4933098Z     "linux/s390x",
2026-05-26T13:42:55.4933392Z     "linux/386",
2026-05-26T13:42:55.4933686Z     "linux/mips64le",
2026-05-26T13:42:55.4934003Z     "linux/mips64",
2026-05-26T13:42:55.4934379Z     "linux/loong64",
2026-05-26T13:42:55.4934700Z     "linux/arm/v7",
2026-05-26T13:42:55.4934968Z     "linux/arm/v6"
2026-05-26T13:42:55.4935149Z   ],
2026-05-26T13:42:55.4935314Z   "emulators": [
2026-05-26T13:42:55.4935572Z     "llvm-16-runtime.binfmt",
2026-05-26T13:42:55.4935951Z     "llvm-17-runtime.binfmt",
2026-05-26T13:42:55.4936344Z     "llvm-18-runtime.binfmt",
2026-05-26T13:42:55.4936597Z     "python3.12",
2026-05-26T13:42:55.4936804Z     "qemu-aarch64",
2026-05-26T13:42:55.4936992Z     "qemu-arm",
2026-05-26T13:42:55.4937188Z     "qemu-loongarch64",
2026-05-26T13:42:55.4937563Z     "qemu-mips64",
2026-05-26T13:42:55.4937765Z     "qemu-mips64el",
2026-05-26T13:42:55.4937958Z     "qemu-ppc64le",
2026-05-26T13:42:55.4938146Z     "qemu-riscv64",
2026-05-26T13:42:55.4938330Z     "qemu-s390x"
2026-05-26T13:42:55.4938609Z   ]
2026-05-26T13:42:55.4938832Z }
2026-05-26T13:42:55.5589739Z ##[endgroup]
2026-05-26T13:42:55.5590204Z ##[group]Extracting available platforms
2026-05-26T13:42:55.7629076Z linux/amd64,linux/amd64/v2,linux/amd64/v3,linux/arm64,linux/riscv64,linux/ppc64le,linux/s390x,linux/386,linux/mips64le,linux/mips64,linux/loong64,linux/arm/v7,linux/arm/v6
2026-05-26T13:42:55.7630922Z ##[endgroup]
2026-05-26T13:42:55.7788017Z ##[group]Run docker/setup-buildx-action@4d04d5d9486b7bd6fa91e7baf45bbb4f8b9deedd
2026-05-26T13:42:55.7788430Z with:
2026-05-26T13:42:55.7788604Z   version: edge
2026-05-26T13:42:55.7788810Z   driver-opts: image=moby/buildkit:latest
2026-05-26T13:42:55.7789081Z   buildkitd-flags: --debug
2026-05-26T13:42:55.7789298Z   driver: docker-container
2026-05-26T13:42:55.7789502Z   use: true
2026-05-26T13:42:55.7789669Z   keep-state: false
2026-05-26T13:42:55.7789857Z   cache-binary: true
2026-05-26T13:42:55.7790036Z   cleanup: true
2026-05-26T13:42:55.7790207Z env:
2026-05-26T13:42:55.7790375Z   SETUP_BUILDX_VERSION: edge
2026-05-26T13:42:55.7790615Z   SETUP_BUILDKIT_IMAGE: moby/buildkit:latest
2026-05-26T13:42:55.7790867Z   SCOUT_VERSION: 1.11.0
2026-05-26T13:42:55.7791073Z   REPO_SLUG: docker/buildx-bin
2026-05-26T13:42:55.7791302Z   DESTDIR: ./bin
2026-05-26T13:42:55.7791485Z   TEST_CACHE_SCOPE: test
2026-05-26T13:42:55.7792112Z   TESTFLAGS: -v --parallel=1 --timeout=30m --run=//worker=docker$
2026-05-26T13:42:55.7792479Z   GOTESTSUM_FORMAT: standard-verbose
2026-05-26T13:42:55.7792715Z   GO_VERSION: 1.26
2026-05-26T13:42:55.7792917Z   GOTESTSUM_VERSION: v1.13.0
2026-05-26T13:42:55.7793190Z   TESTFLAGS_DOCKER: -v --parallel=1 --timeout=30m
2026-05-26T13:42:55.7793469Z   TEST_IMAGE_BUILD: 0
2026-05-26T13:42:55.7793664Z   TEST_IMAGE_ID: buildx-tests
2026-05-26T13:42:55.7793878Z   TEST_COVERAGE: 1
2026-05-26T13:42:55.7794158Z   TESTREPORTS_NAME: test-integration-tests--docker-experimental
2026-05-26T13:42:55.7794492Z   TEST_DOCKERD: 1
2026-05-26T13:42:55.7794684Z   TEST_BUILDX_EXPERIMENTAL: 1
2026-05-26T13:42:55.7794900Z ##[endgroup]
2026-05-26T13:42:55.9840881Z ##[group]Docker info
2026-05-26T13:42:55.9867534Z [command]/usr/bin/docker version
2026-05-26T13:42:56.0062628Z Client: Docker Engine - Community
2026-05-26T13:42:56.0065099Z  Version:           28.0.4
2026-05-26T13:42:56.0065780Z  API version:       1.48
2026-05-26T13:42:56.0066196Z  Go version:        go1.23.7
2026-05-26T13:42:56.0066598Z  Git commit:        b8034c0
2026-05-26T13:42:56.0066958Z  Built:             Tue Mar 25 15:07:16 2025
2026-05-26T13:42:56.0067231Z  OS/Arch:           linux/amd64
2026-05-26T13:42:56.0067448Z  Context:           default
2026-05-26T13:42:56.0067587Z 
2026-05-26T13:42:56.0067681Z Server: Docker Engine - Community
2026-05-26T13:42:56.0067915Z  Engine:
2026-05-26T13:42:56.0068084Z   Version:          28.0.4
2026-05-26T13:42:56.0068314Z   API version:      1.48 (minimum version 1.24)
2026-05-26T13:42:56.0068587Z   Go version:       go1.23.7
2026-05-26T13:42:56.0068797Z   Git commit:       6430e49
2026-05-26T13:42:56.0069016Z   Built:            Tue Mar 25 15:07:16 2025
2026-05-26T13:42:56.0069258Z   OS/Arch:          linux/amd64
2026-05-26T13:42:56.0069481Z   Experimental:     false
2026-05-26T13:42:56.0069684Z  containerd:
2026-05-26T13:42:56.0069866Z   Version:          v2.2.3
2026-05-26T13:42:56.0070127Z   GitCommit:        77c84241c7cbdd9b4eca2591793e3d4f4317c590
2026-05-26T13:42:56.0070415Z  runc:
2026-05-26T13:42:56.0070584Z   Version:          1.3.5
2026-05-26T13:42:56.0070835Z   GitCommit:        v1.3.5-0-g488fc13e
2026-05-26T13:42:56.0071071Z  docker-init:
2026-05-26T13:42:56.0071250Z   Version:          0.19.0
2026-05-26T13:42:56.0071455Z   GitCommit:        de40ad0
2026-05-26T13:42:56.0107438Z [command]/usr/bin/docker info
2026-05-26T13:42:56.0557488Z Client: Docker Engine - Community
2026-05-26T13:42:56.0558286Z  Version:    28.0.4
2026-05-26T13:42:56.0558761Z  Context:    default
2026-05-26T13:42:56.0559251Z  Debug Mode: false
2026-05-26T13:42:56.0559685Z  Plugins:
2026-05-26T13:42:56.0560110Z   buildx: Docker Buildx (Docker Inc.)
2026-05-26T13:42:56.0560658Z     Version:  v0.34.0
2026-05-26T13:42:56.0561219Z     Path:     /usr/libexec/docker/cli-plugins/docker-buildx
2026-05-26T13:42:56.0562094Z   compose: Docker Compose (Docker Inc.)
2026-05-26T13:42:56.0562574Z     Version:  v2.38.2
2026-05-26T13:42:56.0563008Z     Path:     /usr/libexec/docker/cli-plugins/docker-compose
2026-05-26T13:42:56.0563753Z 
2026-05-26T13:42:56.0563876Z Server:
2026-05-26T13:42:56.0564138Z  Containers: 0
2026-05-26T13:42:56.0564424Z   Running: 0
2026-05-26T13:42:56.0564694Z   Paused: 0
2026-05-26T13:42:56.0564957Z   Stopped: 0
2026-05-26T13:42:56.0565216Z  Images: 7
2026-05-26T13:42:56.0565492Z  Server Version: 28.0.4
2026-05-26T13:42:56.0565823Z  Storage Driver: overlay2
2026-05-26T13:42:56.0566172Z   Backing Filesystem: extfs
2026-05-26T13:42:56.0566531Z   Supports d_type: true
2026-05-26T13:42:56.0566849Z   Using metacopy: false
2026-05-26T13:42:56.0567189Z   Native Overlay Diff: false
2026-05-26T13:42:56.0567552Z   userxattr: false
2026-05-26T13:42:56.0567858Z  Logging Driver: json-file
2026-05-26T13:42:56.0568208Z  Cgroup Driver: systemd
2026-05-26T13:42:56.0568520Z  Cgroup Version: 2
2026-05-26T13:42:56.0568815Z  Plugins:
2026-05-26T13:42:56.0569091Z   Volume: local
2026-05-26T13:42:56.0569498Z   Network: bridge host ipvlan macvlan null overlay
2026-05-26T13:42:56.0570344Z   Log: awslogs fluentd gcplogs gelf journald json-file local splunk syslog
2026-05-26T13:42:56.0571017Z  Swarm: inactive
2026-05-26T13:42:56.0571355Z  Runtimes: io.containerd.runc.v2 runc
2026-05-26T13:42:56.0572125Z  Default Runtime: runc
2026-05-26T13:42:56.0572468Z  Init Binary: docker-init
2026-05-26T13:42:56.0572928Z  containerd version: 77c84241c7cbdd9b4eca2591793e3d4f4317c590
2026-05-26T13:42:56.0573467Z  runc version: v1.3.5-0-g488fc13e
2026-05-26T13:42:56.0573853Z  init version: de40ad0
2026-05-26T13:42:56.0574175Z  Security Options:
2026-05-26T13:42:56.0574488Z   apparmor
2026-05-26T13:42:56.0574748Z   seccomp
2026-05-26T13:42:56.0574924Z    Profile: builtin
2026-05-26T13:42:56.0575106Z   cgroupns
2026-05-26T13:42:56.0575296Z  Kernel Version: 6.17.0-1013-azure
2026-05-26T13:42:56.0575568Z  Operating System: Ubuntu 24.04.4 LTS
2026-05-26T13:42:56.0575818Z  OSType: linux
2026-05-26T13:42:56.0576220Z  Architecture: x86_64
2026-05-26T13:42:56.0576425Z  CPUs: 4
2026-05-26T13:42:56.0576596Z  Total Memory: 15.61GiB
2026-05-26T13:42:56.0576805Z  Name: runnervmg397c
2026-05-26T13:42:56.0577016Z  ID: 030b3de5-f6f5-43f2-8bdc-0a866a274328
2026-05-26T13:42:56.0577281Z  Docker Root Dir: /var/lib/docker
2026-05-26T13:42:56.0577505Z  Debug Mode: false
2026-05-26T13:42:56.0577693Z  Username: githubactions
2026-05-26T13:42:56.0577899Z  Experimental: false
2026-05-26T13:42:56.0578097Z  Insecure Registries:
2026-05-26T13:42:56.0578309Z   ::1/128
2026-05-26T13:42:56.0578467Z   127.0.0.0/8
2026-05-26T13:42:56.0578641Z  Live Restore Enabled: false
2026-05-26T13:42:56.0578793Z 
2026-05-26T13:42:56.0581092Z ##[endgroup]
2026-05-26T13:42:56.1259781Z ##[group]Download buildx from GitHub Releases
2026-05-26T13:42:56.1646928Z Use 0.34.1 version spec cache key for v0.34.1
2026-05-26T13:42:56.2715421Z Cache hit for: buildx-dl-bin-0.34.1-linux-x64
2026-05-26T13:42:56.8123539Z Received 21773634 of 21773634 (100.0%), 48.3 MBs/sec
2026-05-26T13:42:56.8124176Z Cache Size: ~21 MB (21773634 B)
2026-05-26T13:42:56.8148872Z [command]/usr/bin/tar -xf /home/runner/work/_temp/2b3031cf-9473-4cbc-85d4-f613e6e094f6/cache.tzst -P -C /home/runner/work/buildx/buildx --use-compress-program unzstd
2026-05-26T13:42:56.9178725Z Cache restored successfully
2026-05-26T13:42:56.9190655Z Restored buildx-dl-bin-0.34.1-linux-x64 from GitHub Actions cache
2026-05-26T13:42:56.9444384Z Cached to hosted tool cache /opt/hostedtoolcache/buildx-dl-bin/0.34.1/linux-x64
2026-05-26T13:42:56.9445631Z Copying /opt/hostedtoolcache/buildx-dl-bin/0.34.1/linux-x64/docker-buildx to /home/runner/.docker/buildx/.bin/0.34.1/linux-x64/docker-buildx
2026-05-26T13:42:56.9768844Z Buildx binary found in /home/runner/.docker/buildx/.bin/0.34.1/linux-x64/docker-buildx
2026-05-26T13:42:56.9769832Z ##[endgroup]
2026-05-26T13:42:56.9770377Z ##[group]Install buildx
2026-05-26T13:42:56.9770732Z Docker plugin mode
2026-05-26T13:42:56.9990144Z Fixing perms
2026-05-26T13:42:56.9990795Z Plugin path: /home/runner/.docker/cli-plugins/docker-buildx
2026-05-26T13:42:56.9992060Z ##[endgroup]
2026-05-26T13:42:56.9992748Z ##[group]Buildx version
2026-05-26T13:42:57.0023418Z [command]/usr/bin/docker buildx version
2026-05-26T13:42:57.0493117Z github.com/docker/buildx v0.34.1 e0b0e77d18d3379bc1e0d55f3b37de288d36fe47
2026-05-26T13:42:57.0511643Z ##[endgroup]
2026-05-26T13:42:57.1155640Z ##[group]Inspecting default docker context
2026-05-26T13:42:57.1299739Z [
2026-05-26T13:42:57.1300045Z   {
2026-05-26T13:42:57.1300330Z     "Name": "default",
2026-05-26T13:42:57.1300690Z     "Metadata": {},
2026-05-26T13:42:57.1301024Z     "Endpoints": {
2026-05-26T13:42:57.1301343Z       "docker": {
2026-05-26T13:42:57.1301890Z         "Host": "unix:///var/run/docker.sock",
2026-05-26T13:42:57.1302369Z         "SkipTLSVerify": false
2026-05-26T13:42:57.1302738Z       }
2026-05-26T13:42:57.1303004Z     },
2026-05-26T13:42:57.1303291Z     "TLSMaterial": {},
2026-05-26T13:42:57.1303599Z     "Storage": {
2026-05-26T13:42:57.1303834Z       "MetadataPath": "<IN MEMORY>",
2026-05-26T13:42:57.1304081Z       "TLSPath": "<IN MEMORY>"
2026-05-26T13:42:57.1304304Z     }
2026-05-26T13:42:57.1304473Z   }
2026-05-26T13:42:57.1304630Z ]
2026-05-26T13:42:57.1305013Z ##[endgroup]
2026-05-26T13:42:57.1305517Z ##[group]Creating a new builder instance
2026-05-26T13:42:57.2358744Z [command]/usr/bin/docker buildx create --name builder-e1ca9cf7-80d6-4ebb-b758-5496d983e6a3 --driver docker-container --driver-opt image=moby/buildkit:latest --buildkitd-flags --debug --use
2026-05-26T13:42:57.2903019Z builder-e1ca9cf7-80d6-4ebb-b758-5496d983e6a3
2026-05-26T13:42:57.2922176Z ##[endgroup]
2026-05-26T13:42:57.2922760Z ##[group]Booting builder
2026-05-26T13:42:57.2958110Z [command]/usr/bin/docker buildx inspect --bootstrap --builder builder-e1ca9cf7-80d6-4ebb-b758-5496d983e6a3
2026-05-26T13:42:57.3434281Z #1 [internal] booting buildkit
2026-05-26T13:42:57.4939145Z #1 pulling image moby/buildkit:latest
2026-05-26T13:42:59.5541622Z #1 pulling image moby/buildkit:latest 2.2s done
2026-05-26T13:42:59.7047779Z #1 creating container buildx_buildkit_builder-e1ca9cf7-80d6-4ebb-b758-5496d983e6a30
2026-05-26T13:42:59.8759519Z #1 creating container buildx_buildkit_builder-e1ca9cf7-80d6-4ebb-b758-5496d983e6a30 0.3s done
2026-05-26T13:42:59.8782989Z #1 DONE 2.5s
2026-05-26T13:42:59.9072737Z Name:          builder-e1ca9cf7-80d6-4ebb-b758-5496d983e6a3
2026-05-26T13:42:59.9076782Z Driver:        docker-container
2026-05-26T13:42:59.9077261Z Last Activity: 2026-05-26 13:42:57 +0000 UTC
2026-05-26T13:42:59.9077756Z 
2026-05-26T13:42:59.9077872Z Nodes:
2026-05-26T13:42:59.9078285Z Name:                  builder-e1ca9cf7-80d6-4ebb-b758-5496d983e6a30
2026-05-26T13:42:59.9078800Z Endpoint:              unix:///var/run/docker.sock
2026-05-26T13:42:59.9079157Z Driver Options:        image="moby/buildkit:latest"
2026-05-26T13:42:59.9079458Z Status:                running
2026-05-26T13:42:59.9079814Z BuildKit daemon flags: --debug --allow-insecure-entitlement=network.host
2026-05-26T13:42:59.9080249Z BuildKit version:      v0.30.0
2026-05-26T13:42:59.9081004Z Platforms:             linux/amd64, linux/amd64/v2, linux/amd64/v3, linux/arm64, linux/riscv64, linux/ppc64le, linux/s390x, linux/386, linux/mips64le, linux/mips64, linux/loong64, linux/arm/v7, linux/arm/v6
2026-05-26T13:42:59.9082002Z Labels:
2026-05-26T13:42:59.9082302Z  org.mobyproject.buildkit.worker.executor:         oci
2026-05-26T13:42:59.9083025Z  org.mobyproject.buildkit.worker.hostname:         23233acff2cf
2026-05-26T13:42:59.9083743Z  org.mobyproject.buildkit.worker.network:          host
2026-05-26T13:42:59.9084495Z  org.mobyproject.buildkit.worker.oci.process-mode: sandbox
2026-05-26T13:42:59.9085246Z  org.mobyproject.buildkit.worker.selinux.enabled:  false
2026-05-26T13:42:59.9086219Z  org.mobyproject.buildkit.worker.snapshotter:      overlayfs
2026-05-26T13:42:59.9086760Z GC Policy rule#0:
2026-05-26T13:42:59.9087104Z  All:            false
2026-05-26T13:42:59.9087615Z  Filters:        type==source.local,type==exec.cachemount,type==source.git.checkout
2026-05-26T13:42:59.9088369Z  Keep Duration:  48h0m0s
2026-05-26T13:42:59.9088742Z  Max Used Space: 488.3MiB
2026-05-26T13:42:59.9089533Z GC Policy rule#1:
2026-05-26T13:42:59.9089860Z  All:            false
2026-05-26T13:42:59.9090413Z  Keep Duration:  1440h0m0s
2026-05-26T13:42:59.9090813Z  Reserved Space: 9.313GiB
2026-05-26T13:42:59.9091199Z  Max Used Space: 93.13GiB
2026-05-26T13:42:59.9091562Z  Min Free Space: 27.01GiB
2026-05-26T13:42:59.9092148Z GC Policy rule#2:
2026-05-26T13:42:59.9092536Z  All:            false
2026-05-26T13:42:59.9092879Z  Reserved Space: 9.313GiB
2026-05-26T13:42:59.9093256Z  Max Used Space: 93.13GiB
2026-05-26T13:42:59.9093620Z  Min Free Space: 27.01GiB
2026-05-26T13:42:59.9093830Z GC Policy rule#3:
2026-05-26T13:42:59.9094032Z  All:            true
2026-05-26T13:42:59.9094435Z  Reserved Space: 9.313GiB
2026-05-26T13:42:59.9094859Z  Max Used Space: 93.13GiB
2026-05-26T13:42:59.9095250Z  Min Free Space: 27.01GiB
2026-05-26T13:42:59.9107697Z ##[endgroup]
2026-05-26T13:42:59.9970153Z ##[group]Inspect builder
2026-05-26T13:42:59.9970566Z {
2026-05-26T13:42:59.9970867Z   "nodes": [
2026-05-26T13:42:59.9971168Z     {
2026-05-26T13:42:59.9971542Z       "name": "builder-e1ca9cf7-80d6-4ebb-b758-5496d983e6a30",
2026-05-26T13:42:59.9972372Z       "endpoint": "unix:///var/run/docker.sock",
2026-05-26T13:42:59.9972805Z       "driver-opts": [
2026-05-26T13:42:59.9973179Z         "image=moby/buildkit:latest"
2026-05-26T13:42:59.9973644Z       ],
2026-05-26T13:42:59.9973871Z       "status": "running",
2026-05-26T13:42:59.9974305Z       "buildkitd-flags": "--debug --allow-insecure-entitlement=network.host",
2026-05-26T13:42:59.9974762Z       "buildkit": "v0.30.0",
2026-05-26T13:42:59.9975493Z       "platforms": "linux/amd64,linux/amd64/v2,linux/amd64/v3,linux/arm64,linux/riscv64,linux/ppc64le,linux/s390x,linux/386,linux/mips64le,linux/mips64,linux/loong64,linux/arm/v7,linux/arm/v6",
2026-05-26T13:42:59.9976239Z       "features": {
2026-05-26T13:42:59.9977252Z         "Automatically load images to the Docker Engine image store": true,
2026-05-26T13:42:59.9977857Z         "Cache export": true,
2026-05-26T13:42:59.9978274Z         "Direct push": true,
2026-05-26T13:42:59.9978659Z         "Docker exporter": true,
2026-05-26T13:42:59.9979080Z         "Multi-platform build": true,
2026-05-26T13:42:59.9979503Z         "OCI exporter": true
2026-05-26T13:42:59.9979864Z       },
2026-05-26T13:42:59.9980207Z       "labels": {
2026-05-26T13:42:59.9980635Z         "org.mobyproject.buildkit.worker.executor": "oci",
2026-05-26T13:42:59.9981256Z         "org.mobyproject.buildkit.worker.hostname": "23233acff2cf",
2026-05-26T13:42:59.9981665Z         "org.mobyproject.buildkit.worker.network": "host",
2026-05-26T13:42:59.9982396Z         "org.mobyproject.buildkit.worker.oci.process-mode": "sandbox",
2026-05-26T13:42:59.9982859Z         "org.mobyproject.buildkit.worker.selinux.enabled": "false",
2026-05-26T13:42:59.9983360Z         "org.mobyproject.buildkit.worker.snapshotter": "overlayfs"
2026-05-26T13:42:59.9983806Z       },
2026-05-26T13:42:59.9984011Z       "gcPolicy": [
2026-05-26T13:42:59.9984232Z         {
2026-05-26T13:42:59.9984439Z           "all": false,
2026-05-26T13:42:59.9984675Z           "filter": [
2026-05-26T13:42:59.9984918Z             "type==source.local",
2026-05-26T13:42:59.9985211Z             "type==exec.cachemount",
2026-05-26T13:42:59.9985477Z             "type==source.git.checkout"
2026-05-26T13:42:59.9985742Z           ],
2026-05-26T13:42:59.9985926Z           "keepDuration": "48h0m0s",
2026-05-26T13:42:59.9986167Z           "maxUsedSpace": "488.3MiB"
2026-05-26T13:42:59.9986389Z         },
2026-05-26T13:42:59.9986549Z         {
2026-05-26T13:42:59.9986724Z           "all": false,
2026-05-26T13:42:59.9986946Z           "keepDuration": "1440h0m0s",
2026-05-26T13:42:59.9987207Z           "reservedSpace": "9.313GiB",
2026-05-26T13:42:59.9987458Z           "maxUsedSpace": "93.13GiB",
2026-05-26T13:42:59.9987706Z           "minFreeSpace": "27.01GiB"
2026-05-26T13:42:59.9987939Z         },
2026-05-26T13:42:59.9988112Z         {
2026-05-26T13:42:59.9988281Z           "all": false,
2026-05-26T13:42:59.9988725Z           "reservedSpace": "9.313GiB",
2026-05-26T13:42:59.9988988Z           "maxUsedSpace": "93.13GiB",
2026-05-26T13:42:59.9989228Z           "minFreeSpace": "27.01GiB"
2026-05-26T13:42:59.9989453Z         },
2026-05-26T13:42:59.9989616Z         {
2026-05-26T13:42:59.9989794Z           "all": true,
2026-05-26T13:42:59.9990025Z           "reservedSpace": "9.313GiB",
2026-05-26T13:42:59.9990318Z           "maxUsedSpace": "93.13GiB",
2026-05-26T13:42:59.9990590Z           "minFreeSpace": "27.01GiB"
2026-05-26T13:42:59.9990841Z         }
2026-05-26T13:42:59.9991037Z       ]
2026-05-26T13:42:59.9991231Z     }
2026-05-26T13:42:59.9991406Z   ],
2026-05-26T13:42:59.9991640Z   "name": "builder-e1ca9cf7-80d6-4ebb-b758-5496d983e6a3",
2026-05-26T13:42:59.9992367Z   "driver": "docker-container",
2026-05-26T13:42:59.9992712Z   "lastActivity": "2026-05-26T13:42:57.000Z"
2026-05-26T13:42:59.9992992Z }
2026-05-26T13:42:59.9993370Z ##[endgroup]
2026-05-26T13:42:59.9993731Z ##[group]BuildKit version
2026-05-26T13:42:59.9994037Z builder-e1ca9cf7-80d6-4ebb-b758-5496d983e6a30: v0.30.0
2026-05-26T13:42:59.9994488Z ##[endgroup]
2026-05-26T13:43:00.0133116Z ##[group]Run docker/bake-action@6614cfa25eff9a0b2b2697efb0b6159e7680d584
2026-05-26T13:43:00.0133521Z with:
2026-05-26T13:43:00.0133710Z   source: .
2026-05-26T13:43:00.0133905Z   targets: integration-test
2026-05-26T13:43:00.0134179Z   set: *.output=type=docker,name=buildx-tests

2026-05-26T13:43:00.0134458Z   no-cache: false
2026-05-26T13:43:00.0134649Z   pull: false
2026-05-26T13:43:00.0134828Z   load: false
2026-05-26T13:43:00.0134997Z   push: false
2026-05-26T13:43:00.0135316Z   github-token: ***
2026-05-26T13:43:00.0135510Z env:
2026-05-26T13:43:00.0135690Z   SETUP_BUILDX_VERSION: edge
2026-05-26T13:43:00.0136000Z   SETUP_BUILDKIT_IMAGE: moby/buildkit:latest
2026-05-26T13:43:00.0136271Z   SCOUT_VERSION: 1.11.0
2026-05-26T13:43:00.0136661Z   REPO_SLUG: docker/buildx-bin
2026-05-26T13:43:00.0136881Z   DESTDIR: ./bin
2026-05-26T13:43:00.0137072Z   TEST_CACHE_SCOPE: test
2026-05-26T13:43:00.0137372Z   TESTFLAGS: -v --parallel=1 --timeout=30m --run=//worker=docker$
2026-05-26T13:43:00.0137748Z   GOTESTSUM_FORMAT: standard-verbose
2026-05-26T13:43:00.0138000Z   GO_VERSION: 1.26
2026-05-26T13:43:00.0138197Z   GOTESTSUM_VERSION: v1.13.0
2026-05-26T13:43:00.0138461Z   TESTFLAGS_DOCKER: -v --parallel=1 --timeout=30m
2026-05-26T13:43:00.0138738Z   TEST_IMAGE_BUILD: 0
2026-05-26T13:43:00.0138945Z   TEST_IMAGE_ID: buildx-tests
2026-05-26T13:43:00.0139162Z   TEST_COVERAGE: 1
2026-05-26T13:43:00.0139449Z   TESTREPORTS_NAME: test-integration-tests--docker-experimental
2026-05-26T13:43:00.0139785Z   TEST_DOCKERD: 1
2026-05-26T13:43:00.0139974Z   TEST_BUILDX_EXPERIMENTAL: 1
2026-05-26T13:43:00.0140194Z ##[endgroup]
2026-05-26T13:43:00.2991820Z ##[group]GitHub Actions runtime token ACs
2026-05-26T13:43:00.2999062Z refs/heads/master: read/write
2026-05-26T13:43:00.3000473Z ##[endgroup]
2026-05-26T13:43:00.3001154Z ##[group]Docker info
2026-05-26T13:43:00.3037860Z [command]/usr/bin/docker version
2026-05-26T13:43:00.3248336Z Client: Docker Engine - Community
2026-05-26T13:43:00.3249117Z  Version:           28.0.4
2026-05-26T13:43:00.3249846Z  API version:       1.48
2026-05-26T13:43:00.3250400Z  Go version:        go1.23.7
2026-05-26T13:43:00.3250929Z  Git commit:        b8034c0
2026-05-26T13:43:00.3251539Z  Built:             Tue Mar 25 15:07:16 2025
2026-05-26T13:43:00.3252382Z  OS/Arch:           linux/amd64
2026-05-26T13:43:00.3252959Z  Context:           default
2026-05-26T13:43:00.3253336Z 
2026-05-26T13:43:00.3253639Z Server: Docker Engine - Community
2026-05-26T13:43:00.3254170Z  Engine:
2026-05-26T13:43:00.3254613Z   Version:          28.0.4
2026-05-26T13:43:00.3255452Z   API version:      1.48 (minimum version 1.24)
2026-05-26T13:43:00.3256332Z   Go version:       go1.23.7
2026-05-26T13:43:00.3256727Z   Git commit:       6430e49
2026-05-26T13:43:00.3257145Z   Built:            Tue Mar 25 15:07:16 2025
2026-05-26T13:43:00.3257592Z   OS/Arch:          linux/amd64
2026-05-26T13:43:00.3257974Z   Experimental:     false
2026-05-26T13:43:00.3258327Z  containerd:
2026-05-26T13:43:00.3258640Z   Version:          v2.2.3
2026-05-26T13:43:00.3259104Z   GitCommit:        77c84241c7cbdd9b4eca2591793e3d4f4317c590
2026-05-26T13:43:00.3259617Z  runc:
2026-05-26T13:43:00.3259816Z   Version:          1.3.5
2026-05-26T13:43:00.3260051Z   GitCommit:        v1.3.5-0-g488fc13e
2026-05-26T13:43:00.3260308Z  docker-init:
2026-05-26T13:43:00.3260493Z   Version:          0.19.0
2026-05-26T13:43:00.3260709Z   GitCommit:        de40ad0
2026-05-26T13:43:00.3304993Z [command]/usr/bin/docker info
2026-05-26T13:43:00.3872857Z Client: Docker Engine - Community
2026-05-26T13:43:00.3873401Z  Version:    28.0.4
2026-05-26T13:43:00.3873745Z  Context:    default
2026-05-26T13:43:00.3874092Z  Debug Mode: false
2026-05-26T13:43:00.3874413Z  Plugins:
2026-05-26T13:43:00.3874762Z   buildx: Docker Buildx (Docker Inc.)
2026-05-26T13:43:00.3875193Z     Version:  v0.34.1
2026-05-26T13:43:00.3875642Z     Path:     /home/runner/.docker/cli-plugins/docker-buildx
2026-05-26T13:43:00.3876166Z   compose: Docker Compose (Docker Inc.)
2026-05-26T13:43:00.3876969Z     Version:  v2.38.2
2026-05-26T13:43:00.3877415Z     Path:     /usr/libexec/docker/cli-plugins/docker-compose
2026-05-26T13:43:00.3877796Z 
2026-05-26T13:43:00.3877906Z Server:
2026-05-26T13:43:00.3878172Z  Containers: 1
2026-05-26T13:43:00.3878466Z   Running: 1
2026-05-26T13:43:00.3878743Z   Paused: 0
2026-05-26T13:43:00.3879019Z   Stopped: 0
2026-05-26T13:43:00.3879290Z  Images: 8
2026-05-26T13:43:00.3879572Z  Server Version: 28.0.4
2026-05-26T13:43:00.3879925Z  Storage Driver: overlay2
2026-05-26T13:43:00.3880284Z   Backing Filesystem: extfs
2026-05-26T13:43:00.3880647Z   Supports d_type: true
2026-05-26T13:43:00.3880987Z   Using metacopy: false
2026-05-26T13:43:00.3881327Z   Native Overlay Diff: false
2026-05-26T13:43:00.3881931Z   userxattr: false
2026-05-26T13:43:00.3882461Z  Logging Driver: json-file
2026-05-26T13:43:00.3882811Z  Cgroup Driver: systemd
2026-05-26T13:43:00.3883132Z  Cgroup Version: 2
2026-05-26T13:43:00.3883428Z  Plugins:
2026-05-26T13:43:00.3883705Z   Volume: local
2026-05-26T13:43:00.3884085Z   Network: bridge host ipvlan macvlan null overlay
2026-05-26T13:43:00.3884751Z   Log: awslogs fluentd gcplogs gelf journald json-file local splunk syslog
2026-05-26T13:43:00.3885324Z  Swarm: inactive
2026-05-26T13:43:00.3885670Z  Runtimes: runc io.containerd.runc.v2
2026-05-26T13:43:00.3886085Z  Default Runtime: runc
2026-05-26T13:43:00.3886476Z  Init Binary: docker-init
2026-05-26T13:43:00.3886964Z  containerd version: 77c84241c7cbdd9b4eca2591793e3d4f4317c590
2026-05-26T13:43:00.3887525Z  runc version: v1.3.5-0-g488fc13e
2026-05-26T13:43:00.3887925Z  init version: de40ad0
2026-05-26T13:43:00.3888261Z  Security Options:
2026-05-26T13:43:00.3888570Z   apparmor
2026-05-26T13:43:00.3888849Z   seccomp
2026-05-26T13:43:00.3889139Z    Profile: builtin
2026-05-26T13:43:00.3889449Z   cgroupns
2026-05-26T13:43:00.3889734Z  Kernel Version: 6.17.0-1013-azure
2026-05-26T13:43:00.3890170Z  Operating System: Ubuntu 24.04.4 LTS
2026-05-26T13:43:00.3890606Z  OSType: linux
2026-05-26T13:43:00.3890954Z  Architecture: x86_64
2026-05-26T13:43:00.3891309Z  CPUs: 4
2026-05-26T13:43:00.3891636Z  Total Memory: 15.61GiB
2026-05-26T13:43:00.3892633Z  Name: runnervmg397c
2026-05-26T13:43:00.3893057Z  ID: 030b3de5-f6f5-43f2-8bdc-0a866a274328
2026-05-26T13:43:00.3893567Z  Docker Root Dir: /var/lib/docker
2026-05-26T13:43:00.3893993Z  Debug Mode: false
2026-05-26T13:43:00.3894342Z  Username: githubactions
2026-05-26T13:43:00.3894720Z  Experimental: false
2026-05-26T13:43:00.3895060Z  Insecure Registries:
2026-05-26T13:43:00.3895422Z   ::1/128
2026-05-26T13:43:00.3895686Z   127.0.0.0/8
2026-05-26T13:43:00.3896012Z  Live Restore Enabled: false
2026-05-26T13:43:00.3896274Z 
2026-05-26T13:43:00.3896792Z ##[endgroup]
2026-05-26T13:43:00.3897332Z ##[group]Proxy configuration
2026-05-26T13:43:00.3901020Z No proxy configuration found
2026-05-26T13:43:00.3902622Z ##[endgroup]
2026-05-26T13:43:00.4440326Z ##[group]Buildx version
2026-05-26T13:43:00.4462651Z [command]/usr/bin/docker buildx version
2026-05-26T13:43:00.4933510Z github.com/docker/buildx v0.34.1 e0b0e77d18d3379bc1e0d55f3b37de288d36fe47
2026-05-26T13:43:00.4954050Z ##[endgroup]
2026-05-26T13:43:00.4973316Z ##[group]Builder info
2026-05-26T13:43:00.5790061Z {
2026-05-26T13:43:00.5790488Z   "nodes": [
2026-05-26T13:43:00.5790827Z     {
2026-05-26T13:43:00.5791257Z       "name": "builder-e1ca9cf7-80d6-4ebb-b758-5496d983e6a30",
2026-05-26T13:43:00.5792699Z       "endpoint": "unix:///var/run/docker.sock",
2026-05-26T13:43:00.5793211Z       "driver-opts": [
2026-05-26T13:43:00.5793587Z         "image=moby/buildkit:latest"
2026-05-26T13:43:00.5794006Z       ],
2026-05-26T13:43:00.5794310Z       "status": "running",
2026-05-26T13:43:00.5794889Z       "buildkitd-flags": "--debug --allow-insecure-entitlement=network.host",
2026-05-26T13:43:00.5795598Z       "buildkit": "v0.30.0",
2026-05-26T13:43:00.5797155Z       "platforms": "linux/amd64,linux/amd64/v2,linux/amd64/v3,linux/arm64,linux/riscv64,linux/ppc64le,linux/s390x,linux/386,linux/mips64le,linux/mips64,linux/loong64,linux/arm/v7,linux/arm/v6",
2026-05-26T13:43:00.5798468Z       "features": {
2026-05-26T13:43:00.5798996Z         "Automatically load images to the Docker Engine image store": true,
2026-05-26T13:43:00.5799654Z         "Cache export": true,
2026-05-26T13:43:00.5800044Z         "Direct push": true,
2026-05-26T13:43:00.5800457Z         "Docker exporter": true,
2026-05-26T13:43:00.5800914Z         "Multi-platform build": true,
2026-05-26T13:43:00.5801394Z         "OCI exporter": true
2026-05-26T13:43:00.5802014Z       },
2026-05-26T13:43:00.5802345Z       "labels": {
2026-05-26T13:43:00.5802831Z         "org.mobyproject.buildkit.worker.executor": "oci",
2026-05-26T13:43:00.5803675Z         "org.mobyproject.buildkit.worker.hostname": "23233acff2cf",
2026-05-26T13:43:00.5804736Z         "org.mobyproject.buildkit.worker.network": "host",
2026-05-26T13:43:00.5805526Z         "org.mobyproject.buildkit.worker.oci.process-mode": "sandbox",
2026-05-26T13:43:00.5806482Z         "org.mobyproject.buildkit.worker.selinux.enabled": "false",
2026-05-26T13:43:00.5807294Z         "org.mobyproject.buildkit.worker.snapshotter": "overlayfs"
2026-05-26T13:43:00.5807897Z       },
2026-05-26T13:43:00.5808316Z       "gcPolicy": [
2026-05-26T13:43:00.5808650Z         {
2026-05-26T13:43:00.5808968Z           "all": false,
2026-05-26T13:43:00.5809342Z           "filter": [
2026-05-26T13:43:00.5809726Z             "type==source.local",
2026-05-26T13:43:00.5810177Z             "type==exec.cachemount",
2026-05-26T13:43:00.5810651Z             "type==source.git.checkout"
2026-05-26T13:43:00.5811101Z           ],
2026-05-26T13:43:00.5811456Z           "keepDuration": "48h0m0s",
2026-05-26T13:43:00.5812267Z           "maxUsedSpace": "488.3MiB"
2026-05-26T13:43:00.5812654Z         },
2026-05-26T13:43:00.5812976Z         {
2026-05-26T13:43:00.5813283Z           "all": false,
2026-05-26T13:43:00.5813666Z           "keepDuration": "1440h0m0s",
2026-05-26T13:43:00.5814141Z           "reservedSpace": "9.313GiB",
2026-05-26T13:43:00.5814627Z           "maxUsedSpace": "93.13GiB",
2026-05-26T13:43:00.5815105Z           "minFreeSpace": "27.01GiB"
2026-05-26T13:43:00.5815531Z         },
2026-05-26T13:43:00.5815836Z         {
2026-05-26T13:43:00.5816144Z           "all": false,
2026-05-26T13:43:00.5816541Z           "reservedSpace": "9.313GiB",
2026-05-26T13:43:00.5817009Z           "maxUsedSpace": "93.13GiB",
2026-05-26T13:43:00.5817473Z           "minFreeSpace": "27.01GiB"
2026-05-26T13:43:00.5817897Z         },
2026-05-26T13:43:00.5818203Z         {
2026-05-26T13:43:00.5818511Z           "all": true,
2026-05-26T13:43:00.5818898Z           "reservedSpace": "9.313GiB",
2026-05-26T13:43:00.5819356Z           "maxUsedSpace": "93.13GiB",
2026-05-26T13:43:00.5819824Z           "minFreeSpace": "27.01GiB"
2026-05-26T13:43:00.5820261Z         }
2026-05-26T13:43:00.5820571Z       ]
2026-05-26T13:43:00.5820864Z     }
2026-05-26T13:43:00.5821205Z   ],
2026-05-26T13:43:00.5821626Z   "name": "builder-e1ca9cf7-80d6-4ebb-b758-5496d983e6a3",
2026-05-26T13:43:00.5822464Z   "driver": "docker-container",
2026-05-26T13:43:00.5822940Z   "lastActivity": "2026-05-26T13:42:57.000Z"
2026-05-26T13:43:00.5823401Z }
2026-05-26T13:43:00.5824104Z ##[endgroup]
2026-05-26T13:43:00.5824729Z ##[group]Parsing raw definition
2026-05-26T13:43:00.5826339Z [command]/usr/bin/docker buildx bake --set *.output=type=docker,name=buildx-tests --print integration-test
2026-05-26T13:43:00.6295616Z #1 [internal] load local bake definitions
2026-05-26T13:43:00.6350079Z #1 reading docker-bake.hcl 4.91kB / 4.91kB done
2026-05-26T13:43:00.6350777Z #1 DONE 0.0s
2026-05-26T13:43:00.6352441Z {
2026-05-26T13:43:00.6352810Z   "group": {
2026-05-26T13:43:00.6353180Z     "default": {
2026-05-26T13:43:00.6353568Z       "targets": [
2026-05-26T13:43:00.6353837Z         "integration-test"
2026-05-26T13:43:00.6354140Z       ]
2026-05-26T13:43:00.6354334Z     }
2026-05-26T13:43:00.6354543Z   },
2026-05-26T13:43:00.6354741Z   "target": {
2026-05-26T13:43:00.6354980Z     "integration-test": {
2026-05-26T13:43:00.6355534Z       "context": ".",
2026-05-26T13:43:00.6355759Z       "dockerfile": "Dockerfile",
2026-05-26T13:43:00.6355994Z       "args": {
2026-05-26T13:43:00.6356205Z         "BUILDKIT_CONTEXT_KEEP_GIT_DIR": "1",
2026-05-26T13:43:00.6356479Z         "GO_EXTRA_FLAGS": "-cover",
2026-05-26T13:43:00.6356713Z         "GO_VERSION": "1.26",
2026-05-26T13:43:00.6356939Z         "HTTPS_PROXY": "",
2026-05-26T13:43:00.6357231Z         "HTTP_PROXY": "",
2026-05-26T13:43:00.6357591Z         "NO_PROXY": ""
2026-05-26T13:43:00.6357958Z       },
2026-05-26T13:43:00.6358280Z       "target": "integration-test",
2026-05-26T13:43:00.6358708Z       "output": [
2026-05-26T13:43:00.6359026Z         {
2026-05-26T13:43:00.6359326Z           "name": "buildx-tests",
2026-05-26T13:43:00.6359698Z           "type": "docker"
2026-05-26T13:43:00.6360243Z         }
2026-05-26T13:43:00.6360501Z       ]
2026-05-26T13:43:00.6360755Z     }
2026-05-26T13:43:00.6361007Z   }
2026-05-26T13:43:00.6361255Z }
2026-05-26T13:43:00.6378069Z ##[endgroup]
2026-05-26T13:43:00.7733590Z ##[group]Bake definition
2026-05-26T13:43:00.7749965Z [command]/usr/bin/docker buildx bake --allow fs=* --set *.output=type=docker,name=buildx-tests --metadata-file /home/runner/work/_temp/docker-actions-toolkit-uPHuwM/bake-metadata-145dc37a87.json integration-test --print
2026-05-26T13:43:00.8209307Z #1 [internal] load local bake definitions
2026-05-26T13:43:00.8274680Z #1 reading docker-bake.hcl 4.91kB / 4.91kB done
2026-05-26T13:43:00.8275255Z #1 DONE 0.0s
2026-05-26T13:43:00.8276242Z {
2026-05-26T13:43:00.8276522Z   "group": {
2026-05-26T13:43:00.8276843Z     "default": {
2026-05-26T13:43:00.8277161Z       "targets": [
2026-05-26T13:43:00.8277397Z         "integration-test"
2026-05-26T13:43:00.8277613Z       ]
2026-05-26T13:43:00.8277779Z     }
2026-05-26T13:43:00.8277966Z   },
2026-05-26T13:43:00.8278130Z   "target": {
2026-05-26T13:43:00.8278328Z     "integration-test": {
2026-05-26T13:43:00.8278551Z       "context": ".",
2026-05-26T13:43:00.8278759Z       "dockerfile": "Dockerfile",
2026-05-26T13:43:00.8279000Z       "args": {
2026-05-26T13:43:00.8279209Z         "BUILDKIT_CONTEXT_KEEP_GIT_DIR": "1",
2026-05-26T13:43:00.8279521Z         "GO_EXTRA_FLAGS": "-cover",
2026-05-26T13:43:00.8279763Z         "GO_VERSION": "1.26",
2026-05-26T13:43:00.8279983Z         "HTTPS_PROXY": "",
2026-05-26T13:43:00.8280199Z         "HTTP_PROXY": "",
2026-05-26T13:43:00.8280408Z         "NO_PROXY": ""
2026-05-26T13:43:00.8280606Z       },
2026-05-26T13:43:00.8280791Z       "target": "integration-test",
2026-05-26T13:43:00.8281033Z       "output": [
2026-05-26T13:43:00.8281212Z         {
2026-05-26T13:43:00.8281506Z           "name": "buildx-tests",
2026-05-26T13:43:00.8282156Z           "type": "docker"
2026-05-26T13:43:00.8282550Z         }
2026-05-26T13:43:00.8282851Z       ]
2026-05-26T13:43:00.8283203Z     }
2026-05-26T13:43:00.8283475Z   }
2026-05-26T13:43:00.8283747Z }
2026-05-26T13:43:00.8300745Z ##[endgroup]
2026-05-26T13:43:00.8317118Z [command]/usr/bin/docker buildx bake --allow fs=* --set *.output=type=docker,name=buildx-tests --metadata-file /home/runner/work/_temp/docker-actions-toolkit-uPHuwM/bake-metadata-145dc37a87.json integration-test
2026-05-26T13:43:00.8784606Z #0 building with "builder-e1ca9cf7-80d6-4ebb-b758-5496d983e6a3" instance using docker-container driver
2026-05-26T13:43:00.8785349Z 
2026-05-26T13:43:00.8785515Z #1 [internal] load local bake definitions
2026-05-26T13:43:01.0301528Z #1 reading docker-bake.hcl 4.91kB / 4.91kB done
2026-05-26T13:43:01.0302533Z #1 DONE 0.0s
2026-05-26T13:43:01.0302735Z 
2026-05-26T13:43:01.0302949Z #2 [internal] load build definition from Dockerfile
2026-05-26T13:43:01.0303819Z #2 transferring dockerfile: 6.46kB done
2026-05-26T13:43:01.0304136Z #2 DONE 0.0s
2026-05-26T13:43:01.0304245Z 
2026-05-26T13:43:01.0304443Z #3 [auth] docker/dockerfile:pull token for registry-1.docker.io
2026-05-26T13:43:01.1803588Z #3 DONE 0.0s
2026-05-26T13:43:01.1803873Z 
2026-05-26T13:43:01.1804322Z #4 resolve image config for docker-image://docker.io/docker/dockerfile:1
2026-05-26T13:43:01.6305849Z #4 DONE 0.7s
2026-05-26T13:43:01.7414597Z 
2026-05-26T13:43:01.7416880Z #5 docker-image://docker.io/docker/dockerfile:1@sha256:87999aa3d42bdc6bea60565083ee17e86d1f3339802f543c0d03998580f9cb89
2026-05-26T13:43:01.7418020Z #5 resolve docker.io/docker/dockerfile:1@sha256:87999aa3d42bdc6bea60565083ee17e86d1f3339802f543c0d03998580f9cb89 done
2026-05-26T13:43:01.7418766Z #5 sha256:50ba52cd6a2c01eaf1a9efbedc7c75b5da5e3965c1586001c722980487a73fd7 14.36MB / 14.36MB 0.1s done
2026-05-26T13:43:01.8575211Z #5 extracting sha256:50ba52cd6a2c01eaf1a9efbedc7c75b5da5e3965c1586001c722980487a73fd7 0.1s done
2026-05-26T13:43:01.8576121Z #5 DONE 0.2s
2026-05-26T13:43:01.9770615Z 
2026-05-26T13:43:01.9772080Z #6 [auth] moby/moby-bin:pull token for registry-1.docker.io
2026-05-26T13:43:02.0780738Z #6 DONE 0.0s
2026-05-26T13:43:02.0781116Z 
2026-05-26T13:43:02.0782425Z #7 [auth] docker/compose-bin:pull token for registry-1.docker.io
2026-05-26T13:43:02.0784096Z #7 DONE 0.0s
2026-05-26T13:43:02.0784439Z 
2026-05-26T13:43:02.0785305Z #8 [auth] library/registry:pull token for registry-1.docker.io
2026-05-26T13:43:02.0786239Z #8 DONE 0.0s
2026-05-26T13:43:02.0786433Z 
2026-05-26T13:43:02.0786680Z #9 [auth] tonistiigi/xx:pull token for registry-1.docker.io
2026-05-26T13:43:02.0787318Z #9 DONE 0.0s
2026-05-26T13:43:02.0787493Z 
2026-05-26T13:43:02.0787745Z #10 [auth] library/golang:pull token for registry-1.docker.io
2026-05-26T13:43:02.0788319Z #10 DONE 0.0s
2026-05-26T13:43:02.0788493Z 
2026-05-26T13:43:02.0788763Z #11 [auth] dockereng/cli-bin:pull token for registry-1.docker.io
2026-05-26T13:43:02.0789307Z #11 DONE 0.0s
2026-05-26T13:43:02.0789406Z 
2026-05-26T13:43:02.0789551Z #12 [auth] moby/buildkit:pull token for registry-1.docker.io
2026-05-26T13:43:02.0789858Z #12 DONE 0.0s
2026-05-26T13:43:02.0789978Z 
2026-05-26T13:43:02.0790246Z #13 [auth] crazymax/undock:pull token for registry-1.docker.io
2026-05-26T13:43:02.0790567Z #13 DONE 0.0s
2026-05-26T13:43:02.0790678Z 
2026-05-26T13:43:02.0790846Z #14 [internal] load metadata for docker.io/tonistiigi/xx:1.9.0
2026-05-26T13:43:02.0791571Z #14 ERROR: failed to authorize: failed to fetch oauth token: unexpected status from POST request to https://auth.docker.io/token: 502 Bad Gateway: error code: 502
2026-05-26T13:43:02.0792401Z 
2026-05-26T13:43:02.0792561Z #15 [internal] load metadata for docker.io/library/registry:3.0.0
2026-05-26T13:43:02.0792991Z #15 CANCELED
2026-05-26T13:43:02.0793099Z 
2026-05-26T13:43:02.0793272Z #16 [internal] load metadata for docker.io/library/golang:1.26-alpine3.23
2026-05-26T13:43:02.0793607Z #16 CANCELED
2026-05-26T13:43:02.0793709Z 
2026-05-26T13:43:02.0793872Z #17 [internal] load metadata for docker.io/docker/compose-bin:v5.1.0
2026-05-26T13:43:02.0794197Z #17 CANCELED
2026-05-26T13:43:02.0794296Z 
2026-05-26T13:43:02.0794449Z #18 [internal] load metadata for docker.io/crazymax/undock:0.9.0
2026-05-26T13:43:02.0794755Z #18 CANCELED
2026-05-26T13:43:02.0794847Z 
2026-05-26T13:43:02.0795004Z #19 [internal] load metadata for docker.io/moby/moby-bin:27.5.1
2026-05-26T13:43:02.0795307Z #19 CANCELED
2026-05-26T13:43:02.0795399Z 
2026-05-26T13:43:02.0795549Z #20 [internal] load metadata for docker.io/dockereng/cli-bin:28.5
2026-05-26T13:43:02.0795856Z #20 CANCELED
2026-05-26T13:43:02.0795956Z 
2026-05-26T13:43:02.0796098Z #21 [internal] load metadata for docker.io/moby/buildkit:v0.30.0
2026-05-26T13:43:02.0796396Z #21 CANCELED
2026-05-26T13:43:02.0796494Z 
2026-05-26T13:43:02.0796634Z #22 [internal] load metadata for docker.io/moby/moby-bin:28.5
2026-05-26T13:43:02.1210222Z #22 CANCELED
2026-05-26T13:43:02.1210473Z 
2026-05-26T13:43:02.1210955Z #23 [internal] load metadata for docker.io/moby/moby-bin:29.5
2026-05-26T13:43:02.1212026Z #23 CANCELED
2026-05-26T13:43:02.1212886Z 
2026-05-26T13:43:02.1213359Z #24 [internal] load metadata for docker.io/dockereng/cli-bin:29.5
2026-05-26T13:43:02.1214441Z #24 CANCELED
2026-05-26T13:43:02.1214632Z 
2026-05-26T13:43:02.1214932Z #25 [internal] load metadata for docker.io/dockereng/cli-bin:27.5.1
2026-05-26T13:43:02.1216011Z #25 CANCELED
2026-05-26T13:43:02.1216546Z ------
2026-05-26T13:43:02.1216981Z  > [internal] load metadata for docker.io/tonistiigi/xx:1.9.0:
2026-05-26T13:43:02.1218127Z ------
2026-05-26T13:43:02.1253666Z Dockerfile:18
2026-05-26T13:43:02.1254113Z --------------------
2026-05-26T13:43:02.1254471Z   16 |     ARG UNDOCK_VERSION=0.9.0
2026-05-26T13:43:02.1254957Z   17 |     
2026-05-26T13:43:02.1256037Z   18 | >>> FROM --platform=$BUILDPLATFORM tonistiigi/xx:${XX_VERSION} AS xx
2026-05-26T13:43:02.1258252Z   19 |     FROM --platform=$BUILDPLATFORM golang:${GO_VERSION}-alpine${ALPINE_VERSION} AS golatest
2026-05-26T13:43:02.1259188Z   20 |     FROM moby/moby-bin:$DOCKER_VERSION AS docker-engine
2026-05-26T13:43:02.1259709Z --------------------
2026-05-26T13:43:02.1261071Z ERROR: failed to solve: failed to fetch oauth token: unexpected status from POST request to https://auth.docker.io/token: 502 Bad Gateway: error code: 502
2026-05-26T13:43:02.1314462Z ##[group]Build references
2026-05-26T13:43:02.2115394Z builder-e1ca9cf7-80d6-4ebb-b758-5496d983e6a3/builder-e1ca9cf7-80d6-4ebb-b758-5496d983e6a30/6rlf97yhme7a9oyu1p4mltu60
2026-05-26T13:43:02.2116695Z ##[endgroup]
2026-05-26T13:43:02.2117418Z ##[group]Check build summary support
2026-05-26T13:43:02.2120422Z Build summary supported!
2026-05-26T13:43:02.2121342Z ##[endgroup]
2026-05-26T13:43:02.2144123Z ##[error]buildx bake failed with: ERROR: failed to solve: failed to fetch oauth token: unexpected status from POST request to https://auth.docker.io/token: 502 Bad Gateway: error code: 502
2026-05-26T13:43:02.2510570Z ##[group]Run codecov/codecov-action@e79a6962e0d4c0c17b229090214935d2e33f8354
2026-05-26T13:43:02.2510969Z with:
2026-05-26T13:43:02.2511163Z   directory: ./bin/testreports
2026-05-26T13:43:02.2511409Z   flags: integration
2026-05-26T13:43:02.2512030Z   token: ***
2026-05-26T13:43:02.2512233Z   disable_file_fixes: true
2026-05-26T13:43:02.2512452Z   disable_search: false
2026-05-26T13:43:02.2512655Z   disable_safe_directory: false
2026-05-26T13:43:02.2512880Z   disable_telem: false
2026-05-26T13:43:02.2513071Z   dry_run: false
2026-05-26T13:43:02.2513254Z   fail_ci_if_error: false
2026-05-26T13:43:02.2513457Z   git_service: github
2026-05-26T13:43:02.2513651Z   gcov_executable: gcov
2026-05-26T13:43:02.2513859Z   handle_no_reports_found: false
2026-05-26T13:43:02.2514092Z   recurse_submodules: false
2026-05-26T13:43:02.2514315Z   run_command: upload-coverage
2026-05-26T13:43:02.2514538Z   skip_validation: false
2026-05-26T13:43:02.2514757Z   use_legacy_upload_endpoint: false
2026-05-26T13:43:02.2515026Z   use_oidc: false
2026-05-26T13:43:02.2515215Z   use_pypi: false
2026-05-26T13:43:02.2515406Z   verbose: false
2026-05-26T13:43:02.2515573Z   version: latest
2026-05-26T13:43:02.2515748Z env:
2026-05-26T13:43:02.2515925Z   SETUP_BUILDX_VERSION: edge
2026-05-26T13:43:02.2516171Z   SETUP_BUILDKIT_IMAGE: moby/buildkit:latest
2026-05-26T13:43:02.2516436Z   SCOUT_VERSION: 1.11.0
2026-05-26T13:43:02.2516644Z   REPO_SLUG: docker/buildx-bin
2026-05-26T13:43:02.2516860Z   DESTDIR: ./bin
2026-05-26T13:43:02.2517046Z   TEST_CACHE_SCOPE: test
2026-05-26T13:43:02.2517346Z   TESTFLAGS: -v --parallel=1 --timeout=30m --run=//worker=docker$
2026-05-26T13:43:02.2517688Z   GOTESTSUM_FORMAT: standard-verbose
2026-05-26T13:43:02.2517930Z   GO_VERSION: 1.26
2026-05-26T13:43:02.2518123Z   GOTESTSUM_VERSION: v1.13.0
2026-05-26T13:43:02.2518381Z   TESTFLAGS_DOCKER: -v --parallel=1 --timeout=30m
2026-05-26T13:43:02.2518665Z   TEST_IMAGE_BUILD: 0
2026-05-26T13:43:02.2518867Z   TEST_IMAGE_ID: buildx-tests
2026-05-26T13:43:02.2519090Z   TEST_COVERAGE: 1
2026-05-26T13:43:02.2519373Z   TESTREPORTS_NAME: test-integration-tests--docker-experimental
2026-05-26T13:43:02.2519708Z   TEST_DOCKERD: 1
2026-05-26T13:43:02.2519897Z   TEST_BUILDX_EXPERIMENTAL: 1
2026-05-26T13:43:02.2520114Z ##[endgroup]
2026-05-26T13:43:02.2596534Z ##[group]Run missing_deps=""
2026-05-26T13:43:02.2596813Z [36;1mmissing_deps=""[0m
2026-05-26T13:43:02.2597021Z [36;1m[0m
2026-05-26T13:43:02.2597231Z [36;1m# Check for always-required commands[0m
2026-05-26T13:43:02.2597526Z [36;1mfor cmd in bash git curl; do[0m
2026-05-26T13:43:02.2597827Z [36;1m  if ! command -v "$cmd" >/dev/null 2>&1; then[0m
2026-05-26T13:43:02.2598142Z [36;1m    missing_deps="$missing_deps $cmd"[0m
2026-05-26T13:43:02.2598400Z [36;1m  fi[0m
2026-05-26T13:43:02.2598569Z [36;1mdone[0m
2026-05-26T13:43:02.2598736Z [36;1m[0m
2026-05-26T13:43:02.2598988Z [36;1m# Check for gpg only if validation is not being skipped[0m
2026-05-26T13:43:02.2599373Z [36;1mif [ "$INPUT_SKIP_VALIDATION" != "true" ]; then[0m
2026-05-26T13:43:02.2599707Z [36;1m  if ! command -v gpg >/dev/null 2>&1; then[0m
2026-05-26T13:43:02.2600010Z [36;1m    missing_deps="$missing_deps gpg"[0m
2026-05-26T13:43:02.2600435Z [36;1m  fi[0m
2026-05-26T13:43:02.2600607Z [36;1mfi[0m
2026-05-26T13:43:02.2600776Z [36;1m[0m
2026-05-26T13:43:02.2600981Z [36;1m# Report missing required dependencies[0m
2026-05-26T13:43:02.2601271Z [36;1mif [ -n "$missing_deps" ]; then[0m
2026-05-26T13:43:02.2601655Z [36;1m  echo "Error: The following required dependencies are missing:$missing_deps"[0m
2026-05-26T13:43:02.2602334Z [36;1m  echo "Please install these dependencies before using this action."[0m
2026-05-26T13:43:02.2602707Z [36;1m  exit 1[0m
2026-05-26T13:43:02.2602888Z [36;1mfi[0m
2026-05-26T13:43:02.2603053Z [36;1m[0m
2026-05-26T13:43:02.2603303Z [36;1mecho "All required system dependencies are available."[0m
2026-05-26T13:43:02.2626441Z shell: /usr/bin/sh -e {0}
2026-05-26T13:43:02.2626672Z env:
2026-05-26T13:43:02.2627035Z   SETUP_BUILDX_VERSION: edge
2026-05-26T13:43:02.2627300Z   SETUP_BUILDKIT_IMAGE: moby/buildkit:latest
2026-05-26T13:43:02.2627563Z   SCOUT_VERSION: 1.11.0
2026-05-26T13:43:02.2627777Z   REPO_SLUG: docker/buildx-bin
2026-05-26T13:43:02.2628005Z   DESTDIR: ./bin
2026-05-26T13:43:02.2628193Z   TEST_CACHE_SCOPE: test
2026-05-26T13:43:02.2628506Z   TESTFLAGS: -v --parallel=1 --timeout=30m --run=//worker=docker$
2026-05-26T13:43:02.2628849Z   GOTESTSUM_FORMAT: standard-verbose
2026-05-26T13:43:02.2629098Z   GO_VERSION: 1.26
2026-05-26T13:43:02.2629295Z   GOTESTSUM_VERSION: v1.13.0
2026-05-26T13:43:02.2629558Z   TESTFLAGS_DOCKER: -v --parallel=1 --timeout=30m
2026-05-26T13:43:02.2629836Z   TEST_IMAGE_BUILD: 0
2026-05-26T13:43:02.2630043Z   TEST_IMAGE_ID: buildx-tests
2026-05-26T13:43:02.2630258Z   TEST_COVERAGE: 1
2026-05-26T13:43:02.2630540Z   TESTREPORTS_NAME: test-integration-tests--docker-experimental
2026-05-26T13:43:02.2630871Z   TEST_DOCKERD: 1
2026-05-26T13:43:02.2631064Z   TEST_BUILDX_EXPERIMENTAL: 1
2026-05-26T13:43:02.2631284Z   INPUT_SKIP_VALIDATION: false
2026-05-26T13:43:02.2631503Z ##[endgroup]
2026-05-26T13:43:02.2668052Z All required system dependencies are available.
2026-05-26T13:43:02.2691368Z ##[group]Run CC_ACTION_VERSION=$(cat ${GITHUB_ACTION_PATH}/src/version)
2026-05-26T13:43:02.2692041Z [36;1mCC_ACTION_VERSION=$(cat ${GITHUB_ACTION_PATH}/src/version)[0m
2026-05-26T13:43:02.2692507Z [36;1mecho -e "\033[0;32m==>\033[0m Running Action version $CC_ACTION_VERSION"[0m
2026-05-26T13:43:02.2723399Z shell: /usr/bin/bash --noprofile --norc -e -o pipefail {0}
2026-05-26T13:43:02.2723724Z env:
2026-05-26T13:43:02.2723912Z   SETUP_BUILDX_VERSION: edge
2026-05-26T13:43:02.2724167Z   SETUP_BUILDKIT_IMAGE: moby/buildkit:latest
2026-05-26T13:43:02.2724436Z   SCOUT_VERSION: 1.11.0
2026-05-26T13:43:02.2724652Z   REPO_SLUG: docker/buildx-bin
2026-05-26T13:43:02.2724875Z   DESTDIR: ./bin
2026-05-26T13:43:02.2725066Z   TEST_CACHE_SCOPE: test
2026-05-26T13:43:02.2725378Z   TESTFLAGS: -v --parallel=1 --timeout=30m --run=//worker=docker$
2026-05-26T13:43:02.2725731Z   GOTESTSUM_FORMAT: standard-verbose
2026-05-26T13:43:02.2725975Z   GO_VERSION: 1.26
2026-05-26T13:43:02.2726174Z   GOTESTSUM_VERSION: v1.13.0
2026-05-26T13:43:02.2726442Z   TESTFLAGS_DOCKER: -v --parallel=1 --timeout=30m
2026-05-26T13:43:02.2726727Z   TEST_IMAGE_BUILD: 0
2026-05-26T13:43:02.2726938Z   TEST_IMAGE_ID: buildx-tests
2026-05-26T13:43:02.2727161Z   TEST_COVERAGE: 1
2026-05-26T13:43:02.2727458Z   TESTREPORTS_NAME: test-integration-tests--docker-experimental
2026-05-26T13:43:02.2727801Z   TEST_DOCKERD: 1
2026-05-26T13:43:02.2728002Z   TEST_BUILDX_EXPERIMENTAL: 1
2026-05-26T13:43:02.2728224Z ##[endgroup]
2026-05-26T13:43:02.2788703Z [0;32m==>[0m Running Action version 6.0.1
2026-05-26T13:43:02.2821030Z ##[group]Run git config --global --add safe.directory "/home/runner/work/buildx/buildx"
2026-05-26T13:43:02.2821588Z [36;1mgit config --global --add safe.directory "/home/runner/work/buildx/buildx"[0m
2026-05-26T13:43:02.2822394Z [36;1mgit config --global --add safe.directory "$GITHUB_WORKSPACE"[0m
2026-05-26T13:43:02.2852125Z shell: /usr/bin/bash --noprofile --norc -e -o pipefail {0}
2026-05-26T13:43:02.2852472Z env:
2026-05-26T13:43:02.2852836Z   SETUP_BUILDX_VERSION: edge
2026-05-26T13:43:02.2853098Z   SETUP_BUILDKIT_IMAGE: moby/buildkit:latest
2026-05-26T13:43:02.2853366Z   SCOUT_VERSION: 1.11.0
2026-05-26T13:43:02.2853590Z   REPO_SLUG: docker/buildx-bin
2026-05-26T13:43:02.2853812Z   DESTDIR: ./bin
2026-05-26T13:43:02.2854005Z   TEST_CACHE_SCOPE: test
2026-05-26T13:43:02.2854305Z   TESTFLAGS: -v --parallel=1 --timeout=30m --run=//worker=docker$
2026-05-26T13:43:02.2854664Z   GOTESTSUM_FORMAT: standard-verbose
2026-05-26T13:43:02.2854918Z   GO_VERSION: 1.26
2026-05-26T13:43:02.2855116Z   GOTESTSUM_VERSION: v1.13.0
2026-05-26T13:43:02.2855389Z   TESTFLAGS_DOCKER: -v --parallel=1 --timeout=30m
2026-05-26T13:43:02.2855671Z   TEST_IMAGE_BUILD: 0
2026-05-26T13:43:02.2855905Z   TEST_IMAGE_ID: buildx-tests
2026-05-26T13:43:02.2856277Z   TEST_COVERAGE: 1
2026-05-26T13:43:02.2856571Z   TESTREPORTS_NAME: test-integration-tests--docker-experimental
2026-05-26T13:43:02.2856903Z   TEST_DOCKERD: 1
2026-05-26T13:43:02.2857096Z   TEST_BUILDX_EXPERIMENTAL: 1
2026-05-26T13:43:02.2857319Z ##[endgroup]
2026-05-26T13:43:02.2955018Z ##[group]Run CC_FORK="false"
2026-05-26T13:43:02.2955269Z [36;1mCC_FORK="false"[0m
2026-05-26T13:43:02.2955814Z [36;1mif [ -n "$GITHUB_EVENT_PULL_REQUEST_HEAD_REPO_FULL_NAME" ] && [ "$GITHUB_EVENT_PULL_REQUEST_HEAD_REPO_FULL_NAME" != "$GITHUB_REPOSITORY" ];[0m
2026-05-26T13:43:02.2956381Z [36;1mthen[0m
2026-05-26T13:43:02.2956625Z [36;1m  echo -e "\033[0;32m==>\033[0m Fork detected"[0m
2026-05-26T13:43:02.2956925Z [36;1m  CC_FORK="true"[0m
2026-05-26T13:43:02.2957144Z [36;1mfi[0m
2026-05-26T13:43:02.2957354Z [36;1mecho "CC_FORK=$CC_FORK" >> "$GITHUB_ENV"[0m
2026-05-26T13:43:02.2987076Z shell: /usr/bin/bash --noprofile --norc -e -o pipefail {0}
2026-05-26T13:43:02.2987403Z env:
2026-05-26T13:43:02.2987604Z   SETUP_BUILDX_VERSION: edge
2026-05-26T13:43:02.2987854Z   SETUP_BUILDKIT_IMAGE: moby/buildkit:latest
2026-05-26T13:43:02.2988128Z   SCOUT_VERSION: 1.11.0
2026-05-26T13:43:02.2988350Z   REPO_SLUG: docker/buildx-bin
2026-05-26T13:43:02.2988582Z   DESTDIR: ./bin
2026-05-26T13:43:02.2988775Z   TEST_CACHE_SCOPE: test
2026-05-26T13:43:02.2989087Z   TESTFLAGS: -v --parallel=1 --timeout=30m --run=//worker=docker$
2026-05-26T13:43:02.2989453Z   GOTESTSUM_FORMAT: standard-verbose
2026-05-26T13:43:02.2989701Z   GO_VERSION: 1.26
2026-05-26T13:43:02.2989901Z   GOTESTSUM_VERSION: v1.13.0
2026-05-26T13:43:02.2990162Z   TESTFLAGS_DOCKER: -v --parallel=1 --timeout=30m
2026-05-26T13:43:02.2990448Z   TEST_IMAGE_BUILD: 0
2026-05-26T13:43:02.2990656Z   TEST_IMAGE_ID: buildx-tests
2026-05-26T13:43:02.2990878Z   TEST_COVERAGE: 1
2026-05-26T13:43:02.2991165Z   TESTREPORTS_NAME: test-integration-tests--docker-experimental
2026-05-26T13:43:02.2991509Z   TEST_DOCKERD: 1
2026-05-26T13:43:02.2991929Z   TEST_BUILDX_EXPERIMENTAL: 1
2026-05-26T13:43:02.2992208Z   GITHUB_EVENT_PULL_REQUEST_HEAD_LABEL: 
2026-05-26T13:43:02.2992501Z   GITHUB_EVENT_PULL_REQUEST_HEAD_REPO_FULL_NAME: 
2026-05-26T13:43:02.2992791Z   GITHUB_REPOSITORY: docker/buildx
2026-05-26T13:43:02.2993030Z ##[endgroup]
2026-05-26T13:43:02.3097254Z ##[group]Run actions/github-script@ed597411d8f924073f98dfc5c65a23a2325f34cd
2026-05-26T13:43:02.3097683Z with:
2026-05-26T13:43:02.3098356Z   script: if (process.env.CC_USE_OIDC === 'true' && process.env.CC_FORK != 'true') {
  const id_token = await core.getIDToken(process.env.CC_OIDC_AUDIENCE)
  return id_token
}

2026-05-26T13:43:02.3099146Z   github-token: ***
2026-05-26T13:43:02.3099352Z   debug: false
2026-05-26T13:43:02.3099549Z   user-agent: actions/github-script
2026-05-26T13:43:02.3099805Z   result-encoding: json
2026-05-26T13:43:02.3100007Z   retries: 0
2026-05-26T13:43:02.3100222Z   retry-exempt-status-codes: 400,401,403,404,422
2026-05-26T13:43:02.3100493Z env:
2026-05-26T13:43:02.3100676Z   SETUP_BUILDX_VERSION: edge
2026-05-26T13:43:02.3100922Z   SETUP_BUILDKIT_IMAGE: moby/buildkit:latest
2026-05-26T13:43:02.3101180Z   SCOUT_VERSION: 1.11.0
2026-05-26T13:43:02.3101391Z   REPO_SLUG: docker/buildx-bin
2026-05-26T13:43:02.3101602Z   DESTDIR: ./bin
2026-05-26T13:43:02.3102272Z   TEST_CACHE_SCOPE: test
2026-05-26T13:43:02.3102603Z   TESTFLAGS: -v --parallel=1 --timeout=30m --run=//worker=docker$
2026-05-26T13:43:02.3102962Z   GOTESTSUM_FORMAT: standard-verbose
2026-05-26T13:43:02.3103212Z   GO_VERSION: 1.26
2026-05-26T13:43:02.3103413Z   GOTESTSUM_VERSION: v1.13.0
2026-05-26T13:43:02.3103679Z   TESTFLAGS_DOCKER: -v --parallel=1 --timeout=30m
2026-05-26T13:43:02.3103961Z   TEST_IMAGE_BUILD: 0
2026-05-26T13:43:02.3104165Z   TEST_IMAGE_ID: buildx-tests
2026-05-26T13:43:02.3104383Z   TEST_COVERAGE: 1
2026-05-26T13:43:02.3104664Z   TESTREPORTS_NAME: test-integration-tests--docker-experimental
2026-05-26T13:43:02.3105002Z   TEST_DOCKERD: 1
2026-05-26T13:43:02.3105198Z   TEST_BUILDX_EXPERIMENTAL: 1
2026-05-26T13:43:02.3105563Z   CC_FORK: false
2026-05-26T13:43:02.3105782Z   CC_OIDC_AUDIENCE: https://codecov.io
2026-05-26T13:43:02.3106048Z   CC_USE_OIDC: false
2026-05-26T13:43:02.3106279Z ##[endgroup]
2026-05-26T13:43:02.3965080Z ##[group]Run if [ "$INPUT_USE_OIDC" == 'true' ] && [ "$CC_FORK" != 'true' ];
2026-05-26T13:43:02.3965577Z [36;1mif [ "$INPUT_USE_OIDC" == 'true' ] && [ "$CC_FORK" != 'true' ];[0m
2026-05-26T13:43:02.3965905Z [36;1mthen[0m
2026-05-26T13:43:02.3966145Z [36;1m  echo "CC_TOKEN=$CC_OIDC_TOKEN" >> "$GITHUB_ENV"[0m
2026-05-26T13:43:02.3966477Z [36;1melif [ -n "$INPUT_CODECOV_TOKEN" ];[0m
2026-05-26T13:43:02.3966741Z [36;1mthen[0m
2026-05-26T13:43:02.3966983Z [36;1m  echo -e "\033[0;32m==>\033[0m Token set from env"[0m
2026-05-26T13:43:02.3967355Z [36;1m    echo "CC_TOKEN=$INPUT_CODECOV_TOKEN" >> "$GITHUB_ENV"[0m
2026-05-26T13:43:02.3967661Z [36;1melse[0m
2026-05-26T13:43:02.3967849Z [36;1m  if [ -n "$INPUT_TOKEN" ];[0m
2026-05-26T13:43:02.3968088Z [36;1m  then[0m
2026-05-26T13:43:02.3968347Z [36;1m    echo -e "\033[0;32m==>\033[0m Token set from input"[0m
2026-05-26T13:43:02.3968702Z [36;1m    CC_TOKEN=$(echo "$INPUT_TOKEN" | tr -d '\n')[0m
2026-05-26T13:43:02.3969034Z [36;1m    echo "CC_TOKEN=$CC_TOKEN" >> "$GITHUB_ENV"[0m
2026-05-26T13:43:02.3969315Z [36;1m  fi[0m
2026-05-26T13:43:02.3969490Z [36;1mfi[0m
2026-05-26T13:43:02.4003129Z shell: /usr/bin/bash --noprofile --norc -e -o pipefail {0}
2026-05-26T13:43:02.4003468Z env:
2026-05-26T13:43:02.4003657Z   SETUP_BUILDX_VERSION: edge
2026-05-26T13:43:02.4003923Z   SETUP_BUILDKIT_IMAGE: moby/buildkit:latest
2026-05-26T13:43:02.4004200Z   SCOUT_VERSION: 1.11.0
2026-05-26T13:43:02.4004422Z   REPO_SLUG: docker/buildx-bin
2026-05-26T13:43:02.4004644Z   DESTDIR: ./bin
2026-05-26T13:43:02.4004842Z   TEST_CACHE_SCOPE: test
2026-05-26T13:43:02.4005144Z   TESTFLAGS: -v --parallel=1 --timeout=30m --run=//worker=docker$
2026-05-26T13:43:02.4005504Z   GOTESTSUM_FORMAT: standard-verbose
2026-05-26T13:43:02.4005755Z   GO_VERSION: 1.26
2026-05-26T13:43:02.4005962Z   GOTESTSUM_VERSION: v1.13.0
2026-05-26T13:43:02.4006231Z   TESTFLAGS_DOCKER: -v --parallel=1 --timeout=30m
2026-05-26T13:43:02.4006513Z   TEST_IMAGE_BUILD: 0
2026-05-26T13:43:02.4006745Z   TEST_IMAGE_ID: buildx-tests
2026-05-26T13:43:02.4006967Z   TEST_COVERAGE: 1
2026-05-26T13:43:02.4007261Z   TESTREPORTS_NAME: test-integration-tests--docker-experimental
2026-05-26T13:43:02.4022269Z   TEST_DOCKERD: 1
2026-05-26T13:43:02.4022506Z   TEST_BUILDX_EXPERIMENTAL: 1
2026-05-26T13:43:02.4022745Z   CC_FORK: false
2026-05-26T13:43:02.4022963Z   CC_OIDC_TOKEN: 
2026-05-26T13:43:02.4023241Z   CC_OIDC_AUDIENCE: https://codecov.io
2026-05-26T13:43:02.4023548Z   INPUT_USE_OIDC: false
2026-05-26T13:43:02.4023903Z   INPUT_TOKEN: ***
2026-05-26T13:43:02.4024110Z   INPUT_CODECOV_TOKEN: 
2026-05-26T13:43:02.4024314Z ##[endgroup]
2026-05-26T13:43:02.4079297Z [0;32m==>[0m Token set from input
2026-05-26T13:43:02.4117027Z ##[group]Run if [ -z "$CC_BRANCH" ] && [ -z "$CC_TOKEN" ] && [ "$CC_FORK" == 'true' ]
2026-05-26T13:43:02.4117524Z [36;1mif [ -z "$CC_BRANCH" ] && [ -z "$CC_TOKEN" ] && [ "$CC_FORK" == 'true' ][0m
2026-05-26T13:43:02.4117874Z [36;1mthen[0m
2026-05-26T13:43:02.4118264Z [36;1m  echo -e "\033[0;32m==>\033[0m Fork detected, setting branch to $GITHUB_EVENT_PULL_REQUEST_HEAD_LABEL"[0m
2026-05-26T13:43:02.4118932Z [36;1m  TOKENLESS="$GITHUB_EVENT_PULL_REQUEST_HEAD_LABEL"[0m
2026-05-26T13:43:02.4119301Z [36;1m  CC_BRANCH="$GITHUB_EVENT_PULL_REQUEST_HEAD_LABEL"[0m
2026-05-26T13:43:02.4119655Z [36;1m  echo "TOKENLESS=$TOKENLESS" >> "$GITHUB_ENV"[0m
2026-05-26T13:43:02.4119943Z [36;1mfi[0m
2026-05-26T13:43:02.4120117Z [36;1m[0m
2026-05-26T13:43:02.4120331Z [36;1mecho "CC_BRANCH=$CC_BRANCH" >> "$GITHUB_ENV"[0m
2026-05-26T13:43:02.4152029Z shell: /usr/bin/bash --noprofile --norc -e -o pipefail {0}
2026-05-26T13:43:02.4152375Z env:
2026-05-26T13:43:02.4152566Z   SETUP_BUILDX_VERSION: edge
2026-05-26T13:43:02.4152827Z   SETUP_BUILDKIT_IMAGE: moby/buildkit:latest
2026-05-26T13:43:02.4153263Z   SCOUT_VERSION: 1.11.0
2026-05-26T13:43:02.4153489Z   REPO_SLUG: docker/buildx-bin
2026-05-26T13:43:02.4153707Z   DESTDIR: ./bin
2026-05-26T13:43:02.4153897Z   TEST_CACHE_SCOPE: test
2026-05-26T13:43:02.4154203Z   TESTFLAGS: -v --parallel=1 --timeout=30m --run=//worker=docker$
2026-05-26T13:43:02.4154559Z   GOTESTSUM_FORMAT: standard-verbose
2026-05-26T13:43:02.4154808Z   GO_VERSION: 1.26
2026-05-26T13:43:02.4155005Z   GOTESTSUM_VERSION: v1.13.0
2026-05-26T13:43:02.4155265Z   TESTFLAGS_DOCKER: -v --parallel=1 --timeout=30m
2026-05-26T13:43:02.4155539Z   TEST_IMAGE_BUILD: 0
2026-05-26T13:43:02.4155745Z   TEST_IMAGE_ID: buildx-tests
2026-05-26T13:43:02.4155954Z   TEST_COVERAGE: 1
2026-05-26T13:43:02.4156238Z   TESTREPORTS_NAME: test-integration-tests--docker-experimental
2026-05-26T13:43:02.4156576Z   TEST_DOCKERD: 1
2026-05-26T13:43:02.4156769Z   TEST_BUILDX_EXPERIMENTAL: 1
2026-05-26T13:43:02.4156983Z   CC_FORK: false
2026-05-26T13:43:02.4157260Z   CC_TOKEN: ***
2026-05-26T13:43:02.4157441Z   CC_BRANCH: 
2026-05-26T13:43:02.4157645Z   GITHUB_EVENT_PULL_REQUEST_HEAD_LABEL: 
2026-05-26T13:43:02.4157937Z   GITHUB_EVENT_PULL_REQUEST_HEAD_REPO_FULL_NAME: 
2026-05-26T13:43:02.4158233Z   GITHUB_REPOSITORY: docker/buildx
2026-05-26T13:43:02.4158480Z ##[endgroup]
2026-05-26T13:43:02.4228015Z ##[group]Run if [ -z "$CC_SHA" ];
2026-05-26T13:43:02.4228289Z [36;1mif [ -z "$CC_SHA" ];[0m
2026-05-26T13:43:02.4228518Z [36;1mthen[0m
2026-05-26T13:43:02.4228760Z [36;1m  CC_SHA="$GITHUB_EVENT_PULL_REQUEST_HEAD_SHA"[0m
2026-05-26T13:43:02.4229046Z [36;1mfi[0m
2026-05-26T13:43:02.4229276Z [36;1mif [ -z "$CC_PR" ] && [ "$CC_FORK" == 'true' ];[0m
2026-05-26T13:43:02.4229553Z [36;1mthen[0m
2026-05-26T13:43:02.4229750Z [36;1m  CC_PR="$GITHUB_EVENT_NUMBER"[0m
2026-05-26T13:43:02.4229988Z [36;1mfi[0m
2026-05-26T13:43:02.4230159Z [36;1m[0m
2026-05-26T13:43:02.4230354Z [36;1mecho "CC_SHA=$CC_SHA" >> "$GITHUB_ENV"[0m
2026-05-26T13:43:02.4230642Z [36;1mecho "CC_PR=$CC_PR" >> "$GITHUB_ENV"[0m
2026-05-26T13:43:02.4261231Z shell: /usr/bin/bash --noprofile --norc -e -o pipefail {0}
2026-05-26T13:43:02.4261546Z env:
2026-05-26T13:43:02.4261997Z   SETUP_BUILDX_VERSION: edge
2026-05-26T13:43:02.4262261Z   SETUP_BUILDKIT_IMAGE: moby/buildkit:latest
2026-05-26T13:43:02.4262529Z   SCOUT_VERSION: 1.11.0
2026-05-26T13:43:02.4262743Z   REPO_SLUG: docker/buildx-bin
2026-05-26T13:43:02.4262964Z   DESTDIR: ./bin
2026-05-26T13:43:02.4263156Z   TEST_CACHE_SCOPE: test
2026-05-26T13:43:02.4263462Z   TESTFLAGS: -v --parallel=1 --timeout=30m --run=//worker=docker$
2026-05-26T13:43:02.4263811Z   GOTESTSUM_FORMAT: standard-verbose
2026-05-26T13:43:02.4264058Z   GO_VERSION: 1.26
2026-05-26T13:43:02.4264257Z   GOTESTSUM_VERSION: v1.13.0
2026-05-26T13:43:02.4264522Z   TESTFLAGS_DOCKER: -v --parallel=1 --timeout=30m
2026-05-26T13:43:02.4264803Z   TEST_IMAGE_BUILD: 0
2026-05-26T13:43:02.4265010Z   TEST_IMAGE_ID: buildx-tests
2026-05-26T13:43:02.4265228Z   TEST_COVERAGE: 1
2026-05-26T13:43:02.4265514Z   TESTREPORTS_NAME: test-integration-tests--docker-experimental
2026-05-26T13:43:02.4265866Z   TEST_DOCKERD: 1
2026-05-26T13:43:02.4266064Z   TEST_BUILDX_EXPERIMENTAL: 1
2026-05-26T13:43:02.4266285Z   CC_FORK: false
2026-05-26T13:43:02.4266568Z   CC_TOKEN: ***
2026-05-26T13:43:02.4266940Z   CC_BRANCH: 
2026-05-26T13:43:02.4267122Z   CC_PR: 
2026-05-26T13:43:02.4267293Z   CC_SHA: 
2026-05-26T13:43:02.4267470Z   GITHUB_EVENT_NAME: push
2026-05-26T13:43:02.4267698Z   GITHUB_EVENT_NUMBER: 
2026-05-26T13:43:02.4267922Z   GITHUB_EVENT_PULL_REQUEST_HEAD_SHA: 
2026-05-26T13:43:02.4268174Z ##[endgroup]
2026-05-26T13:43:02.4342237Z ##[group]Run ${GITHUB_ACTION_PATH}/dist/codecov.sh
2026-05-26T13:43:02.4342589Z [36;1m${GITHUB_ACTION_PATH}/dist/codecov.sh[0m
2026-05-26T13:43:02.4372291Z shell: /usr/bin/bash --noprofile --norc -e -o pipefail {0}
2026-05-26T13:43:02.4372625Z env:
2026-05-26T13:43:02.4372806Z   SETUP_BUILDX_VERSION: edge
2026-05-26T13:43:02.4373064Z   SETUP_BUILDKIT_IMAGE: moby/buildkit:latest
2026-05-26T13:43:02.4373341Z   SCOUT_VERSION: 1.11.0
2026-05-26T13:43:02.4373712Z   REPO_SLUG: docker/buildx-bin
2026-05-26T13:43:02.4373940Z   DESTDIR: ./bin
2026-05-26T13:43:02.4374137Z   TEST_CACHE_SCOPE: test
2026-05-26T13:43:02.4374446Z   TESTFLAGS: -v --parallel=1 --timeout=30m --run=//worker=docker$
2026-05-26T13:43:02.4374800Z   GOTESTSUM_FORMAT: standard-verbose
2026-05-26T13:43:02.4375044Z   GO_VERSION: 1.26
2026-05-26T13:43:02.4375234Z   GOTESTSUM_VERSION: v1.13.0
2026-05-26T13:43:02.4375499Z   TESTFLAGS_DOCKER: -v --parallel=1 --timeout=30m
2026-05-26T13:43:02.4375769Z   TEST_IMAGE_BUILD: 0
2026-05-26T13:43:02.4375973Z   TEST_IMAGE_ID: buildx-tests
2026-05-26T13:43:02.4376189Z   TEST_COVERAGE: 1
2026-05-26T13:43:02.4376470Z   TESTREPORTS_NAME: test-integration-tests--docker-experimental
2026-05-26T13:43:02.4376802Z   TEST_DOCKERD: 1
2026-05-26T13:43:02.4376991Z   TEST_BUILDX_EXPERIMENTAL: 1
2026-05-26T13:43:02.4377202Z   CC_FORK: false
2026-05-26T13:43:02.4377476Z   CC_TOKEN: ***
2026-05-26T13:43:02.4377663Z   CC_BRANCH: 
2026-05-26T13:43:02.4377832Z   CC_SHA: 
2026-05-26T13:43:02.4377997Z   CC_PR: 
2026-05-26T13:43:02.4378162Z   CC_BASE_SHA: 
2026-05-26T13:43:02.4378337Z   CC_BINARY: 
2026-05-26T13:43:02.4378505Z   CC_BUILD: 
2026-05-26T13:43:02.4378674Z   CC_BUILD_URL: 
2026-05-26T13:43:02.4378852Z   CC_CODE: 
2026-05-26T13:43:02.4379024Z   CC_DIR: ./bin/testreports
2026-05-26T13:43:02.4379249Z   CC_DISABLE_FILE_FIXES: true
2026-05-26T13:43:02.4379475Z   CC_DISABLE_SEARCH: false
2026-05-26T13:43:02.4379689Z   CC_DISABLE_TELEM: false
2026-05-26T13:43:02.4379893Z   CC_DRY_RUN: false
2026-05-26T13:43:02.4380085Z   CC_ENTERPRISE_URL: 
2026-05-26T13:43:02.4380277Z   CC_ENV: 
2026-05-26T13:43:02.4380443Z   CC_EXCLUDES: 
2026-05-26T13:43:02.4380627Z   CC_FAIL_ON_ERROR: false
2026-05-26T13:43:02.4380825Z   CC_FILES: 
2026-05-26T13:43:02.4380993Z   CC_FLAGS: integration
2026-05-26T13:43:02.4381186Z   CC_FORCE: 
2026-05-26T13:43:02.4381353Z   CC_GCOV_ARGS: 
2026-05-26T13:43:02.4381542Z   CC_GCOV_EXECUTABLE: gcov
2026-05-26T13:43:02.4381988Z   CC_GCOV_IGNORE: 
2026-05-26T13:43:02.4382187Z   CC_GCOV_INCLUDE: 
2026-05-26T13:43:02.4382375Z   CC_GIT_SERVICE: github
2026-05-26T13:43:02.4382596Z   CC_HANDLE_NO_REPORTS_FOUND: false
2026-05-26T13:43:02.4382824Z   CC_JOB_CODE: 
2026-05-26T13:43:02.4383001Z   CC_LEGACY: false
2026-05-26T13:43:02.4383185Z   CC_NAME: 
2026-05-26T13:43:02.4383352Z   CC_NETWORK_FILTER: 
2026-05-26T13:43:02.4383545Z   CC_NETWORK_PREFIX: 
2026-05-26T13:43:02.4383737Z   CC_NETWORK_ROOT_FOLDER: 
2026-05-26T13:43:02.4383935Z   CC_OS: 
2026-05-26T13:43:02.4384098Z   CC_PARENT_SHA: 
2026-05-26T13:43:02.4384278Z   CC_PLUGINS: 
2026-05-26T13:43:02.4384457Z   CC_RECURSE_SUBMODULES: false
2026-05-26T13:43:02.4384674Z   CC_REPORT_TYPE: 
2026-05-26T13:43:02.4384870Z   CC_RUN_CMD: upload-coverage
2026-05-26T13:43:02.4385090Z   CC_SERVICE: github
2026-05-26T13:43:02.4385293Z   CC_SKIP_VALIDATION: false
2026-05-26T13:43:02.4385496Z   CC_SLUG: 
2026-05-26T13:43:02.4385661Z   CC_SWIFT_PROJECT: 
2026-05-26T13:43:02.4385848Z   CC_USE_PYPI: false
2026-05-26T13:43:02.4386036Z   CC_VERBOSE: false
2026-05-26T13:43:02.4386217Z   CC_VERSION: latest
2026-05-26T13:43:02.4386399Z   CC_YML_PATH: 
2026-05-26T13:43:02.4386617Z ##[endgroup]
2026-05-26T13:43:02.4456965Z      _____          _
2026-05-26T13:43:02.4457344Z     / ____|        | |
2026-05-26T13:43:02.4458003Z    | |     ___   __| | ___  ___ _____   __
2026-05-26T13:43:02.4458432Z    | |    / _ \ / _` |/ _ \/ __/ _ \ \ / /
2026-05-26T13:43:02.4458844Z    | |___| (_) | (_| |  __/ (_| (_) \ V /
2026-05-26T13:43:02.4459256Z     \_____\___/ \__,_|\___|\___\___/ \_/
2026-05-26T13:43:02.4459906Z                            [0;31m Wrapper-0.2.7[0m
2026-05-26T13:43:02.4460367Z                            
2026-05-26T13:43:02.4513970Z [0;32m==>[0m Detected [0;36mlinux[0m
2026-05-26T13:43:02.4514561Z [0;32m ->[0m Downloading [0;36mhttps://cli.codecov.io/latest/linux/codecov[0m
2026-05-26T13:43:02.4590875Z   % Total    % Received % Xferd  Average Speed   Time    Time     Time  Current
2026-05-26T13:43:02.4592427Z                                  Dload  Upload   Total   Spent    Left  Speed
2026-05-26T13:43:02.4592857Z 
2026-05-26T13:43:02.7776775Z   0     0    0     0    0     0      0      0 --:--:-- --:--:-- --:--:--     0
2026-05-26T13:43:02.7777330Z 100 10.6M  100 10.6M    0     0  33.4M      0 --:--:-- --:--:-- --:--:-- 33.5M
2026-05-26T13:43:02.7800613Z [0;32m==>[0m Finishing downloading [0;36mlinux:latest[0m
2026-05-26T13:43:02.8538092Z       Version: [0;36mv11.2.8[0m
2026-05-26T13:43:02.8538529Z  
2026-05-26T13:43:02.9297720Z gpg: directory '/home/runner/.gnupg' created
2026-05-26T13:43:02.9299342Z gpg: keybox '/home/runner/.gnupg/pubring.kbx' created
2026-05-26T13:43:02.9645207Z gpg: /home/runner/.gnupg/trustdb.gpg: trustdb created
2026-05-26T13:43:02.9646180Z gpg: key 806BB28AED779869: public key "Codecov Uploader (Codecov Uploader Verification Key) <security@codecov.io>" imported
2026-05-26T13:43:02.9976349Z gpg: Total number processed: 1
2026-05-26T13:43:02.9976775Z gpg:               imported: 1
2026-05-26T13:43:02.9982208Z [0;32m==>[0m Verifying GPG signature integrity
2026-05-26T13:43:02.9983108Z [0;32m ->[0m Downloading [0;36mhttps://cli.codecov.io/latest/linux/codecov.SHA256SUM[0m
2026-05-26T13:43:02.9984124Z [0;32m ->[0m Downloading [0;36mhttps://cli.codecov.io/latest/linux/codecov.SHA256SUM.sig[0m
2026-05-26T13:43:02.9985115Z  
2026-05-26T13:43:03.1162207Z gpg: Signature made Tue Apr 21 19:28:03 2026 UTC
2026-05-26T13:43:03.1162927Z gpg:                using RSA key 27034E7FDB850E0BBC2C62FF806BB28AED779869
2026-05-26T13:43:03.1164602Z gpg: Good signature from "Codecov Uploader (Codecov Uploader Verification Key) <security@codecov.io>" [unknown]
2026-05-26T13:43:03.1165598Z gpg: WARNING: This key is not certified with a trusted signature!
2026-05-26T13:43:03.1166331Z gpg:          There is no indication that the signature belongs to the owner.
2026-05-26T13:43:03.1167111Z Primary key fingerprint: 2703 4E7F DB85 0E0B BC2C  62FF 806B B28A ED77 9869
2026-05-26T13:43:03.2006455Z codecov: OK
2026-05-26T13:43:03.2016278Z [0;32m==>[0m CLI integrity verified
2026-05-26T13:43:03.2016630Z 
2026-05-26T13:43:03.2666187Z [0;32m ->[0m Token length: 36
2026-05-26T13:43:03.2667005Z [0;32m==>[0m Running upload-coverage
2026-05-26T13:43:03.2676719Z       [0;36m./codecov  upload-coverage -t <redacted> --git-service github --dir ./bin/testreports --disable-file-fixes --flag integration --gcov-executable gcov[0m
2026-05-26T13:43:03.6198648Z info - 2026-05-26 13:43:03,619 -- ci service found: github-actions
2026-05-26T13:43:03.6615909Z warning - 2026-05-26 13:43:03,661 -- xcrun is not installed or can't be found.
2026-05-26T13:43:03.6624079Z warning - 2026-05-26 13:43:03,662 -- No gcov data found.
2026-05-26T13:43:03.6627717Z warning - 2026-05-26 13:43:03,662 -- coverage.py is not installed or can't be found.
2026-05-26T13:43:03.6843906Z info - 2026-05-26 13:43:03,684 -- Found 0 coverage files to report
2026-05-26T13:43:03.6875159Z Error: No coverage reports found. Please make sure you're generating reports successfully.
2026-05-26T13:43:03.7973686Z [0;31m==> Failed to run upload-coverage[0m
2026-05-26T13:43:03.8046322Z ##[group]Run crazy-max/.github/.github/actions/gotest-annotations@9ba6e6f9450baf3b1237f8035c1fdc45932510bd
2026-05-26T13:43:03.8046825Z with:
2026-05-26T13:43:03.8047188Z   directory: ./bin/testreports
2026-05-26T13:43:03.8047426Z env:
2026-05-26T13:43:03.8047605Z   SETUP_BUILDX_VERSION: edge
2026-05-26T13:43:03.8047868Z   SETUP_BUILDKIT_IMAGE: moby/buildkit:latest
2026-05-26T13:43:03.8048136Z   SCOUT_VERSION: 1.11.0
2026-05-26T13:43:03.8048357Z   REPO_SLUG: docker/buildx-bin
2026-05-26T13:43:03.8048579Z   DESTDIR: ./bin
2026-05-26T13:43:03.8048771Z   TEST_CACHE_SCOPE: test
2026-05-26T13:43:03.8049085Z   TESTFLAGS: -v --parallel=1 --timeout=30m --run=//worker=docker$
2026-05-26T13:43:03.8049441Z   GOTESTSUM_FORMAT: standard-verbose
2026-05-26T13:43:03.8049693Z   GO_VERSION: 1.26
2026-05-26T13:43:03.8049895Z   GOTESTSUM_VERSION: v1.13.0
2026-05-26T13:43:03.8050168Z   TESTFLAGS_DOCKER: -v --parallel=1 --timeout=30m
2026-05-26T13:43:03.8050447Z   TEST_IMAGE_BUILD: 0
2026-05-26T13:43:03.8050686Z   TEST_IMAGE_ID: buildx-tests
2026-05-26T13:43:03.8050926Z   TEST_COVERAGE: 1
2026-05-26T13:43:03.8051220Z   TESTREPORTS_NAME: test-integration-tests--docker-experimental
2026-05-26T13:43:03.8051563Z   TEST_DOCKERD: 1
2026-05-26T13:43:03.8052028Z   TEST_BUILDX_EXPERIMENTAL: 1
2026-05-26T13:43:03.8052274Z   CC_FORK: false
2026-05-26T13:43:03.8052572Z   CC_TOKEN: ***
2026-05-26T13:43:03.8052764Z   CC_BRANCH: 
2026-05-26T13:43:03.8052942Z   CC_SHA: 
2026-05-26T13:43:03.8053108Z   CC_PR: 
2026-05-26T13:43:03.8053282Z ##[endgroup]
2026-05-26T13:43:03.8087490Z ##[group]Run actions/github-script@ed597411d8f924073f98dfc5c65a23a2325f34cd
2026-05-26T13:43:03.8087854Z with:
2026-05-26T13:43:03.8088265Z   script: await core.group(`Install npm deps`, async () => {
  await exec.exec('npm', ['install', 'line-by-line']);
});

2026-05-26T13:43:03.8088912Z   github-token: ***
2026-05-26T13:43:03.8089113Z   debug: false
2026-05-26T13:43:03.8089312Z   user-agent: actions/github-script
2026-05-26T13:43:03.8089578Z   result-encoding: json
2026-05-26T13:43:03.8089784Z   retries: 0
2026-05-26T13:43:03.8089998Z   retry-exempt-status-codes: 400,401,403,404,422
2026-05-26T13:43:03.8090274Z env:
2026-05-26T13:43:03.8090453Z   SETUP_BUILDX_VERSION: edge
2026-05-26T13:43:03.8090706Z   SETUP_BUILDKIT_IMAGE: moby/buildkit:latest
2026-05-26T13:43:03.8090964Z   SCOUT_VERSION: 1.11.0
2026-05-26T13:43:03.8091173Z   REPO_SLUG: docker/buildx-bin
2026-05-26T13:43:03.8091390Z   DESTDIR: ./bin
2026-05-26T13:43:03.8091579Z   TEST_CACHE_SCOPE: test
2026-05-26T13:43:03.8092191Z   TESTFLAGS: -v --parallel=1 --timeout=30m --run=//worker=docker$
2026-05-26T13:43:03.8092546Z   GOTESTSUM_FORMAT: standard-verbose
2026-05-26T13:43:03.8092791Z   GO_VERSION: 1.26
2026-05-26T13:43:03.8092987Z   GOTESTSUM_VERSION: v1.13.0
2026-05-26T13:43:03.8093250Z   TESTFLAGS_DOCKER: -v --parallel=1 --timeout=30m
2026-05-26T13:43:03.8093529Z   TEST_IMAGE_BUILD: 0
2026-05-26T13:43:03.8093735Z   TEST_IMAGE_ID: buildx-tests
2026-05-26T13:43:03.8093953Z   TEST_COVERAGE: 1
2026-05-26T13:43:03.8094238Z   TESTREPORTS_NAME: test-integration-tests--docker-experimental
2026-05-26T13:43:03.8094570Z   TEST_DOCKERD: 1
2026-05-26T13:43:03.8094773Z   TEST_BUILDX_EXPERIMENTAL: 1
2026-05-26T13:43:03.8094995Z   CC_FORK: false
2026-05-26T13:43:03.8095232Z   CC_TOKEN: ***
2026-05-26T13:43:03.8095416Z   CC_BRANCH: 
2026-05-26T13:43:03.8095594Z   CC_SHA: 
2026-05-26T13:43:03.8095755Z   CC_PR: 
2026-05-26T13:43:03.8095921Z ##[endgroup]
2026-05-26T13:43:03.8847411Z ##[group]Install npm deps
2026-05-26T13:43:03.8892102Z [command]/usr/local/bin/npm install line-by-line
2026-05-26T13:43:06.6179283Z 
2026-05-26T13:43:06.6179897Z added 1 package in 2s
2026-05-26T13:43:06.6591516Z ##[endgroup]
2026-05-26T13:43:06.6745671Z ##[group]Run actions/github-script@ed597411d8f924073f98dfc5c65a23a2325f34cd
2026-05-26T13:43:06.6746311Z with:
2026-05-26T13:43:06.6754416Z   script: const lineReader = require('line-by-line');
const testRegex = /(\s*[\w\d]+.go:\d+:)(.*?)(---\sFAIL:.*)/gs;
let tests = {};
const globber = await glob.create(`${core.getInput('directory')}/**/*.json`);
for await (const jsonReport of globber.globGenerator()) {
  let lr = new lineReader(jsonReport);
  lr.on('line', function(line) {
    const currentLine = JSON.parse(line);
    const testName = currentLine.Test;
    let output = currentLine.Output;
    if (!testName || !output) {
      return;
    }
    const packageName = currentLine.Package.split("/").slice(3).join("/");
    const key = `${packageName}/${testName}`;
    if (!tests.hasOwnProperty(key)) {
      tests[key] = {
        name: testName,
        package: packageName,
        output: output
      };
    } else {
      tests[key].output += output;
    }
  });
  lr.on('end', function() {
    for (const [key, test] of Object.entries(tests)) {
      if (!test.output.includes("FAIL") || !test.output.includes(".go")) {
        continue;
      }
      var result;
      while ((result = testRegex.exec(test.output)) !== null) {
        const parts = result[0].split(":");
        const file = `${test.package}/${parts[0].trimStart()}`;
        const lineNumber = parts[1];
        core.startGroup(key);
        core.error(test.output, {
          title: `Failed: ${key}`,
          file: file,
          startLine: lineNumber
        });
        core.endGroup();
      }
    }
  });
}

2026-05-26T13:43:06.6763104Z   github-token: ***
2026-05-26T13:43:06.6763462Z   debug: false
2026-05-26T13:43:06.6763800Z   user-agent: actions/github-script
2026-05-26T13:43:06.6764256Z   result-encoding: json
2026-05-26T13:43:06.6764617Z   retries: 0
2026-05-26T13:43:06.6765006Z   retry-exempt-status-codes: 400,401,403,404,422
2026-05-26T13:43:06.6765552Z env:
2026-05-26T13:43:06.6765881Z   SETUP_BUILDX_VERSION: edge
2026-05-26T13:43:06.6766338Z   SETUP_BUILDKIT_IMAGE: moby/buildkit:latest
2026-05-26T13:43:06.6766814Z   SCOUT_VERSION: 1.11.0
2026-05-26T13:43:06.6767204Z   REPO_SLUG: docker/buildx-bin
2026-05-26T13:43:06.6767595Z   DESTDIR: ./bin
2026-05-26T13:43:06.6767939Z   TEST_CACHE_SCOPE: test
2026-05-26T13:43:06.6768501Z   TESTFLAGS: -v --parallel=1 --timeout=30m --run=//worker=docker$
2026-05-26T13:43:06.6769130Z   GOTESTSUM_FORMAT: standard-verbose
2026-05-26T13:43:06.6769566Z   GO_VERSION: 1.26
2026-05-26T13:43:06.6769919Z   GOTESTSUM_VERSION: v1.13.0
2026-05-26T13:43:06.6770395Z   TESTFLAGS_DOCKER: -v --parallel=1 --timeout=30m
2026-05-26T13:43:06.6770902Z   TEST_IMAGE_BUILD: 0
2026-05-26T13:43:06.6771260Z   TEST_IMAGE_ID: buildx-tests
2026-05-26T13:43:06.6771647Z   TEST_COVERAGE: 1
2026-05-26T13:43:06.6772450Z   TESTREPORTS_NAME: test-integration-tests--docker-experimental
2026-05-26T13:43:06.6773052Z   TEST_DOCKERD: 1
2026-05-26T13:43:06.6773402Z   TEST_BUILDX_EXPERIMENTAL: 1
2026-05-26T13:43:06.6773795Z   CC_FORK: false
2026-05-26T13:43:06.6774221Z   CC_TOKEN: ***
2026-05-26T13:43:06.6774543Z   CC_BRANCH: 
2026-05-26T13:43:06.6774842Z   CC_SHA: 
2026-05-26T13:43:06.6775138Z   CC_PR: 
2026-05-26T13:43:06.6775462Z   INPUT_DIRECTORY: ./bin/testreports
2026-05-26T13:43:06.6775897Z ##[endgroup]
2026-05-26T13:43:06.7674792Z ##[group]Run actions/upload-artifact@043fb46d1a93c77aae656e7c1c64a875d1fc6a0a
2026-05-26T13:43:06.7675197Z with:
2026-05-26T13:43:06.7675486Z   name: test-reports-test-integration-tests--docker-experimental
2026-05-26T13:43:06.7675858Z   path: ./bin/testreports
2026-05-26T13:43:06.7676082Z   if-no-files-found: warn
2026-05-26T13:43:06.7676294Z   compression-level: 6
2026-05-26T13:43:06.7676491Z   overwrite: false
2026-05-26T13:43:06.7676694Z   include-hidden-files: false
2026-05-26T13:43:06.7676916Z   archive: true
2026-05-26T13:43:06.7677091Z env:
2026-05-26T13:43:06.7677265Z   SETUP_BUILDX_VERSION: edge
2026-05-26T13:43:06.7677508Z   SETUP_BUILDKIT_IMAGE: moby/buildkit:latest
2026-05-26T13:43:06.7677771Z   SCOUT_VERSION: 1.11.0
2026-05-26T13:43:06.7677981Z   REPO_SLUG: docker/buildx-bin
2026-05-26T13:43:06.7678198Z   DESTDIR: ./bin
2026-05-26T13:43:06.7678386Z   TEST_CACHE_SCOPE: test
2026-05-26T13:43:06.7678696Z   TESTFLAGS: -v --parallel=1 --timeout=30m --run=//worker=docker$
2026-05-26T13:43:06.7679070Z   GOTESTSUM_FORMAT: standard-verbose
2026-05-26T13:43:06.7679316Z   GO_VERSION: 1.26
2026-05-26T13:43:06.7679516Z   GOTESTSUM_VERSION: v1.13.0
2026-05-26T13:43:06.7679951Z   TESTFLAGS_DOCKER: -v --parallel=1 --timeout=30m
2026-05-26T13:43:06.7680233Z   TEST_IMAGE_BUILD: 0
2026-05-26T13:43:06.7680442Z   TEST_IMAGE_ID: buildx-tests
2026-05-26T13:43:06.7680657Z   TEST_COVERAGE: 1
2026-05-26T13:43:06.7680941Z   TESTREPORTS_NAME: test-integration-tests--docker-experimental
2026-05-26T13:43:06.7681272Z   TEST_DOCKERD: 1
2026-05-26T13:43:06.7681463Z   TEST_BUILDX_EXPERIMENTAL: 1
2026-05-26T13:43:06.7681679Z   CC_FORK: false
2026-05-26T13:43:06.7682421Z   CC_TOKEN: ***
2026-05-26T13:43:06.7682611Z   CC_BRANCH: 
2026-05-26T13:43:06.7682780Z   CC_SHA: 
2026-05-26T13:43:06.7682940Z   CC_PR: 
2026-05-26T13:43:06.7683109Z ##[endgroup]
2026-05-26T13:43:06.9096003Z ##[warning]No files were found with the provided path: ./bin/testreports. No artifacts will be uploaded.
2026-05-26T13:43:06.9223025Z Post job cleanup.
2026-05-26T13:43:07.2006720Z ##[group]Generating build summary
2026-05-26T13:43:07.2601213Z exporting build record to /home/runner/work/_temp/docker-actions-toolkit-nbdOZ6/export
2026-05-26T13:43:07.3515126Z [command]/usr/bin/docker buildx history export --builder builder-e1ca9cf7-80d6-4ebb-b758-5496d983e6a3 --output /home/runner/work/_temp/docker-actions-toolkit-nbdOZ6/export/docker~buildx~6RLF97.dockerbuild 6rlf97yhme7a9oyu1p4mltu60 --finalize
2026-05-26T13:43:07.5120724Z Build records written to /home/runner/work/_temp/docker-actions-toolkit-nbdOZ6/export/docker~buildx~6RLF97.dockerbuild (30.01 KB)
2026-05-26T13:43:07.5123280Z Uploading docker~buildx~6RLF97.dockerbuild as an artifact
2026-05-26T13:43:07.5130362Z Artifact name is valid!
2026-05-26T13:43:07.5131144Z Root directory input is valid!
2026-05-26T13:43:07.7606770Z Uploading artifact: docker~buildx~6RLF97.dockerbuild
2026-05-26T13:43:07.7647375Z Beginning upload of artifact content to blob storage
2026-05-26T13:43:07.9028813Z Uploaded bytes 30726
2026-05-26T13:43:07.9329168Z Finished uploading artifact content to blob storage!
2026-05-26T13:43:07.9330134Z SHA256 digest of uploaded artifact is bc9ab4b6fb157a33a9a8ef4acaaef3d3c3551b989fabb17218215d15de3583cd
2026-05-26T13:43:07.9331006Z Finalizing artifact upload
2026-05-26T13:43:08.2215092Z Artifact docker~buildx~6RLF97.dockerbuild successfully finalized. Artifact ID 7216163360
2026-05-26T13:43:08.2216273Z Artifact download URL: https://github.com/docker/buildx/actions/runs/26451710743/artifacts/7216163360
2026-05-26T13:43:08.2241401Z Writing summary
2026-05-26T13:43:08.2254948Z ##[endgroup]
2026-05-26T13:43:08.2255774Z ##[group]Removing temp folder /home/runner/work/_temp/docker-actions-toolkit-uPHuwM
2026-05-26T13:43:08.2257042Z ##[endgroup]
2026-05-26T13:43:08.2257694Z ##[group]Post cache
2026-05-26T13:43:08.2262586Z State not set
2026-05-26T13:43:08.2263164Z ##[endgroup]
2026-05-26T13:43:08.2426576Z Post job cleanup.
2026-05-26T13:43:08.4352128Z ##[group]BuildKit container logs
2026-05-26T13:43:08.4392321Z [command]/usr/bin/docker logs buildx_buildkit_builder-e1ca9cf7-80d6-4ebb-b758-5496d983e6a30
2026-05-26T13:43:08.4555818Z time="2026-05-26T13:42:59Z" level=info msg="auto snapshotter: using overlayfs"
2026-05-26T13:43:08.4556831Z time="2026-05-26T13:42:59Z" level=warning msg="using host network as the default"
2026-05-26T13:43:08.4564388Z time="2026-05-26T13:42:59Z" level=info msg="found worker \"ydwuks97amvxmlktnjin9wqdz\", labels=map[org.mobyproject.buildkit.worker.executor:oci org.mobyproject.buildkit.worker.hostname:23233acff2cf org.mobyproject.buildkit.worker.network:host org.mobyproject.buildkit.worker.oci.process-mode:sandbox org.mobyproject.buildkit.worker.selinux.enabled:false org.mobyproject.buildkit.worker.snapshotter:overlayfs], platforms=[linux/amd64 linux/amd64/v2 linux/amd64/v3 linux/arm64 linux/riscv64 linux/ppc64le linux/s390x linux/386 linux/mips64le linux/mips64 linux/loong64 linux/arm/v7 linux/arm/v6]"
2026-05-26T13:43:08.4568898Z time="2026-05-26T13:42:59Z" level=warning msg="skipping containerd worker, as \"/run/containerd/containerd.sock\" does not exist"
2026-05-26T13:43:08.4570178Z time="2026-05-26T13:42:59Z" level=info msg="found 1 workers, default=\"ydwuks97amvxmlktnjin9wqdz\""
2026-05-26T13:43:08.4571603Z time="2026-05-26T13:42:59Z" level=warning msg="currently, only the default worker can be used."
2026-05-26T13:43:08.4572821Z time="2026-05-26T13:42:59Z" level=info msg="running server on /run/buildkit/buildkitd.sock"
2026-05-26T13:43:08.4574048Z time="2026-05-26T13:43:00Z" level=debug msg="session started" spanID=db4bb660789551ec traceID=df1d931202793e9a0e5c9b6ccffe0dc7
2026-05-26T13:43:08.4575497Z time="2026-05-26T13:43:00Z" level=debug msg="session finished: <nil>" spanID=db4bb660789551ec traceID=df1d931202793e9a0e5c9b6ccffe0dc7
2026-05-26T13:43:08.4577158Z time="2026-05-26T13:43:00Z" level=debug msg="resolve exporter docker with map[name:buildx-tests]" spanID=e070c0854df752e3 traceID=df1d931202793e9a0e5c9b6ccffe0dc7
2026-05-26T13:43:08.4578712Z time="2026-05-26T13:43:00Z" level=debug msg="session started" spanID=f698e34a06f5be1a traceID=df1d931202793e9a0e5c9b6ccffe0dc7
2026-05-26T13:43:08.4580559Z time="2026-05-26T13:43:00Z" level=debug msg="new ref for local: t6dng7ban6s9ckmfc65u2qw0s" span="[internal] load build definition from Dockerfile" spanID=1a7ce31d4eb4c4b9 traceID=df1d931202793e9a0e5c9b6ccffe0dc7
2026-05-26T13:43:08.4585906Z time="2026-05-26T13:43:00Z" level=debug msg="diffcopy took: 2.480667ms" span="[internal] load build definition from Dockerfile" spanID=ffe08028aac6c71f traceID=df1d931202793e9a0e5c9b6ccffe0dc7
2026-05-26T13:43:08.4588229Z time="2026-05-26T13:43:00Z" level=debug msg="saved t6dng7ban6s9ckmfc65u2qw0s as dockerfile:dockerfile:buildx:7691960b270cd2ef" span="[internal] load build definition from Dockerfile" spanID=1a7ce31d4eb4c4b9 traceID=df1d931202793e9a0e5c9b6ccffe0dc7
2026-05-26T13:43:08.4590573Z time="2026-05-26T13:43:00Z" level=debug msg="checked for cached auth handler namespace" cached=false key="docker.io/docker/dockerfile::pull" name=docker.io/docker/dockerfile scope=pull
2026-05-26T13:43:08.4592708Z time="2026-05-26T13:43:00Z" level=debug msg=resolving span="resolving docker.io/docker/dockerfile:1" spanID=f40f889864e3f322 traceID=df1d931202793e9a0e5c9b6ccffe0dc7
2026-05-26T13:43:08.4596167Z time="2026-05-26T13:43:00Z" level=debug msg="do request" request.header.accept="application/vnd.docker.distribution.manifest.v2+json, application/vnd.docker.distribution.manifest.list.v2+json, application/vnd.oci.image.manifest.v1+json, application/vnd.oci.image.index.v1+json, */*" request.header.user-agent=buildkit/v0.30 request.method=HEAD span="resolving docker.io/docker/dockerfile:1" spanID=f40f889864e3f322 traceID=df1d931202793e9a0e5c9b6ccffe0dc7
2026-05-26T13:43:08.4601350Z time="2026-05-26T13:43:01Z" level=debug msg="fetch response received" response.header.connection=keep-alive response.header.content-length=160 response.header.content-type=application/json response.header.date="Tue, 26 May 2026 13:43:01 GMT" response.header.docker-distribution-api-version=registry/2.0 response.header.docker-ratelimit-source=40.116.109.132 response.header.strict-transport-security="max-age=31536000" response.header.www-authenticate="***"https://auth.docker.io/token\",service=\"registry.docker.io\",scope=\"repository:docker/dockerfile:pull\"" response.status="401 Unauthorized" span="resolving docker.io/docker/dockerfile:1" spanID=f40f889864e3f322 traceID=df1d931202793e9a0e5c9b6ccffe0dc7
2026-05-26T13:43:08.4605156Z time="2026-05-26T13:43:01Z" level=debug msg=Unauthorized header="***"https://auth.docker.io/token\",service=\"registry.docker.io\",scope=\"repository:docker/dockerfile:pull\"" span="resolving docker.io/docker/dockerfile:1" spanID=f40f889864e3f322 traceID=df1d931202793e9a0e5c9b6ccffe0dc7
2026-05-26T13:43:08.4607737Z time="2026-05-26T13:43:01Z" level=debug msg="do request" request.header.accept="application/vnd.docker.distribution.manifest.v2+json, application/vnd.docker.distribution.manifest.list.v2+json, application/vnd.oci.image.manifest.v1+json, application/vnd.oci.image.index.v1+json, */*" request.header.user-agent=buildkit/v0.30 request.method=HEAD span="resolving docker.io/docker/dockerfile:1" spanID=f40f889864e3f322 traceID=df1d931202793e9a0e5c9b6ccffe0dc7
2026-05-26T13:43:08.4613137Z time="2026-05-26T13:43:01Z" level=debug msg="fetch response received" response.header.connection=keep-alive response.header.content-length=9078 response.header.content-type=application/vnd.oci.image.index.v1+json response.header.date="Tue, 26 May 2026 13:43:01 GMT" response.header.docker-content-digest="sha256:87999aa3d42bdc6bea60565083ee17e86d1f3339802f543c0d03998580f9cb89" response.header.docker-distribution-api-version=registry/2.0 response.header.docker-ratelimit-source=59aa2839-97c5-4781-8b76-14f597fd2a04 response.header.etag="\"sha256:87999aa3d42bdc6bea60565083ee17e86d1f3339802f543c0d03998580f9cb89\"" response.header.strict-transport-security="max-age=31536000" response.status="200 OK" span="resolving docker.io/docker/dockerfile:1" spanID=f40f889864e3f322 traceID=df1d931202793e9a0e5c9b6ccffe0dc7
2026-05-26T13:43:08.4619247Z time="2026-05-26T13:43:01Z" level=debug msg=resolved desc.digest="sha256:87999aa3d42bdc6bea60565083ee17e86d1f3339802f543c0d03998580f9cb89" span="resolving docker.io/docker/dockerfile:1" spanID=f40f889864e3f322 traceID=df1d931202793e9a0e5c9b6ccffe0dc7
2026-05-26T13:43:08.4621478Z time="2026-05-26T13:43:01Z" level=debug msg=fetch span="resolving docker.io/docker/dockerfile:1" spanID=f40f889864e3f322 traceID=df1d931202793e9a0e5c9b6ccffe0dc7
2026-05-26T13:43:08.4623506Z time="2026-05-26T13:43:01Z" level=debug msg="fetching layer" chunk_size=0 initial_parallelism=0 offset=0 parallelism=1 span="resolving docker.io/docker/dockerfile:1" spanID=f40f889864e3f322 traceID=df1d931202793e9a0e5c9b6ccffe0dc7
2026-05-26T13:43:08.4625457Z time="2026-05-26T13:43:01Z" level=debug msg="do request" request.header.accept="application/vnd.oci.image.index.v1+json, */*" request.header.accept-encoding="zstd;q=1.0, gzip;q=0.8, deflate;q=0.5" request.header.user-agent=buildkit/v0.30 request.method=GET span="resolving docker.io/docker/dockerfile:1" spanID=f40f889864e3f322 traceID=df1d931202793e9a0e5c9b6ccffe0dc7
2026-05-26T13:43:08.4630150Z time="2026-05-26T13:43:01Z" level=debug msg="fetch response received" response.header.connection=keep-alive response.header.content-length=9078 response.header.content-type=application/vnd.oci.image.index.v1+json response.header.date="Tue, 26 May 2026 13:43:01 GMT" response.header.docker-content-digest="sha256:87999aa3d42bdc6bea60565083ee17e86d1f3339802f543c0d03998580f9cb89" response.header.docker-distribution-api-version=registry/2.0 response.header.docker-ratelimit-source=40.116.109.132 response.header.etag="\"sha256:87999aa3d42bdc6bea60565083ee17e86d1f3339802f543c0d03998580f9cb89\"" response.header.strict-transport-security="max-age=31536000" response.status="200 OK" span="resolving docker.io/docker/dockerfile:1" spanID=f40f889864e3f322 traceID=df1d931202793e9a0e5c9b6ccffe0dc7
2026-05-26T13:43:08.4636228Z time="2026-05-26T13:43:01Z" level=debug msg=fetch span="resolving docker.io/docker/dockerfile:1" spanID=f40f889864e3f322 traceID=df1d931202793e9a0e5c9b6ccffe0dc7
2026-05-26T13:43:08.4637694Z time="2026-05-26T13:43:01Z" level=debug msg="fetching layer" chunk_size=0 initial_parallelism=0 offset=0 parallelism=1 span="resolving docker.io/docker/dockerfile:1" spanID=f40f889864e3f322 traceID=df1d931202793e9a0e5c9b6ccffe0dc7
2026-05-26T13:43:08.4639806Z time="2026-05-26T13:43:01Z" level=debug msg="do request" request.header.accept="application/vnd.oci.image.manifest.v1+json, */*" request.header.accept-encoding="zstd;q=1.0, gzip;q=0.8, deflate;q=0.5" request.header.user-agent=buildkit/v0.30 request.method=GET span="resolving docker.io/docker/dockerfile:1" spanID=f40f889864e3f322 traceID=df1d931202793e9a0e5c9b6ccffe0dc7
2026-05-26T13:43:08.4644628Z time="2026-05-26T13:43:01Z" level=debug msg="fetch response received" response.header.connection=keep-alive response.header.content-length=1134 response.header.content-type=application/vnd.oci.image.manifest.v1+json response.header.date="Tue, 26 May 2026 13:43:01 GMT" response.header.docker-content-digest="sha256:e82bbc85c3cb06cf2a5a27b058208b43984448acbcd6a832cd1491933d4376dd" response.header.docker-distribution-api-version=registry/2.0 response.header.docker-ratelimit-source=40.116.109.132 response.header.etag="\"sha256:e82bbc85c3cb06cf2a5a27b058208b43984448acbcd6a832cd1491933d4376dd\"" response.header.strict-transport-security="max-age=31536000" response.status="200 OK" span="resolving docker.io/docker/dockerfile:1" spanID=f40f889864e3f322 traceID=df1d931202793e9a0e5c9b6ccffe0dc7
2026-05-26T13:43:08.4648335Z time="2026-05-26T13:43:01Z" level=debug msg=fetch span="resolving docker.io/docker/dockerfile:1" spanID=f40f889864e3f322 traceID=df1d931202793e9a0e5c9b6ccffe0dc7
2026-05-26T13:43:08.4649592Z time="2026-05-26T13:43:01Z" level=debug msg="fetching layer" chunk_size=0 initial_parallelism=0 offset=0 parallelism=1 span="resolving docker.io/docker/dockerfile:1" spanID=f40f889864e3f322 traceID=df1d931202793e9a0e5c9b6ccffe0dc7
2026-05-26T13:43:08.4651558Z time="2026-05-26T13:43:01Z" level=debug msg="do request" request.header.accept="application/vnd.oci.image.config.v1+json, */*" request.header.accept-encoding="zstd;q=1.0, gzip;q=0.8, deflate;q=0.5" request.header.user-agent=buildkit/v0.30 request.method=GET span="resolving docker.io/docker/dockerfile:1" spanID=f40f889864e3f322 traceID=df1d931202793e9a0e5c9b6ccffe0dc7
2026-05-26T13:43:08.4656786Z time="2026-05-26T13:43:01Z" level=debug msg="fetch response received" response.header.accept-ranges=bytes response.header.age=78220 response.header.alt-svc="h3=\":443\"; ma=86400" response.header.connection=keep-alive response.header.content-length=1332 response.header.content-type=application/octet-stream response.header.date="Mon, 25 May 2026 15:59:22 GMT" response.header.etag="\"7bb259b325b70f8011fa563cabb31e6e\"" response.header.last-modified="Wed, 13 May 2026 12:42:49 GMT" response.header.server=AmazonS3 response.header.vary=Accept-Encoding response.header.via="1.1 e37cc56c1fb37c011773a88fd17041f8.cloudfront.net (CloudFront)" response.header.x-amz-cf-id="dl28zZkbi1B1_ADPBRRC7dF_tUzKvgFMz2QOUAuggq-IMtUrle_3tw==" response.header.x-amz-cf-pop=ORD58-P13 response.header.x-amz-server-side-encryption=AES256 response.header.x-amz-version-id=8bprKihZDyA23nmUtvuEtIzl8jJcTYY1 response.header.x-cache="Hit from cloudfront" response.status="200 OK" span="resolving docker.io/docker/dockerfile:1" spanID=f40f889864e3f322 traceID=df1d931202793e9a0e5c9b6ccffe0dc7
2026-05-26T13:43:08.4661405Z time="2026-05-26T13:43:01Z" level=debug msg="checked for cached auth handler namespace" cached=true key="docker.io/docker/dockerfile::pull" name=docker.io/docker/dockerfile scope=pull
2026-05-26T13:43:08.4663241Z time="2026-05-26T13:43:01Z" level=debug msg=fetch digest="sha256:87999aa3d42bdc6bea60565083ee17e86d1f3339802f543c0d03998580f9cb89" mediatype=application/vnd.oci.image.index.v1+json size=9078 spanID=634d0f1050e772e0 traceID=df1d931202793e9a0e5c9b6ccffe0dc7
2026-05-26T13:43:08.4664952Z time="2026-05-26T13:43:01Z" level=debug msg=fetch digest="sha256:e82bbc85c3cb06cf2a5a27b058208b43984448acbcd6a832cd1491933d4376dd" mediatype=application/vnd.oci.image.manifest.v1+json size=1134 spanID=634d0f1050e772e0 traceID=df1d931202793e9a0e5c9b6ccffe0dc7
2026-05-26T13:43:08.4666640Z time="2026-05-26T13:43:01Z" level=debug msg=fetch digest="sha256:1a998cca4d41cfecafb1989342c5e7378bc992589af7d47510c4b854bebfc7d7" mediatype=application/vnd.oci.image.config.v1+json size=1332 spanID=634d0f1050e772e0 traceID=df1d931202793e9a0e5c9b6ccffe0dc7
2026-05-26T13:43:08.4668071Z time="2026-05-26T13:43:01Z" level=debug msg="checked for cached auth handler namespace" cached=true key="docker.io/docker/dockerfile::pull" name=docker.io/docker/dockerfile scope=pull
2026-05-26T13:43:08.4669234Z time="2026-05-26T13:43:01Z" level=debug msg="checked for cached auth handler namespace" cached=true key="docker.io/docker/dockerfile::pull" name=docker.io/docker/dockerfile scope=pull
2026-05-26T13:43:08.4670697Z time="2026-05-26T13:43:01Z" level=debug msg=fetch digest="sha256:50ba52cd6a2c01eaf1a9efbedc7c75b5da5e3965c1586001c722980487a73fd7" mediatype=application/vnd.oci.image.layer.v1.tar+gzip size=14364907 spanID=634d0f1050e772e0 traceID=df1d931202793e9a0e5c9b6ccffe0dc7
2026-05-26T13:43:08.4673310Z time="2026-05-26T13:43:01Z" level=debug msg="fetching layer" chunk_size=0 digest="sha256:50ba52cd6a2c01eaf1a9efbedc7c75b5da5e3965c1586001c722980487a73fd7" initial_parallelism=0 mediatype=application/vnd.oci.image.layer.v1.tar+gzip offset=0 parallelism=1 size=14364907 spanID=634d0f1050e772e0 traceID=df1d931202793e9a0e5c9b6ccffe0dc7
2026-05-26T13:43:08.4677305Z time="2026-05-26T13:43:01Z" level=debug msg="do request" digest="sha256:50ba52cd6a2c01eaf1a9efbedc7c75b5da5e3965c1586001c722980487a73fd7" mediatype=application/vnd.oci.image.layer.v1.tar+gzip request.header.accept="application/vnd.oci.image.layer.v1.tar+gzip, */*" request.header.accept-encoding="zstd;q=1.0, gzip;q=0.8, deflate;q=0.5" request.header.user-agent=buildkit/v0.30 request.method=GET size=14364907 spanID=634d0f1050e772e0 traceID=df1d931202793e9a0e5c9b6ccffe0dc7 url="https://registry-1.docker.io/v2/docker/dockerfile/blobs/sha256:50ba52cd6a2c01eaf1a9efbedc7c75b5da5e3965c1586001c722980487a73fd7"
2026-05-26T13:43:08.4684490Z time="2026-05-26T13:43:01Z" level=debug msg="fetch response received" digest="sha256:50ba52cd6a2c01eaf1a9efbedc7c75b5da5e3965c1586001c722980487a73fd7" mediatype=application/vnd.oci.image.layer.v1.tar+gzip response.header.accept-ranges=bytes response.header.age=75004 response.header.alt-svc="h3=\":443\"; ma=86400" response.header.connection=keep-alive response.header.content-length=14364907 response.header.content-type=application/octet-stream response.header.date="Mon, 25 May 2026 16:52:58 GMT" response.header.etag="\"616260bd3bdf78c0fe3b435fc0c248b5\"" response.header.last-modified="Wed, 13 May 2026 12:42:49 GMT" response.header.server=AmazonS3 response.header.vary=Accept-Encoding response.header.via="1.1 e37cc56c1fb37c011773a88fd17041f8.cloudfront.net (CloudFront)" response.header.x-amz-cf-id="orDKhQy_Bjc_papxh2u5jCx1zy9Xp9sj_D0iV-Ssgs7YgDngAj0Qxw==" response.header.x-amz-cf-pop=ORD58-P13 response.header.x-amz-server-side-encryption=AES256 response.header.x-amz-storage-class=INTELLIGENT_TIERING response.header.x-amz-version-id=4WsxPqJZVMRZhrOmGY745L1IpF0naePm response.header.x-cache="Hit from cloudfront" response.status="200 OK" size=14364907 spanID=634d0f1050e772e0 traceID=df1d931202793e9a0e5c9b6ccffe0dc7 url="https://registry-1.docker.io/v2/docker/dockerfile/blobs/sha256:50ba52cd6a2c01eaf1a9efbedc7c75b5da5e3965c1586001c722980487a73fd7"
2026-05-26T13:43:08.4689728Z time="2026-05-26T13:43:01Z" level=debug msg=" not found" error="exec: \"igzip\": executable file not found in $PATH"
2026-05-26T13:43:08.4690323Z time="2026-05-26T13:43:01Z" level=debug msg="using unpigz for decompression"
2026-05-26T13:43:08.4691906Z time="2026-05-26T13:43:01Z" level=debug msg="diff applied" d=110.25072ms digest="sha256:50ba52cd6a2c01eaf1a9efbedc7c75b5da5e3965c1586001c722980487a73fd7" media=application/vnd.oci.image.layer.v1.tar+gzip size=14364907 span=extract spanID=f33551e06957a1dd traceID=df1d931202793e9a0e5c9b6ccffe0dc7
2026-05-26T13:43:08.4693443Z time="2026-05-26T13:43:01Z" level=debug msg="serving grpc connection" spanID=634d0f1050e772e0 traceID=df1d931202793e9a0e5c9b6ccffe0dc7
2026-05-26T13:43:08.4694423Z time="2026-05-26T13:43:01Z" level=debug msg="> creating 4ba11u6fa4chq150a8ym68ft8 [/bin/dockerfile-frontend]" spanID=634d0f1050e772e0 traceID=df1d931202793e9a0e5c9b6ccffe0dc7
2026-05-26T13:43:08.4695581Z time="2026-05-26T13:43:01Z" level=debug msg="checked for cached auth handler namespace" cached=false key="docker.io/dockereng/cli-bin::pull" name=docker.io/dockereng/cli-bin scope=pull
2026-05-26T13:43:08.4696740Z time="2026-05-26T13:43:01Z" level=debug msg="checked for cached auth handler namespace" cached=true key="docker.io/dockereng/cli-bin::pull" name=docker.io/dockereng/cli-bin scope=pull
2026-05-26T13:43:08.4697906Z time="2026-05-26T13:43:01Z" level=debug msg="checked for cached auth handler namespace" cached=false key="docker.io/docker/compose-bin::pull" name=docker.io/docker/compose-bin scope=pull
2026-05-26T13:43:08.4699048Z time="2026-05-26T13:43:01Z" level=debug msg="checked for cached auth handler namespace" cached=false key="docker.io/moby/moby-bin::pull" name=docker.io/moby/moby-bin scope=pull
2026-05-26T13:43:08.4700283Z time="2026-05-26T13:43:01Z" level=debug msg="checked for cached auth handler namespace" cached=false key="docker.io/tonistiigi/xx::pull" name=docker.io/tonistiigi/xx scope=pull
2026-05-26T13:43:08.4701379Z time="2026-05-26T13:43:01Z" level=debug msg="checked for cached auth handler namespace" cached=true key="docker.io/moby/moby-bin::pull" name=docker.io/moby/moby-bin scope=pull
2026-05-26T13:43:08.4703198Z time="2026-05-26T13:43:01Z" level=debug msg=resolving span="resolving docker.io/dockereng/cli-bin:27.5.1" spanID=d27fe3c419debe57 traceID=df1d931202793e9a0e5c9b6ccffe0dc7
2026-05-26T13:43:08.4705800Z time="2026-05-26T13:43:01Z" level=debug msg="do request" request.header.accept="application/vnd.docker.distribution.manifest.v2+json, application/vnd.docker.distribution.manifest.list.v2+json, application/vnd.oci.image.manifest.v1+json, application/vnd.oci.image.index.v1+json, */*" request.header.user-agent=buildkit/v0.30 request.method=HEAD span="resolving docker.io/dockereng/cli-bin:27.5.1" spanID=d27fe3c419debe57 traceID=df1d931202793e9a0e5c9b6ccffe0dc7
2026-05-26T13:43:08.4707982Z time="2026-05-26T13:43:01Z" level=debug msg="checked for cached auth handler namespace" cached=true key="docker.io/dockereng/cli-bin::pull" name=docker.io/dockereng/cli-bin scope=pull
2026-05-26T13:43:08.4709284Z time="2026-05-26T13:43:01Z" level=debug msg="checked for cached auth handler namespace" cached=false key="docker.io/library/registry::pull" name=docker.io/library/registry scope=pull
2026-05-26T13:43:08.4710402Z time="2026-05-26T13:43:01Z" level=debug msg=resolving span="resolving docker.io/moby/moby-bin:29.5" spanID=36a25b76067abd63 traceID=df1d931202793e9a0e5c9b6ccffe0dc7
2026-05-26T13:43:08.4712738Z time="2026-05-26T13:43:01Z" level=debug msg="do request" request.header.accept="application/vnd.docker.distribution.manifest.v2+json, application/vnd.docker.distribution.manifest.list.v2+json, application/vnd.oci.image.manifest.v1+json, application/vnd.oci.image.index.v1+json, */*" request.header.user-agent=buildkit/v0.30 request.method=HEAD span="resolving docker.io/moby/moby-bin:29.5" spanID=36a25b76067abd63 traceID=df1d931202793e9a0e5c9b6ccffe0dc7
2026-05-26T13:43:08.4714852Z time="2026-05-26T13:43:01Z" level=debug msg="checked for cached auth handler namespace" cached=false key="docker.io/library/golang::pull" name=docker.io/library/golang scope=pull
2026-05-26T13:43:08.4715989Z time="2026-05-26T13:43:01Z" level=debug msg="checked for cached auth handler namespace" cached=false key="docker.io/crazymax/undock::pull" name=docker.io/crazymax/undock scope=pull
2026-05-26T13:43:08.4717249Z time="2026-05-26T13:43:01Z" level=debug msg=resolving span="resolving docker.io/dockereng/cli-bin:29.5" spanID=4e1cd20af6483690 traceID=df1d931202793e9a0e5c9b6ccffe0dc7
2026-05-26T13:43:08.4719338Z time="2026-05-26T13:43:01Z" level=debug msg="do request" request.header.accept="application/vnd.docker.distribution.manifest.v2+json, application/vnd.docker.distribution.manifest.list.v2+json, application/vnd.oci.image.manifest.v1+json, application/vnd.oci.image.index.v1+json, */*" request.header.user-agent=buildkit/v0.30 request.method=HEAD span="resolving docker.io/dockereng/cli-bin:29.5" spanID=4e1cd20af6483690 traceID=df1d931202793e9a0e5c9b6ccffe0dc7
2026-05-26T13:43:08.4721445Z time="2026-05-26T13:43:01Z" level=debug msg="checked for cached auth handler namespace" cached=false key="docker.io/moby/buildkit::pull" name=docker.io/moby/buildkit scope=pull
2026-05-26T13:43:08.4722864Z time="2026-05-26T13:43:01Z" level=debug msg="checked for cached auth handler namespace" cached=true key="docker.io/moby/moby-bin::pull" name=docker.io/moby/moby-bin scope=pull
2026-05-26T13:43:08.4723937Z time="2026-05-26T13:43:01Z" level=debug msg=resolving span="resolving docker.io/dockereng/cli-bin:28.5" spanID=9e3c291711fbb089 traceID=df1d931202793e9a0e5c9b6ccffe0dc7
2026-05-26T13:43:08.4726006Z time="2026-05-26T13:43:01Z" level=debug msg="do request" request.header.accept="application/vnd.docker.distribution.manifest.v2+json, application/vnd.docker.distribution.manifest.list.v2+json, application/vnd.oci.image.manifest.v1+json, application/vnd.oci.image.index.v1+json, */*" request.header.user-agent=buildkit/v0.30 request.method=HEAD span="resolving docker.io/dockereng/cli-bin:28.5" spanID=9e3c291711fbb089 traceID=df1d931202793e9a0e5c9b6ccffe0dc7
2026-05-26T13:43:08.4728198Z time="2026-05-26T13:43:01Z" level=debug msg=resolving span="resolving docker.io/docker/compose-bin:v5.1.0" spanID=2dea9c2b723416ff traceID=df1d931202793e9a0e5c9b6ccffe0dc7
2026-05-26T13:43:08.4730436Z time="2026-05-26T13:43:01Z" level=debug msg="do request" request.header.accept="application/vnd.docker.distribution.manifest.v2+json, application/vnd.docker.distribution.manifest.list.v2+json, application/vnd.oci.image.manifest.v1+json, application/vnd.oci.image.index.v1+json, */*" request.header.user-agent=buildkit/v0.30 request.method=HEAD span="resolving docker.io/docker/compose-bin:v5.1.0" spanID=2dea9c2b723416ff traceID=df1d931202793e9a0e5c9b6ccffe0dc7
2026-05-26T13:43:08.4732920Z time="2026-05-26T13:43:01Z" level=debug msg=resolving span="resolving docker.io/tonistiigi/xx:1.9.0" spanID=12cc50c5a9f5d14e traceID=df1d931202793e9a0e5c9b6ccffe0dc7
2026-05-26T13:43:08.4735252Z time="2026-05-26T13:43:01Z" level=debug msg="do request" request.header.accept="application/vnd.docker.distribution.manifest.v2+json, application/vnd.docker.distribution.manifest.list.v2+json, application/vnd.oci.image.manifest.v1+json, application/vnd.oci.image.index.v1+json, */*" request.header.user-agent=buildkit/v0.30 request.method=HEAD span="resolving docker.io/tonistiigi/xx:1.9.0" spanID=12cc50c5a9f5d14e traceID=df1d931202793e9a0e5c9b6ccffe0dc7
2026-05-26T13:43:08.4737763Z time="2026-05-26T13:43:01Z" level=debug msg=resolving span="resolving docker.io/moby/moby-bin:27.5.1" spanID=cc80c393b55ce4be traceID=df1d931202793e9a0e5c9b6ccffe0dc7
2026-05-26T13:43:08.4739809Z time="2026-05-26T13:43:01Z" level=debug msg="do request" request.header.accept="application/vnd.docker.distribution.manifest.v2+json, application/vnd.docker.distribution.manifest.list.v2+json, application/vnd.oci.image.manifest.v1+json, application/vnd.oci.image.index.v1+json, */*" request.header.user-agent=buildkit/v0.30 request.method=HEAD span="resolving docker.io/moby/moby-bin:27.5.1" spanID=cc80c393b55ce4be traceID=df1d931202793e9a0e5c9b6ccffe0dc7
2026-05-26T13:43:08.4742141Z time="2026-05-26T13:43:01Z" level=debug msg=resolving span="resolving docker.io/library/registry:3.0.0" spanID=b27b201faa40d47d traceID=df1d931202793e9a0e5c9b6ccffe0dc7
2026-05-26T13:43:08.4744423Z time="2026-05-26T13:43:01Z" level=debug msg="do request" request.header.accept="application/vnd.docker.distribution.manifest.v2+json, application/vnd.docker.distribution.manifest.list.v2+json, application/vnd.oci.image.manifest.v1+json, application/vnd.oci.image.index.v1+json, */*" request.header.user-agent=buildkit/v0.30 request.method=HEAD span="resolving docker.io/library/registry:3.0.0" spanID=b27b201faa40d47d traceID=df1d931202793e9a0e5c9b6ccffe0dc7
2026-05-26T13:43:08.4747714Z time="2026-05-26T13:43:01Z" level=debug msg=resolving span="resolving docker.io/library/golang:1.26-alpine3.23" spanID=55c9ae03e26f838b traceID=df1d931202793e9a0e5c9b6ccffe0dc7
2026-05-26T13:43:08.4749857Z time="2026-05-26T13:43:01Z" level=debug msg="do request" request.header.accept="application/vnd.docker.distribution.manifest.v2+json, application/vnd.docker.distribution.manifest.list.v2+json, application/vnd.oci.image.manifest.v1+json, application/vnd.oci.image.index.v1+json, */*" request.header.user-agent=buildkit/v0.30 request.method=HEAD span="resolving docker.io/library/golang:1.26-alpine3.23" spanID=55c9ae03e26f838b traceID=df1d931202793e9a0e5c9b6ccffe0dc7
2026-05-26T13:43:08.4752193Z time="2026-05-26T13:43:01Z" level=debug msg=resolving span="resolving docker.io/crazymax/undock:0.9.0" spanID=34182b46098f9a40 traceID=df1d931202793e9a0e5c9b6ccffe0dc7
2026-05-26T13:43:08.4754432Z time="2026-05-26T13:43:01Z" level=debug msg="do request" request.header.accept="application/vnd.docker.distribution.manifest.v2+json, application/vnd.docker.distribution.manifest.list.v2+json, application/vnd.oci.image.manifest.v1+json, application/vnd.oci.image.index.v1+json, */*" request.header.user-agent=buildkit/v0.30 request.method=HEAD span="resolving docker.io/crazymax/undock:0.9.0" spanID=34182b46098f9a40 traceID=df1d931202793e9a0e5c9b6ccffe0dc7
2026-05-26T13:43:08.4756481Z time="2026-05-26T13:43:01Z" level=debug msg=resolving span="resolving docker.io/moby/buildkit:v0.30.0" spanID=3c54ed201c8e6f7b traceID=df1d931202793e9a0e5c9b6ccffe0dc7
2026-05-26T13:43:08.4758906Z time="2026-05-26T13:43:01Z" level=debug msg="do request" request.header.accept="application/vnd.docker.distribution.manifest.v2+json, application/vnd.docker.distribution.manifest.list.v2+json, application/vnd.oci.image.manifest.v1+json, application/vnd.oci.image.index.v1+json, */*" request.header.user-agent=buildkit/v0.30 request.method=HEAD span="resolving docker.io/moby/buildkit:v0.30.0" spanID=3c54ed201c8e6f7b traceID=df1d931202793e9a0e5c9b6ccffe0dc7
2026-05-26T13:43:08.4762813Z time="2026-05-26T13:43:01Z" level=debug msg=resolving span="resolving docker.io/moby/moby-bin:28.5" spanID=bb5aadd65745be0b traceID=df1d931202793e9a0e5c9b6ccffe0dc7
2026-05-26T13:43:08.4766464Z time="2026-05-26T13:43:01Z" level=debug msg="do request" request.header.accept="application/vnd.docker.distribution.manifest.v2+json, application/vnd.docker.distribution.manifest.list.v2+json, application/vnd.oci.image.manifest.v1+json, application/vnd.oci.image.index.v1+json, */*" request.header.user-agent=buildkit/v0.30 request.method=HEAD span="resolving docker.io/moby/moby-bin:28.5" spanID=bb5aadd65745be0b traceID=df1d931202793e9a0e5c9b6ccffe0dc7
2026-05-26T13:43:08.4773718Z time="2026-05-26T13:43:01Z" level=debug msg="fetch response received" response.header.connection=keep-alive response.header.content-length=156 response.header.content-type=application/json response.header.date="Tue, 26 May 2026 13:43:01 GMT" response.header.docker-distribution-api-version=registry/2.0 response.header.docker-ratelimit-source=40.116.109.132 response.header.strict-transport-security="max-age=31536000" response.header.www-authenticate="***"https://auth.docker.io/token\",service=\"registry.docker.io\",scope=\"repository:moby/moby-bin:pull\"" response.status="401 Unauthorized" span="resolving docker.io/moby/moby-bin:29.5" spanID=36a25b76067abd63 traceID=df1d931202793e9a0e5c9b6ccffe0dc7
2026-05-26T13:43:08.4779222Z time="2026-05-26T13:43:01Z" level=debug msg=Unauthorized header="***"https://auth.docker.io/token\",service=\"registry.docker.io\",scope=\"repository:moby/moby-bin:pull\"" span="resolving docker.io/moby/moby-bin:29.5" spanID=36a25b76067abd63 traceID=df1d931202793e9a0e5c9b6ccffe0dc7
2026-05-26T13:43:08.4783569Z time="2026-05-26T13:43:01Z" level=debug msg="fetch response received" response.header.connection=keep-alive response.header.content-length=161 response.header.content-type=application/json response.header.date="Tue, 26 May 2026 13:43:01 GMT" response.header.docker-distribution-api-version=registry/2.0 response.header.docker-ratelimit-source=40.116.109.132 response.header.strict-transport-security="max-age=31536000" response.header.www-authenticate="***"https://auth.docker.io/token\",service=\"registry.docker.io\",scope=\"repository:docker/compose-bin:pull\"" response.status="401 Unauthorized" span="resolving docker.io/docker/compose-bin:v5.1.0" spanID=2dea9c2b723416ff traceID=df1d931202793e9a0e5c9b6ccffe0dc7
2026-05-26T13:43:08.4787083Z time="2026-05-26T13:43:01Z" level=debug msg=Unauthorized header="***"https://auth.docker.io/token\",service=\"registry.docker.io\",scope=\"repository:docker/compose-bin:pull\"" span="resolving docker.io/docker/compose-bin:v5.1.0" spanID=2dea9c2b723416ff traceID=df1d931202793e9a0e5c9b6ccffe0dc7
2026-05-26T13:43:08.4789571Z time="2026-05-26T13:43:01Z" level=debug msg="do request" request.header.accept="application/vnd.docker.distribution.manifest.v2+json, application/vnd.docker.distribution.manifest.list.v2+json, application/vnd.oci.image.manifest.v1+json, application/vnd.oci.image.index.v1+json, */*" request.header.user-agent=buildkit/v0.30 request.method=HEAD span="resolving docker.io/moby/moby-bin:29.5" spanID=36a25b76067abd63 traceID=df1d931202793e9a0e5c9b6ccffe0dc7
2026-05-26T13:43:08.4793175Z time="2026-05-26T13:43:01Z" level=debug msg="do request" request.header.accept="application/vnd.docker.distribution.manifest.v2+json, application/vnd.docker.distribution.manifest.list.v2+json, application/vnd.oci.image.manifest.v1+json, application/vnd.oci.image.index.v1+json, */*" request.header.user-agent=buildkit/v0.30 request.method=HEAD span="resolving docker.io/docker/compose-bin:v5.1.0" spanID=2dea9c2b723416ff traceID=df1d931202793e9a0e5c9b6ccffe0dc7
2026-05-26T13:43:08.4797331Z time="2026-05-26T13:43:01Z" level=debug msg="fetch response received" response.header.connection=keep-alive response.header.content-length=159 response.header.content-type=application/json response.header.date="Tue, 26 May 2026 13:43:01 GMT" response.header.docker-distribution-api-version=registry/2.0 response.header.docker-ratelimit-source=40.116.109.132 response.header.strict-transport-security="max-age=31536000" response.header.www-authenticate="***"https://auth.docker.io/token\",service=\"registry.docker.io\",scope=\"repository:library/registry:pull\"" response.status="401 Unauthorized" span="resolving docker.io/library/registry:3.0.0" spanID=b27b201faa40d47d traceID=df1d931202793e9a0e5c9b6ccffe0dc7
2026-05-26T13:43:08.4801087Z time="2026-05-26T13:43:01Z" level=debug msg=Unauthorized header="***"https://auth.docker.io/token\",service=\"registry.docker.io\",scope=\"repository:library/registry:pull\"" span="resolving docker.io/library/registry:3.0.0" spanID=b27b201faa40d47d traceID=df1d931202793e9a0e5c9b6ccffe0dc7
2026-05-26T13:43:08.4803915Z time="2026-05-26T13:43:01Z" level=debug msg="do request" request.header.accept="application/vnd.docker.distribution.manifest.v2+json, application/vnd.docker.distribution.manifest.list.v2+json, application/vnd.oci.image.manifest.v1+json, application/vnd.oci.image.index.v1+json, */*" request.header.user-agent=buildkit/v0.30 request.method=HEAD span="resolving docker.io/library/registry:3.0.0" spanID=b27b201faa40d47d traceID=df1d931202793e9a0e5c9b6ccffe0dc7
2026-05-26T13:43:08.4808117Z time="2026-05-26T13:43:01Z" level=debug msg="fetch response received" response.header.connection=keep-alive response.header.content-length=156 response.header.content-type=application/json response.header.date="Tue, 26 May 2026 13:43:01 GMT" response.header.docker-distribution-api-version=registry/2.0 response.header.docker-ratelimit-source=40.116.109.132 response.header.strict-transport-security="max-age=31536000" response.header.www-authenticate="***"https://auth.docker.io/token\",service=\"registry.docker.io\",scope=\"repository:tonistiigi/xx:pull\"" response.status="401 Unauthorized" span="resolving docker.io/tonistiigi/xx:1.9.0" spanID=12cc50c5a9f5d14e traceID=df1d931202793e9a0e5c9b6ccffe0dc7
2026-05-26T13:43:08.4811528Z time="2026-05-26T13:43:01Z" level=debug msg=Unauthorized header="***"https://auth.docker.io/token\",service=\"registry.docker.io\",scope=\"repository:tonistiigi/xx:pull\"" span="resolving docker.io/tonistiigi/xx:1.9.0" spanID=12cc50c5a9f5d14e traceID=df1d931202793e9a0e5c9b6ccffe0dc7
2026-05-26T13:43:08.4814281Z time="2026-05-26T13:43:01Z" level=debug msg="do request" request.header.accept="application/vnd.docker.distribution.manifest.v2+json, application/vnd.docker.distribution.manifest.list.v2+json, application/vnd.oci.image.manifest.v1+json, application/vnd.oci.image.index.v1+json, */*" request.header.user-agent=buildkit/v0.30 request.method=HEAD span="resolving docker.io/tonistiigi/xx:1.9.0" spanID=12cc50c5a9f5d14e traceID=df1d931202793e9a0e5c9b6ccffe0dc7
2026-05-26T13:43:08.4818294Z time="2026-05-26T13:43:01Z" level=debug msg="fetch response received" response.header.connection=keep-alive response.header.content-length=156 response.header.content-type=application/json response.header.date="Tue, 26 May 2026 13:43:01 GMT" response.header.docker-distribution-api-version=registry/2.0 response.header.docker-ratelimit-source=40.116.109.132 response.header.strict-transport-security="max-age=31536000" response.header.www-authenticate="***"https://auth.docker.io/token\",service=\"registry.docker.io\",scope=\"repository:moby/moby-bin:pull\"" response.status="401 Unauthorized" span="resolving docker.io/moby/moby-bin:28.5" spanID=bb5aadd65745be0b traceID=df1d931202793e9a0e5c9b6ccffe0dc7
2026-05-26T13:43:08.4822077Z time="2026-05-26T13:43:01Z" level=debug msg=Unauthorized header="***"https://auth.docker.io/token\",service=\"registry.docker.io\",scope=\"repository:moby/moby-bin:pull\"" span="resolving docker.io/moby/moby-bin:28.5" spanID=bb5aadd65745be0b traceID=df1d931202793e9a0e5c9b6ccffe0dc7
2026-05-26T13:43:08.4825638Z time="2026-05-26T13:43:01Z" level=debug msg="fetch response received" response.header.connection=keep-alive response.header.content-length=157 response.header.content-type=application/json response.header.date="Tue, 26 May 2026 13:43:01 GMT" response.header.docker-distribution-api-version=registry/2.0 response.header.docker-ratelimit-source=40.116.109.132 response.header.strict-transport-security="max-age=31536000" response.header.www-authenticate="***"https://auth.docker.io/token\",service=\"registry.docker.io\",scope=\"repository:library/golang:pull\"" response.status="401 Unauthorized" span="resolving docker.io/library/golang:1.26-alpine3.23" spanID=55c9ae03e26f838b traceID=df1d931202793e9a0e5c9b6ccffe0dc7
2026-05-26T13:43:08.4829092Z time="2026-05-26T13:43:01Z" level=debug msg=Unauthorized header="***"https://auth.docker.io/token\",service=\"registry.docker.io\",scope=\"repository:library/golang:pull\"" span="resolving docker.io/library/golang:1.26-alpine3.23" spanID=55c9ae03e26f838b traceID=df1d931202793e9a0e5c9b6ccffe0dc7
2026-05-26T13:43:08.4831607Z time="2026-05-26T13:43:01Z" level=debug msg="do request" request.header.accept="application/vnd.docker.distribution.manifest.v2+json, application/vnd.docker.distribution.manifest.list.v2+json, application/vnd.oci.image.manifest.v1+json, application/vnd.oci.image.index.v1+json, */*" request.header.user-agent=buildkit/v0.30 request.method=HEAD span="resolving docker.io/library/golang:1.26-alpine3.23" spanID=55c9ae03e26f838b traceID=df1d931202793e9a0e5c9b6ccffe0dc7
2026-05-26T13:43:08.4836065Z time="2026-05-26T13:43:01Z" level=debug msg="fetch response received" response.header.connection=keep-alive response.header.content-length=156 response.header.content-type=application/json response.header.date="Tue, 26 May 2026 13:43:01 GMT" response.header.docker-distribution-api-version=registry/2.0 response.header.docker-ratelimit-source=40.116.109.132 response.header.strict-transport-security="max-age=31536000" response.header.www-authenticate="***"https://auth.docker.io/token\",service=\"registry.docker.io\",scope=\"repository:moby/moby-bin:pull\"" response.status="401 Unauthorized" span="resolving docker.io/moby/moby-bin:27.5.1" spanID=cc80c393b55ce4be traceID=df1d931202793e9a0e5c9b6ccffe0dc7
2026-05-26T13:43:08.4839409Z time="2026-05-26T13:43:01Z" level=debug msg=Unauthorized header="***"https://auth.docker.io/token\",service=\"registry.docker.io\",scope=\"repository:moby/moby-bin:pull\"" span="resolving docker.io/moby/moby-bin:27.5.1" spanID=cc80c393b55ce4be traceID=df1d931202793e9a0e5c9b6ccffe0dc7
2026-05-26T13:43:08.4842975Z time="2026-05-26T13:43:02Z" level=debug msg="fetch response received" response.header.connection=keep-alive response.header.content-length=160 response.header.content-type=application/json response.header.date="Tue, 26 May 2026 13:43:02 GMT" response.header.docker-distribution-api-version=registry/2.0 response.header.docker-ratelimit-source=40.116.109.132 response.header.strict-transport-security="max-age=31536000" response.header.www-authenticate="***"https://auth.docker.io/token\",service=\"registry.docker.io\",scope=\"repository:dockereng/cli-bin:pull\"" response.status="401 Unauthorized" span="resolving docker.io/dockereng/cli-bin:29.5" spanID=4e1cd20af6483690 traceID=df1d931202793e9a0e5c9b6ccffe0dc7
2026-05-26T13:43:08.4846548Z time="2026-05-26T13:43:02Z" level=debug msg=Unauthorized header="***"https://auth.docker.io/token\",service=\"registry.docker.io\",scope=\"repository:dockereng/cli-bin:pull\"" span="resolving docker.io/dockereng/cli-bin:29.5" spanID=4e1cd20af6483690 traceID=df1d931202793e9a0e5c9b6ccffe0dc7
2026-05-26T13:43:08.4849009Z time="2026-05-26T13:43:02Z" level=debug msg="do request" request.header.accept="application/vnd.docker.distribution.manifest.v2+json, application/vnd.docker.distribution.manifest.list.v2+json, application/vnd.oci.image.manifest.v1+json, application/vnd.oci.image.index.v1+json, */*" request.header.user-agent=buildkit/v0.30 request.method=HEAD span="resolving docker.io/dockereng/cli-bin:29.5" spanID=4e1cd20af6483690 traceID=df1d931202793e9a0e5c9b6ccffe0dc7
2026-05-26T13:43:08.4853177Z time="2026-05-26T13:43:02Z" level=debug msg="fetch response received" response.header.connection=keep-alive response.header.content-length=160 response.header.content-type=application/json response.header.date="Tue, 26 May 2026 13:43:02 GMT" response.header.docker-distribution-api-version=registry/2.0 response.header.docker-ratelimit-source=40.116.109.132 response.header.strict-transport-security="max-age=31536000" response.header.www-authenticate="***"https://auth.docker.io/token\",service=\"registry.docker.io\",scope=\"repository:dockereng/cli-bin:pull\"" response.status="401 Unauthorized" span="resolving docker.io/dockereng/cli-bin:27.5.1" spanID=d27fe3c419debe57 traceID=df1d931202793e9a0e5c9b6ccffe0dc7
2026-05-26T13:43:08.4873968Z time="2026-05-26T13:43:02Z" level=debug msg=Unauthorized header="***"https://auth.docker.io/token\",service=\"registry.docker.io\",scope=\"repository:dockereng/cli-bin:pull\"" span="resolving docker.io/dockereng/cli-bin:27.5.1" spanID=d27fe3c419debe57 traceID=df1d931202793e9a0e5c9b6ccffe0dc7
2026-05-26T13:43:08.4876897Z time="2026-05-26T13:43:02Z" level=debug msg="do request" request.header.accept="application/vnd.docker.distribution.manifest.v2+json, application/vnd.docker.distribution.manifest.list.v2+json, application/vnd.oci.image.manifest.v1+json, application/vnd.oci.image.index.v1+json, */*" request.header.user-agent=buildkit/v0.30 request.method=HEAD span="resolving docker.io/moby/moby-bin:28.5" spanID=bb5aadd65745be0b traceID=df1d931202793e9a0e5c9b6ccffe0dc7
2026-05-26T13:43:08.4880388Z time="2026-05-26T13:43:02Z" level=debug msg="do request" request.header.accept="application/vnd.docker.distribution.manifest.v2+json, application/vnd.docker.distribution.manifest.list.v2+json, application/vnd.oci.image.manifest.v1+json, application/vnd.oci.image.index.v1+json, */*" request.header.user-agent=buildkit/v0.30 request.method=HEAD span="resolving docker.io/moby/moby-bin:27.5.1" spanID=cc80c393b55ce4be traceID=df1d931202793e9a0e5c9b6ccffe0dc7
2026-05-26T13:43:08.4884851Z time="2026-05-26T13:43:02Z" level=debug msg="fetch response received" response.header.connection=keep-alive response.header.content-length=156 response.header.content-type=application/json response.header.date="Tue, 26 May 2026 13:43:02 GMT" response.header.docker-distribution-api-version=registry/2.0 response.header.docker-ratelimit-source=40.116.109.132 response.header.strict-transport-security="max-age=31536000" response.header.www-authenticate="***"https://auth.docker.io/token\",service=\"registry.docker.io\",scope=\"repository:moby/buildkit:pull\"" response.status="401 Unauthorized" span="resolving docker.io/moby/buildkit:v0.30.0" spanID=3c54ed201c8e6f7b traceID=df1d931202793e9a0e5c9b6ccffe0dc7
2026-05-26T13:43:08.4888252Z time="2026-05-26T13:43:02Z" level=debug msg=Unauthorized header="***"https://auth.docker.io/token\",service=\"registry.docker.io\",scope=\"repository:moby/buildkit:pull\"" span="resolving docker.io/moby/buildkit:v0.30.0" spanID=3c54ed201c8e6f7b traceID=df1d931202793e9a0e5c9b6ccffe0dc7
2026-05-26T13:43:08.4890679Z time="2026-05-26T13:43:02Z" level=debug msg="do request" request.header.accept="application/vnd.docker.distribution.manifest.v2+json, application/vnd.docker.distribution.manifest.list.v2+json, application/vnd.oci.image.manifest.v1+json, application/vnd.oci.image.index.v1+json, */*" request.header.user-agent=buildkit/v0.30 request.method=HEAD span="resolving docker.io/moby/buildkit:v0.30.0" spanID=3c54ed201c8e6f7b traceID=df1d931202793e9a0e5c9b6ccffe0dc7
2026-05-26T13:43:08.4895110Z time="2026-05-26T13:43:02Z" level=debug msg="fetch response received" response.header.connection=keep-alive response.header.content-length=158 response.header.content-type=application/json response.header.date="Tue, 26 May 2026 13:43:02 GMT" response.header.docker-distribution-api-version=registry/2.0 response.header.docker-ratelimit-source=40.116.109.132 response.header.strict-transport-security="max-age=31536000" response.header.www-authenticate="***"https://auth.docker.io/token\",service=\"registry.docker.io\",scope=\"repository:crazymax/undock:pull\"" response.status="401 Unauthorized" span="resolving docker.io/crazymax/undock:0.9.0" spanID=34182b46098f9a40 traceID=df1d931202793e9a0e5c9b6ccffe0dc7
2026-05-26T13:43:08.4898547Z time="2026-05-26T13:43:02Z" level=debug msg=Unauthorized header="***"https://auth.docker.io/token\",service=\"registry.docker.io\",scope=\"repository:crazymax/undock:pull\"" span="resolving docker.io/crazymax/undock:0.9.0" spanID=34182b46098f9a40 traceID=df1d931202793e9a0e5c9b6ccffe0dc7
2026-05-26T13:43:08.4901052Z time="2026-05-26T13:43:02Z" level=debug msg="do request" request.header.accept="application/vnd.docker.distribution.manifest.v2+json, application/vnd.docker.distribution.manifest.list.v2+json, application/vnd.oci.image.manifest.v1+json, application/vnd.oci.image.index.v1+json, */*" request.header.user-agent=buildkit/v0.30 request.method=HEAD span="resolving docker.io/crazymax/undock:0.9.0" spanID=34182b46098f9a40 traceID=df1d931202793e9a0e5c9b6ccffe0dc7
2026-05-26T13:43:08.4903831Z time="2026-05-26T13:43:02Z" level=info msg="fetch failed" error="failed to authorize: failed to fetch oauth token: unexpected status from POST request to https://auth.docker.io/token: 502 Bad Gateway: error code: 502" span="resolving docker.io/tonistiigi/xx:1.9.0" spanID=12cc50c5a9f5d14e traceID=df1d931202793e9a0e5c9b6ccffe0dc7
2026-05-26T13:43:08.4905740Z time="2026-05-26T13:43:02Z" level=info msg="fetch failed" error="failed to authorize: Canceled: context canceled" host=registry-1.docker.io span="resolving docker.io/library/registry:3.0.0" spanID=b27b201faa40d47d traceID=df1d931202793e9a0e5c9b6ccffe0dc7
2026-05-26T13:43:08.4907470Z time="2026-05-26T13:43:02Z" level=info msg="fetch failed" error="failed to authorize: Canceled: context canceled" host=registry-1.docker.io span="resolving docker.io/crazymax/undock:0.9.0" spanID=34182b46098f9a40 traceID=df1d931202793e9a0e5c9b6ccffe0dc7
2026-05-26T13:43:08.4910083Z time="2026-05-26T13:43:02Z" level=info msg="fetch failed" error="failed to authorize: Canceled: context canceled" host=registry-1.docker.io span="resolving docker.io/library/golang:1.26-alpine3.23" spanID=55c9ae03e26f838b traceID=df1d931202793e9a0e5c9b6ccffe0dc7
2026-05-26T13:43:08.4912731Z time="2026-05-26T13:43:02Z" level=info msg="fetch failed" error="failed to authorize: Canceled: context canceled" host=registry-1.docker.io span="resolving docker.io/moby/buildkit:v0.30.0" spanID=3c54ed201c8e6f7b traceID=df1d931202793e9a0e5c9b6ccffe0dc7
2026-05-26T13:43:08.4915559Z time="2026-05-26T13:43:02Z" level=info msg="fetch failed" error="failed to do request: Head \"https://registry-1.docker.io/v2/docker/compose-bin/manifests/v5.1.0\": context canceled" host=registry-1.docker.io span="resolving docker.io/docker/compose-bin:v5.1.0" spanID=2dea9c2b723416ff traceID=df1d931202793e9a0e5c9b6ccffe0dc7
2026-05-26T13:43:08.4919057Z time="2026-05-26T13:43:02Z" level=info msg="fetch failed" error="failed to do request: Head \"https://registry-1.docker.io/v2/moby/moby-bin/manifests/27.5.1\": context canceled" host=registry-1.docker.io span="resolving docker.io/moby/moby-bin:27.5.1" spanID=cc80c393b55ce4be traceID=df1d931202793e9a0e5c9b6ccffe0dc7
2026-05-26T13:43:08.4921999Z time="2026-05-26T13:43:02Z" level=info msg="fetch failed" error="failed to do request: Head \"https://registry-1.docker.io/v2/dockereng/cli-bin/manifests/28.5\": context canceled" host=registry-1.docker.io span="resolving docker.io/dockereng/cli-bin:28.5" spanID=9e3c291711fbb089 traceID=df1d931202793e9a0e5c9b6ccffe0dc7
2026-05-26T13:43:08.4924091Z time="2026-05-26T13:43:02Z" level=info msg="fetch failed" error="failed to do request: Head \"https://registry-1.docker.io/v2/moby/moby-bin/manifests/28.5\": context canceled" host=registry-1.docker.io span="resolving docker.io/moby/moby-bin:28.5" spanID=bb5aadd65745be0b traceID=df1d931202793e9a0e5c9b6ccffe0dc7
2026-05-26T13:43:08.4925869Z time="2026-05-26T13:43:02Z" level=info msg="fetch failed" error="failed to authorize: Canceled: context canceled" host=registry-1.docker.io span="resolving docker.io/dockereng/cli-bin:29.5" spanID=4e1cd20af6483690 traceID=df1d931202793e9a0e5c9b6ccffe0dc7
2026-05-26T13:43:08.4927636Z time="2026-05-26T13:43:02Z" level=info msg="fetch failed" error="failed to do request: Head \"https://registry-1.docker.io/v2/moby/moby-bin/manifests/29.5\": context canceled" host=registry-1.docker.io span="resolving docker.io/moby/moby-bin:29.5" spanID=36a25b76067abd63 traceID=df1d931202793e9a0e5c9b6ccffe0dc7
2026-05-26T13:43:08.4930512Z time="2026-05-26T13:43:02Z" level=debug msg="do request" host=registry-1.docker.io request.header.accept="application/vnd.docker.distribution.manifest.v2+json, application/vnd.docker.distribution.manifest.list.v2+json, application/vnd.oci.image.manifest.v1+json, application/vnd.oci.image.index.v1+json, */*" request.header.user-agent=buildkit/v0.30 request.method=HEAD span="resolving docker.io/dockereng/cli-bin:27.5.1" spanID=d27fe3c419debe57 traceID=df1d931202793e9a0e5c9b6ccffe0dc7 url="https://registry-1.docker.io/v2/dockereng/cli-bin/manifests/27.5.1"
2026-05-26T13:43:08.4933572Z time="2026-05-26T13:43:02Z" level=info msg="fetch failed" error="failed to authorize: no active session for i0z6ckkrjr8b0r1zuon9doyb6: context canceled" host=registry-1.docker.io span="resolving docker.io/dockereng/cli-bin:27.5.1" spanID=d27fe3c419debe57 traceID=df1d931202793e9a0e5c9b6ccffe0dc7
2026-05-26T13:43:08.4935181Z time="2026-05-26T13:43:02Z" level=error msg="fatal error: tonistiigi/xx:1.9.0: failed to fetch oauth token: unexpected status from POST request to https://auth.docker.io/token: 502 Bad Gateway: error code: 502"
2026-05-26T13:43:08.4936344Z panic: tonistiigi/xx:1.9.0: failed to fetch oauth token: unexpected status from POST request to https://auth.docker.io/token: 502 Bad Gateway: error code: 502
2026-05-26T13:43:08.4936901Z 
2026-05-26T13:43:08.4937148Z goroutine 1 [running]:
2026-05-26T13:43:08.4937367Z main.main()
2026-05-26T13:43:08.4937662Z 	/src/frontend/dockerfile/cmd/dockerfile-frontend/main.go:32 +0x233
2026-05-26T13:43:08.4938974Z time="2026-05-26T13:43:02Z" level=error msg="/moby.buildkit.v1.frontend.LLBBridge/Solve returned error: rpc error: code = Unknown desc = failed to fetch oauth token: unexpected status from POST request to https://auth.docker.io/token: 502 Bad Gateway: error code: 502" spanID=634d0f1050e772e0 traceID=df1d931202793e9a0e5c9b6ccffe0dc7
2026-05-26T13:43:08.4940476Z failed to fetch oauth token: unexpected status from POST request to https://auth.docker.io/token: 502 Bad Gateway: error code: 502
2026-05-26T13:43:08.4941162Z 7 v0.30.0 /usr/bin/buildkitd --debug --allow-insecure-entitlement=network.host
2026-05-26T13:43:08.4941579Z google.golang.org/grpc.(*ClientConn).Invoke
2026-05-26T13:43:08.4942164Z 	/src/vendor/google.golang.org/grpc/call.go:35
2026-05-26T13:43:08.4942531Z github.com/moby/buildkit/session/auth.(*authClient).FetchToken
2026-05-26T13:43:08.4942884Z 	/src/session/auth/auth_grpc.pb.go:59
2026-05-26T13:43:08.4943220Z github.com/moby/buildkit/session/auth.FetchToken.func1
2026-05-26T13:43:08.4943540Z 	/src/session/auth/auth.go:66
2026-05-26T13:43:08.4943809Z github.com/moby/buildkit/session.(*Manager).Any
2026-05-26T13:43:08.4944365Z 	/src/session/group.go:83
2026-05-26T13:43:08.4944649Z github.com/moby/buildkit/session/auth.FetchToken
2026-05-26T13:43:08.4944938Z 	/src/session/auth/auth.go:63
2026-05-26T13:43:08.4945251Z github.com/moby/buildkit/util/resolver.(*authFetcher).fetchToken
2026-05-26T13:43:08.4945878Z 	/src/util/resolver/authorizer.go:341
2026-05-26T13:43:08.4946298Z github.com/moby/buildkit/util/resolver.(*authFetcher).doBearerAuth.func1
2026-05-26T13:43:08.4946684Z 	/src/util/resolver/authorizer.go:307
2026-05-26T13:43:08.4947148Z github.com/moby/buildkit/util/flightcontrol.(*call[...]).run
2026-05-26T13:43:08.4947522Z 	/src/util/flightcontrol/flightcontrol.go:122
2026-05-26T13:43:08.4947807Z sync.(*Once).doSlow
2026-05-26T13:43:08.4948019Z 	/usr/local/go/src/sync/once.go:78
2026-05-26T13:43:08.4948260Z sync.(*Once).Do
2026-05-26T13:43:08.4948455Z 	/usr/local/go/src/sync/once.go:69
2026-05-26T13:43:08.4948689Z runtime.goexit
2026-05-26T13:43:08.4948899Z 	/usr/local/go/src/runtime/asm_amd64.s:1771
2026-05-26T13:43:08.4949094Z 
2026-05-26T13:43:08.4949885Z 3576 v0.34.1 /home/runner/.docker/cli-plugins/docker-buildx buildx bake --allow fs=* --set *.output=type=docker,name=buildx-tests --metadata-file /home/runner/work/_temp/docker-actions-toolkit-uPHuwM/bake-metadata-145dc37a87.json integration-test
2026-05-26T13:43:08.4950991Z github.com/moby/buildkit/session/auth/authprovider.(*authProvider).FetchToken.func2
2026-05-26T13:43:08.4951535Z 	github.com/moby/buildkit@v0.30.0/session/auth/authprovider/authprovider.go:132
2026-05-26T13:43:08.4952294Z github.com/moby/buildkit/session/auth/authprovider.(*authProvider).FetchToken
2026-05-26T13:43:08.4952820Z 	github.com/moby/buildkit@v0.30.0/session/auth/authprovider/authprovider.go:156
2026-05-26T13:43:08.4953305Z github.com/moby/buildkit/session/auth._Auth_FetchToken_Handler.func1
2026-05-26T13:43:08.4953743Z 	github.com/moby/buildkit@v0.30.0/session/auth/auth_grpc.pb.go:166
2026-05-26T13:43:08.4954340Z github.com/moby/buildkit/session/auth._Auth_FetchToken_Handler
2026-05-26T13:43:08.4955057Z 	github.com/moby/buildkit@v0.30.0/session/auth/auth_grpc.pb.go:168
2026-05-26T13:43:08.4955701Z google.golang.org/grpc.(*Server).processUnaryRPC
2026-05-26T13:43:08.4956241Z 	google.golang.org/grpc@v1.80.0/server.go:1430
2026-05-26T13:43:08.4956769Z google.golang.org/grpc.(*Server).handleStream
2026-05-26T13:43:08.4957283Z 	google.golang.org/grpc@v1.80.0/server.go:1856
2026-05-26T13:43:08.4957844Z google.golang.org/grpc.(*Server).serveStreams.func2.1
2026-05-26T13:43:08.4958409Z 	google.golang.org/grpc@v1.80.0/server.go:1065
2026-05-26T13:43:08.4958863Z runtime.goexit
2026-05-26T13:43:08.4959179Z 	runtime/asm_amd64.s:1771
2026-05-26T13:43:08.4959414Z 
2026-05-26T13:43:08.4959763Z 1 dockerfile/1.24.0 /bin/dockerfile-frontend
2026-05-26T13:43:08.4960261Z google.golang.org/grpc.(*ClientConn).Invoke
2026-05-26T13:43:08.4960768Z 	/src/vendor/google.golang.org/grpc/call.go:35
2026-05-26T13:43:08.4961495Z github.com/moby/buildkit/frontend/gateway/pb.(*lLBBridgeClient).ResolveSourceMeta
2026-05-26T13:43:08.4962466Z 	/src/frontend/gateway/pb/gateway_grpc.pb.go:95
2026-05-26T13:43:08.4963377Z github.com/moby/buildkit/frontend/gateway/grpcclient.(*grpcClient).resolveImageConfigViaSourceMetadata
2026-05-26T13:43:08.4964300Z 	/src/frontend/gateway/grpcclient/client.go:700
2026-05-26T13:43:08.4965056Z github.com/moby/buildkit/frontend/gateway/grpcclient.(*grpcClient).ResolveImageConfig
2026-05-26T13:43:08.4965859Z 	/src/frontend/gateway/grpcclient/client.go:732
2026-05-26T13:43:08.4966355Z github.com/moby/buildkit/frontend/dockerfile/builder.(*withResolveCache).ResolveImageConfig.func1
2026-05-26T13:43:08.4966869Z 	/src/frontend/dockerfile/builder/resolvecache.go:37
2026-05-26T13:43:08.4967360Z github.com/moby/buildkit/util/flightcontrol.(*CachedGroup[...]).Do.func1
2026-05-26T13:43:08.4968023Z 	/src/util/flightcontrol/cached.go:43
2026-05-26T13:43:08.4968612Z github.com/moby/buildkit/util/flightcontrol.(*call[...]).run
2026-05-26T13:43:08.4969261Z 	/src/util/flightcontrol/flightcontrol.go:122
2026-05-26T13:43:08.4969884Z 
2026-05-26T13:43:08.4970240Z 7 v0.30.0 /usr/bin/buildkitd --debug --allow-insecure-entitlement=network.host
2026-05-26T13:43:08.4971104Z github.com/moby/buildkit/frontend/gateway.(*llbBridgeForwarder).Return
2026-05-26T13:43:08.4971495Z 	/src/frontend/gateway/gateway.go:1024
2026-05-26T13:43:08.4972170Z github.com/moby/buildkit/frontend/gateway/pb._LLBBridge_Return_Handler.func1
2026-05-26T13:43:08.4972772Z 	/src/frontend/gateway/pb/gateway_grpc.pb.go:523
2026-05-26T13:43:08.4973452Z github.com/moby/buildkit/frontend/gateway/pb._LLBBridge_Return_Handler
2026-05-26T13:43:08.4974125Z 	/src/frontend/gateway/pb/gateway_grpc.pb.go:525
2026-05-26T13:43:08.4974684Z google.golang.org/grpc.(*Server).processUnaryRPC
2026-05-26T13:43:08.4975241Z 	/src/vendor/google.golang.org/grpc/server.go:1430
2026-05-26T13:43:08.4975778Z google.golang.org/grpc.(*Server).handleStream
2026-05-26T13:43:08.4976313Z 	/src/vendor/google.golang.org/grpc/server.go:1856
2026-05-26T13:43:08.4976894Z google.golang.org/grpc.(*Server).serveStreams.func2.1
2026-05-26T13:43:08.4977473Z 	/src/vendor/google.golang.org/grpc/server.go:1065
2026-05-26T13:43:08.4977957Z runtime.goexit
2026-05-26T13:43:08.4978303Z 	/usr/local/go/src/runtime/asm_amd64.s:1771
2026-05-26T13:43:08.4978618Z 
2026-05-26T13:43:08.4978964Z 7 v0.30.0 /usr/bin/buildkitd --debug --allow-insecure-entitlement=network.host
2026-05-26T13:43:08.4980080Z main.unaryInterceptor
2026-05-26T13:43:08.4980364Z 	/src/cmd/buildkitd/main.go:779
2026-05-26T13:43:08.4980827Z google.golang.org/grpc.NewServer.chainUnaryServerInterceptors.chainUnaryInterceptors.func1
2026-05-26T13:43:08.4981350Z 	/src/vendor/google.golang.org/grpc/server.go:1234
2026-05-26T13:43:08.4982057Z github.com/moby/buildkit/frontend/gateway/pb._LLBBridge_Solve_Handler
2026-05-26T13:43:08.4982699Z 	/src/frontend/gateway/pb/gateway_grpc.pb.go:417
2026-05-26T13:43:08.4983127Z google.golang.org/grpc.(*Server).processUnaryRPC
2026-05-26T13:43:08.4983634Z 	/src/vendor/google.golang.org/grpc/server.go:1430
2026-05-26T13:43:08.4984014Z 
2026-05-26T13:43:08.4984194Z 1 dockerfile/1.24.0 /bin/dockerfile-frontend
2026-05-26T13:43:08.4984984Z github.com/moby/buildkit/frontend/dockerfile/dockerfile2llb.(*dispatchContext).resolveBaseImage
2026-05-26T13:43:08.4985526Z 	/src/frontend/dockerfile/dockerfile2llb/convert.go:704
2026-05-26T13:43:08.4986095Z github.com/moby/buildkit/frontend/dockerfile/dockerfile2llb.(*dispatchContext).resolveReachableStages.func1
2026-05-26T13:43:08.4986657Z 	/src/frontend/dockerfile/dockerfile2llb/convert.go:608
2026-05-26T13:43:08.4986991Z golang.org/x/sync/errgroup.(*Group).Go.func1
2026-05-26T13:43:08.4987317Z 	/src/vendor/golang.org/x/sync/errgroup/errgroup.go:93
2026-05-26T13:43:08.4987863Z runtime.goexit
2026-05-26T13:43:08.4988081Z 	/usr/local/go/src/runtime/asm_amd64.s:1771
2026-05-26T13:43:08.4988271Z 
2026-05-26T13:43:08.4989273Z time="2026-05-26T13:43:02Z" level=error msg="/moby.buildkit.v1.Control/Solve returned error: rpc error: code = Unknown desc = failed to fetch oauth token: unexpected status from POST request to https://auth.docker.io/token: 502 Bad Gateway: error code: 502" spanID=e070c0854df752e3 traceID=df1d931202793e9a0e5c9b6ccffe0dc7
2026-05-26T13:43:08.4990723Z failed to fetch oauth token: unexpected status from POST request to https://auth.docker.io/token: 502 Bad Gateway: error code: 502
2026-05-26T13:43:08.4991393Z 7 v0.30.0 /usr/bin/buildkitd --debug --allow-insecure-entitlement=network.host
2026-05-26T13:43:08.4992059Z google.golang.org/grpc.(*ClientConn).Invoke
2026-05-26T13:43:08.4992374Z 	/src/vendor/google.golang.org/grpc/call.go:35
2026-05-26T13:43:08.4992738Z github.com/moby/buildkit/session/auth.(*authClient).FetchToken
2026-05-26T13:43:08.4993093Z 	/src/session/auth/auth_grpc.pb.go:59
2026-05-26T13:43:08.4993406Z github.com/moby/buildkit/session/auth.FetchToken.func1
2026-05-26T13:43:08.4993713Z 	/src/session/auth/auth.go:66
2026-05-26T13:43:08.4993979Z github.com/moby/buildkit/session.(*Manager).Any
2026-05-26T13:43:08.4994261Z 	/src/session/group.go:83
2026-05-26T13:43:08.4994655Z github.com/moby/buildkit/session/auth.FetchToken
2026-05-26T13:43:08.4994941Z 	/src/session/auth/auth.go:63
2026-05-26T13:43:08.4995252Z github.com/moby/buildkit/util/resolver.(*authFetcher).fetchToken
2026-05-26T13:43:08.4995600Z 	/src/util/resolver/authorizer.go:341
2026-05-26T13:43:08.4995966Z github.com/moby/buildkit/util/resolver.(*authFetcher).doBearerAuth.func1
2026-05-26T13:43:08.4996342Z 	/src/util/resolver/authorizer.go:307
2026-05-26T13:43:08.4996664Z github.com/moby/buildkit/util/flightcontrol.(*call[...]).run
2026-05-26T13:43:08.4997015Z 	/src/util/flightcontrol/flightcontrol.go:122
2026-05-26T13:43:08.4997292Z sync.(*Once).doSlow
2026-05-26T13:43:08.4997508Z 	/usr/local/go/src/sync/once.go:78
2026-05-26T13:43:08.4997753Z sync.(*Once).Do
2026-05-26T13:43:08.4997949Z 	/usr/local/go/src/sync/once.go:69
2026-05-26T13:43:08.4998206Z runtime.goexit
2026-05-26T13:43:08.4998414Z 	/usr/local/go/src/runtime/asm_amd64.s:1771
2026-05-26T13:43:08.4998605Z 
2026-05-26T13:43:08.4999397Z 3576 v0.34.1 /home/runner/.docker/cli-plugins/docker-buildx buildx bake --allow fs=* --set *.output=type=docker,name=buildx-tests --metadata-file /home/runner/work/_temp/docker-actions-toolkit-uPHuwM/bake-metadata-145dc37a87.json integration-test
2026-05-26T13:43:08.5000383Z google.golang.org/grpc.(*ClientConn).Invoke
2026-05-26T13:43:08.5000687Z 	google.golang.org/grpc@v1.80.0/call.go:35
2026-05-26T13:43:08.5001078Z github.com/moby/buildkit/frontend/gateway/pb.(*lLBBridgeClient).Solve
2026-05-26T13:43:08.5001572Z 	github.com/moby/buildkit@v0.30.0/frontend/gateway/pb/gateway_grpc.pb.go:105
2026-05-26T13:43:08.5002395Z github.com/moby/buildkit/client.(*gatewayClientForBuild).Solve
2026-05-26T13:43:08.5002800Z 	github.com/moby/buildkit@v0.30.0/client/build.go:98
2026-05-26T13:43:08.5003216Z github.com/moby/buildkit/frontend/gateway/grpcclient.(*grpcClient).Solve
2026-05-26T13:43:08.5003704Z 	github.com/moby/buildkit@v0.30.0/frontend/gateway/grpcclient/client.go:415
2026-05-26T13:43:08.5004095Z github.com/docker/buildx/build.solve
2026-05-26T13:43:08.5004386Z 	github.com/docker/buildx/build/build.go:1307
2026-05-26T13:43:08.5004754Z github.com/docker/buildx/build.BuildWithResultHandler.func2.4.2
2026-05-26T13:43:08.5005126Z 	github.com/docker/buildx/build/build.go:605
2026-05-26T13:43:08.5005536Z github.com/moby/buildkit/frontend/gateway/grpcclient.(*grpcClient).Run
2026-05-26T13:43:08.5006011Z 	github.com/moby/buildkit@v0.30.0/frontend/gateway/grpcclient/client.go:218
2026-05-26T13:43:08.5006436Z github.com/moby/buildkit/client.(*Client).Build.func2
2026-05-26T13:43:08.5006932Z 	github.com/moby/buildkit@v0.30.0/client/build.go:59
2026-05-26T13:43:08.5007418Z github.com/moby/buildkit/client.(*Client).solve.func3
2026-05-26T13:43:08.5007848Z 	github.com/moby/buildkit@v0.30.0/client/solve.go:329
2026-05-26T13:43:08.5008421Z golang.org/x/sync/errgroup.(*Group).Go.func1
2026-05-26T13:43:08.5008991Z 	golang.org/x/sync@v0.20.0/errgroup/errgroup.go:93
2026-05-26T13:43:08.5009431Z runtime.goexit
2026-05-26T13:43:08.5009648Z 	runtime/asm_amd64.s:1771
2026-05-26T13:43:08.5009793Z 
2026-05-26T13:43:08.5010009Z 7 v0.30.0 /usr/bin/buildkitd --debug --allow-insecure-entitlement=network.host
2026-05-26T13:43:08.5010720Z github.com/moby/buildkit/frontend/gateway.(*llbBridgeForwarder).Return
2026-05-26T13:43:08.5011105Z 	/src/frontend/gateway/gateway.go:1024
2026-05-26T13:43:08.5011532Z github.com/moby/buildkit/control/gateway.(*GatewayForwarder).Return
2026-05-26T13:43:08.5012310Z 	/src/control/gateway/gateway.go:109
2026-05-26T13:43:08.5012923Z github.com/moby/buildkit/frontend/gateway/pb._LLBBridge_Return_Handler.func1
2026-05-26T13:43:08.5013550Z 	/src/frontend/gateway/pb/gateway_grpc.pb.go:523
2026-05-26T13:43:08.5013899Z google.golang.org/grpc.getChainUnaryHandler.func1
2026-05-26T13:43:08.5014394Z 	/src/vendor/google.golang.org/grpc/server.go:1243
2026-05-26T13:43:08.5014693Z main.unaryInterceptor
2026-05-26T13:43:08.5014916Z 	/src/cmd/buildkitd/main.go:775
2026-05-26T13:43:08.5015483Z google.golang.org/grpc.NewServer.chainUnaryServerInterceptors.chainUnaryInterceptors.func1
2026-05-26T13:43:08.5016212Z 	/src/vendor/google.golang.org/grpc/server.go:1234
2026-05-26T13:43:08.5016781Z github.com/moby/buildkit/frontend/gateway/pb._LLBBridge_Return_Handler
2026-05-26T13:43:08.5017191Z 	/src/frontend/gateway/pb/gateway_grpc.pb.go:525
2026-05-26T13:43:08.5017518Z google.golang.org/grpc.(*Server).processUnaryRPC
2026-05-26T13:43:08.5017987Z 	/src/vendor/google.golang.org/grpc/server.go:1430
2026-05-26T13:43:08.5018311Z google.golang.org/grpc.(*Server).handleStream
2026-05-26T13:43:08.5018622Z 	/src/vendor/google.golang.org/grpc/server.go:1856
2026-05-26T13:43:08.5019093Z google.golang.org/grpc.(*Server).serveStreams.func2.1
2026-05-26T13:43:08.5019447Z 	/src/vendor/google.golang.org/grpc/server.go:1065
2026-05-26T13:43:08.5019723Z runtime.goexit
2026-05-26T13:43:08.5019992Z 	/usr/local/go/src/runtime/asm_amd64.s:1771
2026-05-26T13:43:08.5020331Z 
2026-05-26T13:43:08.5021646Z 3576 v0.34.1 /home/runner/.docker/cli-plugins/docker-buildx buildx bake --allow fs=* --set *.output=type=docker,name=buildx-tests --metadata-file /home/runner/work/_temp/docker-actions-toolkit-uPHuwM/bake-metadata-145dc37a87.json integration-test
2026-05-26T13:43:08.5023814Z github.com/moby/buildkit/session/auth/authprovider.(*authProvider).FetchToken.func2
2026-05-26T13:43:08.5024850Z 	github.com/moby/buildkit@v0.30.0/session/auth/authprovider/authprovider.go:132
2026-05-26T13:43:08.5025822Z github.com/moby/buildkit/session/auth/authprovider.(*authProvider).FetchToken
2026-05-26T13:43:08.5026782Z 	github.com/moby/buildkit@v0.30.0/session/auth/authprovider/authprovider.go:156
2026-05-26T13:43:08.5027685Z github.com/moby/buildkit/session/auth._Auth_FetchToken_Handler.func1
2026-05-26T13:43:08.5028503Z 	github.com/moby/buildkit@v0.30.0/session/auth/auth_grpc.pb.go:166
2026-05-26T13:43:08.5029257Z github.com/moby/buildkit/session/auth._Auth_FetchToken_Handler
2026-05-26T13:43:08.5030007Z 	github.com/moby/buildkit@v0.30.0/session/auth/auth_grpc.pb.go:168
2026-05-26T13:43:08.5030726Z google.golang.org/grpc.(*Server).processUnaryRPC
2026-05-26T13:43:08.5031310Z 	google.golang.org/grpc@v1.80.0/server.go:1430
2026-05-26T13:43:08.5032068Z google.golang.org/grpc.(*Server).handleStream
2026-05-26T13:43:08.5032640Z 	google.golang.org/grpc@v1.80.0/server.go:1856
2026-05-26T13:43:08.5033259Z google.golang.org/grpc.(*Server).serveStreams.func2.1
2026-05-26T13:43:08.5033860Z 	google.golang.org/grpc@v1.80.0/server.go:1065
2026-05-26T13:43:08.5034351Z runtime.goexit
2026-05-26T13:43:08.5034683Z 	runtime/asm_amd64.s:1771
2026-05-26T13:43:08.5034925Z 
2026-05-26T13:43:08.5035122Z 1 dockerfile/1.24.0 /bin/dockerfile-frontend
2026-05-26T13:43:08.5035835Z google.golang.org/grpc.(*ClientConn).Invoke
2026-05-26T13:43:08.5036338Z 	/src/vendor/google.golang.org/grpc/call.go:35
2026-05-26T13:43:08.5036830Z github.com/moby/buildkit/frontend/gateway/pb.(*lLBBridgeClient).ResolveSourceMeta
2026-05-26T13:43:08.5037280Z 	/src/frontend/gateway/pb/gateway_grpc.pb.go:95
2026-05-26T13:43:08.5037945Z github.com/moby/buildkit/frontend/gateway/grpcclient.(*grpcClient).resolveImageConfigViaSourceMetadata
2026-05-26T13:43:08.5038480Z 	/src/frontend/gateway/grpcclient/client.go:700
2026-05-26T13:43:08.5039062Z github.com/moby/buildkit/frontend/gateway/grpcclient.(*grpcClient).ResolveImageConfig
2026-05-26T13:43:08.5039516Z 	/src/frontend/gateway/grpcclient/client.go:732
2026-05-26T13:43:08.5040142Z github.com/moby/buildkit/frontend/dockerfile/builder.(*withResolveCache).ResolveImageConfig.func1
2026-05-26T13:43:08.5040665Z 	/src/frontend/dockerfile/builder/resolvecache.go:37
2026-05-26T13:43:08.5041203Z github.com/moby/buildkit/util/flightcontrol.(*CachedGroup[...]).Do.func1
2026-05-26T13:43:08.5041601Z 	/src/util/flightcontrol/cached.go:43
2026-05-26T13:43:08.5042342Z github.com/moby/buildkit/util/flightcontrol.(*call[...]).run
2026-05-26T13:43:08.5042740Z 	/src/util/flightcontrol/flightcontrol.go:122
2026-05-26T13:43:08.5042943Z 
2026-05-26T13:43:08.5043152Z 7 v0.30.0 /usr/bin/buildkitd --debug --allow-insecure-entitlement=network.host
2026-05-26T13:43:08.5043916Z main.unaryInterceptor
2026-05-26T13:43:08.5044154Z 	/src/cmd/buildkitd/main.go:779
2026-05-26T13:43:08.5044706Z google.golang.org/grpc.NewServer.chainUnaryServerInterceptors.chainUnaryInterceptors.func1
2026-05-26T13:43:08.5045330Z 	/src/vendor/google.golang.org/grpc/server.go:1234
2026-05-26T13:43:08.5045726Z github.com/moby/buildkit/api/services/control._Control_Solve_Handler
2026-05-26T13:43:08.5046302Z 	/src/api/services/control/control_grpc.pb.go:289
2026-05-26T13:43:08.5046639Z google.golang.org/grpc.(*Server).processUnaryRPC
2026-05-26T13:43:08.5046980Z 	/src/vendor/google.golang.org/grpc/server.go:1430
2026-05-26T13:43:08.5047356Z 
2026-05-26T13:43:08.5047481Z 1 dockerfile/1.24.0 /bin/dockerfile-frontend
2026-05-26T13:43:08.5047984Z github.com/moby/buildkit/frontend/dockerfile/dockerfile2llb.(*dispatchContext).resolveBaseImage
2026-05-26T13:43:08.5048680Z 	/src/frontend/dockerfile/dockerfile2llb/convert.go:704
2026-05-26T13:43:08.5049234Z github.com/moby/buildkit/frontend/dockerfile/dockerfile2llb.(*dispatchContext).resolveReachableStages.func1
2026-05-26T13:43:08.5049977Z 	/src/frontend/dockerfile/dockerfile2llb/convert.go:608
2026-05-26T13:43:08.5050312Z golang.org/x/sync/errgroup.(*Group).Go.func1
2026-05-26T13:43:08.5050646Z 	/src/vendor/golang.org/x/sync/errgroup/errgroup.go:93
2026-05-26T13:43:08.5051106Z runtime.goexit
2026-05-26T13:43:08.5051321Z 	/usr/local/go/src/runtime/asm_amd64.s:1771
2026-05-26T13:43:08.5051512Z 
2026-05-26T13:43:08.5051964Z 7 v0.30.0 /usr/bin/buildkitd --debug --allow-insecure-entitlement=network.host
2026-05-26T13:43:08.5052581Z github.com/moby/buildkit/frontend/gateway.(*llbBridgeForwarder).Return
2026-05-26T13:43:08.5052970Z 	/src/frontend/gateway/gateway.go:1024
2026-05-26T13:43:08.5053524Z github.com/moby/buildkit/frontend/gateway/pb._LLBBridge_Return_Handler.func1
2026-05-26T13:43:08.5053947Z 	/src/frontend/gateway/pb/gateway_grpc.pb.go:523
2026-05-26T13:43:08.5054384Z github.com/moby/buildkit/frontend/gateway/pb._LLBBridge_Return_Handler
2026-05-26T13:43:08.5054906Z 	/src/frontend/gateway/pb/gateway_grpc.pb.go:525
2026-05-26T13:43:08.5055106Z 
2026-05-26T13:43:08.5055489Z time="2026-05-26T13:43:02Z" level=debug msg="session finished: <nil>" spanID=f698e34a06f5be1a traceID=df1d931202793e9a0e5c9b6ccffe0dc7
2026-05-26T13:43:08.5056432Z ##[endgroup]
2026-05-26T13:43:08.5056867Z ##[group]Removing builder
2026-05-26T13:43:08.5529825Z [command]/usr/bin/docker buildx rm builder-e1ca9cf7-80d6-4ebb-b758-5496d983e6a3
2026-05-26T13:43:08.7044309Z builder-e1ca9cf7-80d6-4ebb-b758-5496d983e6a3 removed
2026-05-26T13:43:08.7074993Z ##[endgroup]
2026-05-26T13:43:08.7075631Z ##[group]Cleaning up certificates
2026-05-26T13:43:08.7077541Z ##[endgroup]
2026-05-26T13:43:08.7078167Z ##[group]Post cache
2026-05-26T13:43:08.7079943Z State not set
2026-05-26T13:43:08.7080725Z ##[endgroup]
2026-05-26T13:43:08.7218919Z Post job cleanup.
2026-05-26T13:43:08.8530543Z ##[group]Post cache
2026-05-26T13:43:08.8533613Z Caching docker.io--tonistiigi--binfmt-latest-linux-x64 to GitHub Actions cache
2026-05-26T13:43:08.8722433Z [command]/usr/bin/tar --posix -cf cache.tzst --exclude cache.tzst -P -C /home/runner/work/buildx/buildx --files-from manifest.txt --use-compress-program zstdmt
2026-05-26T13:43:09.2420862Z Failed to save: Unable to reserve cache with key docker.io--tonistiigi--binfmt-latest-linux-x64, another job may be creating this cache.
2026-05-26T13:43:09.2449931Z ##[endgroup]
2026-05-26T13:43:09.2581295Z Post job cleanup.
2026-05-26T13:43:09.3413420Z [command]/usr/bin/git version
2026-05-26T13:43:09.3449512Z git version 2.54.0
2026-05-26T13:43:09.3486227Z Copying '/home/runner/.gitconfig' to '/home/runner/work/_temp/76f516ea-706d-421f-803e-f6b699be02a7/.gitconfig'
2026-05-26T13:43:09.3495393Z Temporarily overriding HOME='/home/runner/work/_temp/76f516ea-706d-421f-803e-f6b699be02a7' before making global git config changes
2026-05-26T13:43:09.3496664Z Adding repository directory to the temporary git global config as a safe directory
2026-05-26T13:43:09.3501280Z [command]/usr/bin/git config --global --add safe.directory /home/runner/work/buildx/buildx
2026-05-26T13:43:09.3531246Z Removing SSH command configuration
2026-05-26T13:43:09.3538666Z [command]/usr/bin/git config --local --name-only --get-regexp core\.sshCommand
2026-05-26T13:43:09.3572223Z [command]/usr/bin/git submodule foreach --recursive sh -c "git config --local --name-only --get-regexp 'core\.sshCommand' && git config --local --unset-all 'core.sshCommand' || :"
2026-05-26T13:43:09.3835830Z Removing HTTP extra header
2026-05-26T13:43:09.3840419Z [command]/usr/bin/git config --local --name-only --get-regexp http\.https\:\/\/github\.com\/\.extraheader
2026-05-26T13:43:09.3874518Z [command]/usr/bin/git submodule foreach --recursive sh -c "git config --local --name-only --get-regexp 'http\.https\:\/\/github\.com\/\.extraheader' && git config --local --unset-all 'http.https://github.com/.extraheader' || :"
2026-05-26T13:43:09.4100426Z Removing includeIf entries pointing to credentials config files
2026-05-26T13:43:09.4106783Z [command]/usr/bin/git config --local --name-only --get-regexp ^includeIf\.gitdir:
2026-05-26T13:43:09.4132919Z includeif.gitdir:/home/runner/work/buildx/buildx/.git.path
2026-05-26T13:43:09.4133828Z includeif.gitdir:/home/runner/work/buildx/buildx/.git/worktrees/*.path
2026-05-26T13:43:09.4134606Z includeif.gitdir:/github/workspace/.git.path
2026-05-26T13:43:09.4135295Z includeif.gitdir:/github/workspace/.git/worktrees/*.path
2026-05-26T13:43:09.4143205Z [command]/usr/bin/git config --local --get-all includeif.gitdir:/home/runner/work/buildx/buildx/.git.path
2026-05-26T13:43:09.4165234Z /home/runner/work/_temp/git-credentials-1e74f50d-2edf-4fca-8b9f-8803fbcd929a.config
2026-05-26T13:43:09.4176530Z [command]/usr/bin/git config --local --unset includeif.gitdir:/home/runner/work/buildx/buildx/.git.path /home/runner/work/_temp/git-credentials-1e74f50d-2edf-4fca-8b9f-8803fbcd929a.config
2026-05-26T13:43:09.4213373Z [command]/usr/bin/git config --local --get-all includeif.gitdir:/home/runner/work/buildx/buildx/.git/worktrees/*.path
2026-05-26T13:43:09.4234071Z /home/runner/work/_temp/git-credentials-1e74f50d-2edf-4fca-8b9f-8803fbcd929a.config
2026-05-26T13:43:09.4243437Z [command]/usr/bin/git config --local --unset includeif.gitdir:/home/runner/work/buildx/buildx/.git/worktrees/*.path /home/runner/work/_temp/git-credentials-1e74f50d-2edf-4fca-8b9f-8803fbcd929a.config
2026-05-26T13:43:09.4273898Z [command]/usr/bin/git config --local --get-all includeif.gitdir:/github/workspace/.git.path
2026-05-26T13:43:09.4295182Z /github/runner_temp/git-credentials-1e74f50d-2edf-4fca-8b9f-8803fbcd929a.config
2026-05-26T13:43:09.4303651Z [command]/usr/bin/git config --local --unset includeif.gitdir:/github/workspace/.git.path /github/runner_temp/git-credentials-1e74f50d-2edf-4fca-8b9f-8803fbcd929a.config
2026-05-26T13:43:09.4335823Z [command]/usr/bin/git config --local --get-all includeif.gitdir:/github/workspace/.git/worktrees/*.path
2026-05-26T13:43:09.4358355Z /github/runner_temp/git-credentials-1e74f50d-2edf-4fca-8b9f-8803fbcd929a.config
2026-05-26T13:43:09.4367825Z [command]/usr/bin/git config --local --unset includeif.gitdir:/github/workspace/.git/worktrees/*.path /github/runner_temp/git-credentials-1e74f50d-2edf-4fca-8b9f-8803fbcd929a.config
2026-05-26T13:43:09.4399209Z [command]/usr/bin/git submodule foreach --recursive git config --local --show-origin --name-only --get-regexp remote.origin.url
2026-05-26T13:43:09.4636025Z Removing credentials config '/home/runner/work/_temp/git-credentials-1e74f50d-2edf-4fca-8b9f-8803fbcd929a.config'
2026-05-26T13:43:09.4775800Z Cleaning up orphan processes
