2026-05-12T10:42:31.9187748Z Current runner version: '2.334.0'
2026-05-12T10:42:31.9218979Z ##[group]Runner Image Provisioner
2026-05-12T10:42:31.9220537Z Hosted Compute Agent
2026-05-12T10:42:31.9221228Z Version: 20260213.493
2026-05-12T10:42:31.9221841Z Commit: 5c115507f6dd24b8de37d8bbe0bb4509d0cc0fa3
2026-05-12T10:42:31.9222624Z Build Date: 2026-02-13T00:28:41Z
2026-05-12T10:42:31.9223323Z Worker ID: {6b8d1cde-8325-40c3-905a-7a9d100026c4}
2026-05-12T10:42:31.9224020Z Azure Region: westus3
2026-05-12T10:42:31.9224679Z ##[endgroup]
2026-05-12T10:42:31.9226957Z ##[group]VM Image
2026-05-12T10:42:31.9227577Z - OS: Linux (arm64)
2026-05-12T10:42:31.9228297Z - Source: Partner
2026-05-12T10:42:31.9228924Z - Name: Ubuntu 24.04 by Arm Limited
2026-05-12T10:42:31.9229623Z - Version: 20260318.59.1
2026-05-12T10:42:31.9230975Z - Included Software: https://github.com/actions/partner-runner-images/blob/main/images/arm-ubuntu-24-image.md
2026-05-12T10:42:31.9231971Z ##[endgroup]
2026-05-12T10:42:31.9233388Z ##[group]GITHUB_TOKEN Permissions
2026-05-12T10:42:31.9236367Z Contents: read
2026-05-12T10:42:31.9237002Z Metadata: read
2026-05-12T10:42:31.9237536Z ##[endgroup]
2026-05-12T10:42:31.9240766Z Secret source: Actions
2026-05-12T10:42:31.9241644Z Prepare workflow directory
2026-05-12T10:42:31.9698398Z Prepare all required actions
2026-05-12T10:42:31.9738603Z Getting action download info
2026-05-12T10:42:32.6761867Z Download action repository 'actions/github-script@3a2844b7e9c422d3c10d287c895573f7108da1b3' (SHA:3a2844b7e9c422d3c10d287c895573f7108da1b3)
2026-05-12T10:42:33.5573146Z Download action repository 'docker/metadata-action@030e881283bb7a6894de51c315a6bfe6a94e05cf' (SHA:030e881283bb7a6894de51c315a6bfe6a94e05cf)
2026-05-12T10:42:34.2454587Z Download action repository 'docker/setup-qemu-action@ce360397dd3f832beb865e1373c09c0e9f86d70a' (SHA:ce360397dd3f832beb865e1373c09c0e9f86d70a)
2026-05-12T10:42:34.9095553Z Download action repository 'crazy-max/ghaction-github-runtime@04d248b84655b509d8c44dc1d6f990c879747487' (SHA:04d248b84655b509d8c44dc1d6f990c879747487)
2026-05-12T10:42:35.4822498Z Download action repository 'docker/setup-buildx-action@4d04d5d9486b7bd6fa91e7baf45bbb4f8b9deedd' (SHA:4d04d5d9486b7bd6fa91e7baf45bbb4f8b9deedd)
2026-05-12T10:42:36.1691107Z Download action repository 'docker/login-action@4907a6ddec9925e35a0a9e82d7399ccc52663121' (SHA:4907a6ddec9925e35a0a9e82d7399ccc52663121)
2026-05-12T10:42:36.9088439Z Download action repository 'docker/bake-action@a66e1c87e2eca0503c343edf1d208c716d54b8a8' (SHA:a66e1c87e2eca0503c343edf1d208c716d54b8a8)
2026-05-12T10:42:37.7428856Z Download action repository 'actions/upload-artifact@043fb46d1a93c77aae656e7c1c64a875d1fc6a0a' (SHA:043fb46d1a93c77aae656e7c1c64a875d1fc6a0a)
2026-05-12T10:42:38.6188509Z Uses: docker/github-builder/.github/workflows/bake.yml@c2782c55efa56a01b9c30021db8f5ec3993228a3
2026-05-12T10:42:38.6193841Z ##[group] Inputs
2026-05-12T10:42:38.6194430Z   runner: default=ubuntu-24.04
linux/arm=ubuntu-24.04-arm
linux/arm64=ubuntu-24.04-arm

2026-05-12T10:42:38.6195461Z   distribute: true
2026-05-12T10:42:38.6195969Z   fail-fast: false
2026-05-12T10:42:38.6196239Z   setup-qemu: true
2026-05-12T10:42:38.6196526Z   artifact-name: docker-github-builder-assets
2026-05-12T10:42:38.6197002Z   artifact-upload: false
2026-05-12T10:42:38.6197288Z   cache: true
2026-05-12T10:42:38.6197525Z   cache-scope: bin-image
2026-05-12T10:42:38.6197895Z   cache-mode: min
2026-05-12T10:42:38.6198151Z   context: .
2026-05-12T10:42:38.6198500Z   files: 
2026-05-12T10:42:38.6198751Z   output: image
2026-05-12T10:42:38.6198998Z   push: true
2026-05-12T10:42:38.6199357Z   sbom: false
2026-05-12T10:42:38.6199573Z   set: 
2026-05-12T10:42:38.6199793Z   sign: auto
2026-05-12T10:42:38.6200429Z   target: bin-image-cross
2026-05-12T10:42:38.6201239Z   vars: DOCKER_GITCOMMIT=90deaa8fc011b6418ded1872439bd698920448d1
VERSION=refs/heads/master
PLATFORM=Moby Engine - Nightly
PRODUCT=moby-bin
PACKAGER_NAME=The Moby Project

2026-05-12T10:42:38.6202020Z   set-meta-annotations: false
2026-05-12T10:42:38.6202776Z   set-meta-labels: false
2026-05-12T10:42:38.6203284Z   meta-images: moby/moby-bin

2026-05-12T10:42:38.6204270Z   meta-tags: type=ref,event=branch
type=ref,event=pr
type=semver,pattern={{version}},match=docker-(.*)
type=semver,pattern={{major}}.{{minor}},match=docker-(.*)
type=semver,pattern={{major}},match=docker-(.*)

2026-05-12T10:42:38.6205114Z   meta-flavor: 
2026-05-12T10:42:38.6205358Z   meta-labels: 
2026-05-12T10:42:38.6205693Z   meta-annotations: 
2026-05-12T10:42:38.6205934Z   meta-bake-target: 
2026-05-12T10:42:38.6206247Z ##[endgroup]
2026-05-12T10:42:38.6206673Z Complete job name: build / build (2, linux/arm/v7, ubuntu-24.04-arm)
2026-05-12T10:42:38.6947479Z ##[group]Run actions/github-script@3a2844b7e9c422d3c10d287c895573f7108da1b3
2026-05-12T10:42:38.6948958Z with:
2026-05-12T10:42:38.6950785Z   script: const runnerEnvironment = core.getInput('runner-environment');
const runnerOS = core.getInput('runner-os');
if (runnerEnvironment !== 'github-hosted' || runnerOS !== 'Linux') {
  core.setFailed(`This workflow requires a GitHub-hosted Linux runner, got: environment=${runnerEnvironment || 'unknown'}, os=${runnerOS || 'unknown'}`);
}

2026-05-12T10:42:38.6952616Z   github-token: ***
2026-05-12T10:42:38.6952883Z   debug: false
2026-05-12T10:42:38.6953339Z   user-agent: actions/github-script
2026-05-12T10:42:38.6953653Z   result-encoding: json
2026-05-12T10:42:38.6954007Z   retries: 0
2026-05-12T10:42:38.6954299Z   retry-exempt-status-codes: 400,401,403,404,422
2026-05-12T10:42:38.6955153Z env:
2026-05-12T10:42:38.6955635Z   BUILDX_VERSION: v0.33.0
2026-05-12T10:42:38.6955915Z   BUILDKIT_IMAGE: moby/buildkit:v0.29.0
2026-05-12T10:42:38.6956441Z   SBOM_IMAGE: docker/buildkit-syft-scanner:1.11.0
2026-05-12T10:42:38.6956823Z   BINFMT_IMAGE: tonistiigi/binfmt:qemu-v10.2.1-65
2026-05-12T10:42:38.6957234Z   DOCKER_ACTIONS_TOOLKIT_MODULE: @docker/actions-toolkit@0.89.1
2026-05-12T10:42:38.6957747Z   COSIGN_VERSION: v3.0.6
2026-05-12T10:42:38.6958058Z   LOCAL_EXPORT_DIR: /tmp/buildx-output
2026-05-12T10:42:38.6958362Z   MATRIX_SIZE_LIMIT: 20
2026-05-12T10:42:38.6958736Z   BUILDX_SEND_GIT_QUERY_AS_INPUT: true
2026-05-12T10:42:38.6959044Z   NPM_CONFIG_FETCH_RETRIES: 5
2026-05-12T10:42:38.6959363Z   INPUT_RUNNER-ENVIRONMENT: github-hosted
2026-05-12T10:42:38.6959797Z   INPUT_RUNNER-OS: Linux
2026-05-12T10:42:38.6960315Z ##[endgroup]
2026-05-12T10:42:38.7997343Z ##[group]Run actions/github-script@3a2844b7e9c422d3c10d287c895573f7108da1b3
2026-05-12T10:42:38.7998086Z with:
2026-05-12T10:42:38.7998605Z   script: await exec.exec('npm', [
  'install',
  '--prefer-offline',
  '--ignore-scripts',
  core.getInput('dat-module')
]);

2026-05-12T10:42:38.7999528Z   github-token: ***
2026-05-12T10:42:38.7999817Z   debug: false
2026-05-12T10:42:38.8000371Z   user-agent: actions/github-script
2026-05-12T10:42:38.8000816Z   result-encoding: json
2026-05-12T10:42:38.8001082Z   retries: 0
2026-05-12T10:42:38.8001342Z   retry-exempt-status-codes: 400,401,403,404,422
2026-05-12T10:42:38.8001851Z env:
2026-05-12T10:42:38.8002078Z   BUILDX_VERSION: v0.33.0
2026-05-12T10:42:38.8002401Z   BUILDKIT_IMAGE: moby/buildkit:v0.29.0
2026-05-12T10:42:38.8002849Z   SBOM_IMAGE: docker/buildkit-syft-scanner:1.11.0
2026-05-12T10:42:38.8003230Z   BINFMT_IMAGE: tonistiigi/binfmt:qemu-v10.2.1-65
2026-05-12T10:42:38.8003872Z   DOCKER_ACTIONS_TOOLKIT_MODULE: @docker/actions-toolkit@0.89.1
2026-05-12T10:42:38.8004274Z   COSIGN_VERSION: v3.0.6
2026-05-12T10:42:38.8004627Z   LOCAL_EXPORT_DIR: /tmp/buildx-output
2026-05-12T10:42:38.8004931Z   MATRIX_SIZE_LIMIT: 20
2026-05-12T10:42:38.8005217Z   BUILDX_SEND_GIT_QUERY_AS_INPUT: true
2026-05-12T10:42:38.8005637Z   NPM_CONFIG_FETCH_RETRIES: 5
2026-05-12T10:42:38.8006066Z   INPUT_DAT-MODULE: @docker/actions-toolkit@0.89.1
2026-05-12T10:42:38.8006405Z ##[endgroup]
2026-05-12T10:42:38.8826812Z [command]/usr/local/bin/npm install --prefer-offline --ignore-scripts @docker/actions-toolkit@0.89.1
2026-05-12T10:42:48.7432208Z npm warn deprecated glob@10.5.0: Old versions of glob are not supported, and contain widely publicized security vulnerabilities, which have been fixed in the current version. Please update. Support for old versions may be purchased (at exorbitant rates) by contacting i@izs.me
2026-05-12T10:42:49.7441999Z 
2026-05-12T10:42:49.7442987Z added 244 packages in 9s
2026-05-12T10:42:49.7443597Z 
2026-05-12T10:42:49.7443905Z 31 packages are looking for funding
2026-05-12T10:42:49.7444282Z   run `npm fund` for details
2026-05-12T10:42:49.7763419Z ##[group]Run docker/metadata-action@030e881283bb7a6894de51c315a6bfe6a94e05cf
2026-05-12T10:42:49.7763903Z with:
2026-05-12T10:42:49.7764143Z   images: moby/moby-bin
2026-05-12T10:42:49.7765057Z   tags: type=ref,event=branch
type=ref,event=pr
type=semver,pattern={{version}},match=docker-(.*)
type=semver,pattern={{major}}.{{minor}},match=docker-(.*)
type=semver,pattern={{major}},match=docker-(.*)

2026-05-12T10:42:49.7765852Z   context: workflow
2026-05-12T10:42:49.7766386Z   github-token: ***
2026-05-12T10:42:49.7766668Z env:
2026-05-12T10:42:49.7766901Z   BUILDX_VERSION: v0.33.0
2026-05-12T10:42:49.7767313Z   BUILDKIT_IMAGE: moby/buildkit:v0.29.0
2026-05-12T10:42:49.7767691Z   SBOM_IMAGE: docker/buildkit-syft-scanner:1.11.0
2026-05-12T10:42:49.7768072Z   BINFMT_IMAGE: tonistiigi/binfmt:qemu-v10.2.1-65
2026-05-12T10:42:49.7768562Z   DOCKER_ACTIONS_TOOLKIT_MODULE: @docker/actions-toolkit@0.89.1
2026-05-12T10:42:49.7768924Z   COSIGN_VERSION: v3.0.6
2026-05-12T10:42:49.7769352Z   LOCAL_EXPORT_DIR: /tmp/buildx-output
2026-05-12T10:42:49.7769650Z   MATRIX_SIZE_LIMIT: 20
2026-05-12T10:42:49.7769924Z   BUILDX_SEND_GIT_QUERY_AS_INPUT: true
2026-05-12T10:42:49.7770592Z   NPM_CONFIG_FETCH_RETRIES: 5
2026-05-12T10:42:49.7770882Z ##[endgroup]
2026-05-12T10:42:50.3633713Z ##[group]Context info
2026-05-12T10:42:50.3634553Z eventName: push
2026-05-12T10:42:50.3634837Z sha: 90deaa8fc011b6418ded1872439bd698920448d1
2026-05-12T10:42:50.3635692Z ref: refs/heads/master
2026-05-12T10:42:50.3635990Z workflow: bin-image
2026-05-12T10:42:50.3636267Z action: meta
2026-05-12T10:42:50.3636579Z actor: thaJeztah
2026-05-12T10:42:50.3636854Z runNumber: 19070
2026-05-12T10:42:50.3637114Z runId: 25729270852
2026-05-12T10:42:50.3637564Z commitDate: Tue May 12 2026 10:41:05 GMT+0000 (Coordinated Universal Time)
2026-05-12T10:42:50.3638574Z ##[endgroup]
2026-05-12T10:42:50.3639177Z ##[group]Processing images input
2026-05-12T10:42:50.3639480Z name=moby/moby-bin,enable=true
2026-05-12T10:42:50.3640394Z ##[endgroup]
2026-05-12T10:42:50.3645599Z ##[group]Processing tags input
2026-05-12T10:42:50.3646177Z type=semver,pattern={{version}},match=docker-(.*),value=,enable=true,priority=900
2026-05-12T10:42:50.3646763Z type=semver,pattern={{major}}.{{minor}},match=docker-(.*),value=,enable=true,priority=900
2026-05-12T10:42:50.3647332Z type=semver,pattern={{major}},match=docker-(.*),value=,enable=true,priority=900
2026-05-12T10:42:50.3647861Z type=ref,event=branch,enable=true,priority=600
2026-05-12T10:42:50.3648256Z type=ref,event=pr,prefix=pr-,enable=true,priority=600
2026-05-12T10:42:50.3648853Z ##[endgroup]
2026-05-12T10:42:50.3649343Z ##[group]Processing flavor input
2026-05-12T10:42:50.3649604Z latest=auto
2026-05-12T10:42:50.3649937Z prefix=
2026-05-12T10:42:50.3650502Z prefixLatest=false
2026-05-12T10:42:50.3650828Z suffix=
2026-05-12T10:42:50.3651052Z suffixLatest=false
2026-05-12T10:42:50.3651490Z ##[endgroup]
2026-05-12T10:42:50.3679449Z ##[group]Docker image version
2026-05-12T10:42:50.3680067Z master
2026-05-12T10:42:50.3680581Z ##[endgroup]
2026-05-12T10:42:50.3681078Z ##[group]Docker tags
2026-05-12T10:42:50.3681374Z moby/moby-bin:master
2026-05-12T10:42:50.3681744Z ##[endgroup]
2026-05-12T10:42:50.3760569Z ##[group]Docker labels
2026-05-12T10:42:50.3761197Z org.opencontainers.image.created=2026-05-12T10:42:50.363Z
2026-05-12T10:42:50.3762416Z org.opencontainers.image.description=The Moby Project - a collaborative project for the container ecosystem to assemble container-based systems
2026-05-12T10:42:50.3763349Z org.opencontainers.image.licenses=Apache-2.0
2026-05-12T10:42:50.3764111Z org.opencontainers.image.revision=90deaa8fc011b6418ded1872439bd698920448d1
2026-05-12T10:42:50.3765062Z org.opencontainers.image.source=https://github.com/moby/moby
2026-05-12T10:42:50.3765720Z org.opencontainers.image.title=moby
2026-05-12T10:42:50.3768419Z org.opencontainers.image.url=https://github.com/moby/moby
2026-05-12T10:42:50.3768950Z org.opencontainers.image.version=master
2026-05-12T10:42:50.3769664Z ##[endgroup]
2026-05-12T10:42:50.3770632Z ##[group]Annotations
2026-05-12T10:42:50.3771052Z manifest:org.opencontainers.image.created=2026-05-12T10:42:50.363Z
2026-05-12T10:42:50.3771995Z manifest:org.opencontainers.image.description=The Moby Project - a collaborative project for the container ecosystem to assemble container-based systems
2026-05-12T10:42:50.3772741Z manifest:org.opencontainers.image.licenses=Apache-2.0
2026-05-12T10:42:50.3773307Z manifest:org.opencontainers.image.revision=90deaa8fc011b6418ded1872439bd698920448d1
2026-05-12T10:42:50.3773912Z manifest:org.opencontainers.image.source=https://github.com/moby/moby
2026-05-12T10:42:50.3774478Z manifest:org.opencontainers.image.title=moby
2026-05-12T10:42:50.3774943Z manifest:org.opencontainers.image.url=https://github.com/moby/moby
2026-05-12T10:42:50.3775373Z manifest:org.opencontainers.image.version=master
2026-05-12T10:42:50.3776069Z ##[endgroup]
2026-05-12T10:42:50.3776463Z ##[group]JSON output
2026-05-12T10:42:50.3776938Z {
2026-05-12T10:42:50.3777162Z   "tags": [
2026-05-12T10:42:50.3777392Z     "moby/moby-bin:master"
2026-05-12T10:42:50.3777790Z   ],
2026-05-12T10:42:50.3778026Z   "tag-names": [
2026-05-12T10:42:50.3778325Z     "master"
2026-05-12T10:42:50.3778543Z   ],
2026-05-12T10:42:50.3778723Z   "labels": {
2026-05-12T10:42:50.3779113Z     "org.opencontainers.image.created": "2026-05-12T10:42:50.363Z",
2026-05-12T10:42:50.3779919Z     "org.opencontainers.image.description": "The Moby Project - a collaborative project for the container ecosystem to assemble container-based systems",
2026-05-12T10:42:50.3780952Z     "org.opencontainers.image.licenses": "Apache-2.0",
2026-05-12T10:42:50.3781605Z     "org.opencontainers.image.revision": "90deaa8fc011b6418ded1872439bd698920448d1",
2026-05-12T10:42:50.3782166Z     "org.opencontainers.image.source": "https://github.com/moby/moby",
2026-05-12T10:42:50.3782594Z     "org.opencontainers.image.title": "moby",
2026-05-12T10:42:50.3783136Z     "org.opencontainers.image.url": "https://github.com/moby/moby",
2026-05-12T10:42:50.3783578Z     "org.opencontainers.image.version": "master"
2026-05-12T10:42:50.3783954Z   },
2026-05-12T10:42:50.3784165Z   "annotations": [
2026-05-12T10:42:50.3784507Z     "manifest:org.opencontainers.image.created=2026-05-12T10:42:50.363Z",
2026-05-12T10:42:50.3785445Z     "manifest:org.opencontainers.image.description=The Moby Project - a collaborative project for the container ecosystem to assemble container-based systems",
2026-05-12T10:42:50.3786220Z     "manifest:org.opencontainers.image.licenses=Apache-2.0",
2026-05-12T10:42:50.3786738Z     "manifest:org.opencontainers.image.revision=90deaa8fc011b6418ded1872439bd698920448d1",
2026-05-12T10:42:50.3787423Z     "manifest:org.opencontainers.image.source=https://github.com/moby/moby",
2026-05-12T10:42:50.3787902Z     "manifest:org.opencontainers.image.title=moby",
2026-05-12T10:42:50.3788394Z     "manifest:org.opencontainers.image.url=https://github.com/moby/moby",
2026-05-12T10:42:50.3789015Z     "manifest:org.opencontainers.image.version=master"
2026-05-12T10:42:50.3789347Z   ]
2026-05-12T10:42:50.3789627Z }
2026-05-12T10:42:50.3790279Z ##[endgroup]
2026-05-12T10:42:50.3790847Z ##[group]Bake file definition (tags)
2026-05-12T10:42:50.3791153Z {
2026-05-12T10:42:50.3791356Z   "target": {
2026-05-12T10:42:50.3791697Z     "docker-metadata-action": {
2026-05-12T10:42:50.3791992Z       "tags": [
2026-05-12T10:42:50.3792243Z         "moby/moby-bin:master"
2026-05-12T10:42:50.3792580Z       ],
2026-05-12T10:42:50.3792777Z       "args": {
2026-05-12T10:42:50.3793077Z         "DOCKER_META_IMAGES": "moby/moby-bin",
2026-05-12T10:42:50.3793377Z         "DOCKER_META_VERSION": "master"
2026-05-12T10:42:50.3793932Z       }
2026-05-12T10:42:50.3794215Z     }
2026-05-12T10:42:50.3794420Z   }
2026-05-12T10:42:50.3794614Z }
2026-05-12T10:42:50.3795156Z ##[endgroup]
2026-05-12T10:42:50.3795606Z ##[group]Bake file definition (labels)
2026-05-12T10:42:50.3795960Z {
2026-05-12T10:42:50.3796157Z   "target": {
2026-05-12T10:42:50.3796381Z     "docker-metadata-action": {
2026-05-12T10:42:50.3796925Z       "labels": {
2026-05-12T10:42:50.3797279Z         "org.opencontainers.image.created": "2026-05-12T10:42:50.363Z",
2026-05-12T10:42:50.3798126Z         "org.opencontainers.image.description": "The Moby Project - a collaborative project for the container ecosystem to assemble container-based systems",
2026-05-12T10:42:50.3798875Z         "org.opencontainers.image.licenses": "Apache-2.0",
2026-05-12T10:42:50.3799370Z         "org.opencontainers.image.revision": "90deaa8fc011b6418ded1872439bd698920448d1",
2026-05-12T10:42:50.3800240Z         "org.opencontainers.image.source": "https://github.com/moby/moby",
2026-05-12T10:42:50.3800760Z         "org.opencontainers.image.title": "moby",
2026-05-12T10:42:50.3801180Z         "org.opencontainers.image.url": "https://github.com/moby/moby",
2026-05-12T10:42:50.3801745Z         "org.opencontainers.image.version": "master"
2026-05-12T10:42:50.3802077Z       }
2026-05-12T10:42:50.3802272Z     }
2026-05-12T10:42:50.3802588Z   }
2026-05-12T10:42:50.3802800Z }
2026-05-12T10:42:50.3803309Z ##[endgroup]
2026-05-12T10:42:50.3803768Z ##[group]Bake file definition (annotations)
2026-05-12T10:42:50.3804272Z {
2026-05-12T10:42:50.3804534Z   "target": {
2026-05-12T10:42:50.3804768Z     "docker-metadata-action": {
2026-05-12T10:42:50.3805125Z       "annotations": [
2026-05-12T10:42:50.3805475Z         "manifest:org.opencontainers.image.created=2026-05-12T10:42:50.363Z",
2026-05-12T10:42:50.3806289Z         "manifest:org.opencontainers.image.description=The Moby Project - a collaborative project for the container ecosystem to assemble container-based systems",
2026-05-12T10:42:50.3807202Z         "manifest:org.opencontainers.image.licenses=Apache-2.0",
2026-05-12T10:42:50.3807753Z         "manifest:org.opencontainers.image.revision=90deaa8fc011b6418ded1872439bd698920448d1",
2026-05-12T10:42:50.3808436Z         "manifest:org.opencontainers.image.source=https://github.com/moby/moby",
2026-05-12T10:42:50.3808926Z         "manifest:org.opencontainers.image.title=moby",
2026-05-12T10:42:50.3809372Z         "manifest:org.opencontainers.image.url=https://github.com/moby/moby",
2026-05-12T10:42:50.3810104Z         "manifest:org.opencontainers.image.version=master"
2026-05-12T10:42:50.3810486Z       ]
2026-05-12T10:42:50.3810686Z     }
2026-05-12T10:42:50.3810965Z   }
2026-05-12T10:42:50.3811168Z }
2026-05-12T10:42:50.3811764Z ##[endgroup]
2026-05-12T10:42:50.4076787Z ##[group]Run docker/setup-qemu-action@ce360397dd3f832beb865e1373c09c0e9f86d70a
2026-05-12T10:42:50.4077453Z with:
2026-05-12T10:42:50.4077754Z   image: tonistiigi/binfmt:qemu-v10.2.1-65
2026-05-12T10:42:50.4078063Z   cache-image: false
2026-05-12T10:42:50.4078440Z   platforms: all
2026-05-12T10:42:50.4078658Z env:
2026-05-12T10:42:50.4078943Z   BUILDX_VERSION: v0.33.0
2026-05-12T10:42:50.4079242Z   BUILDKIT_IMAGE: moby/buildkit:v0.29.0
2026-05-12T10:42:50.4079667Z   SBOM_IMAGE: docker/buildkit-syft-scanner:1.11.0
2026-05-12T10:42:50.4080559Z   BINFMT_IMAGE: tonistiigi/binfmt:qemu-v10.2.1-65
2026-05-12T10:42:50.4080999Z   DOCKER_ACTIONS_TOOLKIT_MODULE: @docker/actions-toolkit@0.89.1
2026-05-12T10:42:50.4081373Z   COSIGN_VERSION: v3.0.6
2026-05-12T10:42:50.4081715Z   LOCAL_EXPORT_DIR: /tmp/buildx-output
2026-05-12T10:42:50.4082026Z   MATRIX_SIZE_LIMIT: 20
2026-05-12T10:42:50.4082281Z   BUILDX_SEND_GIT_QUERY_AS_INPUT: true
2026-05-12T10:42:50.4082651Z   NPM_CONFIG_FETCH_RETRIES: 5
2026-05-12T10:42:50.4082998Z   DOCKER_METADATA_OUTPUT_VERSION: master
2026-05-12T10:42:50.4083404Z   DOCKER_METADATA_OUTPUT_TAGS: moby/moby-bin:master
2026-05-12T10:42:50.4083774Z   DOCKER_METADATA_OUTPUT_TAG_NAMES: master
2026-05-12T10:42:50.4085939Z   DOCKER_METADATA_OUTPUT_LABELS: org.opencontainers.image.created=2026-05-12T10:42:50.363Z
org.opencontainers.image.description=The Moby Project - a collaborative project for the container ecosystem to assemble container-based systems
org.opencontainers.image.licenses=Apache-2.0
org.opencontainers.image.revision=90deaa8fc011b6418ded1872439bd698920448d1
org.opencontainers.image.source=https://github.com/moby/moby
org.opencontainers.image.title=moby
org.opencontainers.image.url=https://github.com/moby/moby
org.opencontainers.image.version=master
2026-05-12T10:42:50.4090531Z   DOCKER_METADATA_OUTPUT_ANNOTATIONS: manifest:org.opencontainers.image.created=2026-05-12T10:42:50.363Z
manifest:org.opencontainers.image.description=The Moby Project - a collaborative project for the container ecosystem to assemble container-based systems
manifest:org.opencontainers.image.licenses=Apache-2.0
manifest:org.opencontainers.image.revision=90deaa8fc011b6418ded1872439bd698920448d1
manifest:org.opencontainers.image.source=https://github.com/moby/moby
manifest:org.opencontainers.image.title=moby
manifest:org.opencontainers.image.url=https://github.com/moby/moby
manifest:org.opencontainers.image.version=master
2026-05-12T10:42:50.4096970Z   DOCKER_METADATA_OUTPUT_JSON: {"tags":["moby/moby-bin:master"],"tag-names":["master"],"labels":{"org.opencontainers.image.created":"2026-05-12T10:42:50.363Z","org.opencontainers.image.description":"The Moby Project - a collaborative project for the container ecosystem to assemble container-based systems","org.opencontainers.image.licenses":"Apache-2.0","org.opencontainers.image.revision":"90deaa8fc011b6418ded1872439bd698920448d1","org.opencontainers.image.source":"https://github.com/moby/moby","org.opencontainers.image.title":"moby","org.opencontainers.image.url":"https://github.com/moby/moby","org.opencontainers.image.version":"master"},"annotations":["manifest:org.opencontainers.image.created=2026-05-12T10:42:50.363Z","manifest:org.opencontainers.image.description=The Moby Project - a collaborative project for the container ecosystem to assemble container-based systems","manifest:org.opencontainers.image.licenses=Apache-2.0","manifest:org.opencontainers.image.revision=90deaa8fc011b6418ded1872439bd698920448d1","manifest:org.opencontainers.image.source=https://github.com/moby/moby","manifest:org.opencontainers.image.title=moby","manifest:org.opencontainers.image.url=https://github.com/moby/moby","manifest:org.opencontainers.image.version=master"]}
2026-05-12T10:42:50.4102143Z   DOCKER_METADATA_OUTPUT_BAKE_FILE_TAGS: /home/runner/work/_temp/docker-actions-toolkit-h9s1KA/docker-metadata-action-bake-tags.json
2026-05-12T10:42:50.4103367Z   DOCKER_METADATA_OUTPUT_BAKE_FILE_LABELS: /home/runner/work/_temp/docker-actions-toolkit-h9s1KA/docker-metadata-action-bake-labels.json
2026-05-12T10:42:50.4104390Z   DOCKER_METADATA_OUTPUT_BAKE_FILE_ANNOTATIONS: /home/runner/work/_temp/docker-actions-toolkit-h9s1KA/docker-metadata-action-bake-annotations.json
2026-05-12T10:42:50.4105318Z   DOCKER_METADATA_OUTPUT_BAKE_FILE: /home/runner/work/_temp/docker-actions-toolkit-h9s1KA/docker-metadata-action-bake.json
2026-05-12T10:42:50.4106010Z ##[endgroup]
2026-05-12T10:42:50.5177897Z ##[group]Docker info
2026-05-12T10:42:50.5209851Z [command]/usr/bin/docker version
2026-05-12T10:42:51.2517612Z Client: Docker Engine - Community
2026-05-12T10:42:51.2518010Z  Version:           28.0.4
2026-05-12T10:42:51.2518642Z  API version:       1.48
2026-05-12T10:42:51.2518905Z  Go version:        go1.23.7
2026-05-12T10:42:51.2519230Z  Git commit:        b8034c0
2026-05-12T10:42:51.2519499Z  Built:             Tue Mar 25 15:07:55 2025
2026-05-12T10:42:51.2519794Z  OS/Arch:           linux/arm64
2026-05-12T10:42:51.2520389Z  Context:           default
2026-05-12T10:42:51.2520553Z 
2026-05-12T10:42:51.2520893Z Server: Docker Engine - Community
2026-05-12T10:42:51.2521154Z  Engine:
2026-05-12T10:42:51.2521463Z   Version:          28.0.4
2026-05-12T10:42:51.2521743Z   API version:      1.48 (minimum version 1.24)
2026-05-12T10:42:51.2522068Z   Go version:       go1.23.7
2026-05-12T10:42:51.2522793Z   Git commit:       6430e49
2026-05-12T10:42:51.2523056Z   Built:            Tue Mar 25 15:07:55 2025
2026-05-12T10:42:51.2523432Z   OS/Arch:          linux/arm64
2026-05-12T10:42:51.2523702Z   Experimental:     false
2026-05-12T10:42:51.2523977Z  containerd:
2026-05-12T10:42:51.2524241Z   Version:          v2.2.1
2026-05-12T10:42:51.2524555Z   GitCommit:        dea7da592f5d1d2b7755e3a161be07f43fad8f75
2026-05-12T10:42:51.2524880Z  runc:
2026-05-12T10:42:51.2525153Z   Version:          1.3.4
2026-05-12T10:42:51.2525429Z   GitCommit:        v1.3.4-0-gd6d73eb8
2026-05-12T10:42:51.2525696Z  docker-init:
2026-05-12T10:42:51.2525992Z   Version:          0.19.0
2026-05-12T10:42:51.2526234Z   GitCommit:        de40ad0
2026-05-12T10:42:51.2557451Z [command]/usr/bin/docker info
2026-05-12T10:42:53.2444263Z Client: Docker Engine - Community
2026-05-12T10:42:53.2444817Z  Version:    28.0.4
2026-05-12T10:42:53.2445050Z  Context:    default
2026-05-12T10:42:53.2445418Z  Debug Mode: false
2026-05-12T10:42:53.2445690Z  Plugins:
2026-05-12T10:42:53.2445904Z   buildx: Docker Buildx (Docker Inc.)
2026-05-12T10:42:53.2446294Z     Version:  v0.31.1
2026-05-12T10:42:53.2446569Z     Path:     /usr/libexec/docker/cli-plugins/docker-buildx
2026-05-12T10:42:53.2447278Z   compose: Docker Compose (Docker Inc.)
2026-05-12T10:42:53.2447698Z     Version:  v2.38.2
2026-05-12T10:42:53.2447996Z     Path:     /usr/libexec/docker/cli-plugins/docker-compose
2026-05-12T10:42:53.2448661Z 
2026-05-12T10:42:53.2449318Z Server:
2026-05-12T10:42:53.2450226Z  Containers: 0
2026-05-12T10:42:53.2451401Z   Running: 0
2026-05-12T10:42:53.2455724Z   Paused: 0
2026-05-12T10:42:53.2456134Z   Stopped: 0
2026-05-12T10:42:53.2456385Z  Images: 1
2026-05-12T10:42:53.2456622Z  Server Version: 28.0.4
2026-05-12T10:42:53.2456947Z  Storage Driver: overlay2
2026-05-12T10:42:53.2457219Z   Backing Filesystem: extfs
2026-05-12T10:42:53.2457476Z   Supports d_type: true
2026-05-12T10:42:53.2457816Z   Using metacopy: false
2026-05-12T10:42:53.2458074Z   Native Overlay Diff: false
2026-05-12T10:42:53.2458308Z   userxattr: false
2026-05-12T10:42:53.2459063Z  Logging Driver: json-file
2026-05-12T10:42:53.2459321Z  Cgroup Driver: systemd
2026-05-12T10:42:53.2459550Z  Cgroup Version: 2
2026-05-12T10:42:53.2459859Z  Plugins:
2026-05-12T10:42:53.2460383Z   Volume: local
2026-05-12T10:42:53.2460748Z   Network: bridge host ipvlan macvlan null overlay
2026-05-12T10:42:53.2461184Z   Log: awslogs fluentd gcplogs gelf journald json-file local splunk syslog
2026-05-12T10:42:53.2461567Z  Swarm: inactive
2026-05-12T10:42:53.2461885Z  Runtimes: io.containerd.runc.v2 runc
2026-05-12T10:42:53.2462181Z  Default Runtime: runc
2026-05-12T10:42:53.2462418Z  Init Binary: docker-init
2026-05-12T10:42:53.2463218Z  containerd version: dea7da592f5d1d2b7755e3a161be07f43fad8f75
2026-05-12T10:42:53.2463616Z  runc version: v1.3.4-0-gd6d73eb8
2026-05-12T10:42:53.2463898Z  init version: de40ad0
2026-05-12T10:42:53.2464297Z  Security Options:
2026-05-12T10:42:53.2464513Z   apparmor
2026-05-12T10:42:53.2464783Z   seccomp
2026-05-12T10:42:53.2465006Z    Profile: builtin
2026-05-12T10:42:53.2465229Z   cgroupns
2026-05-12T10:42:53.2465506Z  Kernel Version: 6.14.0-1017-azure
2026-05-12T10:42:53.2465808Z  Operating System: Ubuntu 24.04.3 LTS
2026-05-12T10:42:53.2466075Z  OSType: linux
2026-05-12T10:42:53.2466398Z  Architecture: aarch64
2026-05-12T10:42:53.2466617Z  CPUs: 4
2026-05-12T10:42:53.2466831Z  Total Memory: 15.58GiB
2026-05-12T10:42:53.2467132Z  Name: runnervm6gd1v
2026-05-12T10:42:53.2467354Z  ID: 4ae0b85c-b74d-4a0f-bfb1-54131c968d87
2026-05-12T10:42:53.2467633Z  Docker Root Dir: /var/lib/docker
2026-05-12T10:42:53.2467977Z  Debug Mode: false
2026-05-12T10:42:53.2468220Z  Username: githubactions
2026-05-12T10:42:53.2468531Z  Experimental: false
2026-05-12T10:42:53.2468766Z  Insecure Registries:
2026-05-12T10:42:53.2473282Z   ::1/128
2026-05-12T10:42:53.2473788Z   127.0.0.0/8
2026-05-12T10:42:53.2474014Z  Live Restore Enabled: false
2026-05-12T10:42:53.2474229Z 
2026-05-12T10:42:53.2475065Z ##[endgroup]
2026-05-12T10:42:53.2475492Z ##[group]Pulling binfmt Docker image
2026-05-12T10:42:53.2485735Z [command]/usr/bin/docker pull tonistiigi/binfmt:qemu-v10.2.1-65
2026-05-12T10:42:54.1410878Z qemu-v10.2.1-65: Pulling from tonistiigi/binfmt
2026-05-12T10:42:54.4286693Z e92b65d92a26: Pulling fs layer
2026-05-12T10:42:54.4287428Z db3b36a9c1d3: Pulling fs layer
2026-05-12T10:42:54.7016193Z db3b36a9c1d3: Verifying Checksum
2026-05-12T10:42:54.7017038Z db3b36a9c1d3: Download complete
2026-05-12T10:42:54.8203800Z e92b65d92a26: Verifying Checksum
2026-05-12T10:42:54.8204676Z e92b65d92a26: Download complete
2026-05-12T10:42:55.0900644Z e92b65d92a26: Pull complete
2026-05-12T10:42:57.4869103Z db3b36a9c1d3: Pull complete
2026-05-12T10:42:57.5203563Z Digest: sha256:d3b963f787999e6c0219a48dba02978769286ff61a5f4d26245cb6a6e5567ea3
2026-05-12T10:42:57.5326107Z Status: Downloaded newer image for tonistiigi/binfmt:qemu-v10.2.1-65
2026-05-12T10:42:57.5371104Z docker.io/tonistiigi/binfmt:qemu-v10.2.1-65
2026-05-12T10:42:57.5389915Z ##[endgroup]
2026-05-12T10:42:57.5390637Z ##[group]Image info
2026-05-12T10:42:57.5404455Z [command]/usr/bin/docker image inspect tonistiigi/binfmt:qemu-v10.2.1-65
2026-05-12T10:42:57.5520355Z [
2026-05-12T10:42:57.5521000Z     {
2026-05-12T10:42:57.5521403Z         "Id": "sha256:bc902d13b46a1fa46298dbd9c8af5c008a640b56537811a09e0de4ac397e0d21",
2026-05-12T10:42:57.5522015Z         "RepoTags": [
2026-05-12T10:42:57.5522319Z             "tonistiigi/binfmt:qemu-v10.2.1-65"
2026-05-12T10:42:57.5522611Z         ],
2026-05-12T10:42:57.5522942Z         "RepoDigests": [
2026-05-12T10:42:57.5523378Z             "tonistiigi/binfmt@sha256:d3b963f787999e6c0219a48dba02978769286ff61a5f4d26245cb6a6e5567ea3"
2026-05-12T10:42:57.5523859Z         ],
2026-05-12T10:42:57.5524165Z         "Parent": "",
2026-05-12T10:42:57.5524423Z         "Comment": "buildkit.dockerfile.v0",
2026-05-12T10:42:57.5524727Z         "Created": "2026-02-18T18:06:48.533393246Z",
2026-05-12T10:42:57.5525140Z         "DockerVersion": "",
2026-05-12T10:42:57.5525399Z         "Author": "",
2026-05-12T10:42:57.5525689Z         "Config": {
2026-05-12T10:42:57.5525914Z             "Hostname": "",
2026-05-12T10:42:57.5526160Z             "Domainname": "",
2026-05-12T10:42:57.5526522Z             "User": "",
2026-05-12T10:42:57.5526743Z             "AttachStdin": false,
2026-05-12T10:42:57.5527007Z             "AttachStdout": false,
2026-05-12T10:42:57.5527341Z             "AttachStderr": false,
2026-05-12T10:42:57.5527600Z             "Tty": false,
2026-05-12T10:42:57.5527862Z             "OpenStdin": false,
2026-05-12T10:42:57.5528206Z             "StdinOnce": false,
2026-05-12T10:42:57.5528454Z             "Env": [
2026-05-12T10:42:57.5529224Z                 "PATH=/usr/local/sbin:/usr/local/bin:/usr/sbin:/usr/bin:/sbin:/bin",
2026-05-12T10:42:57.5529693Z                 "QEMU_PRESERVE_ARGV0=1"
2026-05-12T10:42:57.5530250Z             ],
2026-05-12T10:42:57.5530578Z             "Cmd": null,
2026-05-12T10:42:57.5530820Z             "Image": "",
2026-05-12T10:42:57.5531078Z             "Volumes": {
2026-05-12T10:42:57.5531379Z                 "/tmp": {}
2026-05-12T10:42:57.5531628Z             },
2026-05-12T10:42:57.5531830Z             "WorkingDir": "/",
2026-05-12T10:42:57.5532164Z             "Entrypoint": [
2026-05-12T10:42:57.5532390Z                 "/usr/bin/binfmt"
2026-05-12T10:42:57.5532624Z             ],
2026-05-12T10:42:57.5532918Z             "OnBuild": null,
2026-05-12T10:42:57.5533182Z             "Labels": null
2026-05-12T10:42:57.5533473Z         },
2026-05-12T10:42:57.5533690Z         "Architecture": "arm64",
2026-05-12T10:42:57.5533947Z         "Os": "linux",
2026-05-12T10:42:57.5534234Z         "Size": 80832936,
2026-05-12T10:42:57.5534498Z         "GraphDriver": {
2026-05-12T10:42:57.5534719Z             "Data": {
2026-05-12T10:42:57.5535277Z                 "LowerDir": "/var/lib/docker/overlay2/35e8ef1c10cb4b862c73b3a0780d5cc58ae2929fb05e47e3a11da00d28c054af/diff",
2026-05-12T10:42:57.5536075Z                 "MergedDir": "/var/lib/docker/overlay2/9f3ea513d39ee387d027d62a60ab77954b4241e45ee7e47501b21235ffd7596d/merged",
2026-05-12T10:42:57.5537104Z                 "UpperDir": "/var/lib/docker/overlay2/9f3ea513d39ee387d027d62a60ab77954b4241e45ee7e47501b21235ffd7596d/diff",
2026-05-12T10:42:57.5538021Z                 "WorkDir": "/var/lib/docker/overlay2/9f3ea513d39ee387d027d62a60ab77954b4241e45ee7e47501b21235ffd7596d/work"
2026-05-12T10:42:57.5538532Z             },
2026-05-12T10:42:57.5538807Z             "Name": "overlay2"
2026-05-12T10:42:57.5539056Z         },
2026-05-12T10:42:57.5539244Z         "RootFS": {
2026-05-12T10:42:57.5539558Z             "Type": "layers",
2026-05-12T10:42:57.5539787Z             "Layers": [
2026-05-12T10:42:57.5540428Z                 "sha256:f56f024365e42994a2fbde09fd24f068d4550ed5d33047f5412d93cc89a8241d",
2026-05-12T10:42:57.5541099Z                 "sha256:d8f8fb5e98d07d3153b4a8f243d9ce22490fb0f11d48ec094ccef4e58896988f"
2026-05-12T10:42:57.5541506Z             ]
2026-05-12T10:42:57.5541693Z         },
2026-05-12T10:42:57.5542006Z         "Metadata": {
2026-05-12T10:42:57.5542252Z             "LastTagTime": "0001-01-01T00:00:00Z"
2026-05-12T10:42:57.5542581Z         }
2026-05-12T10:42:57.5542781Z     }
2026-05-12T10:42:57.5542945Z ]
2026-05-12T10:42:57.5543976Z ##[endgroup]
2026-05-12T10:42:57.5544383Z ##[group]Binfmt version
2026-05-12T10:42:57.5552190Z [command]/usr/bin/docker run --rm --privileged tonistiigi/binfmt:qemu-v10.2.1-65 --version
2026-05-12T10:42:58.1579016Z binfmt/3a63696 qemu/v10.2.1 go/1.25.7
2026-05-12T10:42:58.3055469Z ##[endgroup]
2026-05-12T10:42:58.3056229Z ##[group]Installing QEMU static binaries
2026-05-12T10:42:58.3074015Z [command]/usr/bin/docker run --rm --privileged tonistiigi/binfmt:qemu-v10.2.1-65 --install all
2026-05-12T10:42:58.5368769Z installing: s390x OK
2026-05-12T10:42:58.5371869Z installing: ppc64le OK
2026-05-12T10:42:58.5372217Z installing: riscv64 OK
2026-05-12T10:42:58.5372466Z installing: mips64le OK
2026-05-12T10:42:58.5372802Z installing: 386 OK
2026-05-12T10:42:58.5373064Z installing: mips64 OK
2026-05-12T10:42:58.5373312Z installing: loong64 OK
2026-05-12T10:42:58.5373683Z installing: amd64 OK
2026-05-12T10:42:58.5539067Z {
2026-05-12T10:42:58.5545789Z   "supported": [
2026-05-12T10:42:58.5546134Z     "linux/arm64",
2026-05-12T10:42:58.5546332Z     "linux/amd64",
2026-05-12T10:42:58.5546769Z     "linux/amd64/v2",
2026-05-12T10:42:58.5547001Z     "linux/riscv64",
2026-05-12T10:42:58.5547315Z     "linux/ppc64le",
2026-05-12T10:42:58.5547562Z     "linux/s390x",
2026-05-12T10:42:58.5547761Z     "linux/386",
2026-05-12T10:42:58.5548038Z     "linux/mips64le",
2026-05-12T10:42:58.5548272Z     "linux/mips64",
2026-05-12T10:42:58.5548539Z     "linux/loong64",
2026-05-12T10:42:58.5549116Z     "linux/arm/v7",
2026-05-12T10:42:58.5549358Z     "linux/arm/v6"
2026-05-12T10:42:58.5549633Z   ],
2026-05-12T10:42:58.5549833Z   "emulators": [
2026-05-12T10:42:58.5552816Z     "llvm-16-runtime.binfmt",
2026-05-12T10:42:58.5553338Z     "llvm-17-runtime.binfmt",
2026-05-12T10:42:58.5553641Z     "llvm-18-runtime.binfmt",
2026-05-12T10:42:58.5553905Z     "python3.12",
2026-05-12T10:42:58.5554197Z     "qemu-i386",
2026-05-12T10:42:58.5554411Z     "qemu-loongarch64",
2026-05-12T10:42:58.5554675Z     "qemu-mips64",
2026-05-12T10:42:58.5554991Z     "qemu-mips64el",
2026-05-12T10:42:58.5555211Z     "qemu-ppc64le",
2026-05-12T10:42:58.5555490Z     "qemu-riscv64",
2026-05-12T10:42:58.5555707Z     "qemu-s390x",
2026-05-12T10:42:58.5555915Z     "qemu-x86_64"
2026-05-12T10:42:58.5556611Z   ]
2026-05-12T10:42:58.5556811Z }
2026-05-12T10:42:58.6607785Z ##[endgroup]
2026-05-12T10:42:58.6608873Z ##[group]Extracting available platforms
2026-05-12T10:42:59.0681961Z linux/arm64,linux/amd64,linux/amd64/v2,linux/riscv64,linux/ppc64le,linux/s390x,linux/386,linux/mips64le,linux/mips64,linux/loong64,linux/arm/v7,linux/arm/v6
2026-05-12T10:42:59.0683759Z ##[endgroup]
2026-05-12T10:42:59.0794563Z ##[group]Run crazy-max/ghaction-github-runtime@04d248b84655b509d8c44dc1d6f990c879747487
2026-05-12T10:42:59.0795444Z with:
2026-05-12T10:42:59.0795911Z   github-token: ***
2026-05-12T10:42:59.0796167Z env:
2026-05-12T10:42:59.0796508Z   BUILDX_VERSION: v0.33.0
2026-05-12T10:42:59.0796753Z   BUILDKIT_IMAGE: moby/buildkit:v0.29.0
2026-05-12T10:42:59.0797069Z   SBOM_IMAGE: docker/buildkit-syft-scanner:1.11.0
2026-05-12T10:42:59.0797545Z   BINFMT_IMAGE: tonistiigi/binfmt:qemu-v10.2.1-65
2026-05-12T10:42:59.0797922Z   DOCKER_ACTIONS_TOOLKIT_MODULE: @docker/actions-toolkit@0.89.1
2026-05-12T10:42:59.0798346Z   COSIGN_VERSION: v3.0.6
2026-05-12T10:42:59.0798613Z   LOCAL_EXPORT_DIR: /tmp/buildx-output
2026-05-12T10:42:59.0798891Z   MATRIX_SIZE_LIMIT: 20
2026-05-12T10:42:59.0799229Z   BUILDX_SEND_GIT_QUERY_AS_INPUT: true
2026-05-12T10:42:59.0799512Z   NPM_CONFIG_FETCH_RETRIES: 5
2026-05-12T10:42:59.0799765Z   DOCKER_METADATA_OUTPUT_VERSION: master
2026-05-12T10:42:59.0880876Z   DOCKER_METADATA_OUTPUT_TAGS: moby/moby-bin:master
2026-05-12T10:42:59.0881371Z   DOCKER_METADATA_OUTPUT_TAG_NAMES: master
2026-05-12T10:42:59.0883386Z   DOCKER_METADATA_OUTPUT_LABELS: org.opencontainers.image.created=2026-05-12T10:42:50.363Z
org.opencontainers.image.description=The Moby Project - a collaborative project for the container ecosystem to assemble container-based systems
org.opencontainers.image.licenses=Apache-2.0
org.opencontainers.image.revision=90deaa8fc011b6418ded1872439bd698920448d1
org.opencontainers.image.source=https://github.com/moby/moby
org.opencontainers.image.title=moby
org.opencontainers.image.url=https://github.com/moby/moby
org.opencontainers.image.version=master
2026-05-12T10:42:59.0887408Z   DOCKER_METADATA_OUTPUT_ANNOTATIONS: manifest:org.opencontainers.image.created=2026-05-12T10:42:50.363Z
manifest:org.opencontainers.image.description=The Moby Project - a collaborative project for the container ecosystem to assemble container-based systems
manifest:org.opencontainers.image.licenses=Apache-2.0
manifest:org.opencontainers.image.revision=90deaa8fc011b6418ded1872439bd698920448d1
manifest:org.opencontainers.image.source=https://github.com/moby/moby
manifest:org.opencontainers.image.title=moby
manifest:org.opencontainers.image.url=https://github.com/moby/moby
manifest:org.opencontainers.image.version=master
2026-05-12T10:42:59.0893900Z   DOCKER_METADATA_OUTPUT_JSON: {"tags":["moby/moby-bin:master"],"tag-names":["master"],"labels":{"org.opencontainers.image.created":"2026-05-12T10:42:50.363Z","org.opencontainers.image.description":"The Moby Project - a collaborative project for the container ecosystem to assemble container-based systems","org.opencontainers.image.licenses":"Apache-2.0","org.opencontainers.image.revision":"90deaa8fc011b6418ded1872439bd698920448d1","org.opencontainers.image.source":"https://github.com/moby/moby","org.opencontainers.image.title":"moby","org.opencontainers.image.url":"https://github.com/moby/moby","org.opencontainers.image.version":"master"},"annotations":["manifest:org.opencontainers.image.created=2026-05-12T10:42:50.363Z","manifest:org.opencontainers.image.description=The Moby Project - a collaborative project for the container ecosystem to assemble container-based systems","manifest:org.opencontainers.image.licenses=Apache-2.0","manifest:org.opencontainers.image.revision=90deaa8fc011b6418ded1872439bd698920448d1","manifest:org.opencontainers.image.source=https://github.com/moby/moby","manifest:org.opencontainers.image.title=moby","manifest:org.opencontainers.image.url=https://github.com/moby/moby","manifest:org.opencontainers.image.version=master"]}
2026-05-12T10:42:59.0898667Z   DOCKER_METADATA_OUTPUT_BAKE_FILE_TAGS: /home/runner/work/_temp/docker-actions-toolkit-h9s1KA/docker-metadata-action-bake-tags.json
2026-05-12T10:42:59.0899539Z   DOCKER_METADATA_OUTPUT_BAKE_FILE_LABELS: /home/runner/work/_temp/docker-actions-toolkit-h9s1KA/docker-metadata-action-bake-labels.json
2026-05-12T10:42:59.0900966Z   DOCKER_METADATA_OUTPUT_BAKE_FILE_ANNOTATIONS: /home/runner/work/_temp/docker-actions-toolkit-h9s1KA/docker-metadata-action-bake-annotations.json
2026-05-12T10:42:59.0901873Z   DOCKER_METADATA_OUTPUT_BAKE_FILE: /home/runner/work/_temp/docker-actions-toolkit-h9s1KA/docker-metadata-action-bake.json
2026-05-12T10:42:59.0902522Z ##[endgroup]
2026-05-12T10:42:59.1527747Z ACTIONS_RUNNER_ACTION_ARCHIVE_CACHE=/opt/actionarchivecache
2026-05-12T10:42:59.1533044Z ACTIONS_RUNTIME_URL=https://pipelinesghubeus5.actions.githubusercontent.com/Y2huPMnV2RyiTvKoReSyXTCrcRyxUdSDRZYoZr0ONBvpl5e9Nu/
2026-05-12T10:42:59.1651262Z ACTIONS_RUNTIME_TOKEN=***
2026-05-12T10:42:59.1651844Z ACTIONS_CACHE_URL=https://acghubeus1.actions.githubusercontent.com/Y2huPMnV2RyiTvKoReSyXTCrcRyxUdSDRZYoZr0ONBvpl5e9Nu/
2026-05-12T10:42:59.1652947Z ACTIONS_ID_TOKEN_REQUEST_URL=https://run-actions-3-azure-eastus.actions.githubusercontent.com/212//idtoken/6ece794b-7360-4064-a12f-d4be2ad1c3b2/48ab6f15-732c-5a16-91ea-55e73eed7409?api-version=2.0
2026-05-12T10:42:59.1770244Z ACTIONS_ID_TOKEN_REQUEST_TOKEN=***
2026-05-12T10:42:59.1770673Z ACTIONS_RESULTS_URL=https://results-receiver.actions.githubusercontent.com/
2026-05-12T10:42:59.1771056Z ACTIONS_CACHE_SERVICE_V2=True
2026-05-12T10:42:59.1771476Z ACTIONS_ORCHESTRATION_ID=6ece794b-7360-4064-a12f-d4be2ad1c3b2.build.build._2_linux_arm_v7_ubuntu-24
2026-05-12T10:42:59.1857886Z ##[group]Run docker/setup-buildx-action@4d04d5d9486b7bd6fa91e7baf45bbb4f8b9deedd
2026-05-12T10:42:59.1858273Z with:
2026-05-12T10:42:59.1858430Z   version: v0.33.0
2026-05-12T10:42:59.1858597Z   cache-binary: false
2026-05-12T10:42:59.1858783Z   buildkitd-flags: --debug
2026-05-12T10:42:59.1976600Z   driver-opts: image=moby/buildkit:v0.29.0
env.ACTIONS_ID_TOKEN_REQUEST_TOKEN=***
env.ACTIONS_ID_TOKEN_REQUEST_URL=https://run-actions-3-azure-eastus.actions.githubusercontent.com/212//idtoken/6ece794b-7360-4064-a12f-d4be2ad1c3b2/48ab6f15-732c-5a16-91ea-55e73eed7409?api-version=2.0

2026-05-12T10:42:59.1979315Z   buildkitd-config-inline: [cache]
  [cache.gha]
    [cache.gha.sign]
      command = ["ghacache-sign-script.sh"]
    [cache.gha.verify]
      required = true
      [cache.gha.verify.policy]
        timestampThreshold = 1
        tlogThreshold = 1
        subjectAlternativeName = "https://github.com/docker/github-builder/.github/workflows/bake.yml*"
        githubWorkflowRepository = "moby/moby"
        issuer = "https://token.actions.githubusercontent.com"
        runnerEnvironment = "github-hosted"
        sourceRepositoryURI = "https://github.com/moby/moby"

2026-05-12T10:42:59.1981283Z   driver: docker-container
2026-05-12T10:42:59.1981476Z   use: true
2026-05-12T10:42:59.1981630Z   keep-state: false
2026-05-12T10:42:59.1981802Z   cleanup: true
2026-05-12T10:42:59.1981953Z env:
2026-05-12T10:42:59.1982101Z   BUILDX_VERSION: v0.33.0
2026-05-12T10:42:59.1982303Z   BUILDKIT_IMAGE: moby/buildkit:v0.29.0
2026-05-12T10:42:59.1982566Z   SBOM_IMAGE: docker/buildkit-syft-scanner:1.11.0
2026-05-12T10:42:59.1982860Z   BINFMT_IMAGE: tonistiigi/binfmt:qemu-v10.2.1-65
2026-05-12T10:42:59.1983191Z   DOCKER_ACTIONS_TOOLKIT_MODULE: @docker/actions-toolkit@0.89.1
2026-05-12T10:42:59.1983495Z   COSIGN_VERSION: v3.0.6
2026-05-12T10:42:59.1983701Z   LOCAL_EXPORT_DIR: /tmp/buildx-output
2026-05-12T10:42:59.1983937Z   MATRIX_SIZE_LIMIT: 20
2026-05-12T10:42:59.1984134Z   BUILDX_SEND_GIT_QUERY_AS_INPUT: true
2026-05-12T10:42:59.1984369Z   NPM_CONFIG_FETCH_RETRIES: 5
2026-05-12T10:42:59.1984588Z   DOCKER_METADATA_OUTPUT_VERSION: master
2026-05-12T10:42:59.1984854Z   DOCKER_METADATA_OUTPUT_TAGS: moby/moby-bin:master
2026-05-12T10:42:59.1985132Z   DOCKER_METADATA_OUTPUT_TAG_NAMES: master
2026-05-12T10:42:59.1987125Z   DOCKER_METADATA_OUTPUT_LABELS: org.opencontainers.image.created=2026-05-12T10:42:50.363Z
org.opencontainers.image.description=The Moby Project - a collaborative project for the container ecosystem to assemble container-based systems
org.opencontainers.image.licenses=Apache-2.0
org.opencontainers.image.revision=90deaa8fc011b6418ded1872439bd698920448d1
org.opencontainers.image.source=https://github.com/moby/moby
org.opencontainers.image.title=moby
org.opencontainers.image.url=https://github.com/moby/moby
org.opencontainers.image.version=master
2026-05-12T10:42:59.1991692Z   DOCKER_METADATA_OUTPUT_ANNOTATIONS: manifest:org.opencontainers.image.created=2026-05-12T10:42:50.363Z
manifest:org.opencontainers.image.description=The Moby Project - a collaborative project for the container ecosystem to assemble container-based systems
manifest:org.opencontainers.image.licenses=Apache-2.0
manifest:org.opencontainers.image.revision=90deaa8fc011b6418ded1872439bd698920448d1
manifest:org.opencontainers.image.source=https://github.com/moby/moby
manifest:org.opencontainers.image.title=moby
manifest:org.opencontainers.image.url=https://github.com/moby/moby
manifest:org.opencontainers.image.version=master
2026-05-12T10:42:59.1998209Z   DOCKER_METADATA_OUTPUT_JSON: {"tags":["moby/moby-bin:master"],"tag-names":["master"],"labels":{"org.opencontainers.image.created":"2026-05-12T10:42:50.363Z","org.opencontainers.image.description":"The Moby Project - a collaborative project for the container ecosystem to assemble container-based systems","org.opencontainers.image.licenses":"Apache-2.0","org.opencontainers.image.revision":"90deaa8fc011b6418ded1872439bd698920448d1","org.opencontainers.image.source":"https://github.com/moby/moby","org.opencontainers.image.title":"moby","org.opencontainers.image.url":"https://github.com/moby/moby","org.opencontainers.image.version":"master"},"annotations":["manifest:org.opencontainers.image.created=2026-05-12T10:42:50.363Z","manifest:org.opencontainers.image.description=The Moby Project - a collaborative project for the container ecosystem to assemble container-based systems","manifest:org.opencontainers.image.licenses=Apache-2.0","manifest:org.opencontainers.image.revision=90deaa8fc011b6418ded1872439bd698920448d1","manifest:org.opencontainers.image.source=https://github.com/moby/moby","manifest:org.opencontainers.image.title=moby","manifest:org.opencontainers.image.url=https://github.com/moby/moby","manifest:org.opencontainers.image.version=master"]}
2026-05-12T10:42:59.2003082Z   DOCKER_METADATA_OUTPUT_BAKE_FILE_TAGS: /home/runner/work/_temp/docker-actions-toolkit-h9s1KA/docker-metadata-action-bake-tags.json
2026-05-12T10:42:59.2003966Z   DOCKER_METADATA_OUTPUT_BAKE_FILE_LABELS: /home/runner/work/_temp/docker-actions-toolkit-h9s1KA/docker-metadata-action-bake-labels.json
2026-05-12T10:42:59.2004888Z   DOCKER_METADATA_OUTPUT_BAKE_FILE_ANNOTATIONS: /home/runner/work/_temp/docker-actions-toolkit-h9s1KA/docker-metadata-action-bake-annotations.json
2026-05-12T10:42:59.2005756Z   DOCKER_METADATA_OUTPUT_BAKE_FILE: /home/runner/work/_temp/docker-actions-toolkit-h9s1KA/docker-metadata-action-bake.json
2026-05-12T10:42:59.2006333Z   ACTIONS_RUNNER_ACTION_ARCHIVE_CACHE: /opt/actionarchivecache
2026-05-12T10:42:59.2006981Z   ACTIONS_RUNTIME_URL: https://pipelinesghubeus5.actions.githubusercontent.com/Y2huPMnV2RyiTvKoReSyXTCrcRyxUdSDRZYoZr0ONBvpl5e9Nu/
2026-05-12T10:42:59.2123935Z   ACTIONS_RUNTIME_TOKEN: ***
2026-05-12T10:42:59.2124470Z   ACTIONS_CACHE_URL: https://acghubeus1.actions.githubusercontent.com/Y2huPMnV2RyiTvKoReSyXTCrcRyxUdSDRZYoZr0ONBvpl5e9Nu/
2026-05-12T10:42:59.2125577Z   ACTIONS_ID_TOKEN_REQUEST_URL: https://run-actions-3-azure-eastus.actions.githubusercontent.com/212//idtoken/6ece794b-7360-4064-a12f-d4be2ad1c3b2/48ab6f15-732c-5a16-91ea-55e73eed7409?api-version=2.0
2026-05-12T10:42:59.2243069Z   ACTIONS_ID_TOKEN_REQUEST_TOKEN: ***
2026-05-12T10:42:59.2243461Z   ACTIONS_RESULTS_URL: https://results-receiver.actions.githubusercontent.com/
2026-05-12T10:42:59.2243846Z   ACTIONS_CACHE_SERVICE_V2: True
2026-05-12T10:42:59.2244260Z   ACTIONS_ORCHESTRATION_ID: 6ece794b-7360-4064-a12f-d4be2ad1c3b2.build.build._2_linux_arm_v7_ubuntu-24
2026-05-12T10:42:59.2244688Z ##[endgroup]
2026-05-12T10:42:59.4001943Z ##[group]Docker info
2026-05-12T10:42:59.4029446Z [command]/usr/bin/docker version
2026-05-12T10:42:59.4200973Z Client: Docker Engine - Community
2026-05-12T10:42:59.4201243Z  Version:           28.0.4
2026-05-12T10:42:59.4201443Z  API version:       1.48
2026-05-12T10:42:59.4201636Z  Go version:        go1.23.7
2026-05-12T10:42:59.4201833Z  Git commit:        b8034c0
2026-05-12T10:42:59.4202552Z  Built:             Tue Mar 25 15:07:55 2025
2026-05-12T10:42:59.4202792Z  OS/Arch:           linux/arm64
2026-05-12T10:42:59.4203024Z  Context:           default
2026-05-12T10:42:59.4203150Z 
2026-05-12T10:42:59.4203235Z Server: Docker Engine - Community
2026-05-12T10:42:59.4203436Z  Engine:
2026-05-12T10:42:59.4203584Z   Version:          28.0.4
2026-05-12T10:42:59.4203800Z   API version:      1.48 (minimum version 1.24)
2026-05-12T10:42:59.4204045Z   Go version:       go1.23.7
2026-05-12T10:42:59.4204241Z   Git commit:       6430e49
2026-05-12T10:42:59.4204446Z   Built:            Tue Mar 25 15:07:55 2025
2026-05-12T10:42:59.4204679Z   OS/Arch:          linux/arm64
2026-05-12T10:42:59.4204881Z   Experimental:     false
2026-05-12T10:42:59.4205059Z  containerd:
2026-05-12T10:42:59.4205217Z   Version:          v2.2.1
2026-05-12T10:42:59.4205465Z   GitCommit:        dea7da592f5d1d2b7755e3a161be07f43fad8f75
2026-05-12T10:42:59.4205731Z  runc:
2026-05-12T10:42:59.4205878Z   Version:          1.3.4
2026-05-12T10:42:59.4206085Z   GitCommit:        v1.3.4-0-gd6d73eb8
2026-05-12T10:42:59.4206303Z  docker-init:
2026-05-12T10:42:59.4206813Z   Version:          0.19.0
2026-05-12T10:42:59.4207127Z   GitCommit:        de40ad0
2026-05-12T10:42:59.4238843Z [command]/usr/bin/docker info
2026-05-12T10:42:59.4878228Z Client: Docker Engine - Community
2026-05-12T10:42:59.4878994Z  Version:    28.0.4
2026-05-12T10:42:59.4880328Z  Context:    default
2026-05-12T10:42:59.4880673Z  Debug Mode: false
2026-05-12T10:42:59.4881010Z  Plugins:
2026-05-12T10:42:59.4881211Z   buildx: Docker Buildx (Docker Inc.)
2026-05-12T10:42:59.4881480Z     Version:  v0.31.1
2026-05-12T10:42:59.4881795Z     Path:     /usr/libexec/docker/cli-plugins/docker-buildx
2026-05-12T10:42:59.4882162Z   compose: Docker Compose (Docker Inc.)
2026-05-12T10:42:59.4882423Z     Version:  v2.38.2
2026-05-12T10:42:59.4882748Z     Path:     /usr/libexec/docker/cli-plugins/docker-compose
2026-05-12T10:42:59.4882978Z 
2026-05-12T10:42:59.4883068Z Server:
2026-05-12T10:42:59.4883329Z  Containers: 0
2026-05-12T10:42:59.4883560Z   Running: 0
2026-05-12T10:42:59.4883738Z   Paused: 0
2026-05-12T10:42:59.4883966Z   Stopped: 0
2026-05-12T10:42:59.4884173Z  Images: 2
2026-05-12T10:42:59.4884370Z  Server Version: 28.0.4
2026-05-12T10:42:59.4884665Z  Storage Driver: overlay2
2026-05-12T10:42:59.4884901Z   Backing Filesystem: extfs
2026-05-12T10:42:59.4885131Z   Supports d_type: true
2026-05-12T10:42:59.4885402Z   Using metacopy: false
2026-05-12T10:42:59.4885625Z   Native Overlay Diff: false
2026-05-12T10:42:59.4885860Z   userxattr: false
2026-05-12T10:42:59.4886145Z  Logging Driver: json-file
2026-05-12T10:42:59.4886390Z  Cgroup Driver: systemd
2026-05-12T10:42:59.4886639Z  Cgroup Version: 2
2026-05-12T10:42:59.4886848Z  Plugins:
2026-05-12T10:42:59.4887033Z   Volume: local
2026-05-12T10:42:59.4887339Z   Network: bridge host ipvlan macvlan null overlay
2026-05-12T10:42:59.4887758Z   Log: awslogs fluentd gcplogs gelf journald json-file local splunk syslog
2026-05-12T10:42:59.4888166Z  Swarm: inactive
2026-05-12T10:42:59.4888424Z  Runtimes: io.containerd.runc.v2 runc
2026-05-12T10:42:59.4888704Z  Default Runtime: runc
2026-05-12T10:42:59.4888920Z  Init Binary: docker-init
2026-05-12T10:42:59.4889288Z  containerd version: dea7da592f5d1d2b7755e3a161be07f43fad8f75
2026-05-12T10:42:59.4889632Z  runc version: v1.3.4-0-gd6d73eb8
2026-05-12T10:42:59.4889908Z  init version: de40ad0
2026-05-12T10:42:59.4890386Z  Security Options:
2026-05-12T10:42:59.4890604Z   apparmor
2026-05-12T10:42:59.4890849Z   seccomp
2026-05-12T10:42:59.4891116Z    Profile: builtin
2026-05-12T10:42:59.4891331Z   cgroupns
2026-05-12T10:42:59.4891574Z  Kernel Version: 6.14.0-1017-azure
2026-05-12T10:42:59.4891842Z  Operating System: Ubuntu 24.04.3 LTS
2026-05-12T10:42:59.4892119Z  OSType: linux
2026-05-12T10:42:59.4892377Z  Architecture: aarch64
2026-05-12T10:42:59.4892598Z  CPUs: 4
2026-05-12T10:42:59.4892767Z  Total Memory: 15.58GiB
2026-05-12T10:42:59.4893039Z  Name: runnervm6gd1v
2026-05-12T10:42:59.4893697Z  ID: 4ae0b85c-b74d-4a0f-bfb1-54131c968d87
2026-05-12T10:42:59.4894014Z  Docker Root Dir: /var/lib/docker
2026-05-12T10:42:59.4894283Z  Debug Mode: false
2026-05-12T10:42:59.4894502Z  Username: githubactions
2026-05-12T10:42:59.4894762Z  Experimental: false
2026-05-12T10:42:59.4895006Z  Insecure Registries:
2026-05-12T10:42:59.4895277Z   ::1/128
2026-05-12T10:42:59.4895489Z   127.0.0.0/8
2026-05-12T10:42:59.4895694Z  Live Restore Enabled: false
2026-05-12T10:42:59.4895859Z 
2026-05-12T10:42:59.4896362Z ##[endgroup]
2026-05-12T10:42:59.5863420Z ##[group]Download buildx from GitHub Releases
2026-05-12T10:42:59.6650810Z Use 0.33.0 version spec cache key for v0.33.0
2026-05-12T10:42:59.6653435Z GitHub Actions cache disabled
2026-05-12T10:42:59.6654186Z Downloading https://github.com/docker/buildx/releases/download/v0.33.0/buildx-v0.33.0.linux-arm64
2026-05-12T10:43:00.2349778Z Copying /home/runner/work/_temp/489d5c3e-7761-401e-88d5-27a165a0f22b to /home/runner/.docker/buildx/.bin/0.33.0/linux-arm64/docker-buildx
2026-05-12T10:43:00.4556027Z Cached to /home/runner/.docker/buildx/.bin/0.33.0/linux-arm64/docker-buildx
2026-05-12T10:43:00.4557148Z ##[endgroup]
2026-05-12T10:43:00.4557512Z ##[group]Install buildx
2026-05-12T10:43:00.4557707Z Docker plugin mode
2026-05-12T10:43:00.4797389Z Fixing perms
2026-05-12T10:43:00.4797697Z Plugin path: /home/runner/.docker/cli-plugins/docker-buildx
2026-05-12T10:43:00.4798337Z ##[endgroup]
2026-05-12T10:43:00.4798633Z ##[group]Buildx version
2026-05-12T10:43:00.4817617Z [command]/usr/bin/docker buildx version
2026-05-12T10:43:00.5266924Z github.com/docker/buildx v0.33.0 f7897eba028583e0071642db3c011e860444f8cf
2026-05-12T10:43:00.5300253Z ##[endgroup]
2026-05-12T10:43:00.5447871Z ##[group]Inspecting default docker context
2026-05-12T10:43:01.2065853Z [
2026-05-12T10:43:01.2066146Z   {
2026-05-12T10:43:01.2069747Z     "Name": "default",
2026-05-12T10:43:01.2070124Z     "Metadata": {},
2026-05-12T10:43:01.2070311Z     "Endpoints": {
2026-05-12T10:43:01.2070472Z       "docker": {
2026-05-12T10:43:01.2070700Z         "Host": "unix:///var/run/docker.sock",
2026-05-12T10:43:01.2070953Z         "SkipTLSVerify": false
2026-05-12T10:43:01.2071161Z       }
2026-05-12T10:43:01.2071301Z     },
2026-05-12T10:43:01.2071448Z     "TLSMaterial": {},
2026-05-12T10:43:01.2071623Z     "Storage": {
2026-05-12T10:43:01.2071792Z       "MetadataPath": "<IN MEMORY>",
2026-05-12T10:43:01.2072018Z       "TLSPath": "<IN MEMORY>"
2026-05-12T10:43:01.2072204Z     }
2026-05-12T10:43:01.2072339Z   }
2026-05-12T10:43:01.2072472Z ]
2026-05-12T10:43:01.2072947Z ##[endgroup]
2026-05-12T10:43:01.2073253Z ##[group]Creating a new builder instance
2026-05-12T10:43:01.3225658Z [command]/usr/bin/docker buildx create --name builder-e6ed23ce-b3ea-486e-91bb-4fa9b8146019 --driver docker-container --driver-opt image=moby/buildkit:v0.29.0 --driver-opt env.ACTIONS_ID_TOKEN_REQUEST_TOKEN=*** --driver-opt env.ACTIONS_ID_TOKEN_REQUEST_URL=https://run-actions-3-azure-eastus.actions.githubusercontent.com/212//idtoken/6ece794b-7360-4064-a12f-d4be2ad1c3b2/48ab6f15-732c-5a16-91ea-55e73eed7409?api-version=2.0 --buildkitd-flags --debug --use --config /home/runner/work/_temp/docker-actions-toolkit-Li09xm/tmp-2739-ruJZR2S5PZ9f
2026-05-12T10:43:01.3790255Z builder-e6ed23ce-b3ea-486e-91bb-4fa9b8146019
2026-05-12T10:43:01.3818399Z ##[endgroup]
2026-05-12T10:43:01.3818886Z ##[group]Booting builder
2026-05-12T10:43:01.3849768Z [command]/usr/bin/docker buildx inspect --bootstrap --builder builder-e6ed23ce-b3ea-486e-91bb-4fa9b8146019
2026-05-12T10:43:01.4319499Z #1 [internal] booting buildkit
2026-05-12T10:43:01.5827741Z #1 pulling image moby/buildkit:v0.29.0
2026-05-12T10:43:06.4698750Z #1 pulling image moby/buildkit:v0.29.0 5.0s done
2026-05-12T10:43:06.6209322Z #1 creating container buildx_buildkit_builder-e6ed23ce-b3ea-486e-91bb-4fa9b81460190
2026-05-12T10:43:07.0501855Z #1 creating container buildx_buildkit_builder-e6ed23ce-b3ea-486e-91bb-4fa9b81460190 0.6s done
2026-05-12T10:43:07.0515997Z #1 DONE 5.6s
2026-05-12T10:43:07.0804197Z Name:          builder-e6ed23ce-b3ea-486e-91bb-4fa9b8146019
2026-05-12T10:43:07.0805935Z Driver:        docker-container
2026-05-12T10:43:07.0806186Z Last Activity: 2026-05-12 10:43:01 +0000 UTC
2026-05-12T10:43:07.0806359Z 
2026-05-12T10:43:07.0806422Z Nodes:
2026-05-12T10:43:07.0806641Z Name:                  builder-e6ed23ce-b3ea-486e-91bb-4fa9b81460190
2026-05-12T10:43:07.0806971Z Endpoint:              unix:///var/run/docker.sock
2026-05-12T10:43:07.0953117Z Driver Options:        image="moby/buildkit:v0.29.0" env.ACTIONS_ID_TOKEN_REQUEST_TOKEN="***" env.ACTIONS_ID_TOKEN_REQUEST_URL="https://run-actions-3-azure-eastus.actions.githubusercontent.com/212//idtoken/6ece794b-7360-4064-a12f-d4be2ad1c3b2/48ab6f15-732c-5a16-91ea-55e73eed7409?api-version=2.0"
2026-05-12T10:43:07.0954294Z Status:                running
2026-05-12T10:43:07.0954617Z BuildKit daemon flags: --debug --allow-insecure-entitlement=network.host
2026-05-12T10:43:07.0955035Z BuildKit version:      v0.29.0
2026-05-12T10:43:07.0956147Z Platforms:             linux/arm64, linux/amd64, linux/amd64/v2, linux/riscv64, linux/ppc64le, linux/s390x, linux/386, linux/mips64le, linux/mips64, linux/loong64, linux/arm/v7, linux/arm/v6
2026-05-12T10:43:07.0956880Z Labels:
2026-05-12T10:43:07.0957099Z  org.mobyproject.buildkit.worker.executor:         oci
2026-05-12T10:43:07.0957470Z  org.mobyproject.buildkit.worker.hostname:         7340aea6c060
2026-05-12T10:43:07.0957842Z  org.mobyproject.buildkit.worker.network:          host
2026-05-12T10:43:07.0958207Z  org.mobyproject.buildkit.worker.oci.process-mode: sandbox
2026-05-12T10:43:07.0958581Z  org.mobyproject.buildkit.worker.selinux.enabled:  false
2026-05-12T10:43:07.0958954Z  org.mobyproject.buildkit.worker.snapshotter:      overlayfs
2026-05-12T10:43:07.0959252Z GC Policy rule#0:
2026-05-12T10:43:07.0959421Z  All:            false
2026-05-12T10:43:07.0959721Z  Filters:        type==source.local,type==exec.cachemount,type==source.git.checkout
2026-05-12T10:43:07.0960250Z  Keep Duration:  48h0m0s
2026-05-12T10:43:07.0960447Z  Max Used Space: 488.3MiB
2026-05-12T10:43:07.0960646Z GC Policy rule#1:
2026-05-12T10:43:07.0960809Z  All:            false
2026-05-12T10:43:07.0960995Z  Keep Duration:  1440h0m0s
2026-05-12T10:43:07.0961192Z  Reserved Space: 9.313GiB
2026-05-12T10:43:07.0961385Z  Max Used Space: 93.13GiB
2026-05-12T10:43:07.0961572Z  Min Free Space: 27.01GiB
2026-05-12T10:43:07.0961753Z GC Policy rule#2:
2026-05-12T10:43:07.0961915Z  All:            false
2026-05-12T10:43:07.0962093Z  Reserved Space: 9.313GiB
2026-05-12T10:43:07.0962284Z  Max Used Space: 93.13GiB
2026-05-12T10:43:07.0962476Z  Min Free Space: 27.01GiB
2026-05-12T10:43:07.0962672Z GC Policy rule#3:
2026-05-12T10:43:07.0962832Z  All:            true
2026-05-12T10:43:07.0963008Z  Reserved Space: 9.313GiB
2026-05-12T10:43:07.0963195Z  Max Used Space: 93.13GiB
2026-05-12T10:43:07.0963383Z  Min Free Space: 27.01GiB
2026-05-12T10:43:07.0963570Z File#buildkitd.toml:
2026-05-12T10:43:07.0963740Z  > [cache]
2026-05-12T10:43:07.0963887Z  > [cache.gha]
2026-05-12T10:43:07.0964060Z  > [cache.gha.sign]
2026-05-12T10:43:07.0964257Z  > command = ['ghacache-sign-script.sh']
2026-05-12T10:43:07.0964480Z  > 
2026-05-12T10:43:07.0964632Z  > [cache.gha.verify]
2026-05-12T10:43:07.0964810Z  > required = true
2026-05-12T10:43:07.0964970Z  > 
2026-05-12T10:43:07.0965125Z  > [cache.gha.verify.policy]
2026-05-12T10:43:07.0965353Z  > githubWorkflowRepository = 'moby/moby'
2026-05-12T10:43:07.0965692Z  > issuer = 'https://token.actions.githubusercontent.com'
2026-05-12T10:43:07.0966005Z  > runnerEnvironment = 'github-hosted'
2026-05-12T10:43:07.0966293Z  > sourceRepositoryURI = 'https://github.com/moby/moby'
2026-05-12T10:43:07.0966761Z  > subjectAlternativeName = 'https://github.com/docker/github-builder/.github/workflows/bake.yml*'
2026-05-12T10:43:07.0967197Z  > timestampThreshold = 1
2026-05-12T10:43:07.0967391Z  > tlogThreshold = 1
2026-05-12T10:43:07.0967563Z  > 
2026-05-12T10:43:07.0967745Z File#provenance.d/github_actions_context.json:
2026-05-12T10:43:07.1001270Z  > {"github_actor":"thaJeztah","github_actor_id":"1804568","github_event_name":"push","github_event_payload":{"after":"90deaa8fc011b6418ded1872439bd698920448d1","base_ref":null,"before":"cc511e685a40c59273de506a5f99ca35a9783632","commits":[{"author":{"email":"elezar@nvidia.com","name":"Evan Lezar","username":"elezar"},"committer":{"email":"elezar@nvidia.com","name":"Evan Lezar","username":"elezar"},"distinct":false,"id":"704210f9e6d44af1501c7564c82a98653b059b7a","message":"daemon: preserve CDI additional GIDs\n\nCDI injection runs from WithDevices and may append supplementary groups to process.user.additionalGids. Docker's WithUser option previously ran afterwards and replaced Process.User, dropping any CDI-provided groups.\n\nResolve the final container user before device injection so CDI edits append to that user, and add regression coverage for a CDI v0.7 spec that injects additionalGids.\n\nSigned-off-by: Evan Lezar \u003celezar@nvidia.com\u003e","timestamp":"2026-05-08T15:24:38+02:00","tree_id":"8abf3d412602a304215d1fa9a6aa93519acfff02","url":"https://github.com/moby/moby/commit/704210f9e6d44af1501c7564c82a98653b059b7a"},{"author":{"email":"thaJeztah@users.noreply.github.com","name":"Sebastiaan van Stijn","username":"thaJeztah"},"committer":{"email":"noreply@github.com","name":"GitHub","username":"web-flow"},"distinct":true,"id":"90deaa8fc011b6418ded1872439bd698920448d1","message":"Merge pull request #52579 from elezar/fix-cdi-additional-gids\n\ndaemon: preserve CDI additional GIDs","timestamp":"2026-05-12T12:41:05+02:00","tree_id":"05b2b7f0261e30022a70aac32d13edd055e3fb05","url":"https://github.com/moby/moby/commit/90deaa8fc011b6418ded1872439bd698920448d1"}],"compare":"https://github.com/moby/moby/compare/cc511e685a40...90deaa8fc011","created":false,"deleted":false,"enterprise":{"avatar_url":"https://avatars.githubusercontent.com/b/208541?v=4","created_at":"2024-08-08T20:47:18Z","description":"An open framework to assemble specialized container systems without reinventing the wheel.","html_url":"https://github.com/enterprises/mobyproject","id":208541,"name":"Moby","node_id":"E_kgDOAAMunQ","slug":"mobyproject","updated_at":"2026-04-29T17:28:08Z","website_url":"https://mobyproject.org"},"forced":false,"head_commit":{"author":{"email":"thaJeztah@users.noreply.github.com","name":"Sebastiaan van Stijn","username":"thaJeztah"},"committer":{"email":"noreply@github.com","name":"GitHub","username":"web-flow"},"distinct":true,"id":"90deaa8fc011b6418ded1872439bd698920448d1","message":"Merge pull request #52579 from elezar/fix-cdi-additional-gids\n\ndaemon: preserve CDI additional GIDs","timestamp":"2026-05-12T12:41:05+02:00","tree_id":"05b2b7f0261e30022a70aac32d13edd055e3fb05","url":"https://github.com/moby/moby/commit/90deaa8fc011b6418ded1872439bd698920448d1"},"organization":{"avatar_url":"https://avatars.githubusercontent.com/u/27259197?v=4","description":"An open framework to assemble specialized container systems without reinventing the wheel.","events_url":"https://api.github.com/orgs/moby/events","hooks_url":"https://api.github.com/orgs/moby/hooks","id":27259197,"issues_url":"https://api.github.com/orgs/moby/issues","login":"moby","members_url":"https://api.github.com/orgs/moby/members{/member}","node_id":"MDEyOk9yZ2FuaXphdGlvbjI3MjU5MTk3","public_members_url":"https://api.github.com/orgs/moby/public_members{/member}","repos_url":"https://api.github.com/orgs/moby/repos","url":"https://api.github.com/orgs/moby"},"pusher":{"email":"thaJeztah@users.noreply.github.com","name":"thaJeztah"},"ref":"refs/heads/master","repository":{"allow_forking":true,"archive_url":"https://api.github.com/repos/moby/moby/{archive_format}{/ref}","archived":false,"assignees_url":"https://api.github.com/repos/moby/moby/assignees{/user}","blobs_url":"https://api.github.com/repos/moby/moby/git/blobs{/sha}","branches_url":"https://api.github.com/repos/moby/moby/branches{/branch}","clone_url":"https://github.com/moby/moby.git","collaborators_url":"https://api.github.com/repos/moby/moby/collaborators{/collaborator}","comments_url":"https://api.github.com/repos/moby/moby/comments{/number}","commits_url":"https://api.github.com/repos/moby/moby/commits{/sha}","compare_url":"https://api.github.com/repos/moby/moby/compare/{base}...{head}","contents_url":"https://api.github.com/repos/moby/moby/contents/{+path}","contributors_url":"https://api.github.com/repos/moby/moby/contributors","created_at":1358532657,"custom_properties":{},"default_branch":"master","deployments_url":"https://api.github.com/repos/moby/moby/deployments","description":"The Moby Project - a collaborative project for the container ecosystem to assemble container-based systems","disabled":false,"downloads_url":"https://api.github.com/repos/moby/moby/downloads","events_url":"https://api.github.com/repos/moby/moby/events","fork":false,"forks":18949,"forks_count":18949,"forks_url":"https://api.github.com/repos/moby/moby/forks","full_name":"moby/moby","git_commits_url":"https://api.github.com/repos/moby/moby/git/commits{/sha}","git_refs_url":"https://api.github.com/repos/moby/moby/git/refs{/sha}","git_tags_url":"https://api.github.com/repos/moby/moby/git/tags{/sha}","git_url":"git://github.com/moby/moby.git","has_discussions":true,"has_downloads":true,"has_issues":true,"has_pages":false,"has_projects":true,"has_pull_requests":true,"has_wiki":true,"homepage":"https://mobyproject.org/","hooks_url":"https://api.github.com/repos/moby/moby/hooks","html_url":"https://github.com/moby/moby","id":7691631,"is_template":false,"issue_comment_url":"https://api.github.com/repos/moby/moby/issues/comments{/number}","issue_events_url":"https://api.github.com/repos/moby/moby/issues/events{/number}","issues_url":"https://api.github.com/repos/moby/moby/issues{/number}","keys_url":"https://api.github.com/repos/moby/moby/keys{/key_id}","labels_url":"https://api.github.com/repos/moby/moby/labels{/name}","language":"Go","languages_url":"https://api.github.com/repos/moby/moby/languages","license":{"key":"apache-2.0","name":"Apache License 2.0","node_id":"MDc6TGljZW5zZTI=","spdx_id":"Apache-2.0","url":"https://api.github.com/licenses/apache-2.0"},"master_branch":"master","merges_url":"https://api.github.com/repos/moby/moby/merges","milestones_url":"https://api.github.com/repos/moby/moby/milestones{/number}","mirror_url":null,"name":"moby","node_id":"MDEwOlJlcG9zaXRvcnk3NjkxNjMx","notifications_url":"https://api.github.com/repos/moby/moby/notifications{?since,all,participating}","open_issues":3813,"open_issues_count":3813,"organization":"moby","owner":{"avatar_url":"https://avatars.githubusercontent.com/u/27259197?v=4","email":null,"events_url":"https://api.github.com/users/moby/events{/privacy}","followers_url":"https://api.github.com/users/moby/followers","following_url":"https://api.github.com/users/moby/following{/other_user}","gists_url":"https://api.github.com/users/moby/gists{/gist_id}","gravatar_id":"","html_url":"https://github.com/moby","id":27259197,"login":"moby","name":"moby","node_id":"MDEyOk9yZ2FuaXphdGlvbjI3MjU5MTk3","organizations_url":"https://api.github.com/users/moby/orgs","received_events_url":"https://api.github.com/users/moby/received_events","repos_url":"https://api.github.com/users/moby/repos","site_admin":false,"starred_url":"https://api.github.com/users/moby/starred{/owner}{/repo}","subscriptions_url":"https://api.github.com/users/moby/subscriptions","type":"Organization","url":"https://api.github.com/users/moby","user_view_type":"public"},"private":false,"pull_request_creation_policy":"all","pulls_url":"https://api.github.com/repos/moby/moby/pulls{/number}","pushed_at":1778582466,"releases_url":"https://api.github.com/repos/moby/moby/releases{/id}","size":261290,"ssh_url":"git@github.com:moby/moby.git","stargazers":71548,"stargazers_count":71548,"stargazers_url":"https://api.github.com/repos/moby/moby/stargazers","statuses_url":"https://api.github.com/repos/moby/moby/statuses/{sha}","subscribers_url":"https://api.github.com/repos/moby/moby/subscribers","subscription_url":"https://api.github.com/repos/moby/moby/subscription","svn_url":"https://github.com/moby/moby","tags_url":"https://api.github.com/repos/moby/moby/tags","teams_url":"https://api.github.com/repos/moby/moby/teams","topics":["containers","docker","go","golang"],"trees_url":"https://api.github.com/repos/moby/moby/git/trees{/sha}","updated_at":"2026-05-12T05:35:46Z","url":"https://api.github.com/repos/moby/moby","visibility":"public","watchers":71548,"watchers_count":71548,"web_commit_signoff_required":true},"sender":{"avatar_url":"https://avatars.githubusercontent.com/u/1804568?v=4","events_url":"https://api.github.com/users/thaJeztah/events{/privacy}","followers_url":"https://api.github.com/users/thaJeztah/followers","following_url":"https://api.github.com/users/thaJeztah/following{/other_user}","gists_url":"https://api.github.com/users/thaJeztah/gists{/gist_id}","gravatar_id":"","html_url":"https://github.com/thaJeztah","id":1804568,"login":"thaJeztah","node_id":"MDQ6VXNlcjE4MDQ1Njg=","organizations_url":"https://api.github.com/users/thaJeztah/orgs","received_events_url":"https://api.github.com/users/thaJeztah/received_events","repos_url":"https://api.github.com/users/thaJeztah/repos","site_admin":false,"starred_url":"https://api.github.com/users/thaJeztah/starred{/owner}{/repo}","subscriptions_url":"https://api.github.com/users/thaJeztah/subscriptions","type":"User","url":"https://api.github.com/users/thaJeztah","user_view_type":"public"}},"github_job":"build","github_ref":"refs/heads/master","github_ref_name":"master","github_ref_protected":"true","github_ref_type":"branch","github_repository":"moby/moby","github_repository_id":"7691631","github_repository_owner":"moby","github_repository_owner_id":"27259197","github_run_attempt":"1","github_run_id":"25729270852","github_run_number":"19070","github_runner_arch":"ARM64","github_runner_environment":"github-hosted","github_runner_image_os":"ubuntu24","github_runner_image_version":"20260318.59.1","github_runner_name":"GitHub Actions 1001402338","github_runner_os":"Linux","github_runner_tracking_id":"github_35b1e424-4ceb-4438-ad68-77036c0e5abe","github_server_url":"https://github.com","github_triggering_actor":"thaJeztah","github_workflow":"bin-image","github_workflow_ref":"moby/moby/.github/workflows/bin-image.yml@refs/heads/master","github_workflow_sha":"90deaa8fc011b6418ded1872439bd698920448d1"}
2026-05-12T10:43:07.1034871Z ##[endgroup]
2026-05-12T10:43:07.1721181Z ##[group]Inspect builder
2026-05-12T10:43:07.1723675Z {
2026-05-12T10:43:07.1724318Z   "nodes": [
2026-05-12T10:43:07.1724483Z     {
2026-05-12T10:43:07.1724709Z       "name": "builder-e6ed23ce-b3ea-486e-91bb-4fa9b81460190",
2026-05-12T10:43:07.1725207Z       "endpoint": "unix:///var/run/docker.sock",
2026-05-12T10:43:07.1725553Z       "driver-opts": [
2026-05-12T10:43:07.1848222Z         "env.ACTIONS_ID_TOKEN_REQUEST_TOKEN=***",
2026-05-12T10:43:07.1849197Z         "env.ACTIONS_ID_TOKEN_REQUEST_URL=https://run-actions-3-azure-eastus.actions.githubusercontent.com/212//idtoken/6ece794b-7360-4064-a12f-d4be2ad1c3b2/48ab6f15-732c-5a16-91ea-55e73eed7409?api-version=2.0",
2026-05-12T10:43:07.1850170Z         "image=moby/buildkit:v0.29.0"
2026-05-12T10:43:07.1850387Z       ],
2026-05-12T10:43:07.1850572Z       "status": "running",
2026-05-12T10:43:07.1850897Z       "buildkitd-flags": "--debug --allow-insecure-entitlement=network.host",
2026-05-12T10:43:07.1851248Z       "buildkit": "v0.29.0",
2026-05-12T10:43:07.1851874Z       "platforms": "linux/arm64,linux/amd64,linux/amd64/v2,linux/riscv64,linux/ppc64le,linux/s390x,linux/386,linux/mips64le,linux/mips64,linux/loong64,linux/arm/v7,linux/arm/v6",
2026-05-12T10:43:07.1852529Z       "features": {
2026-05-12T10:43:07.1852799Z         "Automatically load images to the Docker Engine image store": true,
2026-05-12T10:43:07.1853131Z         "Cache export": true,
2026-05-12T10:43:07.1853336Z         "Direct push": true,
2026-05-12T10:43:07.1853540Z         "Docker exporter": true,
2026-05-12T10:43:07.1853763Z         "Multi-platform build": true,
2026-05-12T10:43:07.1853990Z         "OCI exporter": true
2026-05-12T10:43:07.1854180Z       },
2026-05-12T10:43:07.1854318Z       "labels": {
2026-05-12T10:43:07.1854546Z         "org.mobyproject.buildkit.worker.executor": "oci",
2026-05-12T10:43:07.1855308Z         "org.mobyproject.buildkit.worker.hostname": "7340aea6c060",
2026-05-12T10:43:07.1855681Z         "org.mobyproject.buildkit.worker.network": "host",
2026-05-12T10:43:07.1856065Z         "org.mobyproject.buildkit.worker.oci.process-mode": "sandbox",
2026-05-12T10:43:07.1856482Z         "org.mobyproject.buildkit.worker.selinux.enabled": "false",
2026-05-12T10:43:07.1856877Z         "org.mobyproject.buildkit.worker.snapshotter": "overlayfs"
2026-05-12T10:43:07.1857201Z       },
2026-05-12T10:43:07.1857347Z       "gcPolicy": [
2026-05-12T10:43:07.1857511Z         {
2026-05-12T10:43:07.1857656Z           "all": false,
2026-05-12T10:43:07.1857828Z           "filter": [
2026-05-12T10:43:07.1858009Z             "type==source.local",
2026-05-12T10:43:07.1858221Z             "type==exec.cachemount",
2026-05-12T10:43:07.1858453Z             "type==source.git.checkout"
2026-05-12T10:43:07.1858668Z           ],
2026-05-12T10:43:07.1858829Z           "keepDuration": "48h0m0s",
2026-05-12T10:43:07.1859059Z           "maxUsedSpace": "488.3MiB"
2026-05-12T10:43:07.1859423Z         },
2026-05-12T10:43:07.1859598Z         {
2026-05-12T10:43:07.1859745Z           "all": false,
2026-05-12T10:43:07.1859932Z           "keepDuration": "1440h0m0s",
2026-05-12T10:43:07.1860469Z           "reservedSpace": "9.313GiB",
2026-05-12T10:43:07.1860704Z           "maxUsedSpace": "93.13GiB",
2026-05-12T10:43:07.1860931Z           "minFreeSpace": "27.01GiB"
2026-05-12T10:43:07.1861135Z         },
2026-05-12T10:43:07.1861275Z         {
2026-05-12T10:43:07.1861426Z           "all": false,
2026-05-12T10:43:07.1861616Z           "reservedSpace": "9.313GiB",
2026-05-12T10:43:07.1861840Z           "maxUsedSpace": "93.13GiB",
2026-05-12T10:43:07.1862069Z           "minFreeSpace": "27.01GiB"
2026-05-12T10:43:07.1862273Z         },
2026-05-12T10:43:07.1862413Z         {
2026-05-12T10:43:07.1862558Z           "all": true,
2026-05-12T10:43:07.1862745Z           "reservedSpace": "9.313GiB",
2026-05-12T10:43:07.1862984Z           "maxUsedSpace": "93.13GiB",
2026-05-12T10:43:07.1863211Z           "minFreeSpace": "27.01GiB"
2026-05-12T10:43:07.1863415Z         }
2026-05-12T10:43:07.1863558Z       ],
2026-05-12T10:43:07.1863702Z       "files": {
2026-05-12T10:43:07.1865414Z         "buildkitd.toml": "[cache]\n[cache.gha]\n[cache.gha.sign]\ncommand = ['ghacache-sign-script.sh']\n\n[cache.gha.verify]\nrequired = true\n\n[cache.gha.verify.policy]\ngithubWorkflowRepository = 'moby/moby'\nissuer = 'https://token.actions.githubusercontent.com'\nrunnerEnvironment = 'github-hosted'\nsourceRepositoryURI = 'https://github.com/moby/moby'\nsubjectAlternativeName = 'https://github.com/docker/github-builder/.github/workflows/bake.yml*'\ntimestampThreshold = 1\ntlogThreshold = 1\n"
2026-05-12T10:43:07.1867159Z       }
2026-05-12T10:43:07.1867302Z     }
2026-05-12T10:43:07.1867436Z   ],
2026-05-12T10:43:07.1867645Z   "name": "builder-e6ed23ce-b3ea-486e-91bb-4fa9b8146019",
2026-05-12T10:43:07.1867935Z   "driver": "docker-container",
2026-05-12T10:43:07.1868216Z   "lastActivity": "2026-05-12T10:43:01.000Z"
2026-05-12T10:43:07.1868441Z }
2026-05-12T10:43:07.1868813Z ##[endgroup]
2026-05-12T10:43:07.1869111Z ##[group]BuildKit version
2026-05-12T10:43:07.1869366Z builder-e6ed23ce-b3ea-486e-91bb-4fa9b81460190: v0.29.0
2026-05-12T10:43:07.1869749Z ##[endgroup]
2026-05-12T10:43:07.1926184Z ##[group]Run actions/github-script@3a2844b7e9c422d3c10d287c895573f7108da1b3
2026-05-12T10:43:07.1926551Z with:
2026-05-12T10:43:07.1931755Z   script: const fs = require('fs');
const os = require('os');
const path = require('path');

const { Buildx } = require('@docker/actions-toolkit/lib/buildx/buildx');
const { Cosign } = require('@docker/actions-toolkit/lib/cosign/cosign');
const { Install } = require('@docker/actions-toolkit/lib/cosign/install');

const inpCosignVersion = core.getInput('cosign-version');
const inpBuilderName = core.getInput('builder-name');
const inpGHACacheSignScript = core.getInput('gha-cache-sign-script');

const cosignInstall = new Install();
const cosignBinPath = await cosignInstall.download({
  version: core.getInput('cosign-version'),
  ghaNoCache: true,
  skipState: true,
  verifySignature: true
});
const cosignPath = await cosignInstall.install(cosignBinPath);

const cosign = new Cosign();
await cosign.printVersion();

const containerName = `${Buildx.containerNamePrefix}${inpBuilderName}0`;

const ghaCacheSignScriptPath = path.join(os.tmpdir(), `ghacache-sign-script.sh`);
core.info(`Writing GitHub Actions cache sign script to ${ghaCacheSignScriptPath}`);
await fs.writeFileSync(ghaCacheSignScriptPath, inpGHACacheSignScript, {mode: 0o700});

core.info(`Copying GitHub Actions cache sign script to BuildKit container ${containerName}`);
await exec.exec('docker', [
  'cp',
  ghaCacheSignScriptPath,
  `${containerName}:/usr/bin/ghacache-sign-script.sh`
]);

core.info(`Copying cosign binary to BuildKit container ${containerName}`);
await exec.exec('docker', [
  'cp',
  cosignPath,
  `${containerName}:/usr/bin/cosign`
]);

2026-05-12T10:43:07.1937260Z   github-token: ***
2026-05-12T10:43:07.1937437Z   debug: false
2026-05-12T10:43:07.1937607Z   user-agent: actions/github-script
2026-05-12T10:43:07.1937833Z   result-encoding: json
2026-05-12T10:43:07.1938008Z   retries: 0
2026-05-12T10:43:07.1938195Z   retry-exempt-status-codes: 400,401,403,404,422
2026-05-12T10:43:07.1938449Z env:
2026-05-12T10:43:07.1938600Z   BUILDX_VERSION: v0.33.0
2026-05-12T10:43:07.1938808Z   BUILDKIT_IMAGE: moby/buildkit:v0.29.0
2026-05-12T10:43:07.1939074Z   SBOM_IMAGE: docker/buildkit-syft-scanner:1.11.0
2026-05-12T10:43:07.1939366Z   BINFMT_IMAGE: tonistiigi/binfmt:qemu-v10.2.1-65
2026-05-12T10:43:07.1939696Z   DOCKER_ACTIONS_TOOLKIT_MODULE: @docker/actions-toolkit@0.89.1
2026-05-12T10:43:07.1940271Z   COSIGN_VERSION: v3.0.6
2026-05-12T10:43:07.1940488Z   LOCAL_EXPORT_DIR: /tmp/buildx-output
2026-05-12T10:43:07.1940718Z   MATRIX_SIZE_LIMIT: 20
2026-05-12T10:43:07.1940913Z   BUILDX_SEND_GIT_QUERY_AS_INPUT: true
2026-05-12T10:43:07.1941144Z   NPM_CONFIG_FETCH_RETRIES: 5
2026-05-12T10:43:07.1941368Z   DOCKER_METADATA_OUTPUT_VERSION: master
2026-05-12T10:43:07.1941636Z   DOCKER_METADATA_OUTPUT_TAGS: moby/moby-bin:master
2026-05-12T10:43:07.1941912Z   DOCKER_METADATA_OUTPUT_TAG_NAMES: master
2026-05-12T10:43:07.1943900Z   DOCKER_METADATA_OUTPUT_LABELS: org.opencontainers.image.created=2026-05-12T10:42:50.363Z
org.opencontainers.image.description=The Moby Project - a collaborative project for the container ecosystem to assemble container-based systems
org.opencontainers.image.licenses=Apache-2.0
org.opencontainers.image.revision=90deaa8fc011b6418ded1872439bd698920448d1
org.opencontainers.image.source=https://github.com/moby/moby
org.opencontainers.image.title=moby
org.opencontainers.image.url=https://github.com/moby/moby
org.opencontainers.image.version=master
2026-05-12T10:43:07.1948152Z   DOCKER_METADATA_OUTPUT_ANNOTATIONS: manifest:org.opencontainers.image.created=2026-05-12T10:42:50.363Z
manifest:org.opencontainers.image.description=The Moby Project - a collaborative project for the container ecosystem to assemble container-based systems
manifest:org.opencontainers.image.licenses=Apache-2.0
manifest:org.opencontainers.image.revision=90deaa8fc011b6418ded1872439bd698920448d1
manifest:org.opencontainers.image.source=https://github.com/moby/moby
manifest:org.opencontainers.image.title=moby
manifest:org.opencontainers.image.url=https://github.com/moby/moby
manifest:org.opencontainers.image.version=master
2026-05-12T10:43:07.1954592Z   DOCKER_METADATA_OUTPUT_JSON: {"tags":["moby/moby-bin:master"],"tag-names":["master"],"labels":{"org.opencontainers.image.created":"2026-05-12T10:42:50.363Z","org.opencontainers.image.description":"The Moby Project - a collaborative project for the container ecosystem to assemble container-based systems","org.opencontainers.image.licenses":"Apache-2.0","org.opencontainers.image.revision":"90deaa8fc011b6418ded1872439bd698920448d1","org.opencontainers.image.source":"https://github.com/moby/moby","org.opencontainers.image.title":"moby","org.opencontainers.image.url":"https://github.com/moby/moby","org.opencontainers.image.version":"master"},"annotations":["manifest:org.opencontainers.image.created=2026-05-12T10:42:50.363Z","manifest:org.opencontainers.image.description=The Moby Project - a collaborative project for the container ecosystem to assemble container-based systems","manifest:org.opencontainers.image.licenses=Apache-2.0","manifest:org.opencontainers.image.revision=90deaa8fc011b6418ded1872439bd698920448d1","manifest:org.opencontainers.image.source=https://github.com/moby/moby","manifest:org.opencontainers.image.title=moby","manifest:org.opencontainers.image.url=https://github.com/moby/moby","manifest:org.opencontainers.image.version=master"]}
2026-05-12T10:43:07.1959439Z   DOCKER_METADATA_OUTPUT_BAKE_FILE_TAGS: /home/runner/work/_temp/docker-actions-toolkit-h9s1KA/docker-metadata-action-bake-tags.json
2026-05-12T10:43:07.1960475Z   DOCKER_METADATA_OUTPUT_BAKE_FILE_LABELS: /home/runner/work/_temp/docker-actions-toolkit-h9s1KA/docker-metadata-action-bake-labels.json
2026-05-12T10:43:07.1961415Z   DOCKER_METADATA_OUTPUT_BAKE_FILE_ANNOTATIONS: /home/runner/work/_temp/docker-actions-toolkit-h9s1KA/docker-metadata-action-bake-annotations.json
2026-05-12T10:43:07.1962288Z   DOCKER_METADATA_OUTPUT_BAKE_FILE: /home/runner/work/_temp/docker-actions-toolkit-h9s1KA/docker-metadata-action-bake.json
2026-05-12T10:43:07.1962870Z   ACTIONS_RUNNER_ACTION_ARCHIVE_CACHE: /opt/actionarchivecache
2026-05-12T10:43:07.1963520Z   ACTIONS_RUNTIME_URL: https://pipelinesghubeus5.actions.githubusercontent.com/Y2huPMnV2RyiTvKoReSyXTCrcRyxUdSDRZYoZr0ONBvpl5e9Nu/
2026-05-12T10:43:07.2080439Z   ACTIONS_RUNTIME_TOKEN: ***
2026-05-12T10:43:07.2080973Z   ACTIONS_CACHE_URL: https://acghubeus1.actions.githubusercontent.com/Y2huPMnV2RyiTvKoReSyXTCrcRyxUdSDRZYoZr0ONBvpl5e9Nu/
2026-05-12T10:43:07.2082067Z   ACTIONS_ID_TOKEN_REQUEST_URL: https://run-actions-3-azure-eastus.actions.githubusercontent.com/212//idtoken/6ece794b-7360-4064-a12f-d4be2ad1c3b2/48ab6f15-732c-5a16-91ea-55e73eed7409?api-version=2.0
2026-05-12T10:43:07.2199140Z   ACTIONS_ID_TOKEN_REQUEST_TOKEN: ***
2026-05-12T10:43:07.2199532Z   ACTIONS_RESULTS_URL: https://results-receiver.actions.githubusercontent.com/
2026-05-12T10:43:07.2199921Z   ACTIONS_CACHE_SERVICE_V2: True
2026-05-12T10:43:07.2200444Z   ACTIONS_ORCHESTRATION_ID: 6ece794b-7360-4064-a12f-d4be2ad1c3b2.build.build._2_linux_arm_v7_ubuntu-24
2026-05-12T10:43:07.2200893Z   INPUT_COSIGN-VERSION: v3.0.6
2026-05-12T10:43:07.2201188Z   INPUT_BUILDER-NAME: builder-e6ed23ce-b3ea-486e-91bb-4fa9b8146019
2026-05-12T10:43:07.2203613Z   INPUT_GHA-CACHE-SIGN-SCRIPT: #!/bin/sh
set -e

# Create temporary files
tmp_dir=$(mktemp -d)
out_file="$tmp_dir/bundle"
in_file="$tmp_dir/blob"
signing_config="$tmp_dir/signing-config.json"
trap 'rm -rf "$tmp_dir"' EXIT
cat > "$in_file"

no_default_rekor=
if [ "" = "true" ]; then
  no_default_rekor="--no-default-rekor=true"
fi

set -x

# Create signing config
COSIGN_EXPERIMENTAL=1 cosign signing-config create \
  --with-default-services=true \
  ${no_default_rekor:+$no_default_rekor} \
  --out="$signing_config"

# Sign with cosign
cosign sign-blob \
  --yes \
  --oidc-provider github-actions \
  --new-bundle-format \
  --signing-config "$signing_config" \
  --bundle "$out_file" \
  "$in_file"

# Output bundle to stdout
cat "$out_file"

2026-05-12T10:43:07.2205937Z ##[endgroup]
2026-05-12T10:43:07.7382859Z Use 3.0.6 version spec cache key for v3.0.6
2026-05-12T10:43:07.7394237Z GitHub Actions cache disabled
2026-05-12T10:43:07.7394639Z Downloading https://github.com/sigstore/cosign/releases/download/v3.0.6/cosign-linux-arm64
2026-05-12T10:43:08.5960102Z Downloading keyless verification bundle at https://github.com/sigstore/cosign/releases/download/v3.0.6/cosign-linux-arm64.sigstore.json
2026-05-12T10:43:08.8994656Z Verifying keyless verification bundle signature
2026-05-12T10:43:08.9003983Z Fetching Sigstore TUF trusted root metadata
2026-05-12T10:43:09.1047153Z Verifying artifact signature
2026-05-12T10:43:09.2292763Z Cosign binary signature verified! https://search.sigstore.dev?logIndex=1244820539
2026-05-12T10:43:09.2293933Z Copying /home/runner/work/_temp/b43a5be8-e71b-4803-a1d0-ae7b6c3ab786 to /home/runner/.bin/3.0.6/linux-arm64/cosign
2026-05-12T10:43:09.8620817Z Cached to /home/runner/.bin/3.0.6/linux-arm64/cosign
2026-05-12T10:43:10.7632107Z Fixing perms
2026-05-12T10:43:10.7636178Z Added Cosign to PATH
2026-05-12T10:43:10.7636542Z Binary path: /home/runner/work/_temp/docker-actions-toolkit-TuKa0i/cosign-bin/cosign
2026-05-12T10:43:10.7662810Z [command]/home/runner/work/_temp/docker-actions-toolkit-TuKa0i/cosign-bin/cosign version --json
2026-05-12T10:43:10.7880605Z {
2026-05-12T10:43:10.7881176Z   "gitVersion": "v3.0.6",
2026-05-12T10:43:10.7881472Z   "gitCommit": "f1ad3ee952313be5d74a49d67ba0aa8d0d5e351f",
2026-05-12T10:43:10.7881761Z   "gitTreeState": "clean",
2026-05-12T10:43:10.7881970Z   "buildDate": "2026-04-06T21:39:58Z",
2026-05-12T10:43:10.7882199Z   "goVersion": "go1.25.7",
2026-05-12T10:43:10.7882390Z   "compiler": "gc",
2026-05-12T10:43:10.7882599Z   "platform": "linux/arm64"
2026-05-12T10:43:10.7882787Z }
2026-05-12T10:43:10.7897928Z Writing GitHub Actions cache sign script to /tmp/ghacache-sign-script.sh
2026-05-12T10:43:10.7899773Z Copying GitHub Actions cache sign script to BuildKit container buildx_buildkit_builder-e6ed23ce-b3ea-486e-91bb-4fa9b81460190
2026-05-12T10:43:10.7922206Z [command]/usr/bin/docker cp /tmp/ghacache-sign-script.sh buildx_buildkit_builder-e6ed23ce-b3ea-486e-91bb-4fa9b81460190:/usr/bin/ghacache-sign-script.sh
2026-05-12T10:43:11.4169233Z Copying cosign binary to BuildKit container buildx_buildkit_builder-e6ed23ce-b3ea-486e-91bb-4fa9b81460190
2026-05-12T10:43:11.4182643Z [command]/usr/bin/docker cp /home/runner/work/_temp/docker-actions-toolkit-TuKa0i/cosign-bin/cosign buildx_buildkit_builder-e6ed23ce-b3ea-486e-91bb-4fa9b81460190:/usr/bin/cosign
2026-05-12T10:43:11.5244918Z ##[group]Run actions/github-script@3a2844b7e9c422d3c10d287c895573f7108da1b3
2026-05-12T10:43:11.5245305Z with:
2026-05-12T10:43:11.5261119Z   script: const os = require('os');
const { Build } = require('@docker/actions-toolkit/lib/buildx/build');
const { GitHub } = require('@docker/actions-toolkit/lib/github/github');
const { Util } = require('@docker/actions-toolkit/lib/util');

const inpPlatform = core.getInput('platform');
const platformPairSuffix = inpPlatform ? `-${inpPlatform.replace(/\//g, '-')}` : '';
core.setOutput('platform-pair-suffix', platformPairSuffix);

const inpSbomImage = core.getInput('sbom-image');
const inpLocalExportDir = core.getInput('local-export-dir');

const inpCache = core.getBooleanInput('cache');
const inpCacheScope = core.getInput('cache-scope');
const inpCacheMode = core.getInput('cache-mode');
const inpContext = core.getInput('context');
const inpFiles = Util.getInputList('files');
const inpOutput = core.getInput('output');
const inpPush = core.getBooleanInput('push');
const inpSbom = core.getBooleanInput('sbom');
const inpSet = Util.getInputList('set', {ignoreComma: true, quote: false});
const inpTarget = core.getInput('target');
const inpVars = Util.getInputList('vars');
const inpMetaImages = core.getMultilineInput('meta-images');
const inpMetaVersion = core.getInput('meta-version');
const inpMetaTags = core.getMultilineInput('meta-tags');
const inpSetMetaAnnotations = core.getBooleanInput('set-meta-annotations');
const inpSetMetaLabels = core.getBooleanInput('set-meta-labels');
const inpBakeFileTags = core.getInput('bake-file-tags');
const inpBakeFileAnnotations = core.getInput('bake-file-annotations');
const inpBakeFileLabels = core.getInput('bake-file-labels');
const inpGitHubToken = core.getInput('github-token');

const meta = {
  version: inpMetaVersion,
  tags: inpMetaTags
};
const renderTemplate = value => Util.compileHandlebars(value, {noEscape: true}, {meta});

const bakeSource = await new Build().gitContext({subdir: inpContext});
await core.group(`Set source output`, async () => {
  core.info(bakeSource);
  core.setOutput('source', bakeSource);
});

await core.group(`Set target output`, async () => {
  core.info(inpTarget);
  core.setOutput('target', inpTarget);
});

const sbom = inpSbom ? `generator=${inpSbomImage}` : 'false';
await core.group(`Set sbom`, async () => {
  core.info(sbom);
  core.setOutput('sbom', sbom);
});

const envs = Object.assign({},
  inpVars ? inpVars.reduce((acc, curr) => {
    const idx = curr.indexOf('=');
    if (idx !== -1) {
      acc[curr.substring(0, idx)] = curr.substring(idx + 1);
    }
    return acc;
  }, {}) : {},
  {
    BUILDKIT_MULTI_PLATFORM: '1',
    BUILDX_BAKE_GIT_AUTH_TOKEN: inpGitHubToken
  }
);
await core.group(`Set envs`, async () => {
  core.info(JSON.stringify(envs, null, 2));
  core.setOutput('envs', JSON.stringify(envs));
});

let bakeFiles = inpFiles;
await core.group(`Set bake files`, async () => {
  if (bakeFiles.length === 0) {
    bakeFiles = ['docker-bake.hcl'];
  }
  if (inpBakeFileTags) {
    bakeFiles.push(`cwd://${inpBakeFileTags}`);
  }
  if (inpSetMetaAnnotations && inpBakeFileAnnotations) {
    bakeFiles.push(`cwd://${inpBakeFileAnnotations}`);
  }
  if (inpSetMetaLabels && inpBakeFileLabels) {
    bakeFiles.push(`cwd://${inpBakeFileLabels}`);
  }
  core.info(JSON.stringify(bakeFiles, null, 2));
  core.setOutput('files', bakeFiles.join(os.EOL));
});

let outputOverride = '';
switch (inpOutput) {
  case 'image':
    if (inpMetaImages.length == 0) {
      core.setFailed('meta-images is required when output is image');
      return;
    }
    outputOverride = `*.output=type=image,"name=${inpMetaImages.join(',')}",oci-artifact=true,push-by-digest=true,name-canonical=true,push=${inpPush}`;
    break;
  case 'local':
    outputOverride = `*.output=type=local,platform-split=true,dest=${inpLocalExportDir}`;
    break;
  default:
    core.setFailed(`Invalid output: ${inpOutput}`);
    return;
}

let bakeOverrides = [];
try {
  bakeOverrides = inpSet.map(override => renderTemplate(override));
} catch (err) {
  core.setFailed(`Failed to render Handlebars template: ${err.message}`);
  return;
}
await core.group(`Set bake overrides`, async () => {
  bakeOverrides.push(outputOverride);
  bakeOverrides.push('*.tags=');
  if (GitHub.context.payload.repository?.private ?? false) {
    // if this is a private repository, we set min provenance mode
    bakeOverrides.push(`*.attest=type=provenance,${Build.resolveProvenanceAttrs('mode=min,version=v1')}`);
  } else {
    // for a public repository, we set max provenance mode
    bakeOverrides.push(`*.attest=type=provenance,${Build.resolveProvenanceAttrs('mode=max,version=v1')}`);
  }
  if (inpPlatform) {
    bakeOverrides.push(`*.platform=${inpPlatform}`);
  }
  if (inpCache) {
    bakeOverrides.push(`*.cache-from=type=gha,scope=${inpCacheScope || inpTarget}${platformPairSuffix}`);
    bakeOverrides.push(`*.cache-to=type=gha,ignore-error=true,scope=${inpCacheScope || inpTarget}${platformPairSuffix},mode=${inpCacheMode}`);
  }
  core.info(JSON.stringify(bakeOverrides, null, 2));
  core.setOutput('overrides', bakeOverrides.join(os.EOL));
});

2026-05-12T10:43:11.5276906Z   github-token: ***
2026-05-12T10:43:11.5277085Z   debug: false
2026-05-12T10:43:11.5277422Z   user-agent: actions/github-script
2026-05-12T10:43:11.5277653Z   result-encoding: json
2026-05-12T10:43:11.5277833Z   retries: 0
2026-05-12T10:43:11.5278023Z   retry-exempt-status-codes: 400,401,403,404,422
2026-05-12T10:43:11.5278304Z env:
2026-05-12T10:43:11.5278517Z   BUILDX_VERSION: v0.33.0
2026-05-12T10:43:11.5278747Z   BUILDKIT_IMAGE: moby/buildkit:v0.29.0
2026-05-12T10:43:11.5279012Z   SBOM_IMAGE: docker/buildkit-syft-scanner:1.11.0
2026-05-12T10:43:11.5279308Z   BINFMT_IMAGE: tonistiigi/binfmt:qemu-v10.2.1-65
2026-05-12T10:43:11.5279639Z   DOCKER_ACTIONS_TOOLKIT_MODULE: @docker/actions-toolkit@0.89.1
2026-05-12T10:43:11.5280058Z   COSIGN_VERSION: v3.0.6
2026-05-12T10:43:11.5280308Z   LOCAL_EXPORT_DIR: /tmp/buildx-output
2026-05-12T10:43:11.5280537Z   MATRIX_SIZE_LIMIT: 20
2026-05-12T10:43:11.5280742Z   BUILDX_SEND_GIT_QUERY_AS_INPUT: true
2026-05-12T10:43:11.5280972Z   NPM_CONFIG_FETCH_RETRIES: 5
2026-05-12T10:43:11.5281193Z   DOCKER_METADATA_OUTPUT_VERSION: master
2026-05-12T10:43:11.5281672Z   DOCKER_METADATA_OUTPUT_TAGS: moby/moby-bin:master
2026-05-12T10:43:11.5281952Z   DOCKER_METADATA_OUTPUT_TAG_NAMES: master
2026-05-12T10:43:11.5283933Z   DOCKER_METADATA_OUTPUT_LABELS: org.opencontainers.image.created=2026-05-12T10:42:50.363Z
org.opencontainers.image.description=The Moby Project - a collaborative project for the container ecosystem to assemble container-based systems
org.opencontainers.image.licenses=Apache-2.0
org.opencontainers.image.revision=90deaa8fc011b6418ded1872439bd698920448d1
org.opencontainers.image.source=https://github.com/moby/moby
org.opencontainers.image.title=moby
org.opencontainers.image.url=https://github.com/moby/moby
org.opencontainers.image.version=master
2026-05-12T10:43:11.5287926Z   DOCKER_METADATA_OUTPUT_ANNOTATIONS: manifest:org.opencontainers.image.created=2026-05-12T10:42:50.363Z
manifest:org.opencontainers.image.description=The Moby Project - a collaborative project for the container ecosystem to assemble container-based systems
manifest:org.opencontainers.image.licenses=Apache-2.0
manifest:org.opencontainers.image.revision=90deaa8fc011b6418ded1872439bd698920448d1
manifest:org.opencontainers.image.source=https://github.com/moby/moby
manifest:org.opencontainers.image.title=moby
manifest:org.opencontainers.image.url=https://github.com/moby/moby
manifest:org.opencontainers.image.version=master
2026-05-12T10:43:11.5294584Z   DOCKER_METADATA_OUTPUT_JSON: {"tags":["moby/moby-bin:master"],"tag-names":["master"],"labels":{"org.opencontainers.image.created":"2026-05-12T10:42:50.363Z","org.opencontainers.image.description":"The Moby Project - a collaborative project for the container ecosystem to assemble container-based systems","org.opencontainers.image.licenses":"Apache-2.0","org.opencontainers.image.revision":"90deaa8fc011b6418ded1872439bd698920448d1","org.opencontainers.image.source":"https://github.com/moby/moby","org.opencontainers.image.title":"moby","org.opencontainers.image.url":"https://github.com/moby/moby","org.opencontainers.image.version":"master"},"annotations":["manifest:org.opencontainers.image.created=2026-05-12T10:42:50.363Z","manifest:org.opencontainers.image.description=The Moby Project - a collaborative project for the container ecosystem to assemble container-based systems","manifest:org.opencontainers.image.licenses=Apache-2.0","manifest:org.opencontainers.image.revision=90deaa8fc011b6418ded1872439bd698920448d1","manifest:org.opencontainers.image.source=https://github.com/moby/moby","manifest:org.opencontainers.image.title=moby","manifest:org.opencontainers.image.url=https://github.com/moby/moby","manifest:org.opencontainers.image.version=master"]}
2026-05-12T10:43:11.5299355Z   DOCKER_METADATA_OUTPUT_BAKE_FILE_TAGS: /home/runner/work/_temp/docker-actions-toolkit-h9s1KA/docker-metadata-action-bake-tags.json
2026-05-12T10:43:11.5300307Z   DOCKER_METADATA_OUTPUT_BAKE_FILE_LABELS: /home/runner/work/_temp/docker-actions-toolkit-h9s1KA/docker-metadata-action-bake-labels.json
2026-05-12T10:43:11.5301237Z   DOCKER_METADATA_OUTPUT_BAKE_FILE_ANNOTATIONS: /home/runner/work/_temp/docker-actions-toolkit-h9s1KA/docker-metadata-action-bake-annotations.json
2026-05-12T10:43:11.5302110Z   DOCKER_METADATA_OUTPUT_BAKE_FILE: /home/runner/work/_temp/docker-actions-toolkit-h9s1KA/docker-metadata-action-bake.json
2026-05-12T10:43:11.5302688Z   ACTIONS_RUNNER_ACTION_ARCHIVE_CACHE: /opt/actionarchivecache
2026-05-12T10:43:11.5303339Z   ACTIONS_RUNTIME_URL: https://pipelinesghubeus5.actions.githubusercontent.com/Y2huPMnV2RyiTvKoReSyXTCrcRyxUdSDRZYoZr0ONBvpl5e9Nu/
2026-05-12T10:43:11.5420718Z   ACTIONS_RUNTIME_TOKEN: ***
2026-05-12T10:43:11.5421256Z   ACTIONS_CACHE_URL: https://acghubeus1.actions.githubusercontent.com/Y2huPMnV2RyiTvKoReSyXTCrcRyxUdSDRZYoZr0ONBvpl5e9Nu/
2026-05-12T10:43:11.5422366Z   ACTIONS_ID_TOKEN_REQUEST_URL: https://run-actions-3-azure-eastus.actions.githubusercontent.com/212//idtoken/6ece794b-7360-4064-a12f-d4be2ad1c3b2/48ab6f15-732c-5a16-91ea-55e73eed7409?api-version=2.0
2026-05-12T10:43:11.5540137Z   ACTIONS_ID_TOKEN_REQUEST_TOKEN: ***
2026-05-12T10:43:11.5540751Z   ACTIONS_RESULTS_URL: https://results-receiver.actions.githubusercontent.com/
2026-05-12T10:43:11.5541135Z   ACTIONS_CACHE_SERVICE_V2: True
2026-05-12T10:43:11.5541547Z   ACTIONS_ORCHESTRATION_ID: 6ece794b-7360-4064-a12f-d4be2ad1c3b2.build.build._2_linux_arm_v7_ubuntu-24
2026-05-12T10:43:11.5541991Z   INPUT_PLATFORM: linux/arm/v7
2026-05-12T10:43:11.5542252Z   INPUT_SBOM-IMAGE: docker/buildkit-syft-scanner:1.11.0
2026-05-12T10:43:11.5542556Z   INPUT_LOCAL-EXPORT-DIR: /tmp/buildx-output
2026-05-12T10:43:11.5542800Z   INPUT_CACHE: true
2026-05-12T10:43:11.5542982Z   INPUT_CACHE-SCOPE: bin-image
2026-05-12T10:43:11.5543188Z   INPUT_CACHE-MODE: min
2026-05-12T10:43:11.5543374Z   INPUT_CONTEXT: .
2026-05-12T10:43:11.5543541Z   INPUT_FILES: 
2026-05-12T10:43:11.5543703Z   INPUT_OUTPUT: image
2026-05-12T10:43:11.5543890Z   INPUT_PUSH: true
2026-05-12T10:43:11.5544058Z   INPUT_SBOM: false
2026-05-12T10:43:11.5544220Z   INPUT_SET: 
2026-05-12T10:43:11.5544390Z   INPUT_TARGET: bin-image-cross
2026-05-12T10:43:11.5545075Z   INPUT_VARS: DOCKER_GITCOMMIT=90deaa8fc011b6418ded1872439bd698920448d1
VERSION=refs/heads/master
PLATFORM=Moby Engine - Nightly
PRODUCT=moby-bin
PACKAGER_NAME=The Moby Project

2026-05-12T10:43:11.5545781Z   INPUT_META-IMAGES: moby/moby-bin
2026-05-12T10:43:11.5546007Z   INPUT_META-VERSION: master
2026-05-12T10:43:11.5546231Z   INPUT_META-TAGS: moby/moby-bin:master
2026-05-12T10:43:11.5546480Z   INPUT_SET-META-ANNOTATIONS: false
2026-05-12T10:43:11.5546712Z   INPUT_SET-META-LABELS: false
2026-05-12T10:43:11.5547178Z   INPUT_BAKE-FILE-TAGS: /home/runner/work/_temp/docker-actions-toolkit-h9s1KA/docker-metadata-action-bake-tags.json
2026-05-12T10:43:11.5547984Z   INPUT_BAKE-FILE-ANNOTATIONS: /home/runner/work/_temp/docker-actions-toolkit-h9s1KA/docker-metadata-action-bake-annotations.json
2026-05-12T10:43:11.5548994Z   INPUT_BAKE-FILE-LABELS: /home/runner/work/_temp/docker-actions-toolkit-h9s1KA/docker-metadata-action-bake-labels.json
2026-05-12T10:43:11.5549699Z   INPUT_GITHUB-TOKEN: ***
2026-05-12T10:43:11.5549900Z ##[endgroup]
2026-05-12T10:43:11.9545541Z ##[group]Set source output
2026-05-12T10:43:11.9546067Z https://github.com/moby/moby.git?ref=refs/heads/master&checksum=90deaa8fc011b6418ded1872439bd698920448d1
2026-05-12T10:43:11.9549409Z ##[endgroup]
2026-05-12T10:43:11.9549744Z ##[group]Set target output
2026-05-12T10:43:11.9550177Z bin-image-cross
2026-05-12T10:43:11.9552640Z ##[endgroup]
2026-05-12T10:43:11.9552939Z ##[group]Set sbom
2026-05-12T10:43:11.9553100Z false
2026-05-12T10:43:11.9553527Z ##[endgroup]
2026-05-12T10:43:11.9554120Z ##[group]Set envs
2026-05-12T10:43:11.9554568Z {
2026-05-12T10:43:11.9554801Z   "DOCKER_GITCOMMIT": "90deaa8fc011b6418ded1872439bd698920448d1",
2026-05-12T10:43:11.9555115Z   "VERSION": "refs/heads/master",
2026-05-12T10:43:11.9555394Z   "PLATFORM": "Moby Engine - Nightly",
2026-05-12T10:43:11.9555631Z   "PRODUCT": "moby-bin",
2026-05-12T10:43:11.9555834Z   "PACKAGER_NAME": "The Moby Project",
2026-05-12T10:43:11.9556075Z   "BUILDKIT_MULTI_PLATFORM": "1",
2026-05-12T10:43:11.9556682Z   "BUILDX_BAKE_GIT_AUTH_TOKEN": "***"
2026-05-12T10:43:11.9556917Z }
2026-05-12T10:43:11.9560412Z ##[endgroup]
2026-05-12T10:43:11.9560749Z ##[group]Set bake files
2026-05-12T10:43:11.9560931Z [
2026-05-12T10:43:11.9561078Z   "docker-bake.hcl",
2026-05-12T10:43:11.9561472Z   "cwd:///home/runner/work/_temp/docker-actions-toolkit-h9s1KA/docker-metadata-action-bake-tags.json"
2026-05-12T10:43:11.9561902Z ]
2026-05-12T10:43:11.9562181Z ##[endgroup]
2026-05-12T10:43:11.9562461Z ##[group]Set bake overrides
2026-05-12T10:43:11.9564620Z [
2026-05-12T10:43:11.9565031Z   "*.output=type=image,\"name=moby/moby-bin\",oci-artifact=true,push-by-digest=true,name-canonical=true,push=true",
2026-05-12T10:43:11.9565494Z   "*.tags=",
2026-05-12T10:43:11.9565941Z   "*.attest=type=provenance,mode=max,version=v1,builder-id=https://github.com/moby/moby/actions/runs/25729270852/attempts/1",
2026-05-12T10:43:11.9566442Z   "*.platform=linux/arm/v7",
2026-05-12T10:43:11.9567074Z   "*.cache-from=type=gha,scope=bin-image-linux-arm-v7",
2026-05-12T10:43:11.9567474Z   "*.cache-to=type=gha,ignore-error=true,scope=bin-image-linux-arm-v7,mode=min"
2026-05-12T10:43:11.9567816Z ]
2026-05-12T10:43:11.9568118Z ##[endgroup]
2026-05-12T10:43:11.9708978Z ##[group]Run docker/login-action@4907a6ddec9925e35a0a9e82d7399ccc52663121
2026-05-12T10:43:11.9709346Z with:
2026-05-12T10:43:11.9709875Z   registry-auth: ***

2026-05-12T10:43:11.9710432Z   logout: true
2026-05-12T10:43:11.9710593Z env:
2026-05-12T10:43:11.9710740Z   BUILDX_VERSION: v0.33.0
2026-05-12T10:43:11.9710948Z   BUILDKIT_IMAGE: moby/buildkit:v0.29.0
2026-05-12T10:43:11.9711214Z   SBOM_IMAGE: docker/buildkit-syft-scanner:1.11.0
2026-05-12T10:43:11.9711507Z   BINFMT_IMAGE: tonistiigi/binfmt:qemu-v10.2.1-65
2026-05-12T10:43:11.9711840Z   DOCKER_ACTIONS_TOOLKIT_MODULE: @docker/actions-toolkit@0.89.1
2026-05-12T10:43:11.9712141Z   COSIGN_VERSION: v3.0.6
2026-05-12T10:43:11.9712346Z   LOCAL_EXPORT_DIR: /tmp/buildx-output
2026-05-12T10:43:11.9712588Z   MATRIX_SIZE_LIMIT: 20
2026-05-12T10:43:11.9712783Z   BUILDX_SEND_GIT_QUERY_AS_INPUT: true
2026-05-12T10:43:11.9713012Z   NPM_CONFIG_FETCH_RETRIES: 5
2026-05-12T10:43:11.9713234Z   DOCKER_METADATA_OUTPUT_VERSION: master
2026-05-12T10:43:11.9713539Z   DOCKER_METADATA_OUTPUT_TAGS: moby/moby-bin:master
2026-05-12T10:43:11.9713823Z   DOCKER_METADATA_OUTPUT_TAG_NAMES: master
2026-05-12T10:43:11.9715810Z   DOCKER_METADATA_OUTPUT_LABELS: org.opencontainers.image.created=2026-05-12T10:42:50.363Z
org.opencontainers.image.description=The Moby Project - a collaborative project for the container ecosystem to assemble container-based systems
org.opencontainers.image.licenses=Apache-2.0
org.opencontainers.image.revision=90deaa8fc011b6418ded1872439bd698920448d1
org.opencontainers.image.source=https://github.com/moby/moby
org.opencontainers.image.title=moby
org.opencontainers.image.url=https://github.com/moby/moby
org.opencontainers.image.version=master
2026-05-12T10:43:11.9719773Z   DOCKER_METADATA_OUTPUT_ANNOTATIONS: manifest:org.opencontainers.image.created=2026-05-12T10:42:50.363Z
manifest:org.opencontainers.image.description=The Moby Project - a collaborative project for the container ecosystem to assemble container-based systems
manifest:org.opencontainers.image.licenses=Apache-2.0
manifest:org.opencontainers.image.revision=90deaa8fc011b6418ded1872439bd698920448d1
manifest:org.opencontainers.image.source=https://github.com/moby/moby
manifest:org.opencontainers.image.title=moby
manifest:org.opencontainers.image.url=https://github.com/moby/moby
manifest:org.opencontainers.image.version=master
2026-05-12T10:43:11.9726290Z   DOCKER_METADATA_OUTPUT_JSON: {"tags":["moby/moby-bin:master"],"tag-names":["master"],"labels":{"org.opencontainers.image.created":"2026-05-12T10:42:50.363Z","org.opencontainers.image.description":"The Moby Project - a collaborative project for the container ecosystem to assemble container-based systems","org.opencontainers.image.licenses":"Apache-2.0","org.opencontainers.image.revision":"90deaa8fc011b6418ded1872439bd698920448d1","org.opencontainers.image.source":"https://github.com/moby/moby","org.opencontainers.image.title":"moby","org.opencontainers.image.url":"https://github.com/moby/moby","org.opencontainers.image.version":"master"},"annotations":["manifest:org.opencontainers.image.created=2026-05-12T10:42:50.363Z","manifest:org.opencontainers.image.description=The Moby Project - a collaborative project for the container ecosystem to assemble container-based systems","manifest:org.opencontainers.image.licenses=Apache-2.0","manifest:org.opencontainers.image.revision=90deaa8fc011b6418ded1872439bd698920448d1","manifest:org.opencontainers.image.source=https://github.com/moby/moby","manifest:org.opencontainers.image.title=moby","manifest:org.opencontainers.image.url=https://github.com/moby/moby","manifest:org.opencontainers.image.version=master"]}
2026-05-12T10:43:11.9731145Z   DOCKER_METADATA_OUTPUT_BAKE_FILE_TAGS: /home/runner/work/_temp/docker-actions-toolkit-h9s1KA/docker-metadata-action-bake-tags.json
2026-05-12T10:43:11.9732294Z   DOCKER_METADATA_OUTPUT_BAKE_FILE_LABELS: /home/runner/work/_temp/docker-actions-toolkit-h9s1KA/docker-metadata-action-bake-labels.json
2026-05-12T10:43:11.9733372Z   DOCKER_METADATA_OUTPUT_BAKE_FILE_ANNOTATIONS: /home/runner/work/_temp/docker-actions-toolkit-h9s1KA/docker-metadata-action-bake-annotations.json
2026-05-12T10:43:11.9734251Z   DOCKER_METADATA_OUTPUT_BAKE_FILE: /home/runner/work/_temp/docker-actions-toolkit-h9s1KA/docker-metadata-action-bake.json
2026-05-12T10:43:11.9734829Z   ACTIONS_RUNNER_ACTION_ARCHIVE_CACHE: /opt/actionarchivecache
2026-05-12T10:43:11.9735483Z   ACTIONS_RUNTIME_URL: https://pipelinesghubeus5.actions.githubusercontent.com/Y2huPMnV2RyiTvKoReSyXTCrcRyxUdSDRZYoZr0ONBvpl5e9Nu/
2026-05-12T10:43:11.9848732Z   ACTIONS_RUNTIME_TOKEN: ***
2026-05-12T10:43:11.9849273Z   ACTIONS_CACHE_URL: https://acghubeus1.actions.githubusercontent.com/Y2huPMnV2RyiTvKoReSyXTCrcRyxUdSDRZYoZr0ONBvpl5e9Nu/
2026-05-12T10:43:11.9850434Z   ACTIONS_ID_TOKEN_REQUEST_URL: https://run-actions-3-azure-eastus.actions.githubusercontent.com/212//idtoken/6ece794b-7360-4064-a12f-d4be2ad1c3b2/48ab6f15-732c-5a16-91ea-55e73eed7409?api-version=2.0
2026-05-12T10:43:11.9964026Z   ACTIONS_ID_TOKEN_REQUEST_TOKEN: ***
2026-05-12T10:43:11.9964413Z   ACTIONS_RESULTS_URL: https://results-receiver.actions.githubusercontent.com/
2026-05-12T10:43:11.9964803Z   ACTIONS_CACHE_SERVICE_V2: True
2026-05-12T10:43:11.9965218Z   ACTIONS_ORCHESTRATION_ID: 6ece794b-7360-4064-a12f-d4be2ad1c3b2.build.build._2_linux_arm_v7_ubuntu-24
2026-05-12T10:43:11.9965649Z ##[endgroup]
2026-05-12T10:43:12.1351415Z Logging into docker.io...
2026-05-12T10:43:12.6442005Z Login Succeeded!
2026-05-12T10:43:12.6583716Z ##[group]Run docker/bake-action@a66e1c87e2eca0503c343edf1d208c716d54b8a8
2026-05-12T10:43:12.6584089Z with:
2026-05-12T10:43:12.6584497Z   source: https://github.com/moby/moby.git?ref=refs/heads/master&checksum=90deaa8fc011b6418ded1872439bd698920448d1
2026-05-12T10:43:12.6585246Z   files: docker-bake.hcl
cwd:///home/runner/work/_temp/docker-actions-toolkit-h9s1KA/docker-metadata-action-bake-tags.json
2026-05-12T10:43:12.6585782Z   targets: bin-image-cross
2026-05-12T10:43:12.6585971Z   sbom: false
2026-05-12T10:43:12.6587281Z   set: *.output=type=image,"name=moby/moby-bin",oci-artifact=true,push-by-digest=true,name-canonical=true,push=true
*.tags=
*.attest=type=provenance,mode=max,version=v1,builder-id=https://github.com/moby/moby/actions/runs/25729270852/attempts/1
*.platform=linux/arm/v7
*.cache-from=type=gha,scope=bin-image-linux-arm-v7
*.cache-to=type=gha,ignore-error=true,scope=bin-image-linux-arm-v7,mode=min
2026-05-12T10:43:12.6588656Z   no-cache: false
2026-05-12T10:43:12.6588857Z   pull: false
2026-05-12T10:43:12.6589017Z   load: false
2026-05-12T10:43:12.6589175Z   push: false
2026-05-12T10:43:12.6589478Z   github-token: ***
2026-05-12T10:43:12.6589652Z env:
2026-05-12T10:43:12.6589807Z   BUILDX_VERSION: v0.33.0
2026-05-12T10:43:12.6590256Z   BUILDKIT_IMAGE: moby/buildkit:v0.29.0
2026-05-12T10:43:12.6590545Z   SBOM_IMAGE: docker/buildkit-syft-scanner:1.11.0
2026-05-12T10:43:12.6590852Z   BINFMT_IMAGE: tonistiigi/binfmt:qemu-v10.2.1-65
2026-05-12T10:43:12.6591186Z   DOCKER_ACTIONS_TOOLKIT_MODULE: @docker/actions-toolkit@0.89.1
2026-05-12T10:43:12.6591490Z   COSIGN_VERSION: v3.0.6
2026-05-12T10:43:12.6591695Z   LOCAL_EXPORT_DIR: /tmp/buildx-output
2026-05-12T10:43:12.6591927Z   MATRIX_SIZE_LIMIT: 20
2026-05-12T10:43:12.6592130Z   BUILDX_SEND_GIT_QUERY_AS_INPUT: true
2026-05-12T10:43:12.6592365Z   NPM_CONFIG_FETCH_RETRIES: 5
2026-05-12T10:43:12.6592590Z   DOCKER_METADATA_OUTPUT_VERSION: master
2026-05-12T10:43:12.6592862Z   DOCKER_METADATA_OUTPUT_TAGS: moby/moby-bin:master
2026-05-12T10:43:12.6593150Z   DOCKER_METADATA_OUTPUT_TAG_NAMES: master
2026-05-12T10:43:12.6595146Z   DOCKER_METADATA_OUTPUT_LABELS: org.opencontainers.image.created=2026-05-12T10:42:50.363Z
org.opencontainers.image.description=The Moby Project - a collaborative project for the container ecosystem to assemble container-based systems
org.opencontainers.image.licenses=Apache-2.0
org.opencontainers.image.revision=90deaa8fc011b6418ded1872439bd698920448d1
org.opencontainers.image.source=https://github.com/moby/moby
org.opencontainers.image.title=moby
org.opencontainers.image.url=https://github.com/moby/moby
org.opencontainers.image.version=master
2026-05-12T10:43:12.6599480Z   DOCKER_METADATA_OUTPUT_ANNOTATIONS: manifest:org.opencontainers.image.created=2026-05-12T10:42:50.363Z
manifest:org.opencontainers.image.description=The Moby Project - a collaborative project for the container ecosystem to assemble container-based systems
manifest:org.opencontainers.image.licenses=Apache-2.0
manifest:org.opencontainers.image.revision=90deaa8fc011b6418ded1872439bd698920448d1
manifest:org.opencontainers.image.source=https://github.com/moby/moby
manifest:org.opencontainers.image.title=moby
manifest:org.opencontainers.image.url=https://github.com/moby/moby
manifest:org.opencontainers.image.version=master
2026-05-12T10:43:12.6606049Z   DOCKER_METADATA_OUTPUT_JSON: {"tags":["moby/moby-bin:master"],"tag-names":["master"],"labels":{"org.opencontainers.image.created":"2026-05-12T10:42:50.363Z","org.opencontainers.image.description":"The Moby Project - a collaborative project for the container ecosystem to assemble container-based systems","org.opencontainers.image.licenses":"Apache-2.0","org.opencontainers.image.revision":"90deaa8fc011b6418ded1872439bd698920448d1","org.opencontainers.image.source":"https://github.com/moby/moby","org.opencontainers.image.title":"moby","org.opencontainers.image.url":"https://github.com/moby/moby","org.opencontainers.image.version":"master"},"annotations":["manifest:org.opencontainers.image.created=2026-05-12T10:42:50.363Z","manifest:org.opencontainers.image.description=The Moby Project - a collaborative project for the container ecosystem to assemble container-based systems","manifest:org.opencontainers.image.licenses=Apache-2.0","manifest:org.opencontainers.image.revision=90deaa8fc011b6418ded1872439bd698920448d1","manifest:org.opencontainers.image.source=https://github.com/moby/moby","manifest:org.opencontainers.image.title=moby","manifest:org.opencontainers.image.url=https://github.com/moby/moby","manifest:org.opencontainers.image.version=master"]}
2026-05-12T10:43:12.6610909Z   DOCKER_METADATA_OUTPUT_BAKE_FILE_TAGS: /home/runner/work/_temp/docker-actions-toolkit-h9s1KA/docker-metadata-action-bake-tags.json
2026-05-12T10:43:12.6611781Z   DOCKER_METADATA_OUTPUT_BAKE_FILE_LABELS: /home/runner/work/_temp/docker-actions-toolkit-h9s1KA/docker-metadata-action-bake-labels.json
2026-05-12T10:43:12.6612711Z   DOCKER_METADATA_OUTPUT_BAKE_FILE_ANNOTATIONS: /home/runner/work/_temp/docker-actions-toolkit-h9s1KA/docker-metadata-action-bake-annotations.json
2026-05-12T10:43:12.6613586Z   DOCKER_METADATA_OUTPUT_BAKE_FILE: /home/runner/work/_temp/docker-actions-toolkit-h9s1KA/docker-metadata-action-bake.json
2026-05-12T10:43:12.6614169Z   ACTIONS_RUNNER_ACTION_ARCHIVE_CACHE: /opt/actionarchivecache
2026-05-12T10:43:12.6614823Z   ACTIONS_RUNTIME_URL: https://pipelinesghubeus5.actions.githubusercontent.com/Y2huPMnV2RyiTvKoReSyXTCrcRyxUdSDRZYoZr0ONBvpl5e9Nu/
2026-05-12T10:43:12.6727603Z   ACTIONS_RUNTIME_TOKEN: ***
2026-05-12T10:43:12.6728148Z   ACTIONS_CACHE_URL: https://acghubeus1.actions.githubusercontent.com/Y2huPMnV2RyiTvKoReSyXTCrcRyxUdSDRZYoZr0ONBvpl5e9Nu/
2026-05-12T10:43:12.6729253Z   ACTIONS_ID_TOKEN_REQUEST_URL: https://run-actions-3-azure-eastus.actions.githubusercontent.com/212//idtoken/6ece794b-7360-4064-a12f-d4be2ad1c3b2/48ab6f15-732c-5a16-91ea-55e73eed7409?api-version=2.0
2026-05-12T10:43:12.6841499Z   ACTIONS_ID_TOKEN_REQUEST_TOKEN: ***
2026-05-12T10:43:12.6841896Z   ACTIONS_RESULTS_URL: https://results-receiver.actions.githubusercontent.com/
2026-05-12T10:43:12.6842286Z   ACTIONS_CACHE_SERVICE_V2: True
2026-05-12T10:43:12.6842706Z   ACTIONS_ORCHESTRATION_ID: 6ece794b-7360-4064-a12f-d4be2ad1c3b2.build.build._2_linux_arm_v7_ubuntu-24
2026-05-12T10:43:12.6843210Z   DOCKER_GITCOMMIT: 90deaa8fc011b6418ded1872439bd698920448d1
2026-05-12T10:43:12.6843500Z   VERSION: refs/heads/master
2026-05-12T10:43:12.6844050Z   PLATFORM: Moby Engine - Nightly
2026-05-12T10:43:12.6844265Z   PRODUCT: moby-bin
2026-05-12T10:43:12.6844453Z   PACKAGER_NAME: The Moby Project
2026-05-12T10:43:12.6844677Z   BUILDKIT_MULTI_PLATFORM: 1
2026-05-12T10:43:12.6845023Z   BUILDX_BAKE_GIT_AUTH_TOKEN: ***
2026-05-12T10:43:12.6845236Z ##[endgroup]
2026-05-12T10:43:12.9542491Z ##[group]GitHub Actions runtime token ACs
2026-05-12T10:43:12.9552492Z refs/heads/master: read/write
2026-05-12T10:43:12.9553343Z ##[endgroup]
2026-05-12T10:43:12.9555771Z ##[group]Docker info
2026-05-12T10:43:12.9654907Z [command]/usr/bin/docker version
2026-05-12T10:43:12.9812480Z Client: Docker Engine - Community
2026-05-12T10:43:12.9812765Z  Version:           28.0.4
2026-05-12T10:43:12.9812964Z  API version:       1.48
2026-05-12T10:43:12.9813156Z  Go version:        go1.23.7
2026-05-12T10:43:12.9813359Z  Git commit:        b8034c0
2026-05-12T10:43:12.9813570Z  Built:             Tue Mar 25 15:07:55 2025
2026-05-12T10:43:12.9813827Z  OS/Arch:           linux/arm64
2026-05-12T10:43:12.9814043Z  Context:           default
2026-05-12T10:43:12.9814173Z 
2026-05-12T10:43:12.9814266Z Server: Docker Engine - Community
2026-05-12T10:43:12.9814509Z  Engine:
2026-05-12T10:43:12.9814661Z   Version:          28.0.4
2026-05-12T10:43:12.9814880Z   API version:      1.48 (minimum version 1.24)
2026-05-12T10:43:12.9815131Z   Go version:       go1.23.7
2026-05-12T10:43:12.9815331Z   Git commit:       6430e49
2026-05-12T10:43:12.9815541Z   Built:            Tue Mar 25 15:07:55 2025
2026-05-12T10:43:12.9815775Z   OS/Arch:          linux/arm64
2026-05-12T10:43:12.9815977Z   Experimental:     false
2026-05-12T10:43:12.9816646Z  containerd:
2026-05-12T10:43:12.9816840Z   Version:          v2.2.1
2026-05-12T10:43:12.9817094Z   GitCommit:        dea7da592f5d1d2b7755e3a161be07f43fad8f75
2026-05-12T10:43:12.9817367Z  runc:
2026-05-12T10:43:12.9817515Z   Version:          1.3.4
2026-05-12T10:43:12.9817712Z   GitCommit:        v1.3.4-0-gd6d73eb8
2026-05-12T10:43:12.9817939Z  docker-init:
2026-05-12T10:43:12.9818101Z   Version:          0.19.0
2026-05-12T10:43:12.9818291Z   GitCommit:        de40ad0
2026-05-12T10:43:12.9841618Z [command]/usr/bin/docker info
2026-05-12T10:43:13.0238087Z Client: Docker Engine - Community
2026-05-12T10:43:13.0238389Z  Version:    28.0.4
2026-05-12T10:43:13.0238569Z  Context:    default
2026-05-12T10:43:13.0238793Z  Debug Mode: false
2026-05-12T10:43:13.0238959Z  Plugins:
2026-05-12T10:43:13.0239130Z   buildx: Docker Buildx (Docker Inc.)
2026-05-12T10:43:13.0239357Z     Version:  v0.33.0
2026-05-12T10:43:13.0239600Z     Path:     /home/runner/.docker/cli-plugins/docker-buildx
2026-05-12T10:43:13.0239932Z   compose: Docker Compose (Docker Inc.)
2026-05-12T10:43:13.0240328Z     Version:  v2.38.2
2026-05-12T10:43:13.0240571Z     Path:     /usr/libexec/docker/cli-plugins/docker-compose
2026-05-12T10:43:13.0240785Z 
2026-05-12T10:43:13.0240846Z Server:
2026-05-12T10:43:13.0240992Z  Containers: 1
2026-05-12T10:43:13.0241150Z   Running: 1
2026-05-12T10:43:13.0241313Z   Paused: 0
2026-05-12T10:43:13.0241464Z   Stopped: 0
2026-05-12T10:43:13.0241614Z  Images: 3
2026-05-12T10:43:13.0241770Z  Server Version: 28.0.4
2026-05-12T10:43:13.0241961Z  Storage Driver: overlay2
2026-05-12T10:43:13.0242161Z   Backing Filesystem: extfs
2026-05-12T10:43:13.0242365Z   Supports d_type: true
2026-05-12T10:43:13.0242555Z   Using metacopy: false
2026-05-12T10:43:13.0242748Z   Native Overlay Diff: false
2026-05-12T10:43:13.0242948Z   userxattr: false
2026-05-12T10:43:13.0243130Z  Logging Driver: json-file
2026-05-12T10:43:13.0243328Z  Cgroup Driver: systemd
2026-05-12T10:43:13.0243511Z  Cgroup Version: 2
2026-05-12T10:43:13.0243684Z  Plugins:
2026-05-12T10:43:13.0243829Z   Volume: local
2026-05-12T10:43:13.0244036Z   Network: bridge host ipvlan macvlan null overlay
2026-05-12T10:43:13.0244404Z   Log: awslogs fluentd gcplogs gelf journald json-file local splunk syslog
2026-05-12T10:43:13.0244736Z  Swarm: inactive
2026-05-12T10:43:13.0244925Z  Runtimes: io.containerd.runc.v2 runc
2026-05-12T10:43:13.0245667Z  Default Runtime: runc
2026-05-12T10:43:13.0245858Z  Init Binary: docker-init
2026-05-12T10:43:13.0246127Z  containerd version: dea7da592f5d1d2b7755e3a161be07f43fad8f75
2026-05-12T10:43:13.0246434Z  runc version: v1.3.4-0-gd6d73eb8
2026-05-12T10:43:13.0246648Z  init version: de40ad0
2026-05-12T10:43:13.0246830Z  Security Options:
2026-05-12T10:43:13.0246997Z   apparmor
2026-05-12T10:43:13.0247141Z   seccomp
2026-05-12T10:43:13.0247691Z    Profile: builtin
2026-05-12T10:43:13.0247872Z   cgroupns
2026-05-12T10:43:13.0248031Z  Kernel Version: 6.14.0-1017-azure
2026-05-12T10:43:13.0248425Z  Operating System: Ubuntu 24.04.3 LTS
2026-05-12T10:43:13.0248665Z  OSType: linux
2026-05-12T10:43:13.0248836Z  Architecture: aarch64
2026-05-12T10:43:13.0249014Z  CPUs: 4
2026-05-12T10:43:13.0249165Z  Total Memory: 15.58GiB
2026-05-12T10:43:13.0249351Z  Name: runnervm6gd1v
2026-05-12T10:43:13.0249547Z  ID: 4ae0b85c-b74d-4a0f-bfb1-54131c968d87
2026-05-12T10:43:13.0249792Z  Docker Root Dir: /var/lib/docker
2026-05-12T10:43:13.0250217Z  Debug Mode: false
2026-05-12T10:43:13.0250404Z  Username: gordontheturtle
2026-05-12T10:43:13.0250629Z  Experimental: false
2026-05-12T10:43:13.0250814Z  Insecure Registries:
2026-05-12T10:43:13.0251028Z   ::1/128
2026-05-12T10:43:13.0251168Z   127.0.0.0/8
2026-05-12T10:43:13.0251329Z  Live Restore Enabled: false
2026-05-12T10:43:13.0251467Z 
2026-05-12T10:43:13.0252201Z ##[endgroup]
2026-05-12T10:43:13.0252509Z ##[group]Proxy configuration
2026-05-12T10:43:13.0255870Z No proxy configuration found
2026-05-12T10:43:13.0256228Z ##[endgroup]
2026-05-12T10:43:13.0744321Z ##[group]Buildx version
2026-05-12T10:43:13.0764413Z [command]/usr/bin/docker buildx version
2026-05-12T10:43:13.1186282Z github.com/docker/buildx v0.33.0 f7897eba028583e0071642db3c011e860444f8cf
2026-05-12T10:43:13.1214285Z ##[endgroup]
2026-05-12T10:43:13.1214632Z ##[group]Builder info
2026-05-12T10:43:13.1991235Z {
2026-05-12T10:43:13.1992221Z   "nodes": [
2026-05-12T10:43:13.1993592Z     {
2026-05-12T10:43:13.1993911Z       "name": "builder-e6ed23ce-b3ea-486e-91bb-4fa9b81460190",
2026-05-12T10:43:13.1994306Z       "endpoint": "unix:///var/run/docker.sock",
2026-05-12T10:43:13.1996720Z       "driver-opts": [
2026-05-12T10:43:13.1999084Z         "env.ACTIONS_ID_TOKEN_REQUEST_URL=https://run-actions-3-azure-eastus.actions.githubusercontent.com/212//idtoken/6ece794b-7360-4064-a12f-d4be2ad1c3b2/48ab6f15-732c-5a16-91ea-55e73eed7409?api-version=2.0",
2026-05-12T10:43:13.2000134Z         "image=moby/buildkit:v0.29.0",
2026-05-12T10:43:13.2117503Z         "env.ACTIONS_ID_TOKEN_REQUEST_TOKEN=***"
2026-05-12T10:43:13.2117782Z       ],
2026-05-12T10:43:13.2117962Z       "status": "running",
2026-05-12T10:43:13.2118278Z       "buildkitd-flags": "--debug --allow-insecure-entitlement=network.host",
2026-05-12T10:43:13.2118628Z       "buildkit": "v0.29.0",
2026-05-12T10:43:13.2119269Z       "platforms": "linux/arm64,linux/amd64,linux/amd64/v2,linux/riscv64,linux/ppc64le,linux/s390x,linux/386,linux/mips64le,linux/mips64,linux/loong64,linux/arm/v7,linux/arm/v6",
2026-05-12T10:43:13.2119932Z       "features": {
2026-05-12T10:43:13.2120315Z         "Automatically load images to the Docker Engine image store": true,
2026-05-12T10:43:13.2120658Z         "Cache export": true,
2026-05-12T10:43:13.2120866Z         "Direct push": true,
2026-05-12T10:43:13.2121075Z         "Docker exporter": true,
2026-05-12T10:43:13.2121297Z         "Multi-platform build": true,
2026-05-12T10:43:13.2122035Z         "OCI exporter": true
2026-05-12T10:43:13.2122247Z       },
2026-05-12T10:43:13.2122392Z       "labels": {
2026-05-12T10:43:13.2122634Z         "org.mobyproject.buildkit.worker.executor": "oci",
2026-05-12T10:43:13.2123006Z         "org.mobyproject.buildkit.worker.hostname": "7340aea6c060",
2026-05-12T10:43:13.2123381Z         "org.mobyproject.buildkit.worker.network": "host",
2026-05-12T10:43:13.2123768Z         "org.mobyproject.buildkit.worker.oci.process-mode": "sandbox",
2026-05-12T10:43:13.2124186Z         "org.mobyproject.buildkit.worker.selinux.enabled": "false",
2026-05-12T10:43:13.2124969Z         "org.mobyproject.buildkit.worker.snapshotter": "overlayfs"
2026-05-12T10:43:13.2125272Z       },
2026-05-12T10:43:13.2125421Z       "gcPolicy": [
2026-05-12T10:43:13.2125583Z         {
2026-05-12T10:43:13.2125729Z           "all": false,
2026-05-12T10:43:13.2125909Z           "filter": [
2026-05-12T10:43:13.2126093Z             "type==source.local",
2026-05-12T10:43:13.2126313Z             "type==exec.cachemount",
2026-05-12T10:43:13.2126550Z             "type==source.git.checkout"
2026-05-12T10:43:13.2126768Z           ],
2026-05-12T10:43:13.2126933Z           "keepDuration": "48h0m0s",
2026-05-12T10:43:13.2127165Z           "maxUsedSpace": "488.3MiB"
2026-05-12T10:43:13.2127376Z         },
2026-05-12T10:43:13.2127516Z         {
2026-05-12T10:43:13.2127668Z           "all": false,
2026-05-12T10:43:13.2127862Z           "keepDuration": "1440h0m0s",
2026-05-12T10:43:13.2128093Z           "reservedSpace": "9.313GiB",
2026-05-12T10:43:13.2128328Z           "maxUsedSpace": "93.13GiB",
2026-05-12T10:43:13.2128559Z           "minFreeSpace": "27.01GiB"
2026-05-12T10:43:13.2128766Z         },
2026-05-12T10:43:13.2128916Z         {
2026-05-12T10:43:13.2129069Z           "all": false,
2026-05-12T10:43:13.2129263Z           "reservedSpace": "9.313GiB",
2026-05-12T10:43:13.2129497Z           "maxUsedSpace": "93.13GiB",
2026-05-12T10:43:13.2129725Z           "minFreeSpace": "27.01GiB"
2026-05-12T10:43:13.2129936Z         },
2026-05-12T10:43:13.2130393Z         {
2026-05-12T10:43:13.2130545Z           "all": true,
2026-05-12T10:43:13.2130742Z           "reservedSpace": "9.313GiB",
2026-05-12T10:43:13.2131201Z           "maxUsedSpace": "93.13GiB",
2026-05-12T10:43:13.2131445Z           "minFreeSpace": "27.01GiB"
2026-05-12T10:43:13.2131652Z         }
2026-05-12T10:43:13.2131792Z       ],
2026-05-12T10:43:13.2131931Z       "files": {
2026-05-12T10:43:13.2133662Z         "buildkitd.toml": "[cache]\n[cache.gha]\n[cache.gha.sign]\ncommand = ['ghacache-sign-script.sh']\n\n[cache.gha.verify]\nrequired = true\n\n[cache.gha.verify.policy]\ngithubWorkflowRepository = 'moby/moby'\nissuer = 'https://token.actions.githubusercontent.com'\nrunnerEnvironment = 'github-hosted'\nsourceRepositoryURI = 'https://github.com/moby/moby'\nsubjectAlternativeName = 'https://github.com/docker/github-builder/.github/workflows/bake.yml*'\ntimestampThreshold = 1\ntlogThreshold = 1\n"
2026-05-12T10:43:13.2135431Z       }
2026-05-12T10:43:13.2135569Z     }
2026-05-12T10:43:13.2135704Z   ],
2026-05-12T10:43:13.2135907Z   "name": "builder-e6ed23ce-b3ea-486e-91bb-4fa9b8146019",
2026-05-12T10:43:13.2136200Z   "driver": "docker-container",
2026-05-12T10:43:13.2136430Z   "lastActivity": "2026-05-12T10:43:01.000Z"
2026-05-12T10:43:13.2136654Z }
2026-05-12T10:43:13.2137034Z ##[endgroup]
2026-05-12T10:43:13.2137339Z ##[group]Parsing raw definition
2026-05-12T10:43:13.2140486Z [command]/usr/bin/docker buildx bake https://github.com/moby/moby.git?ref=refs/heads/master&checksum=90deaa8fc011b6418ded1872439bd698920448d1 --file docker-bake.hcl --file cwd:///home/runner/work/_temp/docker-actions-toolkit-h9s1KA/docker-metadata-action-bake-tags.json --set *.output=type=image,"name=moby/moby-bin",oci-artifact=true,push-by-digest=true,name-canonical=true,push=true --set *.tags= --set *.attest=type=provenance,mode=max,version=v1,builder-id=https://github.com/moby/moby/actions/runs/25729270852/attempts/1 --set *.platform=linux/arm/v7 --set *.cache-from=type=gha,scope=bin-image-linux-arm-v7 --set *.cache-to=type=gha,ignore-error=true,scope=bin-image-linux-arm-v7,mode=min --sbom false --print bin-image-cross
2026-05-12T10:43:13.2979801Z #0 building with "builder-e6ed23ce-b3ea-486e-91bb-4fa9b8146019" instance using docker-container driver
2026-05-12T10:43:13.2980348Z 
2026-05-12T10:43:13.2980754Z #1 [internal] load git source https://github.com/moby/moby.git?ref=refs/heads/master&checksum=90deaa8fc011b6418ded1872439bd698920448d1
2026-05-12T10:43:14.0711814Z #1 0.781 90deaa8fc011b6418ded1872439bd698920448d1	refs/heads/master
2026-05-12T10:43:14.1716030Z #1 0.093 Initialized empty Git repository in /var/lib/buildkit/runc-overlayfs/snapshots/snapshots/1/fs/
2026-05-12T10:43:18.2673894Z #1 4.188 From https://github.com/moby/moby
2026-05-12T10:43:18.2674298Z #1 4.188  * [new branch]      master     -> refs/heads/master
2026-05-12T10:43:18.2674626Z #1 4.188  * [new branch]      master     -> origin/master
2026-05-12T10:43:18.4209749Z #1 4.191 90deaa8fc011b6418ded1872439bd698920448d1
2026-05-12T10:43:18.4210295Z #1 4.192 90deaa8fc011b6418ded1872439bd698920448d1
2026-05-12T10:43:19.0521337Z #1 DONE 5.8s
2026-05-12T10:43:19.0942707Z 
2026-05-12T10:43:19.0943133Z #2 [internal] load local bake definitions
2026-05-12T10:43:19.0943726Z #2 reading /home/runner/work/_temp/docker-actions-toolkit-h9s1KA/docker-metadata-action-bake-tags.json 226B / 226B done
2026-05-12T10:43:19.0944235Z #2 DONE 0.0s
2026-05-12T10:43:19.0946700Z {
2026-05-12T10:43:19.0946875Z   "group": {
2026-05-12T10:43:19.0947213Z     "default": {
2026-05-12T10:43:19.0947449Z       "targets": [
2026-05-12T10:43:19.0947716Z         "bin-image-cross"
2026-05-12T10:43:19.0948322Z       ]
2026-05-12T10:43:19.0948888Z     }
2026-05-12T10:43:19.0949046Z   },
2026-05-12T10:43:19.0949190Z   "target": {
2026-05-12T10:43:19.0949370Z     "bin-image-cross": {
2026-05-12T10:43:19.0949565Z       "attest": [
2026-05-12T10:43:19.0949726Z         {
2026-05-12T10:43:19.0950171Z           "builder-id": "https://github.com/moby/moby/actions/runs/25729270852/attempts/1",
2026-05-12T10:43:19.0950562Z           "mode": "max",
2026-05-12T10:43:19.0950763Z           "type": "provenance",
2026-05-12T10:43:19.0950966Z           "version": "v1"
2026-05-12T10:43:19.0951463Z         },
2026-05-12T10:43:19.0951640Z         {
2026-05-12T10:43:19.0952074Z           "disabled": true,
2026-05-12T10:43:19.0952285Z           "type": "sbom"
2026-05-12T10:43:19.0952464Z         }
2026-05-12T10:43:19.0952609Z       ],
2026-05-12T10:43:19.0953042Z       "context": "https://github.com/moby/moby.git?ref=refs/heads/master\u0026checksum=90deaa8fc011b6418ded1872439bd698920448d1",
2026-05-12T10:43:19.0953567Z       "dockerfile": "Dockerfile",
2026-05-12T10:43:19.0953774Z       "args": {
2026-05-12T10:43:19.0953960Z         "BUILDKIT_CONTEXT_KEEP_GIT_DIR": "1",
2026-05-12T10:43:19.0954213Z         "DEFAULT_PRODUCT_LICENSE": "",
2026-05-12T10:43:19.0954446Z         "DOCKER_BUILDTAGS": "",
2026-05-12T10:43:19.0954654Z         "DOCKER_DEBUG": "",
2026-05-12T10:43:19.0954931Z         "DOCKER_GITCOMMIT": "90deaa8fc011b6418ded1872439bd698920448d1",
2026-05-12T10:43:19.0955244Z         "DOCKER_LDFLAGS": "",
2026-05-12T10:43:19.0955469Z         "DOCKER_META_IMAGES": "moby/moby-bin",
2026-05-12T10:43:19.0955728Z         "DOCKER_META_VERSION": "master",
2026-05-12T10:43:19.0956082Z         "DOCKER_STATIC": "1",
2026-05-12T10:43:19.0956315Z         "PACKAGER_NAME": "The Moby Project",
2026-05-12T10:43:19.0956577Z         "PLATFORM": "Moby Engine - Nightly",
2026-05-12T10:43:19.0956822Z         "PRODUCT": "moby-bin",
2026-05-12T10:43:19.0957044Z         "VERSION": "refs/heads/master"
2026-05-12T10:43:19.0957258Z       },
2026-05-12T10:43:19.0957408Z       "cache-from": [
2026-05-12T10:43:19.0957580Z         {
2026-05-12T10:43:19.0957753Z           "scope": "bin-image-linux-arm-v7",
2026-05-12T10:43:19.0957989Z           "type": "gha"
2026-05-12T10:43:19.0958166Z         }
2026-05-12T10:43:19.0958309Z       ],
2026-05-12T10:43:19.0958457Z       "cache-to": [
2026-05-12T10:43:19.0958618Z         {
2026-05-12T10:43:19.0958777Z           "ignore-error": "true",
2026-05-12T10:43:19.0958987Z           "mode": "min",
2026-05-12T10:43:19.0959193Z           "scope": "bin-image-linux-arm-v7",
2026-05-12T10:43:19.0959442Z           "type": "gha"
2026-05-12T10:43:19.0959619Z         }
2026-05-12T10:43:19.0959764Z       ],
2026-05-12T10:43:19.0959915Z       "target": "all",
2026-05-12T10:43:19.0960416Z       "platforms": [
2026-05-12T10:43:19.0960600Z         "linux/arm/v7"
2026-05-12T10:43:19.0960770Z       ],
2026-05-12T10:43:19.0960915Z       "output": [
2026-05-12T10:43:19.0961392Z         {
2026-05-12T10:43:19.0961549Z           "name": "moby/moby-bin",
2026-05-12T10:43:19.0961773Z           "name-canonical": "true",
2026-05-12T10:43:19.0961997Z           "oci-artifact": "true",
2026-05-12T10:43:19.0962204Z           "push": "true",
2026-05-12T10:43:19.0962405Z           "push-by-digest": "true",
2026-05-12T10:43:19.0962621Z           "type": "image"
2026-05-12T10:43:19.0962799Z         }
2026-05-12T10:43:19.0962939Z       ]
2026-05-12T10:43:19.0963076Z     }
2026-05-12T10:43:19.0963214Z   }
2026-05-12T10:43:19.0963348Z }
2026-05-12T10:43:19.0999355Z ##[endgroup]
2026-05-12T10:43:19.2307582Z ##[group]Bake definition
2026-05-12T10:43:19.2323080Z [command]/usr/bin/docker buildx bake https://github.com/moby/moby.git?ref=refs/heads/master&checksum=90deaa8fc011b6418ded1872439bd698920448d1 --allow fs=* --file docker-bake.hcl --file cwd:///home/runner/work/_temp/docker-actions-toolkit-h9s1KA/docker-metadata-action-bake-tags.json --set *.output=type=image,"name=moby/moby-bin",oci-artifact=true,push-by-digest=true,name-canonical=true,push=true --set *.tags= --set *.attest=type=provenance,mode=max,version=v1,builder-id=https://github.com/moby/moby/actions/runs/25729270852/attempts/1 --set *.platform=linux/arm/v7 --set *.cache-from=type=gha,scope=bin-image-linux-arm-v7 --set *.cache-to=type=gha,ignore-error=true,scope=bin-image-linux-arm-v7,mode=min --metadata-file /home/runner/work/_temp/docker-actions-toolkit-q7lmtH/bake-metadata-7b6112888f.json --sbom false bin-image-cross --print
2026-05-12T10:43:19.4646533Z #0 building with "builder-e6ed23ce-b3ea-486e-91bb-4fa9b8146019" instance using docker-container driver
2026-05-12T10:43:19.4647472Z 
2026-05-12T10:43:19.4647888Z #1 [internal] load git source https://github.com/moby/moby.git?ref=refs/heads/master&checksum=90deaa8fc011b6418ded1872439bd698920448d1
2026-05-12T10:43:20.1085532Z #1 0.795 90deaa8fc011b6418ded1872439bd698920448d1	refs/heads/master
2026-05-12T10:43:20.1326886Z #1 CACHED
2026-05-12T10:43:20.1327181Z 
2026-05-12T10:43:20.1327290Z #2 [internal] load local bake definitions
2026-05-12T10:43:20.1327851Z #2 reading /home/runner/work/_temp/docker-actions-toolkit-h9s1KA/docker-metadata-action-bake-tags.json 226B / 226B done
2026-05-12T10:43:20.1328358Z #2 DONE 0.0s
2026-05-12T10:43:20.1328552Z {
2026-05-12T10:43:20.1328692Z   "group": {
2026-05-12T10:43:20.1328846Z     "default": {
2026-05-12T10:43:20.1329008Z       "targets": [
2026-05-12T10:43:20.1329179Z         "bin-image-cross"
2026-05-12T10:43:20.1329364Z       ]
2026-05-12T10:43:20.1329502Z     }
2026-05-12T10:43:20.1329637Z   },
2026-05-12T10:43:20.1329776Z   "target": {
2026-05-12T10:43:20.1330097Z     "bin-image-cross": {
2026-05-12T10:43:20.1330317Z       "attest": [
2026-05-12T10:43:20.1330478Z         {
2026-05-12T10:43:20.1330787Z           "builder-id": "https://github.com/moby/moby/actions/runs/25729270852/attempts/1",
2026-05-12T10:43:20.1331697Z           "mode": "max",
2026-05-12T10:43:20.1331956Z           "type": "provenance",
2026-05-12T10:43:20.1332307Z           "version": "v1"
2026-05-12T10:43:20.1332493Z         },
2026-05-12T10:43:20.1332636Z         {
2026-05-12T10:43:20.1332787Z           "disabled": true,
2026-05-12T10:43:20.1332981Z           "type": "sbom"
2026-05-12T10:43:20.1333155Z         }
2026-05-12T10:43:20.1333296Z       ],
2026-05-12T10:43:20.1334239Z       "context": "https://github.com/moby/moby.git?ref=refs/heads/master\u0026checksum=90deaa8fc011b6418ded1872439bd698920448d1",
2026-05-12T10:43:20.1334771Z       "dockerfile": "Dockerfile",
2026-05-12T10:43:20.1335158Z       "args": {
2026-05-12T10:43:20.1335389Z         "BUILDKIT_CONTEXT_KEEP_GIT_DIR": "1",
2026-05-12T10:43:20.1335658Z         "DEFAULT_PRODUCT_LICENSE": "",
2026-05-12T10:43:20.1336061Z         "DOCKER_BUILDTAGS": "",
2026-05-12T10:43:20.1336276Z         "DOCKER_DEBUG": "",
2026-05-12T10:43:20.1336552Z         "DOCKER_GITCOMMIT": "90deaa8fc011b6418ded1872439bd698920448d1",
2026-05-12T10:43:20.1336864Z         "DOCKER_LDFLAGS": "",
2026-05-12T10:43:20.1337510Z         "DOCKER_META_IMAGES": "moby/moby-bin",
2026-05-12T10:43:20.1337763Z         "DOCKER_META_VERSION": "master",
2026-05-12T10:43:20.1337994Z         "DOCKER_STATIC": "1",
2026-05-12T10:43:20.1338216Z         "PACKAGER_NAME": "The Moby Project",
2026-05-12T10:43:20.1338472Z         "PLATFORM": "Moby Engine - Nightly",
2026-05-12T10:43:20.1338715Z         "PRODUCT": "moby-bin",
2026-05-12T10:43:20.1338928Z         "VERSION": "refs/heads/master"
2026-05-12T10:43:20.1339139Z       },
2026-05-12T10:43:20.1339286Z       "cache-from": [
2026-05-12T10:43:20.1339456Z         {
2026-05-12T10:43:20.1339628Z           "scope": "bin-image-linux-arm-v7",
2026-05-12T10:43:20.1339872Z           "type": "gha"
2026-05-12T10:43:20.1340212Z         }
2026-05-12T10:43:20.1340369Z       ],
2026-05-12T10:43:20.1340514Z       "cache-to": [
2026-05-12T10:43:20.1340676Z         {
2026-05-12T10:43:20.1340832Z           "ignore-error": "true",
2026-05-12T10:43:20.1341070Z           "mode": "min",
2026-05-12T10:43:20.1341279Z           "scope": "bin-image-linux-arm-v7",
2026-05-12T10:43:20.1341519Z           "type": "gha"
2026-05-12T10:43:20.1341693Z         }
2026-05-12T10:43:20.1341833Z       ],
2026-05-12T10:43:20.1341977Z       "target": "all",
2026-05-12T10:43:20.1342156Z       "platforms": [
2026-05-12T10:43:20.1342333Z         "linux/arm/v7"
2026-05-12T10:43:20.1342501Z       ],
2026-05-12T10:43:20.1342641Z       "output": [
2026-05-12T10:43:20.1342796Z         {
2026-05-12T10:43:20.1342953Z           "name": "moby/moby-bin",
2026-05-12T10:43:20.1343175Z           "name-canonical": "true",
2026-05-12T10:43:20.1343395Z           "oci-artifact": "true",
2026-05-12T10:43:20.1343819Z           "push": "true",
2026-05-12T10:43:20.1344076Z           "push-by-digest": "true",
2026-05-12T10:43:20.1344296Z           "type": "image"
2026-05-12T10:43:20.1344473Z         }
2026-05-12T10:43:20.1344615Z       ]
2026-05-12T10:43:20.1344750Z     }
2026-05-12T10:43:20.1344884Z   }
2026-05-12T10:43:20.1345019Z }
2026-05-12T10:43:20.1382239Z ##[endgroup]
2026-05-12T10:43:20.1399107Z [command]/usr/bin/docker buildx bake https://github.com/moby/moby.git?ref=refs/heads/master&checksum=90deaa8fc011b6418ded1872439bd698920448d1 --allow fs=* --file docker-bake.hcl --file cwd:///home/runner/work/_temp/docker-actions-toolkit-h9s1KA/docker-metadata-action-bake-tags.json --set *.output=type=image,"name=moby/moby-bin",oci-artifact=true,push-by-digest=true,name-canonical=true,push=true --set *.tags= --set *.attest=type=provenance,mode=max,version=v1,builder-id=https://github.com/moby/moby/actions/runs/25729270852/attempts/1 --set *.platform=linux/arm/v7 --set *.cache-from=type=gha,scope=bin-image-linux-arm-v7 --set *.cache-to=type=gha,ignore-error=true,scope=bin-image-linux-arm-v7,mode=min --metadata-file /home/runner/work/_temp/docker-actions-toolkit-q7lmtH/bake-metadata-7b6112888f.json --sbom false bin-image-cross
2026-05-12T10:43:20.2222017Z #0 building with "builder-e6ed23ce-b3ea-486e-91bb-4fa9b8146019" instance using docker-container driver
2026-05-12T10:43:20.2223083Z 
2026-05-12T10:43:20.2223659Z #1 [internal] load git source https://github.com/moby/moby.git?ref=refs/heads/master&checksum=90deaa8fc011b6418ded1872439bd698920448d1
2026-05-12T10:43:20.9472060Z #1 0.725 90deaa8fc011b6418ded1872439bd698920448d1	refs/heads/master
2026-05-12T10:43:21.1499242Z #1 CACHED
2026-05-12T10:43:21.1499420Z 
2026-05-12T10:43:21.1499520Z #2 [internal] load local bake definitions
2026-05-12T10:43:21.1500276Z #2 reading /home/runner/work/_temp/docker-actions-toolkit-h9s1KA/docker-metadata-action-bake-tags.json 226B / 226B done
2026-05-12T10:43:21.1500796Z #2 DONE 0.0s
2026-05-12T10:43:21.1500892Z 
2026-05-12T10:43:21.1501317Z #3 [internal] load git source https://github.com/moby/moby.git?ref=refs/heads/master&checksum=90deaa8fc011b6418ded1872439bd698920448d1
2026-05-12T10:43:21.8024587Z #3 0.803 90deaa8fc011b6418ded1872439bd698920448d1	refs/heads/master
2026-05-12T10:43:22.4126521Z #3 0.603 90deaa8fc011b6418ded1872439bd698920448d1
2026-05-12T10:43:22.6094808Z #3 0.604 90deaa8fc011b6418ded1872439bd698920448d1
2026-05-12T10:43:22.6095797Z #3 0.644 Initialized empty Git repository in /var/lib/buildkit/runc-overlayfs/snapshots/snapshots/3/fs/.git/
2026-05-12T10:43:22.6096258Z #3 0.649 commit
2026-05-12T10:43:23.2112679Z #3 1.401 From file:///var/lib/buildkit/runc-overlayfs/snapshots/snapshots/1/fs
2026-05-12T10:43:23.2113218Z #3 1.401  * [new tag]         refs/heads/master -> master
2026-05-12T10:43:23.2113567Z #3 1.401  * [new tag]         refs/heads/master -> refs/heads/master
2026-05-12T10:43:23.9211920Z #3 2.111 Note: switching to 'FETCH_HEAD'.
2026-05-12T10:43:23.9213418Z #3 2.111 
2026-05-12T10:43:23.9213831Z #3 2.111 You are in 'detached HEAD' state. You can look around, make experimental
2026-05-12T10:43:23.9214311Z #3 2.111 changes and commit them, and you can discard any commits you make in this
2026-05-12T10:43:23.9214771Z #3 2.111 state without impacting any branches by switching back to a branch.
2026-05-12T10:43:23.9215097Z #3 2.111 
2026-05-12T10:43:23.9215358Z #3 2.111 If you want to create a new branch to retain commits you create, you may
2026-05-12T10:43:23.9215829Z #3 2.111 do so (now or later) by using -c with the switch command. Example:
2026-05-12T10:43:23.9216132Z #3 2.111 
2026-05-12T10:43:23.9216301Z #3 2.111   git switch -c <new-branch-name>
2026-05-12T10:43:23.9216526Z #3 2.111 
2026-05-12T10:43:23.9216691Z #3 2.111 Or undo this operation with:
2026-05-12T10:43:23.9216905Z #3 2.111 
2026-05-12T10:43:23.9217052Z #3 2.111   git switch -
2026-05-12T10:43:23.9217226Z #3 2.111 
2026-05-12T10:43:23.9217508Z #3 2.111 Turn off this advice by setting config variable advice.detachedHead to false
2026-05-12T10:43:23.9218246Z #3 2.111 
2026-05-12T10:43:23.9218573Z #3 2.111 HEAD is now at 90deaa8 Merge pull request #52579 from elezar/fix-cdi-additional-gids
2026-05-12T10:43:24.1479290Z #3 DONE 5.1s
2026-05-12T10:43:24.1479475Z 
2026-05-12T10:43:24.1479706Z #4 resolve image config for docker-image://docker.io/docker/dockerfile:1
2026-05-12T10:43:24.3404952Z #4 ...
2026-05-12T10:43:24.3405103Z 
2026-05-12T10:43:24.3405275Z #5 [auth] docker/dockerfile:pull token for registry-1.docker.io
2026-05-12T10:43:24.3405572Z #5 DONE 0.0s
2026-05-12T10:43:24.4897624Z 
2026-05-12T10:43:24.4898416Z #4 resolve image config for docker-image://docker.io/docker/dockerfile:1
2026-05-12T10:43:24.8906467Z #4 DONE 0.9s
2026-05-12T10:43:24.9957253Z 
2026-05-12T10:43:24.9958271Z #6 docker-image://docker.io/docker/dockerfile:1@sha256:2780b5c3bab67f1f76c781860de469442999ed1a0d7992a5efdf2cffc0e3d769
2026-05-12T10:43:24.9959132Z #6 resolve docker.io/docker/dockerfile:1@sha256:2780b5c3bab67f1f76c781860de469442999ed1a0d7992a5efdf2cffc0e3d769 0.0s done
2026-05-12T10:43:25.1736319Z #6 sha256:86ea2bbb0f9dfaf8a78dec7df55fe7dd9e6028a24b247597aca3aceb8b6ac240 13.00MB / 13.00MB 0.2s
2026-05-12T10:43:25.3436018Z #6 sha256:86ea2bbb0f9dfaf8a78dec7df55fe7dd9e6028a24b247597aca3aceb8b6ac240 13.00MB / 13.00MB 0.2s done
2026-05-12T10:43:25.3437111Z #6 extracting sha256:86ea2bbb0f9dfaf8a78dec7df55fe7dd9e6028a24b247597aca3aceb8b6ac240 0.1s done
2026-05-12T10:43:25.3437608Z #6 DONE 0.4s
2026-05-12T10:43:25.4907544Z 
2026-05-12T10:43:25.4908678Z #7 [auth] library/golang:pull token for registry-1.docker.io
2026-05-12T10:43:25.6082792Z #7 DONE 0.0s
2026-05-12T10:43:25.6083053Z 
2026-05-12T10:43:25.6083214Z #8 [auth] library/busybox:pull token for registry-1.docker.io
2026-05-12T10:43:25.6083507Z #8 DONE 0.0s
2026-05-12T10:43:25.6083605Z 
2026-05-12T10:43:25.6083737Z #9 [auth] tonistiigi/xx:pull token for registry-1.docker.io
2026-05-12T10:43:25.7591234Z #9 DONE 0.0s
2026-05-12T10:43:25.7591483Z 
2026-05-12T10:43:25.7591643Z #10 [internal] load metadata for docker.io/tonistiigi/xx:1.9.0
2026-05-12T10:43:26.1950420Z #10 ...
2026-05-12T10:43:26.1950610Z 
2026-05-12T10:43:26.1950811Z #11 [internal] load metadata for docker.io/library/golang:1.26.3-bookworm
2026-05-12T10:43:26.1951134Z #11 DONE 0.8s
2026-05-12T10:43:26.2982510Z 
2026-05-12T10:43:26.2982983Z #12 [internal] load metadata for docker.io/library/busybox:latest
2026-05-12T10:43:26.2983736Z #12 DONE 0.9s
2026-05-12T10:43:26.2983840Z 
2026-05-12T10:43:26.2983981Z #10 [internal] load metadata for docker.io/tonistiigi/xx:1.9.0
2026-05-12T10:43:26.2984271Z #10 DONE 0.9s
2026-05-12T10:43:29.7095656Z 
2026-05-12T10:43:29.7096223Z #13 importing cache manifest from gha:9842072044032843133
2026-05-12T10:43:29.8100970Z #13 ...
2026-05-12T10:43:29.8101994Z 
2026-05-12T10:43:29.8102432Z #14 [xx 1/1] FROM docker.io/tonistiigi/xx:1.9.0@sha256:c64defb9ed5a91eacb37f96ccc3d4cd72521c4bd18d5442905b95e2226b0e707
2026-05-12T10:43:29.8103203Z #14 resolve docker.io/tonistiigi/xx:1.9.0@sha256:c64defb9ed5a91eacb37f96ccc3d4cd72521c4bd18d5442905b95e2226b0e707 0.1s done
2026-05-12T10:43:29.8103739Z #14 DONE 0.1s
2026-05-12T10:43:29.8103835Z 
2026-05-12T10:43:29.8104194Z #15 [base 1/5] FROM docker.io/library/golang:1.26.3-bookworm@sha256:252599aeb51ad60b83e4d8821802068127c528c707cb7dd7afd93be057c6011c
2026-05-12T10:43:29.8105003Z #15 resolve docker.io/library/golang:1.26.3-bookworm@sha256:252599aeb51ad60b83e4d8821802068127c528c707cb7dd7afd93be057c6011c 0.1s done
2026-05-12T10:43:29.8105541Z #15 DONE 0.1s
2026-05-12T10:43:29.9643111Z 
2026-05-12T10:43:29.9644004Z #16 [build-dummy 1/2] FROM docker.io/library/busybox:latest@sha256:1487d0af5f52b4ba31c7e465126ee2123fe3f2305d638e7827681e7cf6c83d5e
2026-05-12T10:43:29.9644877Z #16 resolve docker.io/library/busybox:latest@sha256:1487d0af5f52b4ba31c7e465126ee2123fe3f2305d638e7827681e7cf6c83d5e 0.1s done
2026-05-12T10:43:29.9645381Z #16 DONE 0.1s
2026-05-12T10:43:29.9645479Z 
2026-05-12T10:43:29.9645801Z #17 [rootlesskit-src 2/2] ADD https://github.com/rootless-containers/rootlesskit.git?ref=v3.0.0&keep-git-dir=1 .
2026-05-12T10:43:30.0735137Z #17 0.358 4058db2928d13f4db5c02341e8bc321cd7c7fc25	refs/tags/v3.0.0
2026-05-12T10:43:30.1782547Z #17 0.360 01885f675def8cf9202791b7e3517cdad52bf837	refs/tags/v3.0.0^{}
2026-05-12T10:43:30.1783496Z #17 DONE 0.4s
2026-05-12T10:43:30.1784249Z 
2026-05-12T10:43:30.1784595Z #18 [tini-src 2/2] ADD https://github.com/krallin/tini.git?ref=v0.19.0&keep-git-dir=1 .
2026-05-12T10:43:30.1785102Z #18 0.377 de40ad007797e0dcd8b7126f27bb87401d224240	refs/tags/v0.19.0
2026-05-12T10:43:30.1785412Z #18 DONE 0.4s
2026-05-12T10:43:30.1785511Z 
2026-05-12T10:43:30.1785839Z #19 [gowinres 1/2] ADD https://github.com/tc-hib/go-winres.git?ref=v0.3.1&keep-git-dir=1 /go/src/github.com/tc-hib/go-winres
2026-05-12T10:43:30.1786404Z #19 0.465 680a280b748f922282c10e6cbc355e19742d45a9	refs/tags/v0.3.1
2026-05-12T10:43:30.2863610Z #19 DONE 0.5s
2026-05-12T10:43:30.2864116Z 
2026-05-12T10:43:30.2864475Z #13 importing cache manifest from gha:9842072044032843133
2026-05-12T10:43:30.2865063Z #13 verifying signature of cache index sha256:1da8acfc5285fd451966bca9444de18f9d68710f15cde235149c90c1197dabbb
2026-05-12T10:43:30.4399412Z #13 ...
2026-05-12T10:43:30.4399585Z 
2026-05-12T10:43:30.4399878Z #20 [runc-src 2/2] ADD https://github.com/opencontainers/runc.git?ref=v1.3.5&keep-git-dir=1 .
2026-05-12T10:43:30.4400585Z #20 0.572 4db10680b270dfd505651cdfe21f412ff029c037	refs/tags/v1.3.5
2026-05-12T10:43:30.4401025Z #20 0.575 488fc13e1f2d3d73ec36d829fdf2c98e47dc5ae8	refs/tags/v1.3.5^{}
2026-05-12T10:43:30.4401335Z #20 DONE 0.6s
2026-05-12T10:43:30.4594200Z 
2026-05-12T10:43:30.4594728Z #21 [containerd-src 2/2] ADD https://github.com/containerd/containerd.git?ref=v2.2.3&keep-git-dir=1 .
2026-05-12T10:43:30.4595380Z #21 0.747 0c020f0ae8dc3496422d90784b8c58aa91abe09e	refs/tags/v2.2.3
2026-05-12T10:43:30.6136322Z #21 0.750 77c84241c7cbdd9b4eca2591793e3d4f4317c590	refs/tags/v2.2.3^{}
2026-05-12T10:43:30.6136702Z #21 DONE 0.8s
2026-05-12T10:43:30.6136803Z 
2026-05-12T10:43:30.6136938Z #13 importing cache manifest from gha:9842072044032843133
2026-05-12T10:43:30.9731339Z #13 verifying signature of cache index sha256:1da8acfc5285fd451966bca9444de18f9d68710f15cde235149c90c1197dabbb 0.7s done
2026-05-12T10:43:31.2005795Z #13 DONE 1.3s
2026-05-12T10:43:31.2006338Z 
2026-05-12T10:43:31.2007157Z #14 [xx 1/1] FROM docker.io/tonistiigi/xx:1.9.0@sha256:c64defb9ed5a91eacb37f96ccc3d4cd72521c4bd18d5442905b95e2226b0e707
2026-05-12T10:43:31.2008291Z #14 sha256:64c1651c839051d1f9be192cc64b8139fd88dd0db7c0fddbf6d6e567e910b342 17.70kB / 17.70kB 0.1s done
2026-05-12T10:43:31.4194064Z #14 extracting sha256:64c1651c839051d1f9be192cc64b8139fd88dd0db7c0fddbf6d6e567e910b342 0.0s done
2026-05-12T10:43:31.4194539Z #14 DONE 0.3s
2026-05-12T10:43:31.4194638Z 
2026-05-12T10:43:31.4194985Z #19 [gowinres 1/2] ADD https://github.com/tc-hib/go-winres.git?ref=v0.3.1&keep-git-dir=1 /go/src/github.com/tc-hib/go-winres
2026-05-12T10:43:31.4195679Z #19 0.070 Initialized empty Git repository in /var/lib/buildkit/runc-overlayfs/snapshots/snapshots/6/fs/
2026-05-12T10:43:31.8268735Z #19 0.849 From https://github.com/tc-hib/go-winres
2026-05-12T10:43:31.8269188Z #19 0.849  * [new tag]         v0.3.1     -> v0.3.1
2026-05-12T10:43:31.9702027Z #19 0.851 680a280b748f922282c10e6cbc355e19742d45a9
2026-05-12T10:43:31.9703463Z #19 0.887 Initialized empty Git repository in /var/lib/buildkit/runc-overlayfs/snapshots/snapshots/9/fs/.git/
2026-05-12T10:43:31.9704062Z #19 0.891 commit
2026-05-12T10:43:31.9704378Z #19 0.935 From file:///var/lib/buildkit/runc-overlayfs/snapshots/snapshots/6/fs
2026-05-12T10:43:31.9704759Z #19 0.935  * [new tag]         v0.3.1     -> v0.3.1
2026-05-12T10:43:31.9705036Z #19 0.935  * [new tag]         v0.3.1     -> v0.3.1
2026-05-12T10:43:31.9705298Z #19 0.942 Note: switching to 'FETCH_HEAD'.
2026-05-12T10:43:31.9705526Z #19 0.942 
2026-05-12T10:43:31.9705791Z #19 0.942 You are in 'detached HEAD' state. You can look around, make experimental
2026-05-12T10:43:31.9706250Z #19 0.942 changes and commit them, and you can discard any commits you make in this
2026-05-12T10:43:31.9707159Z #19 0.942 state without impacting any branches by switching back to a branch.
2026-05-12T10:43:31.9707515Z #19 0.942 
2026-05-12T10:43:31.9707782Z #19 0.942 If you want to create a new branch to retain commits you create, you may
2026-05-12T10:43:31.9708215Z #19 0.942 do so (now or later) by using -c with the switch command. Example:
2026-05-12T10:43:31.9708532Z #19 0.942 
2026-05-12T10:43:31.9708705Z #19 0.942   git switch -c <new-branch-name>
2026-05-12T10:43:31.9708936Z #19 0.942 
2026-05-12T10:43:31.9709100Z #19 0.942 Or undo this operation with:
2026-05-12T10:43:31.9709312Z #19 0.942 
2026-05-12T10:43:31.9709503Z #19 0.942   git switch -
2026-05-12T10:43:31.9709682Z #19 0.942 
2026-05-12T10:43:31.9710262Z #19 0.942 Turn off this advice by setting config variable advice.detachedHead to false
2026-05-12T10:43:31.9710642Z #19 0.942 
2026-05-12T10:43:31.9710886Z #19 0.942 HEAD is now at 680a280 Merge pull request #9 from kmahyyg/main
2026-05-12T10:43:31.9711188Z #19 DONE 1.5s
2026-05-12T10:43:32.1296442Z 
2026-05-12T10:43:32.1297226Z #15 [base 1/5] FROM docker.io/library/golang:1.26.3-bookworm@sha256:252599aeb51ad60b83e4d8821802068127c528c707cb7dd7afd93be057c6011c
2026-05-12T10:43:32.2874007Z #15 DONE 0.4s
2026-05-12T10:43:32.4445743Z 
2026-05-12T10:43:32.4446446Z #15 [base 1/5] FROM docker.io/library/golang:1.26.3-bookworm@sha256:252599aeb51ad60b83e4d8821802068127c528c707cb7dd7afd93be057c6011c
2026-05-12T10:43:32.4447234Z #15 sha256:4f4fb700ef54461cfa02571ae0db9a0dc1e0cdb5577484a6d75e68dc38e8acc1 32B / 32B 0.1s done
2026-05-12T10:43:32.5955799Z #15 sha256:0329f9bfefbf52f9c7eeeee3bce3970cb4e615b2fc03fc40ed3a7baaba1abd74 125B / 125B 0.1s done
2026-05-12T10:43:32.5956624Z #15 sha256:50b5b71d08511537910256dd369d97ff599afa038eb82ea0b5f09585c2bb3663 6.29MB / 86.56MB 0.2s
2026-05-12T10:43:32.5957347Z #15 sha256:3cd5c3bf1fab727b805a2f735f33789c10938680bdeb2f8922a44aa2738df91f 2.10MB / 64.48MB 0.2s
2026-05-12T10:43:32.5958068Z #15 sha256:99fa76ba696f7dc4b9e2330d4ae7c03a0f4b2c055caa94b353f7f600a6dab0c6 6.29MB / 64.17MB 0.2s
2026-05-12T10:43:32.7476710Z #15 sha256:50b5b71d08511537910256dd369d97ff599afa038eb82ea0b5f09585c2bb3663 46.14MB / 86.56MB 0.3s
2026-05-12T10:43:32.7477419Z #15 sha256:3cd5c3bf1fab727b805a2f735f33789c10938680bdeb2f8922a44aa2738df91f 29.36MB / 64.48MB 0.3s
2026-05-12T10:43:32.7478058Z #15 sha256:99fa76ba696f7dc4b9e2330d4ae7c03a0f4b2c055caa94b353f7f600a6dab0c6 59.77MB / 64.17MB 0.3s
2026-05-12T10:43:32.7479038Z #15 sha256:19f56578c9577bd69a05b2319baacd770a986ae61a8568047ddd91db1a1893b4 0B / 23.61MB 0.2s
2026-05-12T10:43:32.8953372Z #15 sha256:50b5b71d08511537910256dd369d97ff599afa038eb82ea0b5f09585c2bb3663 78.64MB / 86.56MB 0.5s
2026-05-12T10:43:32.8954083Z #15 sha256:3cd5c3bf1fab727b805a2f735f33789c10938680bdeb2f8922a44aa2738df91f 37.75MB / 64.48MB 0.5s
2026-05-12T10:43:32.8954706Z #15 sha256:99fa76ba696f7dc4b9e2330d4ae7c03a0f4b2c055caa94b353f7f600a6dab0c6 64.17MB / 64.17MB 0.5s
2026-05-12T10:43:32.8955312Z #15 sha256:19f56578c9577bd69a05b2319baacd770a986ae61a8568047ddd91db1a1893b4 23.61MB / 23.61MB 0.3s
2026-05-12T10:43:33.4171835Z #15 sha256:50b5b71d08511537910256dd369d97ff599afa038eb82ea0b5f09585c2bb3663 86.56MB / 86.56MB 1.1s
2026-05-12T10:43:33.4172510Z #15 sha256:3cd5c3bf1fab727b805a2f735f33789c10938680bdeb2f8922a44aa2738df91f 44.04MB / 64.48MB 0.9s
2026-05-12T10:43:33.4173134Z #15 sha256:19f56578c9577bd69a05b2319baacd770a986ae61a8568047ddd91db1a1893b4 23.61MB / 23.61MB 0.7s done
2026-05-12T10:43:33.6690266Z #15 sha256:8eda28c6ece628fdff982fd6c7c1cd1f5eeccc51cfd0a3ee9155b2ccbdcc68a3 10.49MB / 48.37MB 0.5s
2026-05-12T10:43:33.8180498Z #15 sha256:50b5b71d08511537910256dd369d97ff599afa038eb82ea0b5f09585c2bb3663 86.56MB / 86.56MB 1.3s done
2026-05-12T10:43:33.8181293Z #15 sha256:3cd5c3bf1fab727b805a2f735f33789c10938680bdeb2f8922a44aa2738df91f 55.57MB / 64.48MB 1.4s
2026-05-12T10:43:33.8181935Z #15 sha256:99fa76ba696f7dc4b9e2330d4ae7c03a0f4b2c055caa94b353f7f600a6dab0c6 64.17MB / 64.17MB 1.2s done
2026-05-12T10:43:33.8183059Z #15 sha256:8eda28c6ece628fdff982fd6c7c1cd1f5eeccc51cfd0a3ee9155b2ccbdcc68a3 48.37MB / 48.37MB 0.6s
2026-05-12T10:43:33.9683333Z #15 sha256:3cd5c3bf1fab727b805a2f735f33789c10938680bdeb2f8922a44aa2738df91f 62.91MB / 64.48MB 1.5s
2026-05-12T10:43:34.4179144Z #15 sha256:8eda28c6ece628fdff982fd6c7c1cd1f5eeccc51cfd0a3ee9155b2ccbdcc68a3 48.37MB / 48.37MB 1.2s done
2026-05-12T10:43:34.5984905Z #15 sha256:3cd5c3bf1fab727b805a2f735f33789c10938680bdeb2f8922a44aa2738df91f 64.48MB / 64.48MB 2.0s done
2026-05-12T10:43:34.5985627Z #15 extracting sha256:8eda28c6ece628fdff982fd6c7c1cd1f5eeccc51cfd0a3ee9155b2ccbdcc68a3
2026-05-12T10:43:35.1841871Z #15 extracting sha256:8eda28c6ece628fdff982fd6c7c1cd1f5eeccc51cfd0a3ee9155b2ccbdcc68a3 0.7s done
2026-05-12T10:43:35.1842362Z #15 DONE 3.3s
2026-05-12T10:43:35.3351911Z 
2026-05-12T10:43:35.3352969Z #15 [base 1/5] FROM docker.io/library/golang:1.26.3-bookworm@sha256:252599aeb51ad60b83e4d8821802068127c528c707cb7dd7afd93be057c6011c
2026-05-12T10:43:35.3354115Z #15 extracting sha256:19f56578c9577bd69a05b2319baacd770a986ae61a8568047ddd91db1a1893b4
2026-05-12T10:43:35.4418160Z #15 extracting sha256:19f56578c9577bd69a05b2319baacd770a986ae61a8568047ddd91db1a1893b4 0.3s done
2026-05-12T10:43:35.4418637Z #15 DONE 3.5s
2026-05-12T10:43:35.5923444Z 
2026-05-12T10:43:35.5924186Z #15 [base 1/5] FROM docker.io/library/golang:1.26.3-bookworm@sha256:252599aeb51ad60b83e4d8821802068127c528c707cb7dd7afd93be057c6011c
2026-05-12T10:43:35.5924952Z #15 extracting sha256:3cd5c3bf1fab727b805a2f735f33789c10938680bdeb2f8922a44aa2738df91f
2026-05-12T10:43:36.3673500Z #15 extracting sha256:3cd5c3bf1fab727b805a2f735f33789c10938680bdeb2f8922a44aa2738df91f 0.9s done
2026-05-12T10:43:36.3673993Z #15 DONE 4.5s
2026-05-12T10:43:36.5177626Z 
2026-05-12T10:43:36.5178888Z #15 [base 1/5] FROM docker.io/library/golang:1.26.3-bookworm@sha256:252599aeb51ad60b83e4d8821802068127c528c707cb7dd7afd93be057c6011c
2026-05-12T10:43:36.5179619Z #15 extracting sha256:50b5b71d08511537910256dd369d97ff599afa038eb82ea0b5f09585c2bb3663
2026-05-12T10:43:37.2537122Z #15 extracting sha256:50b5b71d08511537910256dd369d97ff599afa038eb82ea0b5f09585c2bb3663 0.9s done
2026-05-12T10:43:37.2537851Z #15 DONE 5.3s
2026-05-12T10:43:37.4041979Z 
2026-05-12T10:43:37.4042590Z #15 [base 1/5] FROM docker.io/library/golang:1.26.3-bookworm@sha256:252599aeb51ad60b83e4d8821802068127c528c707cb7dd7afd93be057c6011c
2026-05-12T10:43:37.4043308Z #15 extracting sha256:99fa76ba696f7dc4b9e2330d4ae7c03a0f4b2c055caa94b353f7f600a6dab0c6
2026-05-12T10:43:39.0200316Z #15 extracting sha256:99fa76ba696f7dc4b9e2330d4ae7c03a0f4b2c055caa94b353f7f600a6dab0c6 1.8s done
2026-05-12T10:43:39.0200806Z #15 DONE 7.1s
2026-05-12T10:43:39.2413801Z 
2026-05-12T10:43:39.2414526Z #15 [base 1/5] FROM docker.io/library/golang:1.26.3-bookworm@sha256:252599aeb51ad60b83e4d8821802068127c528c707cb7dd7afd93be057c6011c
2026-05-12T10:43:39.2415300Z #15 extracting sha256:0329f9bfefbf52f9c7eeeee3bce3970cb4e615b2fc03fc40ed3a7baaba1abd74 0.0s done
2026-05-12T10:43:39.2415922Z #15 extracting sha256:4f4fb700ef54461cfa02571ae0db9a0dc1e0cdb5577484a6d75e68dc38e8acc1 0.0s done
2026-05-12T10:43:39.2416371Z #15 DONE 7.2s
2026-05-12T10:43:39.2416480Z 
2026-05-12T10:43:39.2416560Z #22 [base 2/5] COPY --from=xx / /
2026-05-12T10:43:44.7065314Z #22 DONE 5.6s
2026-05-12T10:43:44.8317602Z 
2026-05-12T10:43:44.8318500Z #23 [base 3/5] RUN go telemetry off && [ "$(go telemetry)" = "off" ] || { echo "Failed to disable Go telemetry"; exit 1; }
2026-05-12T10:43:44.8319015Z #23 DONE 0.1s
2026-05-12T10:43:44.9626671Z 
2026-05-12T10:43:44.9627363Z #24 [base 4/5] RUN echo 'Binary::apt::APT::Keep-Downloaded-Packages "true";' > /etc/apt/apt.conf.d/keep-cache
2026-05-12T10:43:44.9627848Z #24 DONE 0.1s
2026-05-12T10:43:45.1184076Z 
2026-05-12T10:43:45.1184672Z #25 [base 5/5] RUN apt-get update && apt-get install --no-install-recommends -y file
2026-05-12T10:43:45.1235652Z #25 0.156 Get:1 http://deb.debian.org/debian bookworm InRelease [151 kB]
2026-05-12T10:43:45.2755243Z #25 0.184 Get:2 http://deb.debian.org/debian bookworm-updates InRelease [55.4 kB]
2026-05-12T10:43:45.2756374Z #25 0.193 Get:3 http://deb.debian.org/debian-security bookworm-security InRelease [48.0 kB]
2026-05-12T10:43:45.2757138Z #25 0.240 Get:4 http://deb.debian.org/debian bookworm/main arm64 Packages [8691 kB]
2026-05-12T10:43:45.2757805Z #25 0.307 Get:5 http://deb.debian.org/debian bookworm-updates/main arm64 Packages [6936 B]
2026-05-12T10:43:45.4502539Z #25 0.331 Get:6 http://deb.debian.org/debian-security bookworm-security/main arm64 Packages [300 kB]
2026-05-12T10:43:45.8892979Z #25 0.921 Fetched 9252 kB in 1s (11.7 MB/s)
2026-05-12T10:43:46.2929311Z #25 0.921 Reading package lists...
2026-05-12T10:43:46.7314893Z #25 1.354 Reading package lists...
2026-05-12T10:43:46.8803501Z #25 1.773 Building dependency tree...
2026-05-12T10:43:47.0309122Z #25 1.912 Reading state information...
2026-05-12T10:43:47.0345652Z #25 2.067 The following additional packages will be installed:
2026-05-12T10:43:47.1515282Z #25 2.067   libmagic-mgc libmagic1
2026-05-12T10:43:47.1516094Z #25 2.113 The following NEW packages will be installed:
2026-05-12T10:43:47.1516495Z #25 2.114   file libmagic-mgc libmagic1
2026-05-12T10:43:47.1516828Z #25 2.147 0 upgraded, 3 newly installed, 0 to remove and 1 not upgraded.
2026-05-12T10:43:47.1517160Z #25 2.147 Need to get 446 kB of archives.
2026-05-12T10:43:47.1517499Z #25 2.147 After this operation, 8709 kB of additional disk space will be used.
2026-05-12T10:43:47.1518036Z #25 2.147 Get:1 http://deb.debian.org/debian bookworm/main arm64 libmagic-mgc arm64 1:5.44-3 [305 kB]
2026-05-12T10:43:47.1518634Z #25 2.184 Get:2 http://deb.debian.org/debian bookworm/main arm64 libmagic1 arm64 1:5.44-3 [98.5 kB]
2026-05-12T10:43:47.2849079Z #25 2.192 Get:3 http://deb.debian.org/debian bookworm/main arm64 file arm64 1:5.44-3 [42.5 kB]
2026-05-12T10:43:47.2850370Z #25 2.317 debconf: delaying package configuration, since apt-utils is not installed
2026-05-12T10:43:47.3886256Z #25 2.361 Fetched 446 kB in 0s (6102 kB/s)
2026-05-12T10:43:47.3886674Z #25 2.404 Selecting previously unselected package libmagic-mgc.
2026-05-12T10:43:47.3887032Z #25 2.404 (Reading database ... 
2026-05-12T10:43:47.3887249Z (Reading database ... 5%
2026-05-12T10:43:47.3887448Z (Reading database ... 10%
2026-05-12T10:43:47.3887646Z (Reading database ... 15%
2026-05-12T10:43:47.3887839Z (Reading database ... 20%
2026-05-12T10:43:47.3888035Z (Reading database ... 25%
2026-05-12T10:43:47.3888230Z (Reading database ... 30%
2026-05-12T10:43:47.3888856Z (Reading database ... 35%
2026-05-12T10:43:47.3889052Z (Reading database ... 40%
2026-05-12T10:43:47.3889245Z (Reading database ... 45%
2026-05-12T10:43:47.3889438Z (Reading database ... 50%
2026-05-12T10:43:47.3889631Z (Reading database ... 55%
2026-05-12T10:43:47.3889824Z (Reading database ... 60%
2026-05-12T10:43:47.3890436Z (Reading database ... 65%
2026-05-12T10:43:47.3890644Z (Reading database ... 70%
2026-05-12T10:43:47.3890842Z (Reading database ... 75%
2026-05-12T10:43:47.3891036Z (Reading database ... 80%
2026-05-12T10:43:47.3891230Z (Reading database ... 85%
2026-05-12T10:43:47.3891419Z (Reading database ... 90%
2026-05-12T10:43:47.3891622Z (Reading database ... 95%
2026-05-12T10:43:47.3891820Z (Reading database ... 100%
2026-05-12T10:43:47.3892115Z (Reading database ... 15641 files and directories currently installed.)
2026-05-12T10:43:47.3892534Z #25 2.410 Preparing to unpack .../libmagic-mgc_1%3a5.44-3_arm64.deb ...
2026-05-12T10:43:47.3892874Z #25 2.421 Unpacking libmagic-mgc (1:5.44-3) ...
2026-05-12T10:43:47.5188901Z #25 2.551 Selecting previously unselected package libmagic1:arm64.
2026-05-12T10:43:47.6221236Z #25 2.553 Preparing to unpack .../libmagic1_1%3a5.44-3_arm64.deb ...
2026-05-12T10:43:47.6221663Z #25 2.576 Unpacking libmagic1:arm64 (1:5.44-3) ...
2026-05-12T10:43:47.6221983Z #25 2.654 Selecting previously unselected package file.
2026-05-12T10:43:47.7504737Z #25 2.656 Preparing to unpack .../file_1%3a5.44-3_arm64.deb ...
2026-05-12T10:43:47.7505396Z #25 2.670 Unpacking file (1:5.44-3) ...
2026-05-12T10:43:47.7505663Z #25 2.751 Setting up libmagic-mgc (1:5.44-3) ...
2026-05-12T10:43:47.7506349Z #25 2.783 Setting up libmagic1:arm64 (1:5.44-3) ...
2026-05-12T10:43:47.9892181Z #25 2.836 Setting up file (1:5.44-3) ...
2026-05-12T10:43:47.9892550Z #25 2.871 Processing triggers for libc-bin (2.36-9+deb12u13) ...
2026-05-12T10:43:48.0239496Z #25 DONE 3.1s
2026-05-12T10:43:48.1476582Z 
2026-05-12T10:43:48.1477685Z #26 [gowinres 1/2] ADD https://github.com/tc-hib/go-winres.git?ref=v0.3.1&keep-git-dir=1 /go/src/github.com/tc-hib/go-winres
2026-05-12T10:43:48.1478665Z #26 DONE 0.1s
2026-05-12T10:43:48.3032113Z 
2026-05-12T10:43:48.3033211Z #27 [gowinres 2/2] RUN --mount=type=cache,target=/root/.cache/go-build     --mount=type=cache,target=/go/pkg/mod         cd /go/src/github.com/tc-hib/go-winres &&         GOBIN=/build CGO_ENABLED=0 go install .      && /build/go-winres --help
2026-05-12T10:43:48.4875947Z #27 0.335 go: downloading github.com/tc-hib/winres v0.1.6
2026-05-12T10:43:48.6293249Z #27 0.336 go: downloading github.com/urfave/cli/v2 v2.3.0
2026-05-12T10:43:48.6295074Z #27 0.476 go: downloading github.com/nfnt/resize v0.0.0-20180221191011-83c6a9932646
2026-05-12T10:43:48.8109216Z #27 0.477 go: downloading golang.org/x/image v0.0.0-20210220032944-ac19c3e999fb
2026-05-12T10:43:48.8109698Z #27 0.494 go: downloading github.com/cpuguy83/go-md2man/v2 v2.0.0
2026-05-12T10:43:48.8110236Z #27 0.508 go: downloading github.com/russross/blackfriday/v2 v2.1.0
2026-05-12T10:43:53.8031214Z #27 5.650 NAME:
2026-05-12T10:43:53.9539568Z #27 5.651    go-winres - A tool for embedding resources in Windows executables
2026-05-12T10:43:53.9540057Z #27 5.651 
2026-05-12T10:43:53.9540219Z #27 5.651 USAGE:
2026-05-12T10:43:53.9540501Z #27 5.651    go-winres [global options] command [command options] [arguments...]
2026-05-12T10:43:53.9540837Z #27 5.651 
2026-05-12T10:43:53.9540984Z #27 5.651 COMMANDS:
2026-05-12T10:43:53.9541211Z #27 5.651    init     Create an initial ./winres/winres.json
2026-05-12T10:43:53.9541544Z #27 5.651    make     Make syso files for the "go build" command
2026-05-12T10:43:53.9541949Z #27 5.651    simply   Make syso files for the "go build" command (simplified)
2026-05-12T10:43:53.9542336Z #27 5.651    extract  Extract all resources from an executable
2026-05-12T10:43:53.9542702Z #27 5.651    patch    Replace resources in an executable file (exe, dll)
2026-05-12T10:43:53.9543090Z #27 5.651    help, h  Shows a list of commands or help for one command
2026-05-12T10:43:53.9543383Z #27 5.651 
2026-05-12T10:43:53.9544082Z #27 5.651 GLOBAL OPTIONS:
2026-05-12T10:43:53.9544344Z #27 5.651    --help, -h  show help (default: false)
2026-05-12T10:43:54.4283500Z #27 DONE 6.3s
2026-05-12T10:43:54.7492067Z 
2026-05-12T10:43:54.7497879Z #28 [build 1/6] COPY --from=gowinres /build/ /usr/local/bin/
2026-05-12T10:43:54.9511160Z #28 DONE 0.1s
2026-05-12T10:43:54.9511590Z 
2026-05-12T10:43:54.9511961Z #29 [build 2/6] WORKDIR /go/src/github.com/docker/docker
2026-05-12T10:43:54.9512272Z #29 DONE 0.1s
2026-05-12T10:43:55.1071013Z 
2026-05-12T10:43:55.1072574Z #30 [build 3/6] RUN --mount=type=cache,sharing=locked,id=moby-build-aptlib,target=/var/lib/apt     --mount=type=cache,sharing=locked,id=moby-build-aptcache,target=/var/cache/apt         apt-get update && apt-get install --no-install-recommends -y             clang             lld             llvm             icoutils
2026-05-12T10:43:55.1976599Z #30 0.241 Get:1 http://deb.debian.org/debian bookworm InRelease [151 kB]
2026-05-12T10:43:55.3494888Z #30 0.267 Get:2 http://deb.debian.org/debian bookworm-updates InRelease [55.4 kB]
2026-05-12T10:43:55.3498323Z #30 0.276 Get:3 http://deb.debian.org/debian-security bookworm-security InRelease [48.0 kB]
2026-05-12T10:43:55.3498869Z #30 0.326 Get:4 http://deb.debian.org/debian bookworm/main arm64 Packages [8691 kB]
2026-05-12T10:43:55.3499371Z #30 0.393 Get:5 http://deb.debian.org/debian bookworm-updates/main arm64 Packages [6936 B]
2026-05-12T10:43:55.5219451Z #30 0.414 Get:6 http://deb.debian.org/debian-security bookworm-security/main arm64 Packages [300 kB]
2026-05-12T10:43:55.9610975Z #30 1.004 Fetched 9252 kB in 1s (11.7 MB/s)
2026-05-12T10:43:56.3522578Z #30 1.004 Reading package lists...
2026-05-12T10:43:56.7922295Z #30 1.434 Reading package lists...
2026-05-12T10:43:56.9347774Z #30 1.846 Building dependency tree...
2026-05-12T10:43:57.0819883Z #30 2.125 The following additional packages will be installed:
2026-05-12T10:43:57.2344017Z #30 2.125   clang-14 libclang-common-14-dev libclang-cpp14 libclang1-14 libclone-perl
2026-05-12T10:43:57.2344671Z #30 2.125   libcurl3-nss libencode-locale-perl libfile-listing-perl libgc1
2026-05-12T10:43:57.2345111Z #30 2.125   libhtml-parser-perl libhtml-tagset-perl libhtml-tree-perl
2026-05-12T10:43:57.2345529Z #30 2.125   libhttp-cookies-perl libhttp-date-perl libhttp-message-perl
2026-05-12T10:43:57.2345983Z #30 2.125   libhttp-negotiate-perl libicu72 libio-html-perl libio-socket-ssl-perl
2026-05-12T10:43:57.2346504Z #30 2.126   libllvm14 liblwp-mediatypes-perl liblwp-protocol-https-perl libnet-http-perl
2026-05-12T10:43:57.2347012Z #30 2.126   libnet-ssleay-perl libnspr4 libnss3 libobjc-12-dev libobjc4 libpfm4
2026-05-12T10:43:57.2347490Z #30 2.126   libpng16-16 libregexp-ipv6-perl libtimedate-perl libtry-tiny-perl
2026-05-12T10:43:57.2347959Z #30 2.126   liburi-perl libwww-perl libwww-robotrules-perl libxml2 libz3-4 lld-14
2026-05-12T10:43:57.2348439Z #30 2.126   llvm-14 llvm-14-linker-tools llvm-14-runtime llvm-runtime nss-plugin-pem
2026-05-12T10:43:57.2348810Z #30 2.126   perl-openssl-defaults
2026-05-12T10:43:57.2349042Z #30 2.127 Suggested packages:
2026-05-12T10:43:57.2349307Z #30 2.127   clang-14-doc wasi-libc libterm-readline-gnu-perl
2026-05-12T10:43:57.2349721Z #30 2.127   | libterm-readline-perl-perl libdata-dump-perl libcrypt-ssleay-perl
2026-05-12T10:43:57.2350468Z #30 2.127   libsub-name-perl libbusiness-isbn-perl libauthen-ntlm-perl llvm-14-doc
2026-05-12T10:43:57.2350842Z #30 2.127   debhelper
2026-05-12T10:43:57.2351026Z #30 2.127 Recommended packages:
2026-05-12T10:43:57.2351357Z #30 2.127   llvm-14-dev libclang-rt-14-dev libhtml-format-perl libdata-dump-perl
2026-05-12T10:43:57.2351850Z #30 2.127   libhtml-form-perl libhttp-daemon-perl libmailtools-perl binfmt-support
2026-05-12T10:43:57.2352210Z #30 2.127   | systemd
2026-05-12T10:43:57.2993286Z #30 2.343 The following NEW packages will be installed:
2026-05-12T10:43:57.2994142Z #30 2.343   clang clang-14 icoutils libclang-common-14-dev libclang-cpp14 libclang1-14
2026-05-12T10:43:57.4231066Z #30 2.343   libclone-perl libcurl3-nss libencode-locale-perl libfile-listing-perl libgc1
2026-05-12T10:43:57.4231979Z #30 2.343   libhtml-parser-perl libhtml-tagset-perl libhtml-tree-perl
2026-05-12T10:43:57.4232411Z #30 2.343   libhttp-cookies-perl libhttp-date-perl libhttp-message-perl
2026-05-12T10:43:57.4232866Z #30 2.343   libhttp-negotiate-perl libicu72 libio-html-perl libio-socket-ssl-perl
2026-05-12T10:43:57.4233383Z #30 2.343   libllvm14 liblwp-mediatypes-perl liblwp-protocol-https-perl libnet-http-perl
2026-05-12T10:43:57.4233892Z #30 2.343   libnet-ssleay-perl libnspr4 libnss3 libobjc-12-dev libobjc4 libpfm4
2026-05-12T10:43:57.4234369Z #30 2.343   libpng16-16 libregexp-ipv6-perl libtimedate-perl libtry-tiny-perl
2026-05-12T10:43:57.4234863Z #30 2.343   liburi-perl libwww-perl libwww-robotrules-perl libxml2 libz3-4 lld lld-14
2026-05-12T10:43:57.4235320Z #30 2.343   llvm llvm-14 llvm-14-linker-tools llvm-14-runtime llvm-runtime
2026-05-12T10:43:57.4235674Z #30 2.344   nss-plugin-pem perl-openssl-defaults
2026-05-12T10:43:57.4236025Z #30 2.379 0 upgraded, 49 newly installed, 0 to remove and 1 not upgraded.
2026-05-12T10:43:57.4236356Z #30 2.379 Need to get 68.4 MB of archives.
2026-05-12T10:43:57.4236691Z #30 2.379 After this operation, 337 MB of additional disk space will be used.
2026-05-12T10:43:57.4237227Z #30 2.379 Get:1 http://deb.debian.org/debian bookworm/main arm64 libicu72 arm64 72.1-3+deb12u1 [9202 kB]
2026-05-12T10:43:57.4237850Z #30 2.466 Get:2 http://deb.debian.org/debian bookworm/main arm64 libxml2 arm64 2.9.14+dfsg-1.3~deb12u5 [620 kB]
2026-05-12T10:43:57.5360648Z #30 2.476 Get:3 http://deb.debian.org/debian bookworm/main arm64 libz3-4 arm64 4.8.12-3.1 [6282 kB]
2026-05-12T10:43:57.5362220Z #30 2.503 Get:4 http://deb.debian.org/debian bookworm/main arm64 libllvm14 arm64 1:14.0.6-12 [19.3 MB]
2026-05-12T10:43:57.5363024Z #30 2.579 Get:5 http://deb.debian.org/debian bookworm/main arm64 libclang-cpp14 arm64 1:14.0.6-12 [9866 kB]
2026-05-12T10:43:57.6880209Z #30 2.617 Get:6 http://deb.debian.org/debian bookworm/main arm64 libgc1 arm64 1:8.2.2-3 [239 kB]
2026-05-12T10:43:57.6880949Z #30 2.618 Get:7 http://deb.debian.org/debian bookworm/main arm64 libobjc4 arm64 12.2.0-14+deb12u1 [39.0 kB]
2026-05-12T10:43:57.6881598Z #30 2.618 Get:8 http://deb.debian.org/debian bookworm/main arm64 libobjc-12-dev arm64 12.2.0-14+deb12u1 [165 kB]
2026-05-12T10:43:57.6882253Z #30 2.619 Get:9 http://deb.debian.org/debian bookworm/main arm64 libclang-common-14-dev all 1:14.0.6-12 [890 kB]
2026-05-12T10:43:57.6882914Z #30 2.731 Get:10 http://deb.debian.org/debian bookworm/main arm64 llvm-14-linker-tools arm64 1:14.0.6-12 [1092 kB]
2026-05-12T10:43:57.9167320Z #30 2.737 Get:11 http://deb.debian.org/debian bookworm/main arm64 libclang1-14 arm64 1:14.0.6-12 [5465 kB]
2026-05-12T10:43:57.9168005Z #30 2.758 Get:12 http://deb.debian.org/debian bookworm/main arm64 clang-14 arm64 1:14.0.6-12 [97.3 kB]
2026-05-12T10:43:57.9169468Z #30 2.758 Get:13 http://deb.debian.org/debian bookworm/main arm64 clang arm64 1:14.0-55.7~deb12u1 [5144 B]
2026-05-12T10:43:57.9173865Z #30 2.759 Get:14 http://deb.debian.org/debian bookworm/main arm64 libencode-locale-perl all 1.05-3 [12.9 kB]
2026-05-12T10:43:57.9175003Z #30 2.759 Get:15 http://deb.debian.org/debian bookworm/main arm64 libtimedate-perl all 2.3300-2 [39.3 kB]
2026-05-12T10:43:57.9175630Z #30 2.759 Get:16 http://deb.debian.org/debian bookworm/main arm64 libhttp-date-perl all 6.05-2 [10.5 kB]
2026-05-12T10:43:57.9176250Z #30 2.759 Get:17 http://deb.debian.org/debian bookworm/main arm64 libfile-listing-perl all 6.15-1 [12.6 kB]
2026-05-12T10:43:57.9176873Z #30 2.759 Get:18 http://deb.debian.org/debian bookworm/main arm64 libhtml-tagset-perl all 3.20-6 [11.7 kB]
2026-05-12T10:43:57.9177762Z #30 2.759 Get:19 http://deb.debian.org/debian bookworm/main arm64 libregexp-ipv6-perl all 0.03-3 [5212 B]
2026-05-12T10:43:57.9178362Z #30 2.759 Get:20 http://deb.debian.org/debian bookworm/main arm64 liburi-perl all 5.17-1 [90.4 kB]
2026-05-12T10:43:57.9179383Z #30 2.768 Get:21 http://deb.debian.org/debian bookworm/main arm64 libhtml-parser-perl arm64 3.81-1 [98.6 kB]
2026-05-12T10:43:57.9180543Z #30 2.768 Get:22 http://deb.debian.org/debian bookworm/main arm64 libhtml-tree-perl all 5.07-3 [211 kB]
2026-05-12T10:43:57.9181794Z #30 2.776 Get:23 http://deb.debian.org/debian bookworm/main arm64 libclone-perl arm64 0.46-1 [13.5 kB]
2026-05-12T10:43:57.9182414Z #30 2.777 Get:24 http://deb.debian.org/debian bookworm/main arm64 libio-html-perl all 1.004-3 [16.2 kB]
2026-05-12T10:43:57.9183034Z #30 2.777 Get:25 http://deb.debian.org/debian bookworm/main arm64 liblwp-mediatypes-perl all 6.04-2 [20.2 kB]
2026-05-12T10:43:57.9184278Z #30 2.777 Get:26 http://deb.debian.org/debian bookworm/main arm64 libhttp-message-perl all 6.44-1 [81.7 kB]
2026-05-12T10:43:57.9185177Z #30 2.782 Get:27 http://deb.debian.org/debian bookworm/main arm64 libhttp-cookies-perl all 6.10-1 [19.6 kB]
2026-05-12T10:43:57.9185849Z #30 2.783 Get:28 http://deb.debian.org/debian bookworm/main arm64 libhttp-negotiate-perl all 6.01-2 [13.1 kB]
2026-05-12T10:43:57.9186767Z #30 2.783 Get:29 http://deb.debian.org/debian bookworm/main arm64 perl-openssl-defaults arm64 7+b1 [7924 B]
2026-05-12T10:43:57.9187470Z #30 2.783 Get:30 http://deb.debian.org/debian bookworm/main arm64 libnet-ssleay-perl arm64 1.92-2+b1 [308 kB]
2026-05-12T10:43:57.9188112Z #30 2.785 Get:31 http://deb.debian.org/debian bookworm/main arm64 libio-socket-ssl-perl all 2.081-2 [219 kB]
2026-05-12T10:43:57.9188727Z #30 2.786 Get:32 http://deb.debian.org/debian bookworm/main arm64 libnet-http-perl all 6.22-1 [25.3 kB]
2026-05-12T10:43:57.9189358Z #30 2.793 Get:33 http://deb.debian.org/debian bookworm/main arm64 liblwp-protocol-https-perl all 6.10-1 [12.2 kB]
2026-05-12T10:43:57.9191139Z #30 2.793 Get:34 http://deb.debian.org/debian bookworm/main arm64 libtry-tiny-perl all 0.31-2 [22.6 kB]
2026-05-12T10:43:57.9192406Z #30 2.793 Get:35 http://deb.debian.org/debian bookworm/main arm64 libwww-robotrules-perl all 6.02-1 [12.9 kB]
2026-05-12T10:43:57.9193142Z #30 2.794 Get:36 http://deb.debian.org/debian bookworm/main arm64 libwww-perl all 6.68-1 [186 kB]
2026-05-12T10:43:57.9193850Z #30 2.795 Get:37 http://deb.debian.org/debian-security bookworm-security/main arm64 libpng16-16 arm64 1.6.39-2+deb12u5 [270 kB]
2026-05-12T10:43:57.9194872Z #30 2.795 Get:38 http://deb.debian.org/debian bookworm/main arm64 icoutils arm64 0.32.3-4 [66.0 kB]
2026-05-12T10:43:57.9195622Z #30 2.796 Get:39 http://deb.debian.org/debian bookworm/main arm64 libnspr4 arm64 2:4.35-1 [105 kB]
2026-05-12T10:43:57.9196545Z #30 2.801 Get:40 http://deb.debian.org/debian-security bookworm-security/main arm64 libnss3 arm64 2:3.87.1-1+deb12u2 [1215 kB]
2026-05-12T10:43:57.9197246Z #30 2.804 Get:41 http://deb.debian.org/debian bookworm/main arm64 nss-plugin-pem arm64 1.0.8+1-1 [50.6 kB]
2026-05-12T10:43:57.9197877Z #30 2.804 Get:42 http://deb.debian.org/debian bookworm/main arm64 libcurl3-nss arm64 7.88.1-10+deb12u14 [371 kB]
2026-05-12T10:43:57.9198482Z #30 2.809 Get:43 http://deb.debian.org/debian bookworm/main arm64 libpfm4 arm64 4.13.0-1 [49.8 kB]
2026-05-12T10:43:57.9201019Z #30 2.960 Get:44 http://deb.debian.org/debian bookworm/main arm64 lld-14 arm64 1:14.0.6-12 [1048 kB]
2026-05-12T10:43:58.0729533Z #30 2.964 Get:45 http://deb.debian.org/debian bookworm/main arm64 lld arm64 1:14.0-55.7~deb12u1 [4804 B]
2026-05-12T10:43:58.0730387Z #30 2.964 Get:46 http://deb.debian.org/debian bookworm/main arm64 llvm-14-runtime arm64 1:14.0.6-12 [428 kB]
2026-05-12T10:43:58.0731042Z #30 2.965 Get:47 http://deb.debian.org/debian bookworm/main arm64 llvm-runtime arm64 1:14.0-55.7~deb12u1 [4812 B]
2026-05-12T10:43:58.0731662Z #30 2.966 Get:48 http://deb.debian.org/debian bookworm/main arm64 llvm-14 arm64 1:14.0.6-12 [10.0 MB]
2026-05-12T10:43:58.0824768Z #30 3.126 Get:49 http://deb.debian.org/debian bookworm/main arm64 llvm arm64 1:14.0-55.7~deb12u1 [7208 B]
2026-05-12T10:43:58.2157139Z #30 3.259 debconf: delaying package configuration, since apt-utils is not installed
2026-05-12T10:43:58.3162177Z #30 3.299 Fetched 68.4 MB in 1s (88.0 MB/s)
2026-05-12T10:43:58.3162603Z #30 3.355 Selecting previously unselected package libicu72:arm64.
2026-05-12T10:43:58.3163982Z #30 3.355 (Reading database ... 
2026-05-12T10:43:58.3164210Z (Reading database ... 5%
2026-05-12T10:43:58.3164409Z (Reading database ... 10%
2026-05-12T10:43:58.3164610Z (Reading database ... 15%
2026-05-12T10:43:58.3164806Z (Reading database ... 20%
2026-05-12T10:43:58.3165000Z (Reading database ... 25%
2026-05-12T10:43:58.3165196Z (Reading database ... 30%
2026-05-12T10:43:58.3165393Z (Reading database ... 35%
2026-05-12T10:43:58.3165587Z (Reading database ... 40%
2026-05-12T10:43:58.3165780Z (Reading database ... 45%
2026-05-12T10:43:58.3165974Z (Reading database ... 50%
2026-05-12T10:43:58.3166182Z (Reading database ... 55%
2026-05-12T10:43:58.3166381Z (Reading database ... 60%
2026-05-12T10:43:58.3166785Z (Reading database ... 65%
2026-05-12T10:43:58.3166999Z (Reading database ... 70%
2026-05-12T10:43:58.3167196Z (Reading database ... 75%
2026-05-12T10:43:58.3167389Z (Reading database ... 80%
2026-05-12T10:43:58.3167592Z (Reading database ... 85%
2026-05-12T10:43:58.3167784Z (Reading database ... 90%
2026-05-12T10:43:58.4908486Z (Reading database ... 95%
2026-05-12T10:43:58.4908764Z (Reading database ... 100%
2026-05-12T10:43:58.4909066Z (Reading database ... 15675 files and directories currently installed.)
2026-05-12T10:43:58.4909497Z #30 3.361 Preparing to unpack .../00-libicu72_72.1-3+deb12u1_arm64.deb ...
2026-05-12T10:43:58.4909864Z #30 3.383 Unpacking libicu72:arm64 (72.1-3+deb12u1) ...
2026-05-12T10:43:58.7604902Z #30 3.804 Selecting previously unselected package libxml2:arm64.
2026-05-12T10:43:58.8720084Z #30 3.806 Preparing to unpack .../01-libxml2_2.9.14+dfsg-1.3~deb12u5_arm64.deb ...
2026-05-12T10:43:58.8720609Z #30 3.817 Unpacking libxml2:arm64 (2.9.14+dfsg-1.3~deb12u5) ...
2026-05-12T10:43:58.8720988Z #30 3.915 Selecting previously unselected package libz3-4:arm64.
2026-05-12T10:43:59.0347807Z #30 3.917 Preparing to unpack .../02-libz3-4_4.8.12-3.1_arm64.deb ...
2026-05-12T10:43:59.0348217Z #30 3.928 Unpacking libz3-4:arm64 (4.8.12-3.1) ...
2026-05-12T10:43:59.2375803Z #30 4.281 Selecting previously unselected package libllvm14:arm64.
2026-05-12T10:43:59.4008047Z #30 4.283 Preparing to unpack .../03-libllvm14_1%3a14.0.6-12_arm64.deb ...
2026-05-12T10:43:59.4030669Z #30 4.294 Unpacking libllvm14:arm64 (1:14.0.6-12) ...
2026-05-12T10:43:59.7972682Z #30 4.840 Selecting previously unselected package libclang-cpp14.
2026-05-12T10:43:59.9604852Z #30 4.843 Preparing to unpack .../04-libclang-cpp14_1%3a14.0.6-12_arm64.deb ...
2026-05-12T10:43:59.9605854Z #30 4.853 Unpacking libclang-cpp14 (1:14.0.6-12) ...
2026-05-12T10:44:00.1782015Z #30 5.222 Selecting previously unselected package libgc1:arm64.
2026-05-12T10:44:00.2792602Z #30 5.224 Preparing to unpack .../05-libgc1_1%3a8.2.2-3_arm64.deb ...
2026-05-12T10:44:00.2793462Z #30 5.235 Unpacking libgc1:arm64 (1:8.2.2-3) ...
2026-05-12T10:44:00.2793843Z #30 5.321 Selecting previously unselected package libobjc4:arm64.
2026-05-12T10:44:00.2794262Z #30 5.323 Preparing to unpack .../06-libobjc4_12.2.0-14+deb12u1_arm64.deb ...
2026-05-12T10:44:00.4424261Z #30 5.333 Unpacking libobjc4:arm64 (12.2.0-14+deb12u1) ...
2026-05-12T10:44:00.4426193Z #30 5.393 Selecting previously unselected package libobjc-12-dev:arm64.
2026-05-12T10:44:00.4426725Z #30 5.395 Preparing to unpack .../07-libobjc-12-dev_12.2.0-14+deb12u1_arm64.deb ...
2026-05-12T10:44:00.4427304Z #30 5.406 Unpacking libobjc-12-dev:arm64 (12.2.0-14+deb12u1) ...
2026-05-12T10:44:00.4427806Z #30 5.486 Selecting previously unselected package libclang-common-14-dev.
2026-05-12T10:44:00.5946754Z #30 5.488 Preparing to unpack .../08-libclang-common-14-dev_1%3a14.0.6-12_all.deb ...
2026-05-12T10:44:00.5947286Z #30 5.499 Unpacking libclang-common-14-dev (1:14.0.6-12) ...
2026-05-12T10:44:00.5947684Z #30 5.638 Selecting previously unselected package llvm-14-linker-tools.
2026-05-12T10:44:00.7423308Z #30 5.640 Preparing to unpack .../09-llvm-14-linker-tools_1%3a14.0.6-12_arm64.deb ...
2026-05-12T10:44:00.7424480Z #30 5.652 Unpacking llvm-14-linker-tools (1:14.0.6-12) ...
2026-05-12T10:44:00.7425884Z #30 5.786 Selecting previously unselected package libclang1-14.
2026-05-12T10:44:00.9054596Z #30 5.788 Preparing to unpack .../10-libclang1-14_1%3a14.0.6-12_arm64.deb ...
2026-05-12T10:44:00.9055108Z #30 5.798 Unpacking libclang1-14 (1:14.0.6-12) ...
2026-05-12T10:44:01.0675276Z #30 6.111 Selecting previously unselected package clang-14.
2026-05-12T10:44:01.1753366Z #30 6.113 Preparing to unpack .../11-clang-14_1%3a14.0.6-12_arm64.deb ...
2026-05-12T10:44:01.1754277Z #30 6.124 Unpacking clang-14 (1:14.0.6-12) ...
2026-05-12T10:44:01.1754661Z #30 6.219 Selecting previously unselected package clang.
2026-05-12T10:44:01.3258504Z #30 6.221 Preparing to unpack .../12-clang_1%3a14.0-55.7~deb12u1_arm64.deb ...
2026-05-12T10:44:01.3259392Z #30 6.232 Unpacking clang (1:14.0-55.7~deb12u1) ...
2026-05-12T10:44:01.3259858Z #30 6.290 Selecting previously unselected package libencode-locale-perl.
2026-05-12T10:44:01.3263156Z #30 6.292 Preparing to unpack .../13-libencode-locale-perl_1.05-3_all.deb ...
2026-05-12T10:44:01.3263640Z #30 6.303 Unpacking libencode-locale-perl (1.05-3) ...
2026-05-12T10:44:01.3264045Z #30 6.369 Selecting previously unselected package libtimedate-perl.
2026-05-12T10:44:01.4730722Z #30 6.371 Preparing to unpack .../14-libtimedate-perl_2.3300-2_all.deb ...
2026-05-12T10:44:01.4731613Z #30 6.382 Unpacking libtimedate-perl (2.3300-2) ...
2026-05-12T10:44:01.4732065Z #30 6.443 Selecting previously unselected package libhttp-date-perl.
2026-05-12T10:44:01.4732542Z #30 6.445 Preparing to unpack .../15-libhttp-date-perl_6.05-2_all.deb ...
2026-05-12T10:44:01.4733433Z #30 6.457 Unpacking libhttp-date-perl (6.05-2) ...
2026-05-12T10:44:01.4733860Z #30 6.516 Selecting previously unselected package libfile-listing-perl.
2026-05-12T10:44:01.6163364Z #30 6.518 Preparing to unpack .../16-libfile-listing-perl_6.15-1_all.deb ...
2026-05-12T10:44:01.6164301Z #30 6.529 Unpacking libfile-listing-perl (6.15-1) ...
2026-05-12T10:44:01.6164731Z #30 6.587 Selecting previously unselected package libhtml-tagset-perl.
2026-05-12T10:44:01.6165245Z #30 6.589 Preparing to unpack .../17-libhtml-tagset-perl_3.20-6_all.deb ...
2026-05-12T10:44:01.6165869Z #30 6.599 Unpacking libhtml-tagset-perl (3.20-6) ...
2026-05-12T10:44:01.6166281Z #30 6.660 Selecting previously unselected package libregexp-ipv6-perl.
2026-05-12T10:44:01.7648117Z #30 6.662 Preparing to unpack .../18-libregexp-ipv6-perl_0.03-3_all.deb ...
2026-05-12T10:44:01.7648704Z #30 6.672 Unpacking libregexp-ipv6-perl (0.03-3) ...
2026-05-12T10:44:01.7649098Z #30 6.731 Selecting previously unselected package liburi-perl.
2026-05-12T10:44:01.7649774Z #30 6.733 Preparing to unpack .../19-liburi-perl_5.17-1_all.deb ...
2026-05-12T10:44:01.7650367Z #30 6.744 Unpacking liburi-perl (5.17-1) ...
2026-05-12T10:44:01.7650800Z #30 6.808 Selecting previously unselected package libhtml-parser-perl:arm64.
2026-05-12T10:44:01.9265249Z #30 6.810 Preparing to unpack .../20-libhtml-parser-perl_3.81-1_arm64.deb ...
2026-05-12T10:44:01.9266248Z #30 6.821 Unpacking libhtml-parser-perl:arm64 (3.81-1) ...
2026-05-12T10:44:01.9266697Z #30 6.887 Selecting previously unselected package libhtml-tree-perl.
2026-05-12T10:44:01.9267234Z #30 6.889 Preparing to unpack .../21-libhtml-tree-perl_5.07-3_all.deb ...
2026-05-12T10:44:01.9267641Z #30 6.899 Unpacking libhtml-tree-perl (5.07-3) ...
2026-05-12T10:44:01.9268083Z #30 6.970 Selecting previously unselected package libclone-perl:arm64.
2026-05-12T10:44:02.0760166Z #30 6.972 Preparing to unpack .../22-libclone-perl_0.46-1_arm64.deb ...
2026-05-12T10:44:02.0760729Z #30 6.982 Unpacking libclone-perl:arm64 (0.46-1) ...
2026-05-12T10:44:02.0761162Z #30 7.041 Selecting previously unselected package libio-html-perl.
2026-05-12T10:44:02.0761732Z #30 7.043 Preparing to unpack .../23-libio-html-perl_1.004-3_all.deb ...
2026-05-12T10:44:02.0762224Z #30 7.054 Unpacking libio-html-perl (1.004-3) ...
2026-05-12T10:44:02.0762627Z #30 7.119 Selecting previously unselected package liblwp-mediatypes-perl.
2026-05-12T10:44:02.2267869Z #30 7.121 Preparing to unpack .../24-liblwp-mediatypes-perl_6.04-2_all.deb ...
2026-05-12T10:44:02.2268391Z #30 7.133 Unpacking liblwp-mediatypes-perl (6.04-2) ...
2026-05-12T10:44:02.2269148Z #30 7.195 Selecting previously unselected package libhttp-message-perl.
2026-05-12T10:44:02.2269651Z #30 7.197 Preparing to unpack .../25-libhttp-message-perl_6.44-1_all.deb ...
2026-05-12T10:44:02.2270267Z #30 7.207 Unpacking libhttp-message-perl (6.44-1) ...
2026-05-12T10:44:02.2270866Z #30 7.270 Selecting previously unselected package libhttp-cookies-perl.
2026-05-12T10:44:02.3809300Z #30 7.272 Preparing to unpack .../26-libhttp-cookies-perl_6.10-1_all.deb ...
2026-05-12T10:44:02.3810434Z #30 7.284 Unpacking libhttp-cookies-perl (6.10-1) ...
2026-05-12T10:44:02.3811258Z #30 7.346 Selecting previously unselected package libhttp-negotiate-perl.
2026-05-12T10:44:02.3811760Z #30 7.348 Preparing to unpack .../27-libhttp-negotiate-perl_6.01-2_all.deb ...
2026-05-12T10:44:02.3812283Z #30 7.360 Unpacking libhttp-negotiate-perl (6.01-2) ...
2026-05-12T10:44:02.3812849Z #30 7.424 Selecting previously unselected package perl-openssl-defaults:arm64.
2026-05-12T10:44:02.5502473Z #30 7.426 Preparing to unpack .../28-perl-openssl-defaults_7+b1_arm64.deb ...
2026-05-12T10:44:02.5504484Z #30 7.437 Unpacking perl-openssl-defaults:arm64 (7+b1) ...
2026-05-12T10:44:02.5505733Z #30 7.501 Selecting previously unselected package libnet-ssleay-perl:arm64.
2026-05-12T10:44:02.5506545Z #30 7.503 Preparing to unpack .../29-libnet-ssleay-perl_1.92-2+b1_arm64.deb ...
2026-05-12T10:44:02.5506996Z #30 7.514 Unpacking libnet-ssleay-perl:arm64 (1.92-2+b1) ...
2026-05-12T10:44:02.5507852Z #30 7.594 Selecting previously unselected package libio-socket-ssl-perl.
2026-05-12T10:44:02.7028825Z #30 7.596 Preparing to unpack .../30-libio-socket-ssl-perl_2.081-2_all.deb ...
2026-05-12T10:44:02.7029363Z #30 7.607 Unpacking libio-socket-ssl-perl (2.081-2) ...
2026-05-12T10:44:02.7030716Z #30 7.674 Selecting previously unselected package libnet-http-perl.
2026-05-12T10:44:02.7031585Z #30 7.676 Preparing to unpack .../31-libnet-http-perl_6.22-1_all.deb ...
2026-05-12T10:44:02.7032318Z #30 7.687 Unpacking libnet-http-perl (6.22-1) ...
2026-05-12T10:44:02.7032966Z #30 7.746 Selecting previously unselected package liblwp-protocol-https-perl.
2026-05-12T10:44:02.8489662Z #30 7.749 Preparing to unpack .../32-liblwp-protocol-https-perl_6.10-1_all.deb ...
2026-05-12T10:44:02.8490729Z #30 7.760 Unpacking liblwp-protocol-https-perl (6.10-1) ...
2026-05-12T10:44:02.8491293Z #30 7.819 Selecting previously unselected package libtry-tiny-perl.
2026-05-12T10:44:02.8491899Z #30 7.821 Preparing to unpack .../33-libtry-tiny-perl_0.31-2_all.deb ...
2026-05-12T10:44:02.8492299Z #30 7.832 Unpacking libtry-tiny-perl (0.31-2) ...
2026-05-12T10:44:02.8492720Z #30 7.892 Selecting previously unselected package libwww-robotrules-perl.
2026-05-12T10:44:03.0146253Z #30 7.894 Preparing to unpack .../34-libwww-robotrules-perl_6.02-1_all.deb ...
2026-05-12T10:44:03.0147425Z #30 7.906 Unpacking libwww-robotrules-perl (6.02-1) ...
2026-05-12T10:44:03.0148252Z #30 7.965 Selecting previously unselected package libwww-perl.
2026-05-12T10:44:03.0148782Z #30 7.967 Preparing to unpack .../35-libwww-perl_6.68-1_all.deb ...
2026-05-12T10:44:03.0149253Z #30 7.978 Unpacking libwww-perl (6.68-1) ...
2026-05-12T10:44:03.0149649Z #30 8.058 Selecting previously unselected package libpng16-16:arm64.
2026-05-12T10:44:03.2153347Z #30 8.060 Preparing to unpack .../36-libpng16-16_1.6.39-2+deb12u5_arm64.deb ...
2026-05-12T10:44:03.2154187Z #30 8.071 Unpacking libpng16-16:arm64 (1.6.39-2+deb12u5) ...
2026-05-12T10:44:03.2154645Z #30 8.141 Selecting previously unselected package icoutils.
2026-05-12T10:44:03.2155069Z #30 8.143 Preparing to unpack .../37-icoutils_0.32.3-4_arm64.deb ...
2026-05-12T10:44:03.2155531Z #30 8.154 Unpacking icoutils (0.32.3-4) ...
2026-05-12T10:44:03.2155975Z #30 8.259 Selecting previously unselected package libnspr4:arm64.
2026-05-12T10:44:03.3207311Z #30 8.261 Preparing to unpack .../38-libnspr4_2%3a4.35-1_arm64.deb ...
2026-05-12T10:44:03.3208450Z #30 8.272 Unpacking libnspr4:arm64 (2:4.35-1) ...
2026-05-12T10:44:03.3208868Z #30 8.351 Selecting previously unselected package libnss3:arm64.
2026-05-12T10:44:03.3209417Z #30 8.353 Preparing to unpack .../39-libnss3_2%3a3.87.1-1+deb12u2_arm64.deb ...
2026-05-12T10:44:03.3209913Z #30 8.364 Unpacking libnss3:arm64 (2:3.87.1-1+deb12u2) ...
2026-05-12T10:44:03.4384915Z #30 8.482 Selecting previously unselected package nss-plugin-pem:arm64.
2026-05-12T10:44:03.5495856Z #30 8.484 Preparing to unpack .../40-nss-plugin-pem_1.0.8+1-1_arm64.deb ...
2026-05-12T10:44:03.5496414Z #30 8.497 Unpacking nss-plugin-pem:arm64 (1.0.8+1-1) ...
2026-05-12T10:44:03.5497100Z #30 8.580 Selecting previously unselected package libcurl3-nss:arm64.
2026-05-12T10:44:03.5497647Z #30 8.582 Preparing to unpack .../41-libcurl3-nss_7.88.1-10+deb12u14_arm64.deb ...
2026-05-12T10:44:03.5498179Z #30 8.593 Unpacking libcurl3-nss:arm64 (7.88.1-10+deb12u14) ...
2026-05-12T10:44:03.6555889Z #30 8.686 Selecting previously unselected package libpfm4:arm64.
2026-05-12T10:44:03.6556424Z #30 8.688 Preparing to unpack .../42-libpfm4_4.13.0-1_arm64.deb ...
2026-05-12T10:44:03.6557172Z #30 8.699 Unpacking libpfm4:arm64 (4.13.0-1) ...
2026-05-12T10:44:03.8374042Z #30 8.761 Selecting previously unselected package lld-14.
2026-05-12T10:44:03.8374915Z #30 8.763 Preparing to unpack .../43-lld-14_1%3a14.0.6-12_arm64.deb ...
2026-05-12T10:44:03.8375463Z #30 8.774 Unpacking lld-14 (1:14.0.6-12) ...
2026-05-12T10:44:03.8375817Z #30 8.881 Selecting previously unselected package lld:arm64.
2026-05-12T10:44:04.0149681Z #30 8.883 Preparing to unpack .../44-lld_1%3a14.0-55.7~deb12u1_arm64.deb ...
2026-05-12T10:44:04.0150641Z #30 8.894 Unpacking lld:arm64 (1:14.0-55.7~deb12u1) ...
2026-05-12T10:44:04.0151397Z #30 8.964 Selecting previously unselected package llvm-14-runtime.
2026-05-12T10:44:04.0151891Z #30 8.966 Preparing to unpack .../45-llvm-14-runtime_1%3a14.0.6-12_arm64.deb ...
2026-05-12T10:44:04.0152668Z #30 8.977 Unpacking llvm-14-runtime (1:14.0.6-12) ...
2026-05-12T10:44:04.0153134Z #30 9.058 Selecting previously unselected package llvm-runtime:arm64.
2026-05-12T10:44:04.2476372Z #30 9.060 Preparing to unpack .../46-llvm-runtime_1%3a14.0-55.7~deb12u1_arm64.deb ...
2026-05-12T10:44:04.2477782Z #30 9.071 Unpacking llvm-runtime:arm64 (1:14.0-55.7~deb12u1) ...
2026-05-12T10:44:04.2478696Z #30 9.128 Selecting previously unselected package llvm-14.
2026-05-12T10:44:04.2479183Z #30 9.130 Preparing to unpack .../47-llvm-14_1%3a14.0.6-12_arm64.deb ...
2026-05-12T10:44:04.2479875Z #30 9.141 Unpacking llvm-14 (1:14.0.6-12) ...
2026-05-12T10:44:04.4848397Z #30 9.528 Selecting previously unselected package llvm.
2026-05-12T10:44:04.6138156Z #30 9.530 Preparing to unpack .../48-llvm_1%3a14.0-55.7~deb12u1_arm64.deb ...
2026-05-12T10:44:04.6138678Z #30 9.542 Unpacking llvm (1:14.0-55.7~deb12u1) ...
2026-05-12T10:44:04.6139386Z #30 9.625 Setting up libicu72:arm64 (72.1-3+deb12u1) ...
2026-05-12T10:44:04.6139759Z #30 9.657 Setting up libclone-perl:arm64 (0.46-1) ...
2026-05-12T10:44:04.7372576Z #30 9.688 Setting up libhtml-tagset-perl (3.20-6) ...
2026-05-12T10:44:04.7373610Z #30 9.718 Setting up liblwp-mediatypes-perl (6.04-2) ...
2026-05-12T10:44:04.7374012Z #30 9.748 Setting up libtry-tiny-perl (0.31-2) ...
2026-05-12T10:44:04.7374380Z #30 9.781 Setting up perl-openssl-defaults:arm64 (7+b1) ...
2026-05-12T10:44:04.8622536Z #30 9.812 Setting up libencode-locale-perl (1.05-3) ...
2026-05-12T10:44:04.8623579Z #30 9.843 Setting up libz3-4:arm64 (4.8.12-3.1) ...
2026-05-12T10:44:04.8624345Z #30 9.875 Setting up libpfm4:arm64 (4.13.0-1) ...
2026-05-12T10:44:04.8624745Z #30 9.906 Setting up libnspr4:arm64 (2:4.35-1) ...
2026-05-12T10:44:04.9922775Z #30 9.938 Setting up libpng16-16:arm64 (1.6.39-2+deb12u5) ...
2026-05-12T10:44:04.9923237Z #30 9.973 Setting up libio-html-perl (1.004-3) ...
2026-05-12T10:44:04.9923635Z #30 10.00 Setting up libgc1:arm64 (1:8.2.2-3) ...
2026-05-12T10:44:04.9924072Z #30 10.04 Setting up libtimedate-perl (2.3300-2) ...
2026-05-12T10:44:05.1225552Z #30 10.08 Setting up libregexp-ipv6-perl (0.03-3) ...
2026-05-12T10:44:05.1226640Z #30 10.13 Setting up libxml2:arm64 (2.9.14+dfsg-1.3~deb12u5) ...
2026-05-12T10:44:05.1227036Z #30 10.17 Setting up liburi-perl (5.17-1) ...
2026-05-12T10:44:05.2500752Z #30 10.20 Setting up libnet-ssleay-perl:arm64 (1.92-2+b1) ...
2026-05-12T10:44:05.2501662Z #30 10.23 Setting up libhttp-date-perl (6.05-2) ...
2026-05-12T10:44:05.2502058Z #30 10.26 Setting up libfile-listing-perl (6.15-1) ...
2026-05-12T10:44:05.2502499Z #30 10.29 Setting up libnet-http-perl (6.22-1) ...
2026-05-12T10:44:05.3760613Z #30 10.33 Setting up libobjc4:arm64 (12.2.0-14+deb12u1) ...
2026-05-12T10:44:05.3761219Z #30 10.36 Setting up libnss3:arm64 (2:3.87.1-1+deb12u2) ...
2026-05-12T10:44:05.3762030Z #30 10.39 Setting up libllvm14:arm64 (1:14.0.6-12) ...
2026-05-12T10:44:05.3762402Z #30 10.42 Setting up libwww-robotrules-perl (6.02-1) ...
2026-05-12T10:44:05.5060817Z #30 10.45 Setting up libobjc-12-dev:arm64 (12.2.0-14+deb12u1) ...
2026-05-12T10:44:05.5061331Z #30 10.48 Setting up libhtml-parser-perl:arm64 (3.81-1) ...
2026-05-12T10:44:05.5062067Z #30 10.52 Setting up llvm-14-linker-tools (1:14.0.6-12) ...
2026-05-12T10:44:05.5062506Z #30 10.55 Setting up libio-socket-ssl-perl (2.081-2) ...
2026-05-12T10:44:05.6371043Z #30 10.58 Setting up libhttp-message-perl (6.44-1) ...
2026-05-12T10:44:05.6372397Z #30 10.62 Setting up libhttp-negotiate-perl (6.01-2) ...
2026-05-12T10:44:05.6372893Z #30 10.65 Setting up libhttp-cookies-perl (6.10-1) ...
2026-05-12T10:44:05.6373283Z #30 10.68 Setting up libhtml-tree-perl (5.07-3) ...
2026-05-12T10:44:05.7654968Z #30 10.71 Setting up nss-plugin-pem:arm64 (1.0.8+1-1) ...
2026-05-12T10:44:05.7655475Z #30 10.74 Setting up libclang1-14 (1:14.0.6-12) ...
2026-05-12T10:44:05.7655903Z #30 10.78 Setting up llvm-14-runtime (1:14.0.6-12) ...
2026-05-12T10:44:05.7656554Z #30 10.81 Setting up llvm-runtime:arm64 (1:14.0-55.7~deb12u1) ...
2026-05-12T10:44:05.8905002Z #30 10.84 Setting up libclang-common-14-dev (1:14.0.6-12) ...
2026-05-12T10:44:05.8905846Z #30 10.87 Setting up libclang-cpp14 (1:14.0.6-12) ...
2026-05-12T10:44:05.8906214Z #30 10.90 Setting up lld-14 (1:14.0.6-12) ...
2026-05-12T10:44:05.8906569Z #30 10.93 Setting up libcurl3-nss:arm64 (7.88.1-10+deb12u14) ...
2026-05-12T10:44:06.0208809Z #30 10.97 Setting up llvm-14 (1:14.0.6-12) ...
2026-05-12T10:44:06.0209227Z #30 11.00 Setting up clang-14 (1:14.0.6-12) ...
2026-05-12T10:44:06.0210091Z #30 11.03 Setting up lld:arm64 (1:14.0-55.7~deb12u1) ...
2026-05-12T10:44:06.0210488Z #30 11.06 Setting up clang (1:14.0-55.7~deb12u1) ...
2026-05-12T10:44:06.1286448Z #30 11.14 Setting up llvm (1:14.0-55.7~deb12u1) ...
2026-05-12T10:44:06.1286971Z #30 11.17 Setting up liblwp-protocol-https-perl (6.10-1) ...
2026-05-12T10:44:06.3788241Z #30 11.20 Setting up libwww-perl (6.68-1) ...
2026-05-12T10:44:06.3789032Z #30 11.24 Setting up icoutils (0.32.3-4) ...
2026-05-12T10:44:06.3789414Z #30 11.27 Processing triggers for libc-bin (2.36-9+deb12u13) ...
2026-05-12T10:44:08.5065590Z #30 DONE 13.5s
2026-05-12T10:44:08.6708480Z 
2026-05-12T10:44:08.6710368Z #31 [build 4/6] RUN --mount=type=cache,sharing=locked,id=moby-build-aptlib,target=/var/lib/apt     --mount=type=cache,sharing=locked,id=moby-build-aptcache,target=/var/cache/apt         xx-apt-get install --no-install-recommends -y             gcc             libc6-dev             libnftables-dev             libseccomp-dev             libsystemd-dev             pkg-config
2026-05-12T10:44:08.8557900Z #31 0.335 Hit:1 http://deb.debian.org/debian bookworm InRelease
2026-05-12T10:44:09.0076900Z #31 0.339 Hit:2 http://deb.debian.org/debian bookworm-updates InRelease
2026-05-12T10:44:09.0077523Z #31 0.348 Hit:3 http://deb.debian.org/debian-security bookworm-security InRelease
2026-05-12T10:44:09.0078494Z #31 0.399 Get:4 http://deb.debian.org/debian bookworm/main armhf Packages [8509 kB]
2026-05-12T10:44:09.0079070Z #31 0.487 Get:5 http://deb.debian.org/debian bookworm-updates/main armhf Packages [6928 B]
2026-05-12T10:44:09.1683078Z #31 0.497 Get:6 http://deb.debian.org/debian-security bookworm-security/main armhf Packages [285 kB]
2026-05-12T10:44:09.5978370Z #31 1.077 Fetched 8801 kB in 1s (11.4 MB/s)
2026-05-12T10:44:10.3255857Z #31 1.077 Reading package lists...
2026-05-12T10:44:15.9566837Z #31 7.436 + apt-get  install --no-install-recommends -y gcc-arm-linux-gnueabihf libc6-dev:armhf libnftables-dev:armhf libseccomp-dev:armhf libsystemd-dev:armhf pkg-config:armhf
2026-05-12T10:44:16.6895007Z #31 7.452 Reading package lists...
2026-05-12T10:44:16.9320317Z #31 8.183 Building dependency tree...
2026-05-12T10:44:16.9321063Z #31 8.412 Reading state information...
2026-05-12T10:44:17.1433355Z #31 8.623 The following additional packages will be installed:
2026-05-12T10:44:17.1434202Z #31 8.623   binutils-arm-linux-gnueabihf cpp-12-arm-linux-gnueabihf
2026-05-12T10:44:17.1434667Z #31 8.623   cpp-arm-linux-gnueabihf gcc-12-arm-linux-gnueabihf
2026-05-12T10:44:17.2962228Z #31 8.623   gcc-12-arm-linux-gnueabihf-base gcc-12-base:armhf gcc-12-cross-base
2026-05-12T10:44:17.2963350Z #31 8.623   libasan8-armhf-cross libatomic1-armhf-cross libc6:armhf libc6-armhf-cross
2026-05-12T10:44:17.2963907Z #31 8.623   libcap2:armhf libcom-err2:armhf libcrypt-dev:armhf libcrypt1:armhf
2026-05-12T10:44:17.2966527Z #31 8.623   libgcc-12-dev-armhf-cross libgcc-s1:armhf libgcc-s1-armhf-cross
2026-05-12T10:44:17.2967267Z #31 8.623   libgcrypt20:armhf libgmp10:armhf libgomp1-armhf-cross libgpg-error0:armhf
2026-05-12T10:44:17.2967803Z #31 8.623   libgssapi-krb5-2:armhf libjansson4:armhf libk5crypto3:armhf
2026-05-12T10:44:17.2968789Z #31 8.623   libkeyutils1:armhf libkrb5-3:armhf libkrb5support0:armhf liblz4-1:armhf
2026-05-12T10:44:17.2969323Z #31 8.623   liblzma5:armhf libmnl0:armhf libnftables1:armhf libnftnl11:armhf
2026-05-12T10:44:17.2969827Z #31 8.623   libnsl-dev:armhf libnsl2:armhf libseccomp2:armhf libssl3:armhf
2026-05-12T10:44:17.2970789Z #31 8.623   libstdc++6-armhf-cross libsystemd0:armhf libtirpc-dev:armhf libtirpc3:armhf
2026-05-12T10:44:17.2971377Z #31 8.623   libubsan1-armhf-cross libxtables12:armhf libzstd1:armhf linux-libc-dev
2026-05-12T10:44:17.2971800Z #31 8.624   linux-libc-dev:armhf pkgconf:armhf
2026-05-12T10:44:17.2972275Z #31 8.625 Suggested packages:
2026-05-12T10:44:17.2972687Z #31 8.625   binutils-doc gcc-12-locales cpp-12-doc cpp-doc gcc-12-doc manpages-dev
2026-05-12T10:44:17.2973197Z #31 8.625   autoconf automake libtool flex bison gdb-arm-linux-gnueabihf gcc-doc
2026-05-12T10:44:17.2973775Z #31 8.625   glibc-doc:armhf libc-l10n:armhf locales:armhf libnss-nis:armhf
2026-05-12T10:44:17.2974282Z #31 8.625   libnss-nisplus:armhf manpages-dev:armhf rng-tools:armhf krb5-doc:armhf
2026-05-12T10:44:17.2974760Z #31 8.625   krb5-user:armhf seccomp:armhf
2026-05-12T10:44:17.2975061Z #31 8.625 Recommended packages:
2026-05-12T10:44:17.2975453Z #31 8.625   libc6-dev-armhf-cross libc6-dev-armhf-cross | libc-dev-armhf-cross
2026-05-12T10:44:17.2976014Z #31 8.625   libidn2-0:armhf libgpg-error-l10n:armhf krb5-locales:armhf
2026-05-12T10:44:17.3729706Z #31 8.851 The following NEW packages will be installed:
2026-05-12T10:44:17.3730557Z #31 8.851   binutils-arm-linux-gnueabihf cpp-12-arm-linux-gnueabihf
2026-05-12T10:44:17.3731393Z #31 8.851   cpp-arm-linux-gnueabihf gcc-12-arm-linux-gnueabihf
2026-05-12T10:44:17.3731867Z #31 8.851   gcc-12-arm-linux-gnueabihf-base gcc-12-base:armhf gcc-12-cross-base
2026-05-12T10:44:17.5256543Z #31 8.852   gcc-arm-linux-gnueabihf libasan8-armhf-cross libatomic1-armhf-cross
2026-05-12T10:44:17.5257154Z #31 8.852   libc6:armhf libc6-armhf-cross libc6-dev:armhf libcap2:armhf
2026-05-12T10:44:17.5257641Z #31 8.852   libcom-err2:armhf libcrypt-dev:armhf libcrypt1:armhf
2026-05-12T10:44:17.5258577Z #31 8.852   libgcc-12-dev-armhf-cross libgcc-s1:armhf libgcc-s1-armhf-cross
2026-05-12T10:44:17.5259140Z #31 8.852   libgcrypt20:armhf libgmp10:armhf libgomp1-armhf-cross libgpg-error0:armhf
2026-05-12T10:44:17.5259732Z #31 8.852   libgssapi-krb5-2:armhf libjansson4:armhf libk5crypto3:armhf
2026-05-12T10:44:17.5261227Z #31 8.852   libkeyutils1:armhf libkrb5-3:armhf libkrb5support0:armhf liblz4-1:armhf
2026-05-12T10:44:17.5261761Z #31 8.852   liblzma5:armhf libmnl0:armhf libnftables-dev:armhf libnftables1:armhf
2026-05-12T10:44:17.5262418Z #31 8.852   libnftnl11:armhf libnsl-dev:armhf libnsl2:armhf libseccomp-dev:armhf
2026-05-12T10:44:17.5262946Z #31 8.852   libseccomp2:armhf libssl3:armhf libstdc++6-armhf-cross libsystemd-dev:armhf
2026-05-12T10:44:17.5263503Z #31 8.852   libsystemd0:armhf libtirpc-dev:armhf libtirpc3:armhf libubsan1-armhf-cross
2026-05-12T10:44:17.5264137Z #31 8.853   libxtables12:armhf libzstd1:armhf linux-libc-dev:armhf pkg-config:armhf
2026-05-12T10:44:17.5264553Z #31 8.853   pkgconf:armhf
2026-05-12T10:44:17.5264918Z #31 8.854 The following packages will be upgraded:
2026-05-12T10:44:17.5265292Z #31 8.855   linux-libc-dev
2026-05-12T10:44:17.6114064Z #31 9.091 1 upgraded, 52 newly installed, 0 to remove and 0 not upgraded.
2026-05-12T10:44:17.6114841Z #31 9.091 Need to get 45.0 MB of archives.
2026-05-12T10:44:17.6115318Z #31 9.091 After this operation, 150 MB of additional disk space will be used.
2026-05-12T10:44:17.6115961Z #31 9.091 Get:1 http://deb.debian.org/debian bookworm/main arm64 binutils-arm-linux-gnueabihf arm64 2.40-2 [2864 kB]
2026-05-12T10:44:17.8259337Z #31 9.306 Get:2 http://deb.debian.org/debian bookworm/main arm64 gcc-12-arm-linux-gnueabihf-base arm64 12.2.0-14cross1 [37.7 kB]
2026-05-12T10:44:18.0244967Z #31 9.308 Get:3 http://deb.debian.org/debian bookworm/main arm64 cpp-12-arm-linux-gnueabihf arm64 12.2.0-14cross1 [7758 kB]
2026-05-12T10:44:18.0246223Z #31 9.334 Get:4 http://deb.debian.org/debian bookworm/main arm64 cpp-arm-linux-gnueabihf arm64 4:12.2.0-3 [3984 B]
2026-05-12T10:44:18.0247442Z #31 9.334 Get:5 http://deb.debian.org/debian bookworm/main arm64 gcc-12-cross-base all 12.2.0-14cross1 [33.2 kB]
2026-05-12T10:44:18.0248163Z #31 9.335 Get:6 http://deb.debian.org/debian bookworm/main arm64 libc6-armhf-cross all 2.36-8cross1 [871 kB]
2026-05-12T10:44:18.0248906Z #31 9.338 Get:7 http://deb.debian.org/debian bookworm/main arm64 libgcc-s1-armhf-cross all 12.2.0-14cross1 [36.5 kB]
2026-05-12T10:44:18.0249750Z #31 9.338 Get:8 http://deb.debian.org/debian bookworm/main arm64 libgomp1-armhf-cross all 12.2.0-14cross1 [94.6 kB]
2026-05-12T10:44:18.0250829Z #31 9.339 Get:9 http://deb.debian.org/debian bookworm/main arm64 libatomic1-armhf-cross all 12.2.0-14cross1 [6688 B]
2026-05-12T10:44:18.0251677Z #31 9.339 Get:10 http://deb.debian.org/debian bookworm/main arm64 libasan8-armhf-cross all 12.2.0-14cross1 [2113 kB]
2026-05-12T10:44:18.0252496Z #31 9.346 Get:11 http://deb.debian.org/debian bookworm/main arm64 libstdc++6-armhf-cross all 12.2.0-14cross1 [476 kB]
2026-05-12T10:44:18.0253272Z #31 9.348 Get:12 http://deb.debian.org/debian bookworm/main arm64 libubsan1-armhf-cross all 12.2.0-14cross1 [855 kB]
2026-05-12T10:44:18.0254115Z #31 9.351 Get:13 http://deb.debian.org/debian bookworm/main arm64 libgcc-12-dev-armhf-cross all 12.2.0-14cross1 [742 kB]
2026-05-12T10:44:18.0254894Z #31 9.353 Get:14 http://deb.debian.org/debian bookworm/main arm64 gcc-12-arm-linux-gnueabihf arm64 12.2.0-14cross1 [15.4 MB]
2026-05-12T10:44:18.0401257Z #31 9.520 Get:15 http://deb.debian.org/debian bookworm/main armhf gcc-12-base armhf 12.2.0-14+deb12u1 [37.6 kB]
2026-05-12T10:44:18.2517366Z #31 9.520 Get:16 http://deb.debian.org/debian bookworm/main arm64 gcc-arm-linux-gnueabihf arm64 4:12.2.0-3 [1480 B]
2026-05-12T10:44:18.2519245Z #31 9.522 Get:17 http://deb.debian.org/debian bookworm/main armhf libgcc-s1 armhf 12.2.0-14+deb12u1 [36.5 kB]
2026-05-12T10:44:18.2520145Z #31 9.523 Get:18 http://deb.debian.org/debian bookworm/main armhf libc6 armhf 2.36-9+deb12u13 [2136 kB]
2026-05-12T10:44:18.2520908Z #31 9.531 Get:19 http://deb.debian.org/debian-security bookworm-security/main arm64 linux-libc-dev arm64 6.1.170-3 [2247 kB]
2026-05-12T10:44:18.2521860Z #31 9.534 Get:20 http://deb.debian.org/debian-security bookworm-security/main armhf linux-libc-dev armhf 6.1.170-3 [2232 kB]
2026-05-12T10:44:18.2522633Z #31 9.540 Get:21 http://deb.debian.org/debian bookworm/main armhf libcrypt1 armhf 1:4.4.33-2 [95.6 kB]
2026-05-12T10:44:18.2523726Z #31 9.541 Get:22 http://deb.debian.org/debian bookworm/main armhf libcrypt-dev armhf 1:4.4.33-2 [125 kB]
2026-05-12T10:44:18.2524420Z #31 9.542 Get:23 http://deb.debian.org/debian bookworm/main armhf libcom-err2 armhf 1.47.0-2+b2 [19.3 kB]
2026-05-12T10:44:18.2525732Z #31 9.542 Get:24 http://deb.debian.org/debian bookworm/main armhf libkrb5support0 armhf 1.20.1-2+deb12u4 [30.1 kB]
2026-05-12T10:44:18.2527375Z #31 9.542 Get:25 http://deb.debian.org/debian bookworm/main armhf libk5crypto3 armhf 1.20.1-2+deb12u4 [75.3 kB]
2026-05-12T10:44:18.2528587Z #31 9.543 Get:26 http://deb.debian.org/debian bookworm/main armhf libkeyutils1 armhf 1.6.3-2 [7832 B]
2026-05-12T10:44:18.2529463Z #31 9.543 Get:27 http://deb.debian.org/debian-security bookworm-security/main armhf libssl3 armhf 3.0.19-1~deb12u2 [1676 kB]
2026-05-12T10:44:18.2530588Z #31 9.547 Get:28 http://deb.debian.org/debian bookworm/main armhf libkrb5-3 armhf 1.20.1-2+deb12u4 [288 kB]
2026-05-12T10:44:18.2531314Z #31 9.549 Get:29 http://deb.debian.org/debian bookworm/main armhf libgssapi-krb5-2 armhf 1.20.1-2+deb12u4 [112 kB]
2026-05-12T10:44:18.2532075Z #31 9.555 Get:30 http://deb.debian.org/debian bookworm/main armhf libtirpc3 armhf 1.3.3+ds-1 [72.9 kB]
2026-05-12T10:44:18.2532746Z #31 9.556 Get:31 http://deb.debian.org/debian bookworm/main armhf libnsl2 armhf 1.3.0-2 [33.9 kB]
2026-05-12T10:44:18.2533369Z #31 9.557 Get:32 http://deb.debian.org/debian bookworm/main armhf libtirpc-dev armhf 1.3.3+ds-1 [182 kB]
2026-05-12T10:44:18.2534294Z #31 9.558 Get:33 http://deb.debian.org/debian bookworm/main armhf libnsl-dev armhf 1.3.0-2 [62.1 kB]
2026-05-12T10:44:18.2534965Z #31 9.559 Get:34 http://deb.debian.org/debian bookworm/main armhf libc6-dev armhf 2.36-9+deb12u13 [1269 kB]
2026-05-12T10:44:18.2535629Z #31 9.564 Get:35 http://deb.debian.org/debian bookworm/main armhf libcap2 armhf 1:2.66-4+deb12u2+b2 [23.5 kB]
2026-05-12T10:44:18.2536623Z #31 9.564 Get:36 http://deb.debian.org/debian bookworm/main armhf libgpg-error0 armhf 1.46-1 [66.7 kB]
2026-05-12T10:44:18.2537466Z #31 9.565 Get:37 http://deb.debian.org/debian bookworm/main armhf libgcrypt20 armhf 1.10.1-3 [619 kB]
2026-05-12T10:44:18.2538324Z #31 9.567 Get:38 http://deb.debian.org/debian bookworm/main armhf libgmp10 armhf 2:6.2.1+dfsg1-1.1 [514 kB]
2026-05-12T10:44:18.2539001Z #31 9.568 Get:39 http://deb.debian.org/debian bookworm/main armhf libjansson4 armhf 2.14-2 [36.7 kB]
2026-05-12T10:44:18.2539616Z #31 9.572 Get:40 http://deb.debian.org/debian bookworm/main armhf liblz4-1 armhf 1.9.4-1 [55.0 kB]
2026-05-12T10:44:18.2540505Z #31 9.573 Get:41 http://deb.debian.org/debian bookworm/main armhf liblzma5 armhf 5.4.1-1 [193 kB]
2026-05-12T10:44:18.2541150Z #31 9.574 Get:42 http://deb.debian.org/debian bookworm/main armhf libmnl0 armhf 1.0.4-3 [10.9 kB]
2026-05-12T10:44:18.2541754Z #31 9.576 Get:43 http://deb.debian.org/debian bookworm/main armhf libnftnl11 armhf 1.2.4-2 [46.9 kB]
2026-05-12T10:44:18.2542551Z #31 9.581 Get:44 http://deb.debian.org/debian bookworm/main armhf libxtables12 armhf 1.8.9-2 [27.8 kB]
2026-05-12T10:44:18.2543232Z #31 9.731 Get:45 http://deb.debian.org/debian bookworm/main armhf libnftables1 armhf 1.0.6-2+deb12u2 [260 kB]
2026-05-12T10:44:18.4067900Z #31 9.733 Get:46 http://deb.debian.org/debian bookworm/main armhf libnftables-dev armhf 1.0.6-2+deb12u2 [13.1 kB]
2026-05-12T10:44:18.4068821Z #31 9.733 Get:47 http://deb.debian.org/debian bookworm/main armhf libseccomp2 armhf 2.5.4-1+deb12u1 [44.9 kB]
2026-05-12T10:44:18.4069561Z #31 9.733 Get:48 http://deb.debian.org/debian bookworm/main armhf libseccomp-dev armhf 2.5.4-1+deb12u1 [85.5 kB]
2026-05-12T10:44:18.4070664Z #31 9.734 Get:49 http://deb.debian.org/debian bookworm/main armhf libzstd1 armhf 1.5.4+dfsg2-5 [249 kB]
2026-05-12T10:44:18.4071355Z #31 9.736 Get:50 http://deb.debian.org/debian bookworm/main armhf libsystemd0 armhf 252.39-1~deb12u1 [304 kB]
2026-05-12T10:44:18.4088673Z #31 9.889 Get:51 http://deb.debian.org/debian bookworm/main armhf libsystemd-dev armhf 252.39-1~deb12u1 [354 kB]
2026-05-12T10:44:18.5612992Z #31 9.890 Get:52 http://deb.debian.org/debian bookworm/main armhf pkgconf armhf 1.8.1-1 [25.9 kB]
2026-05-12T10:44:18.5613763Z #31 9.890 Get:53 http://deb.debian.org/debian bookworm/main armhf pkg-config armhf 1.8.1-1 [13.7 kB]
2026-05-12T10:44:18.5721157Z #31 10.05 debconf: delaying package configuration, since apt-utils is not installed
2026-05-12T10:44:18.6786104Z #31 10.10 Fetched 45.0 MB in 1s (43.8 MB/s)
2026-05-12T10:44:18.6786571Z #31 10.16 Selecting previously unselected package binutils-arm-linux-gnueabihf.
2026-05-12T10:44:18.8595417Z #31 10.16 (Reading database ... 
2026-05-12T10:44:18.8596127Z (Reading database ... 5%
2026-05-12T10:44:18.8596398Z (Reading database ... 10%
2026-05-12T10:44:18.8596727Z (Reading database ... 15%
2026-05-12T10:44:18.8597037Z (Reading database ... 20%
2026-05-12T10:44:18.8597282Z (Reading database ... 25%
2026-05-12T10:44:18.8597607Z (Reading database ... 30%
2026-05-12T10:44:18.8597871Z (Reading database ... 35%
2026-05-12T10:44:18.8598106Z (Reading database ... 40%
2026-05-12T10:44:18.8598464Z (Reading database ... 45%
2026-05-12T10:44:18.8598710Z (Reading database ... 50%
2026-05-12T10:44:18.8599022Z (Reading database ... 55%
2026-05-12T10:44:18.8599279Z (Reading database ... 60%
2026-05-12T10:44:18.8599501Z (Reading database ... 65%
2026-05-12T10:44:18.8599807Z (Reading database ... 70%
2026-05-12T10:44:18.8600429Z (Reading database ... 75%
2026-05-12T10:44:18.8600688Z (Reading database ... 80%
2026-05-12T10:44:18.8601008Z (Reading database ... 85%
2026-05-12T10:44:18.8601249Z (Reading database ... 90%
2026-05-12T10:44:18.8601793Z (Reading database ... 95%
2026-05-12T10:44:18.8602167Z (Reading database ... 100%
2026-05-12T10:44:18.8602510Z (Reading database ... 16962 files and directories currently installed.)
2026-05-12T10:44:18.8603078Z #31 10.17 Preparing to unpack .../00-binutils-arm-linux-gnueabihf_2.40-2_arm64.deb ...
2026-05-12T10:44:18.8603573Z #31 10.19 Unpacking binutils-arm-linux-gnueabihf (2.40-2) ...
2026-05-12T10:44:18.9443210Z #31 10.42 Selecting previously unselected package gcc-12-arm-linux-gnueabihf-base:arm64.
2026-05-12T10:44:19.1866765Z #31 10.43 Preparing to unpack .../01-gcc-12-arm-linux-gnueabihf-base_12.2.0-14cross1_arm64.deb ...
2026-05-12T10:44:19.1867435Z #31 10.44 Unpacking gcc-12-arm-linux-gnueabihf-base:arm64 (12.2.0-14cross1) ...
2026-05-12T10:44:19.1868402Z #31 10.50 Selecting previously unselected package cpp-12-arm-linux-gnueabihf.
2026-05-12T10:44:19.1869152Z #31 10.50 Preparing to unpack .../02-cpp-12-arm-linux-gnueabihf_12.2.0-14cross1_arm64.deb ...
2026-05-12T10:44:19.1869704Z #31 10.52 Unpacking cpp-12-arm-linux-gnueabihf (12.2.0-14cross1) ...
2026-05-12T10:44:19.4294128Z #31 10.91 Selecting previously unselected package cpp-arm-linux-gnueabihf.
2026-05-12T10:44:19.5790916Z #31 10.91 Preparing to unpack .../03-cpp-arm-linux-gnueabihf_4%3a12.2.0-3_arm64.deb ...
2026-05-12T10:44:19.5791841Z #31 10.92 Unpacking cpp-arm-linux-gnueabihf (4:12.2.0-3) ...
2026-05-12T10:44:19.5792337Z #31 10.98 Selecting previously unselected package gcc-12-cross-base.
2026-05-12T10:44:19.5792901Z #31 10.98 Preparing to unpack .../04-gcc-12-cross-base_12.2.0-14cross1_all.deb ...
2026-05-12T10:44:19.5793354Z #31 10.99 Unpacking gcc-12-cross-base (12.2.0-14cross1) ...
2026-05-12T10:44:19.5793813Z #31 11.06 Selecting previously unselected package libc6-armhf-cross.
2026-05-12T10:44:19.6981714Z #31 11.06 Preparing to unpack .../05-libc6-armhf-cross_2.36-8cross1_all.deb ...
2026-05-12T10:44:19.6982809Z #31 11.07 Unpacking libc6-armhf-cross (2.36-8cross1) ...
2026-05-12T10:44:19.6983308Z #31 11.18 Selecting previously unselected package libgcc-s1-armhf-cross.
2026-05-12T10:44:19.8601904Z #31 11.18 Preparing to unpack .../06-libgcc-s1-armhf-cross_12.2.0-14cross1_all.deb ...
2026-05-12T10:44:19.8603280Z #31 11.19 Unpacking libgcc-s1-armhf-cross (12.2.0-14cross1) ...
2026-05-12T10:44:19.8603915Z #31 11.26 Selecting previously unselected package libgomp1-armhf-cross.
2026-05-12T10:44:19.8604868Z #31 11.26 Preparing to unpack .../07-libgomp1-armhf-cross_12.2.0-14cross1_all.deb ...
2026-05-12T10:44:19.8605471Z #31 11.27 Unpacking libgomp1-armhf-cross (12.2.0-14cross1) ...
2026-05-12T10:44:19.8605966Z #31 11.34 Selecting previously unselected package libatomic1-armhf-cross.
2026-05-12T10:44:20.1003678Z #31 11.34 Preparing to unpack .../08-libatomic1-armhf-cross_12.2.0-14cross1_all.deb ...
2026-05-12T10:44:20.1004662Z #31 11.35 Unpacking libatomic1-armhf-cross (12.2.0-14cross1) ...
2026-05-12T10:44:20.1005111Z #31 11.42 Selecting previously unselected package libasan8-armhf-cross.
2026-05-12T10:44:20.1005704Z #31 11.42 Preparing to unpack .../09-libasan8-armhf-cross_12.2.0-14cross1_all.deb ...
2026-05-12T10:44:20.1006176Z #31 11.43 Unpacking libasan8-armhf-cross (12.2.0-14cross1) ...
2026-05-12T10:44:20.1150788Z #31 11.59 Selecting previously unselected package libstdc++6-armhf-cross.
2026-05-12T10:44:20.2281213Z #31 11.60 Preparing to unpack .../10-libstdc++6-armhf-cross_12.2.0-14cross1_all.deb ...
2026-05-12T10:44:20.2282246Z #31 11.61 Unpacking libstdc++6-armhf-cross (12.2.0-14cross1) ...
2026-05-12T10:44:20.2283506Z #31 11.71 Selecting previously unselected package libubsan1-armhf-cross.
2026-05-12T10:44:20.3388553Z #31 11.71 Preparing to unpack .../11-libubsan1-armhf-cross_12.2.0-14cross1_all.deb ...
2026-05-12T10:44:20.3389255Z #31 11.72 Unpacking libubsan1-armhf-cross (12.2.0-14cross1) ...
2026-05-12T10:44:20.3390106Z #31 11.82 Selecting previously unselected package libgcc-12-dev-armhf-cross.
2026-05-12T10:44:20.4616977Z #31 11.82 Preparing to unpack .../12-libgcc-12-dev-armhf-cross_12.2.0-14cross1_all.deb ...
2026-05-12T10:44:20.4620225Z #31 11.83 Unpacking libgcc-12-dev-armhf-cross (12.2.0-14cross1) ...
2026-05-12T10:44:20.4620830Z #31 11.94 Selecting previously unselected package gcc-12-arm-linux-gnueabihf.
2026-05-12T10:44:20.6262753Z #31 11.94 Preparing to unpack .../13-gcc-12-arm-linux-gnueabihf_12.2.0-14cross1_arm64.deb ...
2026-05-12T10:44:20.6264307Z #31 11.96 Unpacking gcc-12-arm-linux-gnueabihf (12.2.0-14cross1) ...
2026-05-12T10:44:20.9240644Z #31 12.40 Selecting previously unselected package gcc-12-base:armhf.
2026-05-12T10:44:21.0989281Z #31 12.41 Preparing to unpack .../14-gcc-12-base_12.2.0-14+deb12u1_armhf.deb ...
2026-05-12T10:44:21.0990196Z #31 12.42 Unpacking gcc-12-base:armhf (12.2.0-14+deb12u1) ...
2026-05-12T10:44:21.0991106Z #31 12.49 Selecting previously unselected package gcc-arm-linux-gnueabihf.
2026-05-12T10:44:21.0991636Z #31 12.49 Preparing to unpack .../15-gcc-arm-linux-gnueabihf_4%3a12.2.0-3_arm64.deb ...
2026-05-12T10:44:21.0992098Z #31 12.50 Unpacking gcc-arm-linux-gnueabihf (4:12.2.0-3) ...
2026-05-12T10:44:21.0992640Z #31 12.58 Selecting previously unselected package libgcc-s1:armhf.
2026-05-12T10:44:21.2294483Z #31 12.58 Preparing to unpack .../16-libgcc-s1_12.2.0-14+deb12u1_armhf.deb ...
2026-05-12T10:44:21.2295048Z #31 12.59 Unpacking libgcc-s1:armhf (12.2.0-14+deb12u1) ...
2026-05-12T10:44:21.2295460Z #31 12.71 Selecting previously unselected package libc6:armhf.
2026-05-12T10:44:21.3358544Z #31 12.71 Preparing to unpack .../17-libc6_2.36-9+deb12u13_armhf.deb ...
2026-05-12T10:44:21.3359837Z #31 12.77 debconf: unable to initialize frontend: Dialog
2026-05-12T10:44:21.3360466Z #31 12.77 debconf: (TERM is not set, so the dialog frontend is not usable.)
2026-05-12T10:44:21.3361185Z #31 12.77 debconf: falling back to frontend: Readline
2026-05-12T10:44:21.3361550Z #31 12.77 debconf: unable to initialize frontend: Readline
2026-05-12T10:44:21.3362050Z #31 12.77 debconf: (This frontend requires a controlling tty.)
2026-05-12T10:44:21.3362436Z #31 12.77 debconf: falling back to frontend: Teletype
2026-05-12T10:44:21.3362820Z #31 12.82 Unpacking libc6:armhf (2.36-9+deb12u13) ...
2026-05-12T10:44:21.4950722Z #31 12.97 Preparing to unpack .../18-linux-libc-dev_6.1.170-3_arm64.deb ...
2026-05-12T10:44:21.6787572Z #31 13.01 Unpacking linux-libc-dev:arm64 (6.1.170-3) over (6.1.170-1) ...
2026-05-12T10:44:28.1778558Z #31 19.66 Selecting previously unselected package linux-libc-dev:armhf.
2026-05-12T10:44:28.3413948Z #31 19.66 Preparing to unpack .../19-linux-libc-dev_6.1.170-3_armhf.deb ...
2026-05-12T10:44:28.3414638Z #31 19.67 Unpacking linux-libc-dev:armhf (6.1.170-3) ...
2026-05-12T10:44:28.3501521Z #31 19.83 Selecting previously unselected package libcrypt1:armhf.
2026-05-12T10:44:28.4623406Z #31 19.83 Preparing to unpack .../20-libcrypt1_1%3a4.4.33-2_armhf.deb ...
2026-05-12T10:44:28.4623909Z #31 19.85 Unpacking libcrypt1:armhf (1:4.4.33-2) ...
2026-05-12T10:44:28.4624312Z #31 19.94 Selecting previously unselected package libcrypt-dev:armhf.
2026-05-12T10:44:28.5668783Z #31 19.94 Preparing to unpack .../21-libcrypt-dev_1%3a4.4.33-2_armhf.deb ...
2026-05-12T10:44:28.5669318Z #31 19.96 Unpacking libcrypt-dev:armhf (1:4.4.33-2) ...
2026-05-12T10:44:28.5671140Z #31 20.05 Selecting previously unselected package libcom-err2:armhf.
2026-05-12T10:44:28.6791497Z #31 20.05 Preparing to unpack .../22-libcom-err2_1.47.0-2+b2_armhf.deb ...
2026-05-12T10:44:28.6792396Z #31 20.06 Unpacking libcom-err2:armhf (1.47.0-2+b2) ...
2026-05-12T10:44:28.6793232Z #31 20.16 Selecting previously unselected package libkrb5support0:armhf.
2026-05-12T10:44:28.7850757Z #31 20.16 Preparing to unpack .../23-libkrb5support0_1.20.1-2+deb12u4_armhf.deb ...
2026-05-12T10:44:28.7851784Z #31 20.17 Unpacking libkrb5support0:armhf (1.20.1-2+deb12u4) ...
2026-05-12T10:44:28.7852241Z #31 20.25 Selecting previously unselected package libk5crypto3:armhf.
2026-05-12T10:44:28.7852813Z #31 20.25 Preparing to unpack .../24-libk5crypto3_1.20.1-2+deb12u4_armhf.deb ...
2026-05-12T10:44:28.7853278Z #31 20.26 Unpacking libk5crypto3:armhf (1.20.1-2+deb12u4) ...
2026-05-12T10:44:28.8890881Z #31 20.36 Selecting previously unselected package libkeyutils1:armhf.
2026-05-12T10:44:28.8891752Z #31 20.36 Preparing to unpack .../25-libkeyutils1_1.6.3-2_armhf.deb ...
2026-05-12T10:44:28.8892269Z #31 20.37 Unpacking libkeyutils1:armhf (1.6.3-2) ...
2026-05-12T10:44:28.9899195Z #31 20.46 Selecting previously unselected package libssl3:armhf.
2026-05-12T10:44:28.9900284Z #31 20.46 Preparing to unpack .../26-libssl3_3.0.19-1~deb12u2_armhf.deb ...
2026-05-12T10:44:28.9900755Z #31 20.47 Unpacking libssl3:armhf (3.0.19-1~deb12u2) ...
2026-05-12T10:44:29.1280903Z #31 20.61 Selecting previously unselected package libkrb5-3:armhf.
2026-05-12T10:44:29.2529875Z #31 20.61 Preparing to unpack .../27-libkrb5-3_1.20.1-2+deb12u4_armhf.deb ...
2026-05-12T10:44:29.2530727Z #31 20.73 Unpacking libkrb5-3:armhf (1.20.1-2+deb12u4) ...
2026-05-12T10:44:29.3575477Z #31 20.84 Selecting previously unselected package libgssapi-krb5-2:armhf.
2026-05-12T10:44:29.4591324Z #31 20.84 Preparing to unpack .../28-libgssapi-krb5-2_1.20.1-2+deb12u4_armhf.deb ...
2026-05-12T10:44:29.4592234Z #31 20.85 Unpacking libgssapi-krb5-2:armhf (1.20.1-2+deb12u4) ...
2026-05-12T10:44:29.4592683Z #31 20.94 Selecting previously unselected package libtirpc3:armhf.
2026-05-12T10:44:29.4593117Z #31 20.94 Preparing to unpack .../29-libtirpc3_1.3.3+ds-1_armhf.deb ...
2026-05-12T10:44:29.5648684Z #31 20.95 Unpacking libtirpc3:armhf (1.3.3+ds-1) ...
2026-05-12T10:44:29.5649310Z #31 21.03 Selecting previously unselected package libnsl2:armhf.
2026-05-12T10:44:29.5650092Z #31 21.03 Preparing to unpack .../30-libnsl2_1.3.0-2_armhf.deb ...
2026-05-12T10:44:29.5650582Z #31 21.04 Unpacking libnsl2:armhf (1.3.0-2) ...
2026-05-12T10:44:29.7191326Z #31 21.11 Selecting previously unselected package libtirpc-dev:armhf.
2026-05-12T10:44:29.7192249Z #31 21.12 Preparing to unpack .../31-libtirpc-dev_1.3.3+ds-1_armhf.deb ...
2026-05-12T10:44:29.7193053Z #31 21.13 Unpacking libtirpc-dev:armhf (1.3.3+ds-1) ...
2026-05-12T10:44:29.7193850Z #31 21.20 Selecting previously unselected package libnsl-dev:armhf.
2026-05-12T10:44:29.9611088Z #31 21.20 Preparing to unpack .../32-libnsl-dev_1.3.0-2_armhf.deb ...
2026-05-12T10:44:29.9611929Z #31 21.21 Unpacking libnsl-dev:armhf (1.3.0-2) ...
2026-05-12T10:44:29.9612359Z #31 21.28 Selecting previously unselected package libc6-dev:armhf.
2026-05-12T10:44:29.9612815Z #31 21.28 Preparing to unpack .../33-libc6-dev_2.36-9+deb12u13_armhf.deb ...
2026-05-12T10:44:29.9613777Z #31 21.29 Unpacking libc6-dev:armhf (2.36-9+deb12u13) ...
2026-05-12T10:44:29.9614228Z #31 21.44 Selecting previously unselected package libcap2:armhf.
2026-05-12T10:44:30.0624265Z #31 21.44 Preparing to unpack .../34-libcap2_1%3a2.66-4+deb12u2+b2_armhf.deb ...
2026-05-12T10:44:30.0624989Z #31 21.45 Unpacking libcap2:armhf (1:2.66-4+deb12u2+b2) ...
2026-05-12T10:44:30.0625444Z #31 21.54 Selecting previously unselected package libgpg-error0:armhf.
2026-05-12T10:44:30.1636928Z #31 21.54 Preparing to unpack .../35-libgpg-error0_1.46-1_armhf.deb ...
2026-05-12T10:44:30.1637441Z #31 21.56 Unpacking libgpg-error0:armhf (1.46-1) ...
2026-05-12T10:44:30.1638239Z #31 21.64 Selecting previously unselected package libgcrypt20:armhf.
2026-05-12T10:44:30.2744114Z #31 21.65 Preparing to unpack .../36-libgcrypt20_1.10.1-3_armhf.deb ...
2026-05-12T10:44:30.2744932Z #31 21.66 Unpacking libgcrypt20:armhf (1.10.1-3) ...
2026-05-12T10:44:30.2745379Z #31 21.75 Selecting previously unselected package libgmp10:armhf.
2026-05-12T10:44:30.3808520Z #31 21.76 Preparing to unpack .../37-libgmp10_2%3a6.2.1+dfsg1-1.1_armhf.deb ...
2026-05-12T10:44:30.3809843Z #31 21.77 Unpacking libgmp10:armhf (2:6.2.1+dfsg1-1.1) ...
2026-05-12T10:44:30.3811018Z #31 21.86 Selecting previously unselected package libjansson4:armhf.
2026-05-12T10:44:30.4824351Z #31 21.86 Preparing to unpack .../38-libjansson4_2.14-2_armhf.deb ...
2026-05-12T10:44:30.4824865Z #31 21.87 Unpacking libjansson4:armhf (2.14-2) ...
2026-05-12T10:44:30.4825271Z #31 21.96 Selecting previously unselected package liblz4-1:armhf.
2026-05-12T10:44:30.4826166Z #31 21.96 Preparing to unpack .../39-liblz4-1_1.9.4-1_armhf.deb ...
2026-05-12T10:44:30.5892280Z #31 21.97 Unpacking liblz4-1:armhf (1.9.4-1) ...
2026-05-12T10:44:30.5893066Z #31 22.06 Selecting previously unselected package liblzma5:armhf.
2026-05-12T10:44:30.5893525Z #31 22.06 Preparing to unpack .../40-liblzma5_5.4.1-1_armhf.deb ...
2026-05-12T10:44:30.5893982Z #31 22.07 Unpacking liblzma5:armhf (5.4.1-1) ...
2026-05-12T10:44:30.6895422Z #31 22.16 Selecting previously unselected package libmnl0:armhf.
2026-05-12T10:44:30.6896006Z #31 22.16 Preparing to unpack .../41-libmnl0_1.0.4-3_armhf.deb ...
2026-05-12T10:44:30.6896399Z #31 22.17 Unpacking libmnl0:armhf (1.0.4-3) ...
2026-05-12T10:44:30.8695780Z #31 22.25 Selecting previously unselected package libnftnl11:armhf.
2026-05-12T10:44:30.8696314Z #31 22.25 Preparing to unpack .../42-libnftnl11_1.2.4-2_armhf.deb ...
2026-05-12T10:44:30.8697163Z #31 22.26 Unpacking libnftnl11:armhf (1.2.4-2) ...
2026-05-12T10:44:30.8697609Z #31 22.35 Selecting previously unselected package libxtables12:armhf.
2026-05-12T10:44:30.9750334Z #31 22.35 Preparing to unpack .../43-libxtables12_1.8.9-2_armhf.deb ...
2026-05-12T10:44:30.9751172Z #31 22.36 Unpacking libxtables12:armhf (1.8.9-2) ...
2026-05-12T10:44:30.9751813Z #31 22.44 Selecting previously unselected package libnftables1:armhf.
2026-05-12T10:44:30.9752605Z #31 22.44 Preparing to unpack .../44-libnftables1_1.0.6-2+deb12u2_armhf.deb ...
2026-05-12T10:44:30.9753156Z #31 22.45 Unpacking libnftables1:armhf (1.0.6-2+deb12u2) ...
2026-05-12T10:44:31.1511613Z #31 22.54 Selecting previously unselected package libnftables-dev:armhf.
2026-05-12T10:44:31.1512217Z #31 22.54 Preparing to unpack .../45-libnftables-dev_1.0.6-2+deb12u2_armhf.deb ...
2026-05-12T10:44:31.1512679Z #31 22.55 Unpacking libnftables-dev:armhf (1.0.6-2+deb12u2) ...
2026-05-12T10:44:31.1513196Z #31 22.63 Selecting previously unselected package libseccomp2:armhf.
2026-05-12T10:44:31.3153039Z #31 22.63 Preparing to unpack .../46-libseccomp2_2.5.4-1+deb12u1_armhf.deb ...
2026-05-12T10:44:31.3154620Z #31 22.64 Unpacking libseccomp2:armhf (2.5.4-1+deb12u1) ...
2026-05-12T10:44:31.3155348Z #31 22.70 Selecting previously unselected package libseccomp-dev:armhf.
2026-05-12T10:44:31.3156560Z #31 22.71 Preparing to unpack .../47-libseccomp-dev_2.5.4-1+deb12u1_armhf.deb ...
2026-05-12T10:44:31.3157085Z #31 22.72 Unpacking libseccomp-dev:armhf (2.5.4-1+deb12u1) ...
2026-05-12T10:44:31.3157960Z #31 22.79 Selecting previously unselected package libzstd1:armhf.
2026-05-12T10:44:31.4196070Z #31 22.80 Preparing to unpack .../48-libzstd1_1.5.4+dfsg2-5_armhf.deb ...
2026-05-12T10:44:31.4196921Z #31 22.81 Unpacking libzstd1:armhf (1.5.4+dfsg2-5) ...
2026-05-12T10:44:31.4199006Z #31 22.90 Selecting previously unselected package libsystemd0:armhf.
2026-05-12T10:44:31.5510918Z #31 22.90 Preparing to unpack .../49-libsystemd0_252.39-1~deb12u1_armhf.deb ...
2026-05-12T10:44:31.5512462Z #31 22.91 Unpacking libsystemd0:armhf (252.39-1~deb12u1) ...
2026-05-12T10:44:31.5513866Z #31 23.03 Selecting previously unselected package libsystemd-dev:armhf.
2026-05-12T10:44:31.6850336Z #31 23.03 Preparing to unpack .../50-libsystemd-dev_252.39-1~deb12u1_armhf.deb ...
2026-05-12T10:44:31.6850945Z #31 23.04 Unpacking libsystemd-dev:armhf (252.39-1~deb12u1) ...
2026-05-12T10:44:31.6851773Z #31 23.16 Selecting previously unselected package pkgconf:armhf.
2026-05-12T10:44:31.7908088Z #31 23.17 Preparing to unpack .../51-pkgconf_1.8.1-1_armhf.deb ...
2026-05-12T10:44:31.7983989Z #31 23.18 Unpacking pkgconf:armhf (1.8.1-1) ...
2026-05-12T10:44:31.7984388Z #31 23.27 Selecting previously unselected package pkg-config:armhf.
2026-05-12T10:44:31.8963881Z #31 23.27 Preparing to unpack .../52-pkg-config_1.8.1-1_armhf.deb ...
2026-05-12T10:44:31.8964502Z #31 23.29 Unpacking pkg-config:armhf (1.8.1-1) ...
2026-05-12T10:44:31.8964850Z #31 23.38 Setting up libc6-armhf-cross (2.36-8cross1) ...
2026-05-12T10:44:31.9972958Z #31 23.41 Setting up gcc-12-cross-base (12.2.0-14cross1) ...
2026-05-12T10:44:31.9973760Z #31 23.45 Setting up libgcc-s1-armhf-cross (12.2.0-14cross1) ...
2026-05-12T10:44:31.9974139Z #31 23.48 Setting up linux-libc-dev:arm64 (6.1.170-3) ...
2026-05-12T10:44:32.1313748Z #31 23.51 Setting up linux-libc-dev:armhf (6.1.170-3) ...
2026-05-12T10:44:32.1314256Z #31 23.54 Setting up libatomic1-armhf-cross (12.2.0-14cross1) ...
2026-05-12T10:44:32.1314628Z #31 23.58 Setting up pkgconf:armhf (1.8.1-1) ...
2026-05-12T10:44:32.1314945Z #31 23.61 Setting up gcc-12-base:armhf (12.2.0-14+deb12u1) ...
2026-05-12T10:44:32.2626374Z #31 23.64 Setting up libstdc++6-armhf-cross (12.2.0-14cross1) ...
2026-05-12T10:44:32.2627443Z #31 23.67 Setting up gcc-12-arm-linux-gnueabihf-base:arm64 (12.2.0-14cross1) ...
2026-05-12T10:44:32.2627872Z #31 23.71 Setting up pkg-config:armhf (1.8.1-1) ...
2026-05-12T10:44:32.2628207Z #31 23.74 Setting up libubsan1-armhf-cross (12.2.0-14cross1) ...
2026-05-12T10:44:32.3950539Z #31 23.77 Setting up binutils-arm-linux-gnueabihf (2.40-2) ...
2026-05-12T10:44:32.3951004Z #31 23.81 Setting up libgomp1-armhf-cross (12.2.0-14cross1) ...
2026-05-12T10:44:32.3951370Z #31 23.84 Setting up libasan8-armhf-cross (12.2.0-14cross1) ...
2026-05-12T10:44:32.3951741Z #31 23.87 Setting up cpp-12-arm-linux-gnueabihf (12.2.0-14cross1) ...
2026-05-12T10:44:32.5249091Z #31 23.91 Setting up libgcc-12-dev-armhf-cross (12.2.0-14cross1) ...
2026-05-12T10:44:32.5249569Z #31 23.94 Setting up cpp-arm-linux-gnueabihf (4:12.2.0-3) ...
2026-05-12T10:44:32.5250073Z #31 23.97 Setting up gcc-12-arm-linux-gnueabihf (12.2.0-14cross1) ...
2026-05-12T10:44:32.5250475Z #31 24.00 Setting up gcc-arm-linux-gnueabihf (4:12.2.0-3) ...
2026-05-12T10:44:32.6729040Z #31 24.04 Setting up libgcc-s1:armhf (12.2.0-14+deb12u1) ...
2026-05-12T10:44:32.6730279Z #31 24.07 Setting up libc6:armhf (2.36-9+deb12u13) ...
2026-05-12T10:44:32.6731001Z #31 24.15 debconf: unable to initialize frontend: Dialog
2026-05-12T10:44:32.6731408Z #31 24.15 debconf: (TERM is not set, so the dialog frontend is not usable.)
2026-05-12T10:44:32.6731812Z #31 24.15 debconf: falling back to frontend: Readline
2026-05-12T10:44:32.8288320Z #31 24.16 debconf: unable to initialize frontend: Readline
2026-05-12T10:44:32.8288738Z #31 24.16 debconf: (This frontend requires a controlling tty.)
2026-05-12T10:44:32.8289073Z #31 24.16 debconf: falling back to frontend: Teletype
2026-05-12T10:44:33.7348165Z #31 25.21 Setting up libzstd1:armhf (1.5.4+dfsg2-5) ...
2026-05-12T10:44:33.8351464Z #31 25.25 Setting up libkeyutils1:armhf (1.6.3-2) ...
2026-05-12T10:44:33.8352269Z #31 25.28 Setting up liblzma5:armhf (5.4.1-1) ...
2026-05-12T10:44:33.8352610Z #31 25.31 Setting up libgpg-error0:armhf (1.46-1) ...
2026-05-12T10:44:33.9389129Z #31 25.35 Setting up liblz4-1:armhf (1.9.4-1) ...
2026-05-12T10:44:33.9390158Z #31 25.38 Setting up libssl3:armhf (3.0.19-1~deb12u2) ...
2026-05-12T10:44:33.9390543Z #31 25.42 Setting up libgcrypt20:armhf (1.10.1-3) ...
2026-05-12T10:44:34.0402506Z #31 25.45 Setting up libcrypt1:armhf (1:4.4.33-2) ...
2026-05-12T10:44:34.0402918Z #31 25.49 Setting up libcom-err2:armhf (1.47.0-2+b2) ...
2026-05-12T10:44:34.0403248Z #31 25.52 Setting up libseccomp2:armhf (2.5.4-1+deb12u1) ...
2026-05-12T10:44:34.1454524Z #31 25.56 Setting up libcap2:armhf (1:2.66-4+deb12u2+b2) ...
2026-05-12T10:44:34.1454930Z #31 25.59 Setting up libjansson4:armhf (2.14-2) ...
2026-05-12T10:44:34.1455267Z #31 25.63 Setting up libkrb5support0:armhf (1.20.1-2+deb12u4) ...
2026-05-12T10:44:34.2509900Z #31 25.66 Setting up libgmp10:armhf (2:6.2.1+dfsg1-1.1) ...
2026-05-12T10:44:34.2510401Z #31 25.70 Setting up libmnl0:armhf (1.0.4-3) ...
2026-05-12T10:44:34.2510723Z #31 25.73 Setting up libk5crypto3:armhf (1.20.1-2+deb12u4) ...
2026-05-12T10:44:34.3579795Z #31 25.77 Setting up libxtables12:armhf (1.8.9-2) ...
2026-05-12T10:44:34.3580314Z #31 25.80 Setting up libcrypt-dev:armhf (1:4.4.33-2) ...
2026-05-12T10:44:34.3580643Z #31 25.84 Setting up libkrb5-3:armhf (1.20.1-2+deb12u4) ...
2026-05-12T10:44:34.4599197Z #31 25.87 Setting up libseccomp-dev:armhf (2.5.4-1+deb12u1) ...
2026-05-12T10:44:34.4600698Z #31 25.91 Setting up libnftnl11:armhf (1.2.4-2) ...
2026-05-12T10:44:34.4601093Z #31 25.94 Setting up libsystemd0:armhf (252.39-1~deb12u1) ...
2026-05-12T10:44:34.5664831Z #31 25.98 Setting up libgssapi-krb5-2:armhf (1.20.1-2+deb12u4) ...
2026-05-12T10:44:34.5665282Z #31 26.01 Setting up libsystemd-dev:armhf (252.39-1~deb12u1) ...
2026-05-12T10:44:34.5665742Z #31 26.05 Setting up libtirpc3:armhf (1.3.3+ds-1) ...
2026-05-12T10:44:34.6677295Z #31 26.08 Setting up libnftables1:armhf (1.0.6-2+deb12u2) ...
2026-05-12T10:44:34.6677873Z #31 26.11 Setting up libnftables-dev:armhf (1.0.6-2+deb12u2) ...
2026-05-12T10:44:34.6678221Z #31 26.15 Setting up libtirpc-dev:armhf (1.3.3+ds-1) ...
2026-05-12T10:44:34.8001911Z #31 26.18 Setting up libnsl2:armhf (1.3.0-2) ...
2026-05-12T10:44:34.8002695Z #31 26.21 Setting up libnsl-dev:armhf (1.3.0-2) ...
2026-05-12T10:44:34.8003047Z #31 26.25 Setting up libc6-dev:armhf (2.36-9+deb12u13) ...
2026-05-12T10:44:34.8003395Z #31 26.28 Processing triggers for libc-bin (2.36-9+deb12u13) ...
2026-05-12T10:44:35.7873750Z #31 DONE 27.3s
2026-05-12T10:44:35.9034803Z 
2026-05-12T10:44:35.9035219Z #32 [build 5/6] RUN <<EOT (set -ex...)
2026-05-12T10:44:35.9035513Z #32 0.111 + xx-info arch
2026-05-12T10:44:36.0884760Z #32 0.116 + [ arm = arm64 ]
2026-05-12T10:44:36.0885408Z #32 DONE 0.1s
2026-05-12T10:44:36.0885535Z 
2026-05-12T10:44:36.0885980Z #33 [build 6/6] RUN --mount=type=bind,target=.,rw     --mount=type=cache,target=/root/.cache/go-build,id=moby-build-linux/arm/v7 <<EOT (set -e...)
2026-05-12T10:44:36.2191299Z #33 0.282 + xx-go --wrap
2026-05-12T10:44:36.4564267Z #33 0.368 + xx-go env PKG_CONFIG
2026-05-12T10:44:36.5350200Z #33 0.598 + PKG_CONFIG=arm-linux-gnueabihf-pkg-config ./hack/make.sh binary
2026-05-12T10:44:36.7353443Z #33 0.600 
2026-05-12T10:44:36.7353691Z #33 0.606 Removing /tmp/bundles/
2026-05-12T10:44:36.7353906Z #33 0.607 
2026-05-12T10:44:36.7354131Z #33 0.612 ---> Making bundle: binary (in /tmp/bundles/binary)
2026-05-12T10:44:36.7354568Z #33 0.647 Building static /tmp/bundles/binary-daemon/dockerd (linux/arm/v7)...
2026-05-12T10:45:37.7217191Z #33 61.78 Created binary: /tmp/bundles/binary-daemon/dockerd
2026-05-12T10:45:37.9202531Z #33 61.83 Building static /tmp/bundles/binary-daemon/docker-proxy (linux/arm/v7)...
2026-05-12T10:45:37.9846555Z #33 62.05 Created binary: /tmp/bundles/binary-daemon/docker-proxy
2026-05-12T10:45:38.1691465Z #33 62.05 
2026-05-12T10:45:38.1693721Z #33 62.05 + xx-verify --static /tmp/bundles/binary-daemon/dockerd
2026-05-12T10:45:38.1694063Z #33 62.06 + xx-info os
2026-05-12T10:45:38.1694249Z #33 62.07 + [ linux = linux ]
2026-05-12T10:45:38.1694544Z #33 62.07 + xx-verify --static /tmp/bundles/binary-daemon/docker-proxy
2026-05-12T10:45:38.1694858Z #33 62.08 + mkdir /build
2026-05-12T10:45:38.1695231Z #33 62.08 + mv /tmp/bundles/binary-daemon/docker-proxy /tmp/bundles/binary-daemon/dockerd /build/
2026-05-12T10:45:41.7083336Z #33 DONE 65.8s
2026-05-12T10:45:42.1290796Z 
2026-05-12T10:45:42.1291799Z #34 [runc-src 2/2] ADD https://github.com/opencontainers/runc.git?ref=v1.3.5&keep-git-dir=1 .
2026-05-12T10:45:42.1292724Z #34 CACHED
2026-05-12T10:45:42.1292865Z 
2026-05-12T10:45:42.1293046Z #35 [runc-build 1/3] WORKDIR /go/src/github.com/opencontainers/runc
2026-05-12T10:45:42.1293364Z #35 CACHED
2026-05-12T10:45:42.1293455Z 
2026-05-12T10:45:42.1294432Z #36 [runc-build 2/3] RUN --mount=type=cache,sharing=locked,id=moby-runc-aptlib,target=/var/lib/apt     --mount=type=cache,sharing=locked,id=moby-runc-aptcache,target=/var/cache/apt         apt-get update && xx-apt-get install -y --no-install-recommends             gcc             libc6-dev             libseccomp-dev             pkg-config
2026-05-12T10:45:42.1295644Z #36 CACHED
2026-05-12T10:45:42.1295734Z 
2026-05-12T10:45:42.1296177Z #37 [runc-build 3/3] RUN --mount=from=runc-src,src=/usr/src/runc,rw     --mount=type=cache,target=/root/.cache/go-build,id=runc-build-linux/arm/v7 <<EOT (set -e...)
2026-05-12T10:45:42.1296769Z #37 CACHED
2026-05-12T10:45:42.1296857Z 
2026-05-12T10:45:42.1297352Z #38 [runc-src 1/2] WORKDIR /usr/src/runc
2026-05-12T10:45:42.1297598Z #38 CACHED
2026-05-12T10:45:42.1297685Z 
2026-05-12T10:45:42.1297959Z #39 [containerd-src 2/2] ADD https://github.com/containerd/containerd.git?ref=v2.2.3&keep-git-dir=1 .
2026-05-12T10:45:42.1298373Z #39 CACHED
2026-05-12T10:45:42.1298459Z 
2026-05-12T10:45:42.1298638Z #40 [containerd-build 1/3] WORKDIR /go/src/github.com/containerd/containerd
2026-05-12T10:45:42.1298972Z #40 CACHED
2026-05-12T10:45:42.1299060Z 
2026-05-12T10:45:42.1299173Z #41 [containerd-src 1/2] WORKDIR /usr/src/containerd
2026-05-12T10:45:42.1299425Z #41 CACHED
2026-05-12T10:45:42.1299512Z 
2026-05-12T10:45:42.1300342Z #42 [containerd-build 3/3] RUN --mount=from=containerd-src,src=/usr/src/containerd,rw     --mount=type=cache,target=/root/.cache/go-build,id=containerd-build-linux/arm/v7 <<EOT (set -e...)
2026-05-12T10:45:42.1301037Z #42 CACHED
2026-05-12T10:45:42.1301126Z 
2026-05-12T10:45:42.1302051Z #43 [containerd-build 2/3] RUN --mount=type=cache,sharing=locked,id=moby-containerd-aptlib,target=/var/lib/apt     --mount=type=cache,sharing=locked,id=moby-containerd-aptcache,target=/var/cache/apt         apt-get update && xx-apt-get install -y --no-install-recommends             gcc             pkg-config
2026-05-12T10:45:42.1303117Z #43 CACHED
2026-05-12T10:45:42.1303202Z 
2026-05-12T10:45:42.1303341Z #44 [binary-dummy 1/1] COPY --from=build-dummy /build /build
2026-05-12T10:45:42.1303624Z #44 CACHED
2026-05-12T10:45:42.1303710Z 
2026-05-12T10:45:42.1303814Z #45 [build-dummy 2/2] RUN mkdir -p /build
2026-05-12T10:45:42.1304038Z #45 CACHED
2026-05-12T10:45:42.1304142Z 
2026-05-12T10:45:42.1304268Z #46 [tini-build 1/4] WORKDIR /go/src/github.com/krallin/tini
2026-05-12T10:45:42.1304539Z #46 CACHED
2026-05-12T10:45:42.1304629Z 
2026-05-12T10:45:42.1304711Z #47 [tini-src 1/2] WORKDIR /usr/src/tini
2026-05-12T10:45:42.1304930Z #47 CACHED
2026-05-12T10:45:42.1305019Z 
2026-05-12T10:45:42.1305756Z #48 [tini-build 2/4] RUN --mount=type=cache,sharing=locked,id=moby-tini-aptlib,target=/var/lib/apt     --mount=type=cache,sharing=locked,id=moby-tini-aptcache,target=/var/cache/apt         apt-get update && apt-get install -y --no-install-recommends cmake
2026-05-12T10:45:42.1306642Z #48 CACHED
2026-05-12T10:45:42.1306734Z 
2026-05-12T10:45:42.1307171Z #49 [tini-build 4/4] RUN --mount=from=tini-src,src=/usr/src/tini,rw     --mount=type=cache,target=/root/.cache/go-build,id=tini-build-linux/arm/v7 <<EOT (set -ex...)
2026-05-12T10:45:42.1308075Z #49 CACHED
2026-05-12T10:45:42.1308166Z 
2026-05-12T10:45:42.1308997Z #50 [tini-build 3/4] RUN --mount=type=cache,sharing=locked,id=moby-tini-aptlib,target=/var/lib/apt     --mount=type=cache,sharing=locked,id=moby-tini-aptcache,target=/var/cache/apt         xx-apt-get install -y --no-install-recommends             gcc             libc6-dev             pkg-config
2026-05-12T10:45:42.1310128Z #50 CACHED
2026-05-12T10:45:42.1310224Z 
2026-05-12T10:45:42.1310430Z #51 [tini-src 2/2] ADD https://github.com/krallin/tini.git?ref=v0.19.0&keep-git-dir=1 .
2026-05-12T10:45:42.1310793Z #51 CACHED
2026-05-12T10:45:42.1310883Z 
2026-05-12T10:45:42.1310999Z #52 [rootlesskit-src 1/2] WORKDIR /usr/src/rootlesskit
2026-05-12T10:45:42.1311258Z #52 CACHED
2026-05-12T10:45:42.1311347Z 
2026-05-12T10:45:42.1311530Z #53 [rootlesskit-build 4/5] COPY --link ./contrib/dockerd-rootless.sh /build/
2026-05-12T10:45:42.1311863Z #53 CACHED
2026-05-12T10:45:42.1311958Z 
2026-05-12T10:45:42.1312929Z #54 [rootlesskit-build 2/5] RUN --mount=type=cache,sharing=locked,id=moby-rootlesskit-aptlib,target=/var/lib/apt     --mount=type=cache,sharing=locked,id=moby-rootlesskit-aptcache,target=/var/cache/apt         apt-get update && xx-apt-get install -y --no-install-recommends             gcc             libc6-dev             pkg-config
2026-05-12T10:45:42.1314057Z #54 CACHED
2026-05-12T10:45:42.1314147Z 
2026-05-12T10:45:42.1314352Z #55 [rootlesskit-build 1/5] WORKDIR /go/src/github.com/rootless-containers/rootlesskit
2026-05-12T10:45:42.1314714Z #55 CACHED
2026-05-12T10:45:42.1314804Z 
2026-05-12T10:45:42.1315627Z #56 [rootlesskit-build 3/5] RUN --mount=from=rootlesskit-src,src=/usr/src/rootlesskit,rw     --mount=type=cache,target=/go/pkg/mod     --mount=type=cache,target=/root/.cache/go-build,id=rootlesskit-build-linux/arm/v7 <<EOT (set -e...)
2026-05-12T10:45:42.1316472Z #56 CACHED
2026-05-12T10:45:42.1316564Z 
2026-05-12T10:45:42.1316863Z #57 [rootlesskit-src 2/2] ADD https://github.com/rootless-containers/rootlesskit.git?ref=v3.0.0&keep-git-dir=1 .
2026-05-12T10:45:42.1317321Z #57 CACHED
2026-05-12T10:45:42.1317411Z 
2026-05-12T10:45:42.1317622Z #58 [rootlesskit-build 5/5] COPY --link ./contrib/dockerd-rootless-setuptool.sh /build/
2026-05-12T10:45:42.1317988Z #58 CACHED
2026-05-12T10:45:42.5911752Z 
2026-05-12T10:45:42.5912551Z #59 [all 2/6] COPY --link --from=runc          /build/ /
2026-05-12T10:45:42.5913305Z #59 DONE 0.4s
2026-05-12T10:45:42.5913455Z 
2026-05-12T10:45:42.5913588Z #60 [all 3/6] COPY --link --from=containerd    /build/ /
2026-05-12T10:45:42.5913860Z #60 DONE 0.4s
2026-05-12T10:45:42.5913959Z 
2026-05-12T10:45:42.5914105Z #61 [all 4/6] COPY --link --from=rootlesskit   /build/ /
2026-05-12T10:45:42.5914367Z #61 DONE 0.3s
2026-05-12T10:45:42.5914466Z 
2026-05-12T10:45:42.5914579Z #62 [all 5/6] COPY --link --from=containerutil /build/ /
2026-05-12T10:45:42.5914838Z #62 DONE 0.3s
2026-05-12T10:45:42.8204785Z 
2026-05-12T10:45:42.8205236Z #63 [all 6/6] COPY --link --from=build         /build  /
2026-05-12T10:45:42.8205597Z #63 DONE 0.2s
2026-05-12T10:45:42.8205704Z 
2026-05-12T10:45:42.8205774Z #64 exporting to image
2026-05-12T10:45:42.8205959Z #64 exporting layers
2026-05-12T10:45:45.0660555Z #64 exporting layers 2.4s done
2026-05-12T10:45:45.2103069Z #64 exporting manifest sha256:3632c95a1bb79e433134a6562a20e706d504168a7b1f0fdc050a76ee9f2d9635 0.0s done
2026-05-12T10:45:45.2104367Z #64 exporting config sha256:bbdc26571ba52db3a974bcef57c7e4e19a138f7b2f12b14195a8168b5fd7e3d3 0.0s done
2026-05-12T10:45:45.2105445Z #64 exporting attestation manifest sha256:d7d7a1c7721b39e846accb66e33371ad97748e644cea946266f51deb78ddd4aa
2026-05-12T10:45:45.3213177Z #64 exporting attestation manifest sha256:d7d7a1c7721b39e846accb66e33371ad97748e644cea946266f51deb78ddd4aa 0.1s done
2026-05-12T10:45:45.3215186Z #64 exporting manifest list sha256:3488f50c25cb60b9c07433908668e11db7a1720db7d5066227dd7bb899b97627 0.0s done
2026-05-12T10:45:45.3215693Z #64 DONE 2.7s
2026-05-12T10:45:45.3216104Z 
2026-05-12T10:45:45.3216199Z #65 exporting to GitHub Actions Cache
2026-05-12T10:45:45.3216446Z #65 preparing build cache for export
2026-05-12T10:45:45.5047010Z #65 preparing build cache for export 0.0s done
2026-05-12T10:45:45.5047867Z #65 sending cache export
2026-05-12T10:45:45.5048451Z #65 writing layer sha256:42239dc487169f3b345c947cc8df0b6ff96b4438649dabdca237d70ac9077af2
2026-05-12T10:45:45.6554119Z #65 ...
2026-05-12T10:45:45.6554298Z 
2026-05-12T10:45:45.6554481Z #66 [auth] moby/moby-bin:pull,push token for registry-1.docker.io
2026-05-12T10:45:45.6554789Z #66 DONE 0.0s
2026-05-12T10:45:45.8056561Z 
2026-05-12T10:45:45.8056983Z #64 exporting to image
2026-05-12T10:45:45.8057245Z #64 pushing layers
2026-05-12T10:45:48.3074382Z #64 pushing layers 3.0s done
2026-05-12T10:45:48.3075080Z #64 pushing manifest for docker.io/moby/moby-bin
2026-05-12T10:45:49.7851375Z #64 pushing manifest for docker.io/moby/moby-bin 1.5s done
2026-05-12T10:45:49.7851713Z #64 DONE 7.1s
2026-05-12T10:45:49.7851854Z 
2026-05-12T10:45:49.7851950Z #65 exporting to GitHub Actions Cache
2026-05-12T10:45:49.7852374Z #65 writing layer sha256:42239dc487169f3b345c947cc8df0b6ff96b4438649dabdca237d70ac9077af2 3.7s done
2026-05-12T10:45:50.1758208Z #65 signing cache index sha256:95c696a275196601cc45d1b1c966248ecdb73f438746e9e8792ded19f20edb72
2026-05-12T10:45:52.7792458Z #65 sending cache export 7.4s done
2026-05-12T10:45:52.7793508Z #65 signing cache index sha256:95c696a275196601cc45d1b1c966248ecdb73f438746e9e8792ded19f20edb72 2.6s done
2026-05-12T10:45:52.7793980Z #65 DONE 7.5s
2026-05-12T10:45:52.9788218Z 
2026-05-12T10:45:52.9791610Z #67 resolving provenance for metadata file
2026-05-12T10:45:52.9924399Z #67 DONE 0.0s
2026-05-12T10:45:53.0055178Z ##[group]Metadata
2026-05-12T10:45:53.0055640Z {
2026-05-12T10:45:53.0055835Z   "bin-image-cross": {
2026-05-12T10:45:53.0056057Z     "buildx.build.provenance": {
2026-05-12T10:45:53.0056277Z       "builder": {
2026-05-12T10:45:53.0056573Z         "id": "https://github.com/moby/moby/actions/runs/25729270852/attempts/1"
2026-05-12T10:45:53.0056931Z       },
2026-05-12T10:45:53.0057141Z       "buildType": "https://mobyproject.org/buildkit@v1",
2026-05-12T10:45:53.0057414Z       "materials": [
2026-05-12T10:45:53.0057583Z         {
2026-05-12T10:45:53.0057764Z           "uri": "pkg:docker/docker/dockerfile@1",
2026-05-12T10:45:53.0058009Z           "digest": {
2026-05-12T10:45:53.0058315Z             "sha256": "2780b5c3bab67f1f76c781860de469442999ed1a0d7992a5efdf2cffc0e3d769"
2026-05-12T10:45:53.0058662Z           }
2026-05-12T10:45:53.0058804Z         },
2026-05-12T10:45:53.0058945Z         {
2026-05-12T10:45:53.0059204Z           "uri": "pkg:docker/busybox@latest?platform=linux%2Farm64",
2026-05-12T10:45:53.0059493Z           "digest": {
2026-05-12T10:45:53.0059793Z             "sha256": "1487d0af5f52b4ba31c7e465126ee2123fe3f2305d638e7827681e7cf6c83d5e"
2026-05-12T10:45:53.0060307Z           }
2026-05-12T10:45:53.0060458Z         },
2026-05-12T10:45:53.0060600Z         {
2026-05-12T10:45:53.0060851Z           "uri": "pkg:docker/golang@1.26.3-bookworm?platform=linux%2Farm64",
2026-05-12T10:45:53.0061159Z           "digest": {
2026-05-12T10:45:53.0061459Z             "sha256": "252599aeb51ad60b83e4d8821802068127c528c707cb7dd7afd93be057c6011c"
2026-05-12T10:45:53.0061805Z           }
2026-05-12T10:45:53.0061947Z         },
2026-05-12T10:45:53.0062088Z         {
2026-05-12T10:45:53.0062313Z           "uri": "pkg:docker/tonistiigi/xx@1.9.0?platform=linux%2Farm64",
2026-05-12T10:45:53.0062606Z           "digest": {
2026-05-12T10:45:53.0062914Z             "sha256": "c64defb9ed5a91eacb37f96ccc3d4cd72521c4bd18d5442905b95e2226b0e707"
2026-05-12T10:45:53.0063273Z           }
2026-05-12T10:45:53.0063418Z         },
2026-05-12T10:45:53.0063557Z         {
2026-05-12T10:45:53.0063792Z           "uri": "https://github.com/containerd/containerd.git#v2.2.3",
2026-05-12T10:45:53.0064093Z           "digest": {
2026-05-12T10:45:53.0064315Z             "sha1": "0c020f0ae8dc3496422d90784b8c58aa91abe09e"
2026-05-12T10:45:53.0064954Z           }
2026-05-12T10:45:53.0065095Z         },
2026-05-12T10:45:53.0065235Z         {
2026-05-12T10:45:53.0065441Z           "uri": "https://github.com/krallin/tini.git#v0.19.0",
2026-05-12T10:45:53.0065713Z           "digest": {
2026-05-12T10:45:53.0065936Z             "sha1": "de40ad007797e0dcd8b7126f27bb87401d224240"
2026-05-12T10:45:53.0066190Z           }
2026-05-12T10:45:53.0066331Z         },
2026-05-12T10:45:53.0066467Z         {
2026-05-12T10:45:53.0066691Z           "uri": "https://github.com/moby/moby.git#refs/heads/master",
2026-05-12T10:45:53.0066982Z           "digest": {
2026-05-12T10:45:53.0067210Z             "sha1": "90deaa8fc011b6418ded1872439bd698920448d1"
2026-05-12T10:45:53.0067465Z           }
2026-05-12T10:45:53.0067606Z         },
2026-05-12T10:45:53.0067747Z         {
2026-05-12T10:45:53.0067972Z           "uri": "https://github.com/opencontainers/runc.git#v1.3.5",
2026-05-12T10:45:53.0068264Z           "digest": {
2026-05-12T10:45:53.0068483Z             "sha1": "4db10680b270dfd505651cdfe21f412ff029c037"
2026-05-12T10:45:53.0068746Z           }
2026-05-12T10:45:53.0068888Z         },
2026-05-12T10:45:53.0069031Z         {
2026-05-12T10:45:53.0069292Z           "uri": "https://github.com/rootless-containers/rootlesskit.git#v3.0.0",
2026-05-12T10:45:53.0069625Z           "digest": {
2026-05-12T10:45:53.0069848Z             "sha1": "4058db2928d13f4db5c02341e8bc321cd7c7fc25"
2026-05-12T10:45:53.0070296Z           }
2026-05-12T10:45:53.0070446Z         },
2026-05-12T10:45:53.0070587Z         {
2026-05-12T10:45:53.0070803Z           "uri": "https://github.com/tc-hib/go-winres.git#v0.3.1",
2026-05-12T10:45:53.0071315Z           "digest": {
2026-05-12T10:45:53.0071551Z             "sha1": "680a280b748f922282c10e6cbc355e19742d45a9"
2026-05-12T10:45:53.0071805Z           }
2026-05-12T10:45:53.0071946Z         }
2026-05-12T10:45:53.0072084Z       ],
2026-05-12T10:45:53.0072229Z       "invocation": {
2026-05-12T10:45:53.0072411Z         "configSource": {
2026-05-12T10:45:53.0072680Z           "uri": "https://github.com/moby/moby.git#refs/heads/master",
2026-05-12T10:45:53.0072967Z           "digest": {
2026-05-12T10:45:53.0073189Z             "sha1": "90deaa8fc011b6418ded1872439bd698920448d1"
2026-05-12T10:45:53.0073445Z           },
2026-05-12T10:45:53.0073609Z           "entryPoint": "Dockerfile"
2026-05-12T10:45:53.0073815Z         },
2026-05-12T10:45:53.0073966Z         "parameters": {
2026-05-12T10:45:53.0074160Z           "frontend": "gateway.v0",
2026-05-12T10:45:53.0074369Z           "args": {
2026-05-12T10:45:53.0074584Z             "build-arg:BUILDKIT_CONTEXT_KEEP_GIT_DIR": "1",
2026-05-12T10:45:53.0075000Z             "build-arg:DEFAULT_PRODUCT_LICENSE": "",
2026-05-12T10:45:53.0075276Z             "build-arg:DOCKER_BUILDTAGS": "",
2026-05-12T10:45:53.0075525Z             "build-arg:DOCKER_DEBUG": "",
2026-05-12T10:45:53.0075864Z             "build-arg:DOCKER_GITCOMMIT": "90deaa8fc011b6418ded1872439bd698920448d1",
2026-05-12T10:45:53.0076224Z             "build-arg:DOCKER_LDFLAGS": "",
2026-05-12T10:45:53.0076512Z             "build-arg:DOCKER_META_IMAGES": "moby/moby-bin",
2026-05-12T10:45:53.0076815Z             "build-arg:DOCKER_META_VERSION": "master",
2026-05-12T10:45:53.0077087Z             "build-arg:DOCKER_STATIC": "1",
2026-05-12T10:45:53.0077367Z             "build-arg:PACKAGER_NAME": "The Moby Project",
2026-05-12T10:45:53.0077692Z             "build-arg:PLATFORM": "Moby Engine - Nightly",
2026-05-12T10:45:53.0077978Z             "build-arg:PRODUCT": "moby-bin",
2026-05-12T10:45:53.0078244Z             "build-arg:VERSION": "refs/heads/master",
2026-05-12T10:45:53.0078521Z             "cmdline": "docker/dockerfile:1",
2026-05-12T10:45:53.0078776Z             "source": "docker/dockerfile:1",
2026-05-12T10:45:53.0079013Z             "target": "all"
2026-05-12T10:45:53.0079196Z           },
2026-05-12T10:45:53.0079351Z           "secrets": [
2026-05-12T10:45:53.0079519Z             {
2026-05-12T10:45:53.0079685Z               "id": "GIT_AUTH_HEADER",
2026-05-12T10:45:53.0080758Z               "optional": true
2026-05-12T10:45:53.0080962Z             },
2026-05-12T10:45:53.0081114Z             {
2026-05-12T10:45:53.0081279Z               "id": "GIT_AUTH_TOKEN",
2026-05-12T10:45:53.0081507Z               "optional": true
2026-05-12T10:45:53.0081698Z             }
2026-05-12T10:45:53.0081843Z           ]
2026-05-12T10:45:53.0081988Z         },
2026-05-12T10:45:53.0082140Z         "environment": {
2026-05-12T10:45:53.0082343Z           "github_actor": "thaJeztah",
2026-05-12T10:45:53.0082574Z           "github_actor_id": "1804568",
2026-05-12T10:45:53.0082808Z           "github_event_name": "push",
2026-05-12T10:45:53.0083046Z           "github_event_payload": {
2026-05-12T10:45:53.0083308Z             "after": "90deaa8fc011b6418ded1872439bd698920448d1",
2026-05-12T10:45:53.0083753Z             "base_ref": null,
2026-05-12T10:45:53.0084011Z             "before": "cc511e685a40c59273de506a5f99ca35a9783632",
2026-05-12T10:45:53.0084282Z             "commits": [
2026-05-12T10:45:53.0084492Z               {
2026-05-12T10:45:53.0084653Z                 "author": {
2026-05-12T10:45:53.0084863Z                   "email": "elezar@nvidia.com",
2026-05-12T10:45:53.0085108Z                   "name": "Evan Lezar",
2026-05-12T10:45:53.0085332Z                   "username": "elezar"
2026-05-12T10:45:53.0085543Z                 },
2026-05-12T10:45:53.0085714Z                 "committer": {
2026-05-12T10:45:53.0085931Z                   "email": "elezar@nvidia.com",
2026-05-12T10:45:53.0086174Z                   "name": "Evan Lezar",
2026-05-12T10:45:53.0086402Z                   "username": "elezar"
2026-05-12T10:45:53.0086851Z                 },
2026-05-12T10:45:53.0087055Z                 "distinct": false,
2026-05-12T10:45:53.0087306Z                 "id": "704210f9e6d44af1501c7564c82a98653b059b7a",
2026-05-12T10:45:53.0089066Z                 "message": "daemon: preserve CDI additional GIDs\n\nCDI injection runs from WithDevices and may append supplementary groups to process.user.additionalGids. Docker's WithUser option previously ran afterwards and replaced Process.User, dropping any CDI-provided groups.\n\nResolve the final container user before device injection so CDI edits append to that user, and add regression coverage for a CDI v0.7 spec that injects additionalGids.\n\nSigned-off-by: Evan Lezar <elezar@nvidia.com>",
2026-05-12T10:45:53.0090997Z                 "timestamp": "2026-05-08T15:24:38+02:00",
2026-05-12T10:45:53.0091307Z                 "tree_id": "8abf3d412602a304215d1fa9a6aa93519acfff02",
2026-05-12T10:45:53.0091752Z                 "url": "https://github.com/moby/moby/commit/704210f9e6d44af1501c7564c82a98653b059b7a"
2026-05-12T10:45:53.0092134Z               },
2026-05-12T10:45:53.0092292Z               {
2026-05-12T10:45:53.0092452Z                 "author": {
2026-05-12T10:45:53.0092696Z                   "email": "thaJeztah@users.noreply.github.com",
2026-05-12T10:45:53.0092996Z                   "name": "Sebastiaan van Stijn",
2026-05-12T10:45:53.0093247Z                   "username": "thaJeztah"
2026-05-12T10:45:53.0093469Z                 },
2026-05-12T10:45:53.0093637Z                 "committer": {
2026-05-12T10:45:53.0093857Z                   "email": "noreply@github.com",
2026-05-12T10:45:53.0094100Z                   "name": "GitHub",
2026-05-12T10:45:53.0094318Z                   "username": "web-flow"
2026-05-12T10:45:53.0094532Z                 },
2026-05-12T10:45:53.0094705Z                 "distinct": true,
2026-05-12T10:45:53.0094956Z                 "id": "90deaa8fc011b6418ded1872439bd698920448d1",
2026-05-12T10:45:53.0095494Z                 "message": "Merge pull request #52579 from elezar/fix-cdi-additional-gids\n\ndaemon: preserve CDI additional GIDs",
2026-05-12T10:45:53.0096015Z                 "timestamp": "2026-05-12T12:41:05+02:00",
2026-05-12T10:45:53.0096320Z                 "tree_id": "05b2b7f0261e30022a70aac32d13edd055e3fb05",
2026-05-12T10:45:53.0096761Z                 "url": "https://github.com/moby/moby/commit/90deaa8fc011b6418ded1872439bd698920448d1"
2026-05-12T10:45:53.0097379Z               }
2026-05-12T10:45:53.0097539Z             ],
2026-05-12T10:45:53.0097828Z             "compare": "https://github.com/moby/moby/compare/cc511e685a40...90deaa8fc011",
2026-05-12T10:45:53.0098192Z             "created": false,
2026-05-12T10:45:53.0098394Z             "deleted": false,
2026-05-12T10:45:53.0098594Z             "enterprise": {
2026-05-12T10:45:53.0098894Z               "avatar_url": "https://avatars.githubusercontent.com/b/208541?v=4",
2026-05-12T10:45:53.0099248Z               "created_at": "2024-08-08T20:47:18Z",
2026-05-12T10:45:53.0099729Z               "description": "An open framework to assemble specialized container systems without reinventing the wheel.",
2026-05-12T10:45:53.0100942Z               "html_url": "https://github.com/enterprises/mobyproject",
2026-05-12T10:45:53.0101250Z               "id": 208541,
2026-05-12T10:45:53.0101436Z               "name": "Moby",
2026-05-12T10:45:53.0101647Z               "node_id": "E_kgDOAAMunQ",
2026-05-12T10:45:53.0101960Z               "slug": "mobyproject",
2026-05-12T10:45:53.0102196Z               "updated_at": "2026-04-29T17:28:08Z",
2026-05-12T10:45:53.0102475Z               "website_url": "https://mobyproject.org"
2026-05-12T10:45:53.0102723Z             },
2026-05-12T10:45:53.0102884Z             "forced": false,
2026-05-12T10:45:53.0103082Z             "head_commit": {
2026-05-12T10:45:53.0103274Z               "author": {
2026-05-12T10:45:53.0103513Z                 "email": "thaJeztah@users.noreply.github.com",
2026-05-12T10:45:53.0104088Z                 "name": "Sebastiaan van Stijn",
2026-05-12T10:45:53.0104596Z                 "username": "thaJeztah"
2026-05-12T10:45:53.0104876Z               },
2026-05-12T10:45:53.0105048Z               "committer": {
2026-05-12T10:45:53.0105265Z                 "email": "noreply@github.com",
2026-05-12T10:45:53.0105503Z                 "name": "GitHub",
2026-05-12T10:45:53.0105714Z                 "username": "web-flow"
2026-05-12T10:45:53.0105936Z               },
2026-05-12T10:45:53.0106103Z               "distinct": true,
2026-05-12T10:45:53.0106348Z               "id": "90deaa8fc011b6418ded1872439bd698920448d1",
2026-05-12T10:45:53.0106878Z               "message": "Merge pull request #52579 from elezar/fix-cdi-additional-gids\n\ndaemon: preserve CDI additional GIDs",
2026-05-12T10:45:53.0107393Z               "timestamp": "2026-05-12T12:41:05+02:00",
2026-05-12T10:45:53.0107696Z               "tree_id": "05b2b7f0261e30022a70aac32d13edd055e3fb05",
2026-05-12T10:45:53.0108137Z               "url": "https://github.com/moby/moby/commit/90deaa8fc011b6418ded1872439bd698920448d1"
2026-05-12T10:45:53.0108519Z             },
2026-05-12T10:45:53.0108683Z             "organization": {
2026-05-12T10:45:53.0108998Z               "avatar_url": "https://avatars.githubusercontent.com/u/27259197?v=4",
2026-05-12T10:45:53.0109577Z               "description": "An open framework to assemble specialized container systems without reinventing the wheel.",
2026-05-12T10:45:53.0110299Z               "events_url": "https://api.github.com/orgs/moby/events",
2026-05-12T10:45:53.0110664Z               "hooks_url": "https://api.github.com/orgs/moby/hooks",
2026-05-12T10:45:53.0110954Z               "id": 27259197,
2026-05-12T10:45:53.0111221Z               "issues_url": "https://api.github.com/orgs/moby/issues",
2026-05-12T10:45:53.0111518Z               "login": "moby",
2026-05-12T10:45:53.0111815Z               "members_url": "https://api.github.com/orgs/moby/members{/member}",
2026-05-12T10:45:53.0112200Z               "node_id": "MDEyOk9yZ2FuaXphdGlvbjI3MjU5MTk3",
2026-05-12T10:45:53.0112630Z               "public_members_url": "https://api.github.com/orgs/moby/public_members{/member}",
2026-05-12T10:45:53.0113075Z               "repos_url": "https://api.github.com/orgs/moby/repos",
2026-05-12T10:45:53.0113404Z               "url": "https://api.github.com/orgs/moby"
2026-05-12T10:45:53.0113658Z             },
2026-05-12T10:45:53.0113811Z             "pusher": {
2026-05-12T10:45:53.0114276Z               "email": "thaJeztah@users.noreply.github.com",
2026-05-12T10:45:53.0114552Z               "name": "thaJeztah"
2026-05-12T10:45:53.0114750Z             },
2026-05-12T10:45:53.0114919Z             "ref": "refs/heads/master",
2026-05-12T10:45:53.0115143Z             "repository": {
2026-05-12T10:45:53.0115342Z               "allow_forking": true,
2026-05-12T10:45:53.0115693Z               "archive_url": "https://api.github.com/repos/moby/moby/{archive_format}{/ref}",
2026-05-12T10:45:53.0116062Z               "archived": false,
2026-05-12T10:45:53.0116394Z               "assignees_url": "https://api.github.com/repos/moby/moby/assignees{/user}",
2026-05-12T10:45:53.0116856Z               "blobs_url": "https://api.github.com/repos/moby/moby/git/blobs{/sha}",
2026-05-12T10:45:53.0117312Z               "branches_url": "https://api.github.com/repos/moby/moby/branches{/branch}",
2026-05-12T10:45:53.0117721Z               "clone_url": "https://github.com/moby/moby.git",
2026-05-12T10:45:53.0118182Z               "collaborators_url": "https://api.github.com/repos/moby/moby/collaborators{/collaborator}",
2026-05-12T10:45:53.0118722Z               "comments_url": "https://api.github.com/repos/moby/moby/comments{/number}",
2026-05-12T10:45:53.0119184Z               "commits_url": "https://api.github.com/repos/moby/moby/commits{/sha}",
2026-05-12T10:45:53.0119653Z               "compare_url": "https://api.github.com/repos/moby/moby/compare/{base}...{head}",
2026-05-12T10:45:53.0120336Z               "contents_url": "https://api.github.com/repos/moby/moby/contents/{+path}",
2026-05-12T10:45:53.0121090Z               "contributors_url": "https://api.github.com/repos/moby/moby/contributors",
2026-05-12T10:45:53.0121487Z               "created_at": 1358532657,
2026-05-12T10:45:53.0121720Z               "custom_properties": {},
2026-05-12T10:45:53.0121952Z               "default_branch": "master",
2026-05-12T10:45:53.0122298Z               "deployments_url": "https://api.github.com/repos/moby/moby/deployments",
2026-05-12T10:45:53.0122944Z               "description": "The Moby Project - a collaborative project for the container ecosystem to assemble container-based systems",
2026-05-12T10:45:53.0123465Z               "disabled": false,
2026-05-12T10:45:53.0123774Z               "downloads_url": "https://api.github.com/repos/moby/moby/downloads",
2026-05-12T10:45:53.0124189Z               "events_url": "https://api.github.com/repos/moby/moby/events",
2026-05-12T10:45:53.0124499Z               "fork": false,
2026-05-12T10:45:53.0124694Z               "forks": 18949,
2026-05-12T10:45:53.0124896Z               "forks_count": 18949,
2026-05-12T10:45:53.0125191Z               "forks_url": "https://api.github.com/repos/moby/moby/forks",
2026-05-12T10:45:53.0125503Z               "full_name": "moby/moby",
2026-05-12T10:45:53.0125855Z               "git_commits_url": "https://api.github.com/repos/moby/moby/git/commits{/sha}",
2026-05-12T10:45:53.0126327Z               "git_refs_url": "https://api.github.com/repos/moby/moby/git/refs{/sha}",
2026-05-12T10:45:53.0126776Z               "git_tags_url": "https://api.github.com/repos/moby/moby/git/tags{/sha}",
2026-05-12T10:45:53.0127161Z               "git_url": "git://github.com/moby/moby.git",
2026-05-12T10:45:53.0127431Z               "has_discussions": true,
2026-05-12T10:45:53.0127659Z               "has_downloads": true,
2026-05-12T10:45:53.0127880Z               "has_issues": true,
2026-05-12T10:45:53.0128094Z               "has_pages": false,
2026-05-12T10:45:53.0128309Z               "has_projects": true,
2026-05-12T10:45:53.0128538Z               "has_pull_requests": true,
2026-05-12T10:45:53.0128771Z               "has_wiki": true,
2026-05-12T10:45:53.0129010Z               "homepage": "https://mobyproject.org/",
2026-05-12T10:45:53.0129349Z               "hooks_url": "https://api.github.com/repos/moby/moby/hooks",
2026-05-12T10:45:53.0129695Z               "html_url": "https://github.com/moby/moby",
2026-05-12T10:45:53.0130182Z               "id": 7691631,
2026-05-12T10:45:53.0130640Z               "is_template": false,
2026-05-12T10:45:53.0131019Z               "issue_comment_url": "https://api.github.com/repos/moby/moby/issues/comments{/number}",
2026-05-12T10:45:53.0131599Z               "issue_events_url": "https://api.github.com/repos/moby/moby/issues/events{/number}",
2026-05-12T10:45:53.0132093Z               "issues_url": "https://api.github.com/repos/moby/moby/issues{/number}",
2026-05-12T10:45:53.0132528Z               "keys_url": "https://api.github.com/repos/moby/moby/keys{/key_id}",
2026-05-12T10:45:53.0132955Z               "labels_url": "https://api.github.com/repos/moby/moby/labels{/name}",
2026-05-12T10:45:53.0133294Z               "language": "Go",
2026-05-12T10:45:53.0133600Z               "languages_url": "https://api.github.com/repos/moby/moby/languages",
2026-05-12T10:45:53.0133932Z               "license": {
2026-05-12T10:45:53.0134130Z                 "key": "apache-2.0",
2026-05-12T10:45:53.0134367Z                 "name": "Apache License 2.0",
2026-05-12T10:45:53.0134625Z                 "node_id": "MDc6TGljZW5zZTI=",
2026-05-12T10:45:53.0134873Z                 "spdx_id": "Apache-2.0",
2026-05-12T10:45:53.0135159Z                 "url": "https://api.github.com/licenses/apache-2.0"
2026-05-12T10:45:53.0135434Z               },
2026-05-12T10:45:53.0135610Z               "master_branch": "master",
2026-05-12T10:45:53.0135920Z               "merges_url": "https://api.github.com/repos/moby/moby/merges",
2026-05-12T10:45:53.0136374Z               "milestones_url": "https://api.github.com/repos/moby/moby/milestones{/number}",
2026-05-12T10:45:53.0136752Z               "mirror_url": null,
2026-05-12T10:45:53.0137134Z               "name": "moby",
2026-05-12T10:45:53.0137391Z               "node_id": "MDEwOlJlcG9zaXRvcnk3NjkxNjMx",
2026-05-12T10:45:53.0137881Z               "notifications_url": "https://api.github.com/repos/moby/moby/notifications{?since,all,participating}",
2026-05-12T10:45:53.0138340Z               "open_issues": 3813,
2026-05-12T10:45:53.0138567Z               "open_issues_count": 3813,
2026-05-12T10:45:53.0138804Z               "organization": "moby",
2026-05-12T10:45:53.0139020Z               "owner": {
2026-05-12T10:45:53.0139321Z                 "avatar_url": "https://avatars.githubusercontent.com/u/27259197?v=4",
2026-05-12T10:45:53.0139665Z                 "email": null,
2026-05-12T10:45:53.0140120Z                 "events_url": "https://api.github.com/users/moby/events{/privacy}",
2026-05-12T10:45:53.0140569Z                 "followers_url": "https://api.github.com/users/moby/followers",
2026-05-12T10:45:53.0141023Z                 "following_url": "https://api.github.com/users/moby/following{/other_user}",
2026-05-12T10:45:53.0141479Z                 "gists_url": "https://api.github.com/users/moby/gists{/gist_id}",
2026-05-12T10:45:53.0141807Z                 "gravatar_id": "",
2026-05-12T10:45:53.0142052Z                 "html_url": "https://github.com/moby",
2026-05-12T10:45:53.0142304Z                 "id": 27259197,
2026-05-12T10:45:53.0142513Z                 "login": "moby",
2026-05-12T10:45:53.0142718Z                 "name": "moby",
2026-05-12T10:45:53.0142969Z                 "node_id": "MDEyOk9yZ2FuaXphdGlvbjI3MjU5MTk3",
2026-05-12T10:45:53.0143341Z                 "organizations_url": "https://api.github.com/users/moby/orgs",
2026-05-12T10:45:53.0143788Z                 "received_events_url": "https://api.github.com/users/moby/received_events",
2026-05-12T10:45:53.0144233Z                 "repos_url": "https://api.github.com/users/moby/repos",
2026-05-12T10:45:53.0144535Z                 "site_admin": false,
2026-05-12T10:45:53.0144873Z                 "starred_url": "https://api.github.com/users/moby/starred{/owner}{/repo}",
2026-05-12T10:45:53.0145344Z                 "subscriptions_url": "https://api.github.com/users/moby/subscriptions",
2026-05-12T10:45:53.0145706Z                 "type": "Organization",
2026-05-12T10:45:53.0145968Z                 "url": "https://api.github.com/users/moby",
2026-05-12T10:45:53.0146498Z                 "user_view_type": "public"
2026-05-12T10:45:53.0146716Z               },
2026-05-12T10:45:53.0146882Z               "private": false,
2026-05-12T10:45:53.0147113Z               "pull_request_creation_policy": "all",
2026-05-12T10:45:53.0147466Z               "pulls_url": "https://api.github.com/repos/moby/moby/pulls{/number}",
2026-05-12T10:45:53.0147806Z               "pushed_at": 1778582466,
2026-05-12T10:45:53.0148135Z               "releases_url": "https://api.github.com/repos/moby/moby/releases{/id}",
2026-05-12T10:45:53.0148475Z               "size": 261290,
2026-05-12T10:45:53.0148714Z               "ssh_url": "git@github.com:moby/moby.git",
2026-05-12T10:45:53.0148973Z               "stargazers": 71548,
2026-05-12T10:45:53.0149194Z               "stargazers_count": 71548,
2026-05-12T10:45:53.0149527Z               "stargazers_url": "https://api.github.com/repos/moby/moby/stargazers",
2026-05-12T10:45:53.0150220Z               "statuses_url": "https://api.github.com/repos/moby/moby/statuses/{sha}",
2026-05-12T10:45:53.0150720Z               "subscribers_url": "https://api.github.com/repos/moby/moby/subscribers",
2026-05-12T10:45:53.0151194Z               "subscription_url": "https://api.github.com/repos/moby/moby/subscription",
2026-05-12T10:45:53.0151586Z               "svn_url": "https://github.com/moby/moby",
2026-05-12T10:45:53.0151914Z               "tags_url": "https://api.github.com/repos/moby/moby/tags",
2026-05-12T10:45:53.0152295Z               "teams_url": "https://api.github.com/repos/moby/moby/teams",
2026-05-12T10:45:53.0152598Z               "topics": [
2026-05-12T10:45:53.0152789Z                 "containers",
2026-05-12T10:45:53.0153409Z                 "docker",
2026-05-12T10:45:53.0153671Z                 "go",
2026-05-12T10:45:53.0153849Z                 "golang"
2026-05-12T10:45:53.0154023Z               ],
2026-05-12T10:45:53.0154297Z               "trees_url": "https://api.github.com/repos/moby/moby/git/trees{/sha}",
2026-05-12T10:45:53.0154657Z               "updated_at": "2026-05-12T05:35:46Z",
2026-05-12T10:45:53.0154953Z               "url": "https://api.github.com/repos/moby/moby",
2026-05-12T10:45:53.0155236Z               "visibility": "public",
2026-05-12T10:45:53.0155460Z               "watchers": 71548,
2026-05-12T10:45:53.0155670Z               "watchers_count": 71548,
2026-05-12T10:45:53.0155913Z               "web_commit_signoff_required": true
2026-05-12T10:45:53.0156149Z             },
2026-05-12T10:45:53.0156307Z             "sender": {
2026-05-12T10:45:53.0156597Z               "avatar_url": "https://avatars.githubusercontent.com/u/1804568?v=4",
2026-05-12T10:45:53.0157050Z               "events_url": "https://api.github.com/users/thaJeztah/events{/privacy}",
2026-05-12T10:45:53.0157504Z               "followers_url": "https://api.github.com/users/thaJeztah/followers",
2026-05-12T10:45:53.0157985Z               "following_url": "https://api.github.com/users/thaJeztah/following{/other_user}",
2026-05-12T10:45:53.0158462Z               "gists_url": "https://api.github.com/users/thaJeztah/gists{/gist_id}",
2026-05-12T10:45:53.0158819Z               "gravatar_id": "",
2026-05-12T10:45:53.0159067Z               "html_url": "https://github.com/thaJeztah",
2026-05-12T10:45:53.0159324Z               "id": 1804568,
2026-05-12T10:45:53.0159520Z               "login": "thaJeztah",
2026-05-12T10:45:53.0159761Z               "node_id": "MDQ6VXNlcjE4MDQ1Njg=",
2026-05-12T10:45:53.0160311Z               "organizations_url": "https://api.github.com/users/thaJeztah/orgs",
2026-05-12T10:45:53.0160796Z               "received_events_url": "https://api.github.com/users/thaJeztah/received_events",
2026-05-12T10:45:53.0161255Z               "repos_url": "https://api.github.com/users/thaJeztah/repos",
2026-05-12T10:45:53.0161585Z               "site_admin": false,
2026-05-12T10:45:53.0161936Z               "starred_url": "https://api.github.com/users/thaJeztah/starred{/owner}{/repo}",
2026-05-12T10:45:53.0162432Z               "subscriptions_url": "https://api.github.com/users/thaJeztah/subscriptions",
2026-05-12T10:45:53.0163011Z               "type": "User",
2026-05-12T10:45:53.0163260Z               "url": "https://api.github.com/users/thaJeztah",
2026-05-12T10:45:53.0163543Z               "user_view_type": "public"
2026-05-12T10:45:53.0163758Z             }
2026-05-12T10:45:53.0163906Z           },
2026-05-12T10:45:53.0164067Z           "github_job": "build",
2026-05-12T10:45:53.0164287Z           "github_ref": "refs/heads/master",
2026-05-12T10:45:53.0164530Z           "github_ref_name": "master",
2026-05-12T10:45:53.0164767Z           "github_ref_protected": "true",
2026-05-12T10:45:53.0165011Z           "github_ref_type": "branch",
2026-05-12T10:45:53.0165248Z           "github_repository": "moby/moby",
2026-05-12T10:45:53.0165494Z           "github_repository_id": "7691631",
2026-05-12T10:45:53.0165745Z           "github_repository_owner": "moby",
2026-05-12T10:45:53.0166010Z           "github_repository_owner_id": "27259197",
2026-05-12T10:45:53.0166269Z           "github_run_attempt": "1",
2026-05-12T10:45:53.0166503Z           "github_run_id": "25729270852",
2026-05-12T10:45:53.0166737Z           "github_run_number": "19070",
2026-05-12T10:45:53.0166973Z           "github_runner_arch": "ARM64",
2026-05-12T10:45:53.0167240Z           "github_runner_environment": "github-hosted",
2026-05-12T10:45:53.0167522Z           "github_runner_image_os": "ubuntu24",
2026-05-12T10:45:53.0167805Z           "github_runner_image_version": "20260318.59.1",
2026-05-12T10:45:53.0168110Z           "github_runner_name": "GitHub Actions 1001402338",
2026-05-12T10:45:53.0168389Z           "github_runner_os": "Linux",
2026-05-12T10:45:53.0168885Z           "github_runner_tracking_id": "github_35b1e424-4ceb-4438-ad68-77036c0e5abe",
2026-05-12T10:45:53.0169298Z           "github_server_url": "https://github.com",
2026-05-12T10:45:53.0169579Z           "github_triggering_actor": "thaJeztah",
2026-05-12T10:45:53.0169836Z           "github_workflow": "bin-image",
2026-05-12T10:45:53.0170481Z           "github_workflow_ref": "moby/moby/.github/workflows/bin-image.yml@refs/heads/master",
2026-05-12T10:45:53.0170961Z           "github_workflow_sha": "90deaa8fc011b6418ded1872439bd698920448d1",
2026-05-12T10:45:53.0171287Z           "platform": "linux/arm64"
2026-05-12T10:45:53.0171493Z         }
2026-05-12T10:45:53.0171632Z       }
2026-05-12T10:45:53.0171769Z     },
2026-05-12T10:45:53.0172280Z     "buildx.build.ref": "builder-e6ed23ce-b3ea-486e-91bb-4fa9b8146019/builder-e6ed23ce-b3ea-486e-91bb-4fa9b81460190/m51mdv45mf38uxwwqlgk6751y",
2026-05-12T10:45:53.0172888Z     "containerimage.descriptor": {
2026-05-12T10:45:53.0173182Z       "mediaType": "application/vnd.oci.image.index.v1+json",
2026-05-12T10:45:53.0173611Z       "digest": "sha256:3488f50c25cb60b9c07433908668e11db7a1720db7d5066227dd7bb899b97627",
2026-05-12T10:45:53.0173977Z       "size": 879
2026-05-12T10:45:53.0174136Z     },
2026-05-12T10:45:53.0174482Z     "containerimage.digest": "sha256:3488f50c25cb60b9c07433908668e11db7a1720db7d5066227dd7bb899b97627",
2026-05-12T10:45:53.0174922Z     "image.name": "moby/moby-bin"
2026-05-12T10:45:53.0175125Z   }
2026-05-12T10:45:53.0175261Z }
2026-05-12T10:45:53.0175619Z ##[endgroup]
2026-05-12T10:45:53.0175921Z ##[group]Build references
2026-05-12T10:45:53.0176398Z builder-e6ed23ce-b3ea-486e-91bb-4fa9b8146019/builder-e6ed23ce-b3ea-486e-91bb-4fa9b81460190/m51mdv45mf38uxwwqlgk6751y
2026-05-12T10:45:53.0177024Z ##[endgroup]
2026-05-12T10:45:53.0177540Z ##[group]Check build summary support
2026-05-12T10:45:53.0177907Z Build summary supported!
2026-05-12T10:45:53.0178210Z ##[endgroup]
2026-05-12T10:45:53.0225874Z ##[group]Run actions/github-script@3a2844b7e9c422d3c10d287c895573f7108da1b3
2026-05-12T10:45:53.0226241Z with:
2026-05-12T10:45:53.0227056Z   script: const inpTarget = core.getInput('target');
const inpMetadata = JSON.parse(core.getInput('metadata'));
const imageDigest = inpMetadata[inpTarget]['containerimage.digest'];
core.info(imageDigest);
core.setOutput('digest', imageDigest);

2026-05-12T10:45:53.0228281Z   github-token: ***
2026-05-12T10:45:53.0228459Z   debug: false
2026-05-12T10:45:53.0228638Z   user-agent: actions/github-script
2026-05-12T10:45:53.0228864Z   result-encoding: json
2026-05-12T10:45:53.0229045Z   retries: 0
2026-05-12T10:45:53.0229238Z   retry-exempt-status-codes: 400,401,403,404,422
2026-05-12T10:45:53.0229486Z env:
2026-05-12T10:45:53.0229638Z   BUILDX_VERSION: v0.33.0
2026-05-12T10:45:53.0229845Z   BUILDKIT_IMAGE: moby/buildkit:v0.29.0
2026-05-12T10:45:53.0230405Z   SBOM_IMAGE: docker/buildkit-syft-scanner:1.11.0
2026-05-12T10:45:53.0230746Z   BINFMT_IMAGE: tonistiigi/binfmt:qemu-v10.2.1-65
2026-05-12T10:45:53.0231086Z   DOCKER_ACTIONS_TOOLKIT_MODULE: @docker/actions-toolkit@0.89.1
2026-05-12T10:45:53.0231391Z   COSIGN_VERSION: v3.0.6
2026-05-12T10:45:53.0231598Z   LOCAL_EXPORT_DIR: /tmp/buildx-output
2026-05-12T10:45:53.0231830Z   MATRIX_SIZE_LIMIT: 20
2026-05-12T10:45:53.0232028Z   BUILDX_SEND_GIT_QUERY_AS_INPUT: true
2026-05-12T10:45:53.0232258Z   NPM_CONFIG_FETCH_RETRIES: 5
2026-05-12T10:45:53.0232489Z   DOCKER_METADATA_OUTPUT_VERSION: master
2026-05-12T10:45:53.0232764Z   DOCKER_METADATA_OUTPUT_TAGS: moby/moby-bin:master
2026-05-12T10:45:53.0233045Z   DOCKER_METADATA_OUTPUT_TAG_NAMES: master
2026-05-12T10:45:53.0235057Z   DOCKER_METADATA_OUTPUT_LABELS: org.opencontainers.image.created=2026-05-12T10:42:50.363Z
org.opencontainers.image.description=The Moby Project - a collaborative project for the container ecosystem to assemble container-based systems
org.opencontainers.image.licenses=Apache-2.0
org.opencontainers.image.revision=90deaa8fc011b6418ded1872439bd698920448d1
org.opencontainers.image.source=https://github.com/moby/moby
org.opencontainers.image.title=moby
org.opencontainers.image.url=https://github.com/moby/moby
org.opencontainers.image.version=master
2026-05-12T10:45:53.0239023Z   DOCKER_METADATA_OUTPUT_ANNOTATIONS: manifest:org.opencontainers.image.created=2026-05-12T10:42:50.363Z
manifest:org.opencontainers.image.description=The Moby Project - a collaborative project for the container ecosystem to assemble container-based systems
manifest:org.opencontainers.image.licenses=Apache-2.0
manifest:org.opencontainers.image.revision=90deaa8fc011b6418ded1872439bd698920448d1
manifest:org.opencontainers.image.source=https://github.com/moby/moby
manifest:org.opencontainers.image.title=moby
manifest:org.opencontainers.image.url=https://github.com/moby/moby
manifest:org.opencontainers.image.version=master
2026-05-12T10:45:53.0245710Z   DOCKER_METADATA_OUTPUT_JSON: {"tags":["moby/moby-bin:master"],"tag-names":["master"],"labels":{"org.opencontainers.image.created":"2026-05-12T10:42:50.363Z","org.opencontainers.image.description":"The Moby Project - a collaborative project for the container ecosystem to assemble container-based systems","org.opencontainers.image.licenses":"Apache-2.0","org.opencontainers.image.revision":"90deaa8fc011b6418ded1872439bd698920448d1","org.opencontainers.image.source":"https://github.com/moby/moby","org.opencontainers.image.title":"moby","org.opencontainers.image.url":"https://github.com/moby/moby","org.opencontainers.image.version":"master"},"annotations":["manifest:org.opencontainers.image.created=2026-05-12T10:42:50.363Z","manifest:org.opencontainers.image.description=The Moby Project - a collaborative project for the container ecosystem to assemble container-based systems","manifest:org.opencontainers.image.licenses=Apache-2.0","manifest:org.opencontainers.image.revision=90deaa8fc011b6418ded1872439bd698920448d1","manifest:org.opencontainers.image.source=https://github.com/moby/moby","manifest:org.opencontainers.image.title=moby","manifest:org.opencontainers.image.url=https://github.com/moby/moby","manifest:org.opencontainers.image.version=master"]}
2026-05-12T10:45:53.0250637Z   DOCKER_METADATA_OUTPUT_BAKE_FILE_TAGS: /home/runner/work/_temp/docker-actions-toolkit-h9s1KA/docker-metadata-action-bake-tags.json
2026-05-12T10:45:53.0251513Z   DOCKER_METADATA_OUTPUT_BAKE_FILE_LABELS: /home/runner/work/_temp/docker-actions-toolkit-h9s1KA/docker-metadata-action-bake-labels.json
2026-05-12T10:45:53.0252588Z   DOCKER_METADATA_OUTPUT_BAKE_FILE_ANNOTATIONS: /home/runner/work/_temp/docker-actions-toolkit-h9s1KA/docker-metadata-action-bake-annotations.json
2026-05-12T10:45:53.0253465Z   DOCKER_METADATA_OUTPUT_BAKE_FILE: /home/runner/work/_temp/docker-actions-toolkit-h9s1KA/docker-metadata-action-bake.json
2026-05-12T10:45:53.0254048Z   ACTIONS_RUNNER_ACTION_ARCHIVE_CACHE: /opt/actionarchivecache
2026-05-12T10:45:53.0254700Z   ACTIONS_RUNTIME_URL: https://pipelinesghubeus5.actions.githubusercontent.com/Y2huPMnV2RyiTvKoReSyXTCrcRyxUdSDRZYoZr0ONBvpl5e9Nu/
2026-05-12T10:45:53.0366232Z   ACTIONS_RUNTIME_TOKEN: ***
2026-05-12T10:45:53.0366770Z   ACTIONS_CACHE_URL: https://acghubeus1.actions.githubusercontent.com/Y2huPMnV2RyiTvKoReSyXTCrcRyxUdSDRZYoZr0ONBvpl5e9Nu/
2026-05-12T10:45:53.0367870Z   ACTIONS_ID_TOKEN_REQUEST_URL: https://run-actions-3-azure-eastus.actions.githubusercontent.com/212//idtoken/6ece794b-7360-4064-a12f-d4be2ad1c3b2/48ab6f15-732c-5a16-91ea-55e73eed7409?api-version=2.0
2026-05-12T10:45:53.0480565Z   ACTIONS_ID_TOKEN_REQUEST_TOKEN: ***
2026-05-12T10:45:53.0480959Z   ACTIONS_RESULTS_URL: https://results-receiver.actions.githubusercontent.com/
2026-05-12T10:45:53.0481345Z   ACTIONS_CACHE_SERVICE_V2: True
2026-05-12T10:45:53.0481759Z   ACTIONS_ORCHESTRATION_ID: 6ece794b-7360-4064-a12f-d4be2ad1c3b2.build.build._2_linux_arm_v7_ubuntu-24
2026-05-12T10:45:53.0482208Z   INPUT_TARGET: bin-image-cross
2026-05-12T10:45:53.0531071Z   INPUT_METADATA: {
  "bin-image-cross": {
    "buildx.build.provenance": {
      "builder": {
        "id": "https://github.com/moby/moby/actions/runs/25729270852/attempts/1"
      },
      "buildType": "https://mobyproject.org/buildkit@v1",
      "materials": [
        {
          "uri": "pkg:docker/docker/dockerfile@1",
          "digest": {
            "sha256": "2780b5c3bab67f1f76c781860de469442999ed1a0d7992a5efdf2cffc0e3d769"
          }
        },
        {
          "uri": "pkg:docker/busybox@latest?platform=linux%2Farm64",
          "digest": {
            "sha256": "1487d0af5f52b4ba31c7e465126ee2123fe3f2305d638e7827681e7cf6c83d5e"
          }
        },
        {
          "uri": "pkg:docker/golang@1.26.3-bookworm?platform=linux%2Farm64",
          "digest": {
            "sha256": "252599aeb51ad60b83e4d8821802068127c528c707cb7dd7afd93be057c6011c"
          }
        },
        {
          "uri": "pkg:docker/tonistiigi/xx@1.9.0?platform=linux%2Farm64",
          "digest": {
            "sha256": "c64defb9ed5a91eacb37f96ccc3d4cd72521c4bd18d5442905b95e2226b0e707"
          }
        },
        {
          "uri": "https://github.com/containerd/containerd.git#v2.2.3",
          "digest": {
            "sha1": "0c020f0ae8dc3496422d90784b8c58aa91abe09e"
          }
        },
        {
          "uri": "https://github.com/krallin/tini.git#v0.19.0",
          "digest": {
            "sha1": "de40ad007797e0dcd8b7126f27bb87401d224240"
          }
        },
        {
          "uri": "https://github.com/moby/moby.git#refs/heads/master",
          "digest": {
            "sha1": "90deaa8fc011b6418ded1872439bd698920448d1"
          }
        },
        {
          "uri": "https://github.com/opencontainers/runc.git#v1.3.5",
          "digest": {
            "sha1": "4db10680b270dfd505651cdfe21f412ff029c037"
          }
        },
        {
          "uri": "https://github.com/rootless-containers/rootlesskit.git#v3.0.0",
          "digest": {
            "sha1": "4058db2928d13f4db5c02341e8bc321cd7c7fc25"
          }
        },
        {
          "uri": "https://github.com/tc-hib/go-winres.git#v0.3.1",
          "digest": {
            "sha1": "680a280b748f922282c10e6cbc355e19742d45a9"
          }
        }
      ],
      "invocation": {
        "configSource": {
          "uri": "https://github.com/moby/moby.git#refs/heads/master",
          "digest": {
            "sha1": "90deaa8fc011b6418ded1872439bd698920448d1"
          },
          "entryPoint": "Dockerfile"
        },
        "parameters": {
          "frontend": "gateway.v0",
          "args": {
            "build-arg:BUILDKIT_CONTEXT_KEEP_GIT_DIR": "1",
            "build-arg:DEFAULT_PRODUCT_LICENSE": "",
            "build-arg:DOCKER_BUILDTAGS": "",
            "build-arg:DOCKER_DEBUG": "",
            "build-arg:DOCKER_GITCOMMIT": "90deaa8fc011b6418ded1872439bd698920448d1",
            "build-arg:DOCKER_LDFLAGS": "",
            "build-arg:DOCKER_META_IMAGES": "moby/moby-bin",
            "build-arg:DOCKER_META_VERSION": "master",
            "build-arg:DOCKER_STATIC": "1",
            "build-arg:PACKAGER_NAME": "The Moby Project",
            "build-arg:PLATFORM": "Moby Engine - Nightly",
            "build-arg:PRODUCT": "moby-bin",
            "build-arg:VERSION": "refs/heads/master",
            "cmdline": "docker/dockerfile:1",
            "source": "docker/dockerfile:1",
            "target": "all"
          },
          "secrets": [
            {
              "id": "GIT_AUTH_HEADER",
              "optional": true
            },
            {
              "id": "GIT_AUTH_TOKEN",
              "optional": true
            }
          ]
        },
        "environment": {
          "github_actor": "thaJeztah",
          "github_actor_id": "1804568",
          "github_event_name": "push",
          "github_event_payload": {
            "after": "90deaa8fc011b6418ded1872439bd698920448d1",
            "base_ref": null,
            "before": "cc511e685a40c59273de506a5f99ca35a9783632",
            "commits": [
              {
                "author": {
                  "email": "elezar@nvidia.com",
                  "name": "Evan Lezar",
                  "username": "elezar"
                },
                "committer": {
                  "email": "elezar@nvidia.com",
                  "name": "Evan Lezar",
                  "username": "elezar"
                },
                "distinct": false,
                "id": "704210f9e6d44af1501c7564c82a98653b059b7a",
                "message": "daemon: preserve CDI additional GIDs\n\nCDI injection runs from WithDevices and may append supplementary groups to process.user.additionalGids. Docker's WithUser option previously ran afterwards and replaced Process.User, dropping any CDI-provided groups.\n\nResolve the final container user before device injection so CDI edits append to that user, and add regression coverage for a CDI v0.7 spec that injects additionalGids.\n\nSigned-off-by: Evan Lezar <elezar@nvidia.com>",
                "timestamp": "2026-05-08T15:24:38+02:00",
                "tree_id": "8abf3d412602a304215d1fa9a6aa93519acfff02",
                "url": "https://github.com/moby/moby/commit/704210f9e6d44af1501c7564c82a98653b059b7a"
              },
              {
                "author": {
                  "email": "thaJeztah@users.noreply.github.com",
                  "name": "Sebastiaan van Stijn",
                  "username": "thaJeztah"
                },
                "committer": {
                  "email": "noreply@github.com",
                  "name": "GitHub",
                  "username": "web-flow"
                },
                "distinct": true,
                "id": "90deaa8fc011b6418ded1872439bd698920448d1",
                "message": "Merge pull request #52579 from elezar/fix-cdi-additional-gids\n\ndaemon: preserve CDI additional GIDs",
                "timestamp": "2026-05-12T12:41:05+02:00",
                "tree_id": "05b2b7f0261e30022a70aac32d13edd055e3fb05",
                "url": "https://github.com/moby/moby/commit/90deaa8fc011b6418ded1872439bd698920448d1"
              }
            ],
            "compare": "https://github.com/moby/moby/compare/cc511e685a40...90deaa8fc011",
            "created": false,
            "deleted": false,
            "enterprise": {
              "avatar_url": "https://avatars.githubusercontent.com/b/208541?v=4",
              "created_at": "2024-08-08T20:47:18Z",
              "description": "An open framework to assemble specialized container systems without reinventing the wheel.",
              "html_url": "https://github.com/enterprises/mobyproject",
              "id": 208541,
              "name": "Moby",
              "node_id": "E_kgDOAAMunQ",
              "slug": "mobyproject",
              "updated_at": "2026-04-29T17:28:08Z",
              "website_url": "https://mobyproject.org"
            },
            "forced": false,
            "head_commit": {
              "author": {
                "email": "thaJeztah@users.noreply.github.com",
                "name": "Sebastiaan van Stijn",
                "username": "thaJeztah"
              },
              "committer": {
                "email": "noreply@github.com",
                "name": "GitHub",
                "username": "web-flow"
              },
              "distinct": true,
              "id": "90deaa8fc011b6418ded1872439bd698920448d1",
              "message": "Merge pull request #52579 from elezar/fix-cdi-additional-gids\n\ndaemon: preserve CDI additional GIDs",
              "timestamp": "2026-05-12T12:41:05+02:00",
              "tree_id": "05b2b7f0261e30022a70aac32d13edd055e3fb05",
              "url": "https://github.com/moby/moby/commit/90deaa8fc011b6418ded1872439bd698920448d1"
            },
            "organization": {
              "avatar_url": "https://avatars.githubusercontent.com/u/27259197?v=4",
              "description": "An open framework to assemble specialized container systems without reinventing the wheel.",
              "events_url": "https://api.github.com/orgs/moby/events",
              "hooks_url": "https://api.github.com/orgs/moby/hooks",
              "id": 27259197,
              "issues_url": "https://api.github.com/orgs/moby/issues",
              "login": "moby",
              "members_url": "https://api.github.com/orgs/moby/members{/member}",
              "node_id": "MDEyOk9yZ2FuaXphdGlvbjI3MjU5MTk3",
              "public_members_url": "https://api.github.com/orgs/moby/public_members{/member}",
              "repos_url": "https://api.github.com/orgs/moby/repos",
              "url": "https://api.github.com/orgs/moby"
            },
            "pusher": {
              "email": "thaJeztah@users.noreply.github.com",
              "name": "thaJeztah"
            },
            "ref": "refs/heads/master",
            "repository": {
              "allow_forking": true,
              "archive_url": "https://api.github.com/repos/moby/moby/{archive_format}{/ref}",
              "archived": false,
              "assignees_url": "https://api.github.com/repos/moby/moby/assignees{/user}",
              "blobs_url": "https://api.github.com/repos/moby/moby/git/blobs{/sha}",
              "branches_url": "https://api.github.com/repos/moby/moby/branches{/branch}",
              "clone_url": "https://github.com/moby/moby.git",
              "collaborators_url": "https://api.github.com/repos/moby/moby/collaborators{/collaborator}",
              "comments_url": "https://api.github.com/repos/moby/moby/comments{/number}",
              "commits_url": "https://api.github.com/repos/moby/moby/commits{/sha}",
              "compare_url": "https://api.github.com/repos/moby/moby/compare/{base}...{head}",
              "contents_url": "https://api.github.com/repos/moby/moby/contents/{+path}",
              "contributors_url": "https://api.github.com/repos/moby/moby/contributors",
              "created_at": 1358532657,
              "custom_properties": {},
              "default_branch": "master",
              "deployments_url": "https://api.github.com/repos/moby/moby/deployments",
              "description": "The Moby Project - a collaborative project for the container ecosystem to assemble container-based systems",
              "disabled": false,
              "downloads_url": "https://api.github.com/repos/moby/moby/downloads",
              "events_url": "https://api.github.com/repos/moby/moby/events",
              "fork": false,
              "forks": 18949,
              "forks_count": 18949,
              "forks_url": "https://api.github.com/repos/moby/moby/forks",
              "full_name": "moby/moby",
              "git_commits_url": "https://api.github.com/repos/moby/moby/git/commits{/sha}",
              "git_refs_url": "https://api.github.com/repos/moby/moby/git/refs{/sha}",
              "git_tags_url": "https://api.github.com/repos/moby/moby/git/tags{/sha}",
              "git_url": "git://github.com/moby/moby.git",
              "has_discussions": true,
              "has_downloads": true,
              "has_issues": true,
              "has_pages": false,
              "has_projects": true,
              "has_pull_requests": true,
              "has_wiki": true,
              "homepage": "https://mobyproject.org/",
              "hooks_url": "https://api.github.com/repos/moby/moby/hooks",
              "html_url": "https://github.com/moby/moby",
              "id": 7691631,
              "is_template": false,
              "issue_comment_url": "https://api.github.com/repos/moby/moby/issues/comments{/number}",
              "issue_events_url": "https://api.github.com/repos/moby/moby/issues/events{/number}",
              "issues_url": "https://api.github.com/repos/moby/moby/issues{/number}",
              "keys_url": "https://api.github.com/repos/moby/moby/keys{/key_id}",
              "labels_url": "https://api.github.com/repos/moby/moby/labels{/name}",
              "language": "Go",
              "languages_url": "https://api.github.com/repos/moby/moby/languages",
              "license": {
                "key": "apache-2.0",
                "name": "Apache License 2.0",
                "node_id": "MDc6TGljZW5zZTI=",
                "spdx_id": "Apache-2.0",
                "url": "https://api.github.com/licenses/apache-2.0"
              },
              "master_branch": "master",
              "merges_url": "https://api.github.com/repos/moby/moby/merges",
              "milestones_url": "https://api.github.com/repos/moby/moby/milestones{/number}",
              "mirror_url": null,
              "name": "moby",
              "node_id": "MDEwOlJlcG9zaXRvcnk3NjkxNjMx",
              "notifications_url": "https://api.github.com/repos/moby/moby/notifications{?since,all,participating}",
              "open_issues": 3813,
              "open_issues_count": 3813,
              "organization": "moby",
              "owner": {
                "avatar_url": "https://avatars.githubusercontent.com/u/27259197?v=4",
                "email": null,
                "events_url": "https://api.github.com/users/moby/events{/privacy}",
                "followers_url": "https://api.github.com/users/moby/followers",
                "following_url": "https://api.github.com/users/moby/following{/other_user}",
                "gists_url": "https://api.github.com/users/moby/gists{/gist_id}",
                "gravatar_id": "",
                "html_url": "https://github.com/moby",
                "id": 27259197,
                "login": "moby",
                "name": "moby",
                "node_id": "MDEyOk9yZ2FuaXphdGlvbjI3MjU5MTk3",
                "organizations_url": "https://api.github.com/users/moby/orgs",
                "received_events_url": "https://api.github.com/users/moby/received_events",
                "repos_url": "https://api.github.com/users/moby/repos",
                "site_admin": false,
                "starred_url": "https://api.github.com/users/moby/starred{/owner}{/repo}",
                "subscriptions_url": "https://api.github.com/users/moby/subscriptions",
                "type": "Organization",
                "url": "https://api.github.com/users/moby",
                "user_view_type": "public"
              },
              "private": false,
              "pull_request_creation_policy": "all",
              "pulls_url": "https://api.github.com/repos/moby/moby/pulls{/number}",
              "pushed_at": 1778582466,
              "releases_url": "https://api.github.com/repos/moby/moby/releases{/id}",
              "size": 261290,
              "ssh_url": "git@github.com:moby/moby.git",
              "stargazers": 71548,
              "stargazers_count": 71548,
              "stargazers_url": "https://api.github.com/repos/moby/moby/stargazers",
              "statuses_url": "https://api.github.com/repos/moby/moby/statuses/{sha}",
              "subscribers_url": "https://api.github.com/repos/moby/moby/subscribers",
              "subscription_url": "https://api.github.com/repos/moby/moby/subscription",
              "svn_url": "https://github.com/moby/moby",
              "tags_url": "https://api.github.com/repos/moby/moby/tags",
              "teams_url": "https://api.github.com/repos/moby/moby/teams",
              "topics": [
                "containers",
                "docker",
                "go",
                "golang"
              ],
              "trees_url": "https://api.github.com/repos/moby/moby/git/trees{/sha}",
              "updated_at": "2026-05-12T05:35:46Z",
              "url": "https://api.github.com/repos/moby/moby",
              "visibility": "public",
              "watchers": 71548,
              "watchers_count": 71548,
              "web_commit_signoff_required": true
            },
            "sender": {
              "avatar_url": "https://avatars.githubusercontent.com/u/1804568?v=4",
              "events_url": "https://api.github.com/users/thaJeztah/events{/privacy}",
              "followers_url": "https://api.github.com/users/thaJeztah/followers",
              "following_url": "https://api.github.com/users/thaJeztah/following{/other_user}",
              "gists_url": "https://api.github.com/users/thaJeztah/gists{/gist_id}",
              "gravatar_id": "",
              "html_url": "https://github.com/thaJeztah",
              "id": 1804568,
              "login": "thaJeztah",
              "node_id": "MDQ6VXNlcjE4MDQ1Njg=",
              "organizations_url": "https://api.github.com/users/thaJeztah/orgs",
              "received_events_url": "https://api.github.com/users/thaJeztah/received_events",
              "repos_url": "https://api.github.com/users/thaJeztah/repos",
              "site_admin": false,
              "starred_url": "https://api.github.com/users/thaJeztah/starred{/owner}{/repo}",
              "subscriptions_url": "https://api.github.com/users/thaJeztah/subscriptions",
              "type": "User",
              "url": "https://api.github.com/users/thaJeztah",
              "user_view_type": "public"
            }
          },
          "github_job": "build",
          "github_ref": "refs/heads/master",
          "github_ref_name": "master",
          "github_ref_protected": "true",
          "github_ref_type": "branch",
          "github_repository": "moby/moby",
          "github_repository_id": "7691631",
          "github_repository_owner": "moby",
          "github_repository_owner_id": "27259197",
          "github_run_attempt": "1",
          "github_run_id": "25729270852",
          "github_run_number": "19070",
          "github_runner_arch": "ARM64",
          "github_runner_environment": "github-hosted",
          "github_runner_image_os": "ubuntu24",
          "github_runner_image_version": "20260318.59.1",
          "github_runner_name": "GitHub Actions 1001402338",
          "github_runner_os": "Linux",
          "github_runner_tracking_id": "github_35b1e424-4ceb-4438-ad68-77036c0e5abe",
          "github_server_url": "https://github.com",
          "github_triggering_actor": "thaJeztah",
          "github_workflow": "bin-image",
          "github_workflow_ref": "moby/moby/.github/workflows/bin-image.yml@refs/heads/master",
          "github_workflow_sha": "90deaa8fc011b6418ded1872439bd698920448d1",
          "platform": "linux/arm64"
        }
      }
    },
    "buildx.build.ref": "builder-e6ed23ce-b3ea-486e-91bb-4fa9b8146019/builder-e6ed23ce-b3ea-486e-91bb-4fa9b81460190/m51mdv45mf38uxwwqlgk6751y",
    "containerimage.descriptor": {
      "mediaType": "application/vnd.oci.image.index.v1+json",
      "digest": "sha256:3488f50c25cb60b9c07433908668e11db7a1720db7d5066227dd7bb899b97627",
      "size": 879
    },
    "containerimage.digest": "sha256:3488f50c25cb60b9c07433908668e11db7a1720db7d5066227dd7bb899b97627",
    "image.name": "moby/moby-bin"
  }
}
2026-05-12T10:45:53.0579892Z ##[endgroup]
2026-05-12T10:45:53.1384416Z sha256:3488f50c25cb60b9c07433908668e11db7a1720db7d5066227dd7bb899b97627
2026-05-12T10:45:53.1489367Z ##[group]Run docker/login-action@4907a6ddec9925e35a0a9e82d7399ccc52663121
2026-05-12T10:45:53.1489739Z with:
2026-05-12T10:45:53.1490476Z   registry-auth: ***

2026-05-12T10:45:53.1490676Z   logout: true
2026-05-12T10:45:53.1490832Z env:
2026-05-12T10:45:53.1490987Z   BUILDX_VERSION: v0.33.0
2026-05-12T10:45:53.1491196Z   BUILDKIT_IMAGE: moby/buildkit:v0.29.0
2026-05-12T10:45:53.1491466Z   SBOM_IMAGE: docker/buildkit-syft-scanner:1.11.0
2026-05-12T10:45:53.1491761Z   BINFMT_IMAGE: tonistiigi/binfmt:qemu-v10.2.1-65
2026-05-12T10:45:53.1492095Z   DOCKER_ACTIONS_TOOLKIT_MODULE: @docker/actions-toolkit@0.89.1
2026-05-12T10:45:53.1492396Z   COSIGN_VERSION: v3.0.6
2026-05-12T10:45:53.1492606Z   LOCAL_EXPORT_DIR: /tmp/buildx-output
2026-05-12T10:45:53.1492837Z   MATRIX_SIZE_LIMIT: 20
2026-05-12T10:45:53.1493035Z   BUILDX_SEND_GIT_QUERY_AS_INPUT: true
2026-05-12T10:45:53.1493270Z   NPM_CONFIG_FETCH_RETRIES: 5
2026-05-12T10:45:53.1493493Z   DOCKER_METADATA_OUTPUT_VERSION: master
2026-05-12T10:45:53.1493811Z   DOCKER_METADATA_OUTPUT_TAGS: moby/moby-bin:master
2026-05-12T10:45:53.1494098Z   DOCKER_METADATA_OUTPUT_TAG_NAMES: master
2026-05-12T10:45:53.1496107Z   DOCKER_METADATA_OUTPUT_LABELS: org.opencontainers.image.created=2026-05-12T10:42:50.363Z
org.opencontainers.image.description=The Moby Project - a collaborative project for the container ecosystem to assemble container-based systems
org.opencontainers.image.licenses=Apache-2.0
org.opencontainers.image.revision=90deaa8fc011b6418ded1872439bd698920448d1
org.opencontainers.image.source=https://github.com/moby/moby
org.opencontainers.image.title=moby
org.opencontainers.image.url=https://github.com/moby/moby
org.opencontainers.image.version=master
2026-05-12T10:45:53.1500402Z   DOCKER_METADATA_OUTPUT_ANNOTATIONS: manifest:org.opencontainers.image.created=2026-05-12T10:42:50.363Z
manifest:org.opencontainers.image.description=The Moby Project - a collaborative project for the container ecosystem to assemble container-based systems
manifest:org.opencontainers.image.licenses=Apache-2.0
manifest:org.opencontainers.image.revision=90deaa8fc011b6418ded1872439bd698920448d1
manifest:org.opencontainers.image.source=https://github.com/moby/moby
manifest:org.opencontainers.image.title=moby
manifest:org.opencontainers.image.url=https://github.com/moby/moby
manifest:org.opencontainers.image.version=master
2026-05-12T10:45:53.1506747Z   DOCKER_METADATA_OUTPUT_JSON: {"tags":["moby/moby-bin:master"],"tag-names":["master"],"labels":{"org.opencontainers.image.created":"2026-05-12T10:42:50.363Z","org.opencontainers.image.description":"The Moby Project - a collaborative project for the container ecosystem to assemble container-based systems","org.opencontainers.image.licenses":"Apache-2.0","org.opencontainers.image.revision":"90deaa8fc011b6418ded1872439bd698920448d1","org.opencontainers.image.source":"https://github.com/moby/moby","org.opencontainers.image.title":"moby","org.opencontainers.image.url":"https://github.com/moby/moby","org.opencontainers.image.version":"master"},"annotations":["manifest:org.opencontainers.image.created=2026-05-12T10:42:50.363Z","manifest:org.opencontainers.image.description=The Moby Project - a collaborative project for the container ecosystem to assemble container-based systems","manifest:org.opencontainers.image.licenses=Apache-2.0","manifest:org.opencontainers.image.revision=90deaa8fc011b6418ded1872439bd698920448d1","manifest:org.opencontainers.image.source=https://github.com/moby/moby","manifest:org.opencontainers.image.title=moby","manifest:org.opencontainers.image.url=https://github.com/moby/moby","manifest:org.opencontainers.image.version=master"]}
2026-05-12T10:45:53.1511585Z   DOCKER_METADATA_OUTPUT_BAKE_FILE_TAGS: /home/runner/work/_temp/docker-actions-toolkit-h9s1KA/docker-metadata-action-bake-tags.json
2026-05-12T10:45:53.1512455Z   DOCKER_METADATA_OUTPUT_BAKE_FILE_LABELS: /home/runner/work/_temp/docker-actions-toolkit-h9s1KA/docker-metadata-action-bake-labels.json
2026-05-12T10:45:53.1513835Z   DOCKER_METADATA_OUTPUT_BAKE_FILE_ANNOTATIONS: /home/runner/work/_temp/docker-actions-toolkit-h9s1KA/docker-metadata-action-bake-annotations.json
2026-05-12T10:45:53.1514726Z   DOCKER_METADATA_OUTPUT_BAKE_FILE: /home/runner/work/_temp/docker-actions-toolkit-h9s1KA/docker-metadata-action-bake.json
2026-05-12T10:45:53.1515311Z   ACTIONS_RUNNER_ACTION_ARCHIVE_CACHE: /opt/actionarchivecache
2026-05-12T10:45:53.1515967Z   ACTIONS_RUNTIME_URL: https://pipelinesghubeus5.actions.githubusercontent.com/Y2huPMnV2RyiTvKoReSyXTCrcRyxUdSDRZYoZr0ONBvpl5e9Nu/
2026-05-12T10:45:53.1633235Z   ACTIONS_RUNTIME_TOKEN: ***
2026-05-12T10:45:53.1633773Z   ACTIONS_CACHE_URL: https://acghubeus1.actions.githubusercontent.com/Y2huPMnV2RyiTvKoReSyXTCrcRyxUdSDRZYoZr0ONBvpl5e9Nu/
2026-05-12T10:45:53.1634872Z   ACTIONS_ID_TOKEN_REQUEST_URL: https://run-actions-3-azure-eastus.actions.githubusercontent.com/212//idtoken/6ece794b-7360-4064-a12f-d4be2ad1c3b2/48ab6f15-732c-5a16-91ea-55e73eed7409?api-version=2.0
2026-05-12T10:45:53.1752195Z   ACTIONS_ID_TOKEN_REQUEST_TOKEN: ***
2026-05-12T10:45:53.1752603Z   ACTIONS_RESULTS_URL: https://results-receiver.actions.githubusercontent.com/
2026-05-12T10:45:53.1752997Z   ACTIONS_CACHE_SERVICE_V2: True
2026-05-12T10:45:53.1753414Z   ACTIONS_ORCHESTRATION_ID: 6ece794b-7360-4064-a12f-d4be2ad1c3b2.build.build._2_linux_arm_v7_ubuntu-24
2026-05-12T10:45:53.1753866Z   DOCKER_LOGIN_SCOPE_DISABLED: true
2026-05-12T10:45:53.1754083Z ##[endgroup]
2026-05-12T10:45:53.3137583Z Logging into docker.io...
2026-05-12T10:45:53.8001670Z Login Succeeded!
2026-05-12T10:45:53.8122561Z ##[group]Run actions/github-script@3a2844b7e9c422d3c10d287c895573f7108da1b3
2026-05-12T10:45:53.8122941Z with:
2026-05-12T10:45:53.8126117Z   script: const { Sigstore } = require('@docker/actions-toolkit/lib/sigstore/sigstore');

const inpImageNames = core.getMultilineInput('image-names');
const inpImageDigest = core.getInput('image-digest');

const sigstore = new Sigstore();
const signResults = await sigstore.signAttestationManifests({
  imageNames: inpImageNames,
  imageDigest: inpImageDigest,
  retryOnManifestUnknown: true
});

const verifyResults = await sigstore.verifySignedManifests(signResults, {
  certificateIdentityRegexp: `^https://github.com/docker/github-builder/.github/workflows/bake.yml.*$`,
  retryOnManifestUnknown: true
});

await core.group(`Verify commands`, async () => {
  const verifyCommands = [];
  for (const [attestationRef, verifyResult] of Object.entries(verifyResults)) {
    const cmd = `cosign ${verifyResult.cosignArgs.join(' ')} ${attestationRef}`;
    core.info(cmd);
    verifyCommands.push(cmd);
  }
  core.setOutput('verify-commands', verifyCommands.join('\n'));
});

2026-05-12T10:45:53.8129478Z   github-token: ***
2026-05-12T10:45:53.8129652Z   debug: false
2026-05-12T10:45:53.8129830Z   user-agent: actions/github-script
2026-05-12T10:45:53.8130377Z   result-encoding: json
2026-05-12T10:45:53.8130565Z   retries: 0
2026-05-12T10:45:53.8130758Z   retry-exempt-status-codes: 400,401,403,404,422
2026-05-12T10:45:53.8131006Z env:
2026-05-12T10:45:53.8131171Z   BUILDX_VERSION: v0.33.0
2026-05-12T10:45:53.8131380Z   BUILDKIT_IMAGE: moby/buildkit:v0.29.0
2026-05-12T10:45:53.8131646Z   SBOM_IMAGE: docker/buildkit-syft-scanner:1.11.0
2026-05-12T10:45:53.8131942Z   BINFMT_IMAGE: tonistiigi/binfmt:qemu-v10.2.1-65
2026-05-12T10:45:53.8132275Z   DOCKER_ACTIONS_TOOLKIT_MODULE: @docker/actions-toolkit@0.89.1
2026-05-12T10:45:53.8132579Z   COSIGN_VERSION: v3.0.6
2026-05-12T10:45:53.8132782Z   LOCAL_EXPORT_DIR: /tmp/buildx-output
2026-05-12T10:45:53.8133020Z   MATRIX_SIZE_LIMIT: 20
2026-05-12T10:45:53.8133222Z   BUILDX_SEND_GIT_QUERY_AS_INPUT: true
2026-05-12T10:45:53.8133459Z   NPM_CONFIG_FETCH_RETRIES: 5
2026-05-12T10:45:53.8133685Z   DOCKER_METADATA_OUTPUT_VERSION: master
2026-05-12T10:45:53.8133959Z   DOCKER_METADATA_OUTPUT_TAGS: moby/moby-bin:master
2026-05-12T10:45:53.8134241Z   DOCKER_METADATA_OUTPUT_TAG_NAMES: master
2026-05-12T10:45:53.8136236Z   DOCKER_METADATA_OUTPUT_LABELS: org.opencontainers.image.created=2026-05-12T10:42:50.363Z
org.opencontainers.image.description=The Moby Project - a collaborative project for the container ecosystem to assemble container-based systems
org.opencontainers.image.licenses=Apache-2.0
org.opencontainers.image.revision=90deaa8fc011b6418ded1872439bd698920448d1
org.opencontainers.image.source=https://github.com/moby/moby
org.opencontainers.image.title=moby
org.opencontainers.image.url=https://github.com/moby/moby
org.opencontainers.image.version=master
2026-05-12T10:45:53.8140944Z   DOCKER_METADATA_OUTPUT_ANNOTATIONS: manifest:org.opencontainers.image.created=2026-05-12T10:42:50.363Z
manifest:org.opencontainers.image.description=The Moby Project - a collaborative project for the container ecosystem to assemble container-based systems
manifest:org.opencontainers.image.licenses=Apache-2.0
manifest:org.opencontainers.image.revision=90deaa8fc011b6418ded1872439bd698920448d1
manifest:org.opencontainers.image.source=https://github.com/moby/moby
manifest:org.opencontainers.image.title=moby
manifest:org.opencontainers.image.url=https://github.com/moby/moby
manifest:org.opencontainers.image.version=master
2026-05-12T10:45:53.8147495Z   DOCKER_METADATA_OUTPUT_JSON: {"tags":["moby/moby-bin:master"],"tag-names":["master"],"labels":{"org.opencontainers.image.created":"2026-05-12T10:42:50.363Z","org.opencontainers.image.description":"The Moby Project - a collaborative project for the container ecosystem to assemble container-based systems","org.opencontainers.image.licenses":"Apache-2.0","org.opencontainers.image.revision":"90deaa8fc011b6418ded1872439bd698920448d1","org.opencontainers.image.source":"https://github.com/moby/moby","org.opencontainers.image.title":"moby","org.opencontainers.image.url":"https://github.com/moby/moby","org.opencontainers.image.version":"master"},"annotations":["manifest:org.opencontainers.image.created=2026-05-12T10:42:50.363Z","manifest:org.opencontainers.image.description=The Moby Project - a collaborative project for the container ecosystem to assemble container-based systems","manifest:org.opencontainers.image.licenses=Apache-2.0","manifest:org.opencontainers.image.revision=90deaa8fc011b6418ded1872439bd698920448d1","manifest:org.opencontainers.image.source=https://github.com/moby/moby","manifest:org.opencontainers.image.title=moby","manifest:org.opencontainers.image.url=https://github.com/moby/moby","manifest:org.opencontainers.image.version=master"]}
2026-05-12T10:45:53.8152433Z   DOCKER_METADATA_OUTPUT_BAKE_FILE_TAGS: /home/runner/work/_temp/docker-actions-toolkit-h9s1KA/docker-metadata-action-bake-tags.json
2026-05-12T10:45:53.8153313Z   DOCKER_METADATA_OUTPUT_BAKE_FILE_LABELS: /home/runner/work/_temp/docker-actions-toolkit-h9s1KA/docker-metadata-action-bake-labels.json
2026-05-12T10:45:53.8154241Z   DOCKER_METADATA_OUTPUT_BAKE_FILE_ANNOTATIONS: /home/runner/work/_temp/docker-actions-toolkit-h9s1KA/docker-metadata-action-bake-annotations.json
2026-05-12T10:45:53.8155118Z   DOCKER_METADATA_OUTPUT_BAKE_FILE: /home/runner/work/_temp/docker-actions-toolkit-h9s1KA/docker-metadata-action-bake.json
2026-05-12T10:45:53.8155708Z   ACTIONS_RUNNER_ACTION_ARCHIVE_CACHE: /opt/actionarchivecache
2026-05-12T10:45:53.8156359Z   ACTIONS_RUNTIME_URL: https://pipelinesghubeus5.actions.githubusercontent.com/Y2huPMnV2RyiTvKoReSyXTCrcRyxUdSDRZYoZr0ONBvpl5e9Nu/
2026-05-12T10:45:53.8273544Z   ACTIONS_RUNTIME_TOKEN: ***
2026-05-12T10:45:53.8274077Z   ACTIONS_CACHE_URL: https://acghubeus1.actions.githubusercontent.com/Y2huPMnV2RyiTvKoReSyXTCrcRyxUdSDRZYoZr0ONBvpl5e9Nu/
2026-05-12T10:45:53.8275192Z   ACTIONS_ID_TOKEN_REQUEST_URL: https://run-actions-3-azure-eastus.actions.githubusercontent.com/212//idtoken/6ece794b-7360-4064-a12f-d4be2ad1c3b2/48ab6f15-732c-5a16-91ea-55e73eed7409?api-version=2.0
2026-05-12T10:45:53.8392476Z   ACTIONS_ID_TOKEN_REQUEST_TOKEN: ***
2026-05-12T10:45:53.8392864Z   ACTIONS_RESULTS_URL: https://results-receiver.actions.githubusercontent.com/
2026-05-12T10:45:53.8393247Z   ACTIONS_CACHE_SERVICE_V2: True
2026-05-12T10:45:53.8393665Z   ACTIONS_ORCHESTRATION_ID: 6ece794b-7360-4064-a12f-d4be2ad1c3b2.build.build._2_linux_arm_v7_ubuntu-24
2026-05-12T10:45:53.8394439Z   INPUT_IMAGE-NAMES: moby/moby-bin
2026-05-12T10:45:53.8394828Z   INPUT_IMAGE-DIGEST: sha256:3488f50c25cb60b9c07433908668e11db7a1720db7d5066227dd7bb899b97627
2026-05-12T10:45:53.8395225Z ##[endgroup]
2026-05-12T10:45:54.2894380Z Upload to transparency log: enabled
2026-05-12T10:45:54.2894755Z Using Sigstore signing endpoint: https://fulcio.sigstore.dev
2026-05-12T10:45:54.3124882Z ##[group]Creating Sigstore protobuf signing config
2026-05-12T10:45:54.3150031Z [command]/home/runner/work/_temp/docker-actions-toolkit-TuKa0i/cosign-bin/cosign signing-config create --with-default-services=true --out=/home/runner/work/_temp/docker-actions-toolkit-hvM7u6/signing-config-P0fsCl.json
2026-05-12T10:45:54.5480565Z {
2026-05-12T10:45:54.5480947Z   "mediaType": "application/vnd.dev.sigstore.signingconfig.v0.2+json",
2026-05-12T10:45:54.5481284Z   "caUrls": [
2026-05-12T10:45:54.5481440Z     {
2026-05-12T10:45:54.5481625Z       "url": "https://fulcio.sigstore.dev",
2026-05-12T10:45:54.5481907Z       "majorApiVersion": 1,
2026-05-12T10:45:54.5482105Z       "validFor": {
2026-05-12T10:45:54.5482287Z         "start": "2022-04-13T20:06:15Z"
2026-05-12T10:45:54.5482499Z       },
2026-05-12T10:45:54.5482661Z       "operator": "sigstore.dev"
2026-05-12T10:45:54.5482858Z     }
2026-05-12T10:45:54.5482993Z   ],
2026-05-12T10:45:54.5483133Z   "oidcUrls": [
2026-05-12T10:45:54.5483284Z     {
2026-05-12T10:45:54.5483498Z       "url": "https://oauth2.sigstore.dev/auth",
2026-05-12T10:45:54.5484101Z       "majorApiVersion": 1,
2026-05-12T10:45:54.5484323Z       "validFor": {
2026-05-12T10:45:54.5484503Z         "start": "2022-04-13T20:06:15Z"
2026-05-12T10:45:54.5484712Z       },
2026-05-12T10:45:54.5484874Z       "operator": "sigstore.dev"
2026-05-12T10:45:54.5485073Z     }
2026-05-12T10:45:54.5485210Z   ],
2026-05-12T10:45:54.5485356Z   "rekorTlogUrls": [
2026-05-12T10:45:54.5485527Z     {
2026-05-12T10:45:54.5485729Z       "url": "https://rekor.sigstore.dev",
2026-05-12T10:45:54.5485986Z       "majorApiVersion": 1,
2026-05-12T10:45:54.5486175Z       "validFor": {
2026-05-12T10:45:54.5486351Z         "start": "2021-01-12T11:53:27Z"
2026-05-12T10:45:54.5486562Z       },
2026-05-12T10:45:54.5486723Z       "operator": "sigstore.dev"
2026-05-12T10:45:54.5486922Z     }
2026-05-12T10:45:54.5487057Z   ],
2026-05-12T10:45:54.5487203Z   "rekorTlogConfig": {
2026-05-12T10:45:54.5487386Z     "selector": "ANY"
2026-05-12T10:45:54.5487558Z   },
2026-05-12T10:45:54.5487699Z   "tsaUrls": [
2026-05-12T10:45:54.5487849Z     {
2026-05-12T10:45:54.5488076Z       "url": "https://timestamp.sigstore.dev/api/v1/timestamp",
2026-05-12T10:45:54.5488378Z       "majorApiVersion": 1,
2026-05-12T10:45:54.5488572Z       "validFor": {
2026-05-12T10:45:54.5488745Z         "start": "2025-07-04T00:00:00Z"
2026-05-12T10:45:54.5488952Z       },
2026-05-12T10:45:54.5489112Z       "operator": "sigstore.dev"
2026-05-12T10:45:54.5489312Z     }
2026-05-12T10:45:54.5489446Z   ],
2026-05-12T10:45:54.5489591Z   "tsaConfig": {
2026-05-12T10:45:54.5489767Z     "selector": "ANY"
2026-05-12T10:45:54.5489935Z   }
2026-05-12T10:45:54.5490336Z }
2026-05-12T10:45:54.5490728Z ##[endgroup]
2026-05-12T10:45:55.6974809Z ##[group]Signing attestation manifest moby/moby-bin@sha256:d7d7a1c7721b39e846accb66e33371ad97748e644cea946266f51deb78ddd4aa
2026-05-12T10:45:55.6976304Z [command]cosign sign --yes --oidc-provider github-actions --registry-referrers-mode oci-1-1 --new-bundle-format --signing-config=/home/runner/work/_temp/docker-actions-toolkit-hvM7u6/signing-config-P0fsCl.json moby/moby-bin@sha256:d7d7a1c7721b39e846accb66e33371ad97748e644cea946266f51deb78ddd4aa
2026-05-12T10:46:26.9007793Z ##[endgroup]
2026-05-12T10:46:26.9037238Z Error: Signing BuildKit attestation manifests failed: Cosign sign command failed with errors:
2026-05-12T10:46:26.9037726Z - [UNAUTHORIZED] authentication required : null
2026-05-12T10:46:26.9038359Z     at Sigstore.signAttestationManifests (file:///home/runner/work/moby/moby/node_modules/@docker/actions-toolkit/lib/sigstore/sigstore.js:134:19)
2026-05-12T10:46:26.9039586Z     at process.processTicksAndRejections (node:internal/process/task_queues:104:5)
2026-05-12T10:46:26.9040579Z     at async eval (eval at callAsyncFunction (/home/runner/work/_actions/actions/github-script/3a2844b7e9c422d3c10d287c895573f7108da1b3/dist/index.js:64949:16), <anonymous>:9:21)
2026-05-12T10:46:26.9041576Z     at async main (/home/runner/work/_actions/actions/github-script/3a2844b7e9c422d3c10d287c895573f7108da1b3/dist/index.js:65100:20)
2026-05-12T10:46:26.9062519Z ##[error]Unhandled error: Error: Signing BuildKit attestation manifests failed: Cosign sign command failed with errors:
- [UNAUTHORIZED] authentication required : null
2026-05-12T10:46:26.9236597Z Post job cleanup.
2026-05-12T10:46:27.0621303Z ##[group]Logout from docker.io
2026-05-12T10:46:27.0656064Z [command]/usr/bin/docker logout docker.io
2026-05-12T10:46:27.0779917Z Removing login credentials for docker.io
2026-05-12T10:46:27.0808093Z ##[endgroup]
2026-05-12T10:46:27.0808440Z ##[group]Post cache
2026-05-12T10:46:27.0808980Z State not set
2026-05-12T10:46:27.0809501Z ##[endgroup]
2026-05-12T10:46:27.0927118Z Post job cleanup.
2026-05-12T10:46:27.2932964Z ##[group]Generating build summary
2026-05-12T10:46:27.3499098Z exporting build record to /home/runner/work/_temp/docker-actions-toolkit-xfbTTk/export
2026-05-12T10:46:27.4771308Z [command]/usr/bin/docker buildx history export --builder builder-e6ed23ce-b3ea-486e-91bb-4fa9b8146019 --output /home/runner/work/_temp/docker-actions-toolkit-xfbTTk/export/moby~moby~M51MDV.dockerbuild m51mdv45mf38uxwwqlgk6751y --finalize
2026-05-12T10:46:27.7053611Z Build records written to /home/runner/work/_temp/docker-actions-toolkit-xfbTTk/export/moby~moby~M51MDV.dockerbuild (110.75 KB)
2026-05-12T10:46:27.7054314Z Uploading moby~moby~M51MDV.dockerbuild as an artifact
2026-05-12T10:46:27.7057959Z Artifact name is valid!
2026-05-12T10:46:27.7058516Z Root directory input is valid!
2026-05-12T10:46:27.9953835Z Uploading artifact: moby~moby~M51MDV.dockerbuild
2026-05-12T10:46:27.9983448Z Beginning upload of artifact content to blob storage
2026-05-12T10:46:28.4285781Z Uploaded bytes 113412
2026-05-12T10:46:28.4964459Z Finished uploading artifact content to blob storage!
2026-05-12T10:46:28.4965138Z SHA256 digest of uploaded artifact is 5d51af3979e30b746012de3a4907526ad1dfb3978e2b52bb80ec17cbe07aa2e6
2026-05-12T10:46:28.4965615Z Finalizing artifact upload
2026-05-12T10:46:28.7725352Z Artifact moby~moby~M51MDV.dockerbuild successfully finalized. Artifact ID 6942053241
2026-05-12T10:46:28.7726537Z Artifact download URL: https://github.com/moby/moby/actions/runs/25729270852/artifacts/6942053241
2026-05-12T10:46:28.7749393Z Writing summary
2026-05-12T10:46:28.7761280Z ##[endgroup]
2026-05-12T10:46:28.7761738Z ##[group]Removing temp folder /home/runner/work/_temp/docker-actions-toolkit-q7lmtH
2026-05-12T10:46:28.7763421Z ##[endgroup]
2026-05-12T10:46:28.7763713Z ##[group]Post cache
2026-05-12T10:46:28.7764411Z State not set
2026-05-12T10:46:28.7764706Z ##[endgroup]
2026-05-12T10:46:28.7919753Z Post job cleanup.
2026-05-12T10:46:28.9293847Z ##[group]Logout from docker.io
2026-05-12T10:46:28.9327264Z [command]/usr/bin/docker logout docker.io
2026-05-12T10:46:28.9453574Z Removing login credentials for docker.io
2026-05-12T10:46:28.9475729Z ##[endgroup]
2026-05-12T10:46:28.9476059Z ##[group]Post cache
2026-05-12T10:46:28.9476246Z State not set
2026-05-12T10:46:28.9476531Z ##[endgroup]
2026-05-12T10:46:28.9597669Z Post job cleanup.
2026-05-12T10:46:29.1273235Z ##[group]BuildKit container logs
2026-05-12T10:46:29.1309291Z [command]/usr/bin/docker logs buildx_buildkit_builder-e6ed23ce-b3ea-486e-91bb-4fa9b81460190
2026-05-12T10:46:29.1458849Z time="2026-05-12T10:43:06Z" level=info msg="auto snapshotter: using overlayfs"
2026-05-12T10:46:29.1460750Z time="2026-05-12T10:43:06Z" level=warning msg="using host network as the default"
2026-05-12T10:46:29.1463066Z time="2026-05-12T10:43:06Z" level=info msg="found worker \"zs40katta71d12hebk7ypazqa\", labels=map[org.mobyproject.buildkit.worker.executor:oci org.mobyproject.buildkit.worker.hostname:7340aea6c060 org.mobyproject.buildkit.worker.network:host org.mobyproject.buildkit.worker.oci.process-mode:sandbox org.mobyproject.buildkit.worker.selinux.enabled:false org.mobyproject.buildkit.worker.snapshotter:overlayfs], platforms=[linux/arm64 linux/amd64 linux/amd64/v2 linux/riscv64 linux/ppc64le linux/s390x linux/386 linux/mips64le linux/mips64 linux/loong64 linux/arm/v7 linux/arm/v6]"
2026-05-12T10:46:29.1465907Z time="2026-05-12T10:43:07Z" level=warning msg="skipping containerd worker, as \"/run/containerd/containerd.sock\" does not exist"
2026-05-12T10:46:29.1466586Z time="2026-05-12T10:43:07Z" level=info msg="found 1 workers, default=\"zs40katta71d12hebk7ypazqa\""
2026-05-12T10:46:29.1467149Z time="2026-05-12T10:43:07Z" level=warning msg="currently, only the default worker can be used."
2026-05-12T10:46:29.1467686Z time="2026-05-12T10:43:07Z" level=info msg="running server on /run/buildkit/buildkitd.sock"
2026-05-12T10:46:29.1468323Z time="2026-05-12T10:43:13Z" level=debug msg="session started" spanID=44ab6f56e6e6a96d traceID=a45de98139fa7f77e48ff6cecfd4f8ae
2026-05-12T10:46:29.1469099Z time="2026-05-12T10:43:19Z" level=debug msg="session finished: <nil>" spanID=44ab6f56e6e6a96d traceID=a45de98139fa7f77e48ff6cecfd4f8ae
2026-05-12T10:46:29.1469866Z time="2026-05-12T10:43:19Z" level=debug msg="session started" spanID=eff2b1fa3bbe4657 traceID=1e43825b4d9d7c31964f916ce5fd70b6
2026-05-12T10:46:29.1471305Z time="2026-05-12T10:43:20Z" level=debug msg="load cache for [internal] load git source https://github.com/moby/moby.git?ref=refs/heads/master&checksum=90deaa8fc011b6418ded1872439bd698920448d1 with zs40katta71d12hebk7ypazqa::d1nbcbtl4hdclnkvhevbnzytq"
2026-05-12T10:46:29.1472517Z time="2026-05-12T10:43:20Z" level=debug msg="session finished: <nil>" spanID=eff2b1fa3bbe4657 traceID=1e43825b4d9d7c31964f916ce5fd70b6
2026-05-12T10:46:29.1476654Z time="2026-05-12T10:43:20Z" level=debug msg="session started" spanID=434af080a0d51f7b traceID=1d7ad35139f409e03f9dd784ad54bc8d
2026-05-12T10:46:29.1483169Z time="2026-05-12T10:43:20Z" level=debug msg="load cache for [internal] load git source https://github.com/moby/moby.git?ref=refs/heads/master&checksum=90deaa8fc011b6418ded1872439bd698920448d1 with zs40katta71d12hebk7ypazqa::d1nbcbtl4hdclnkvhevbnzytq"
2026-05-12T10:46:29.1484514Z time="2026-05-12T10:43:20Z" level=debug msg="session finished: <nil>" spanID=434af080a0d51f7b traceID=1d7ad35139f409e03f9dd784ad54bc8d
2026-05-12T10:46:29.1485301Z time="2026-05-12T10:43:20Z" level=debug msg="session started" spanID=a3882fb0637a56ba traceID=1d7ad35139f409e03f9dd784ad54bc8d
2026-05-12T10:46:29.1486076Z time="2026-05-12T10:43:20Z" level=debug msg="session finished: <nil>" spanID=a3882fb0637a56ba traceID=1d7ad35139f409e03f9dd784ad54bc8d
2026-05-12T10:46:29.1486842Z time="2026-05-12T10:43:20Z" level=debug msg="session started" spanID=a5a501b4dee5adfe traceID=a4a7312f399c9151b6f687705e626639
2026-05-12T10:46:29.1488013Z time="2026-05-12T10:43:23Z" level=error msg="/moby.buildkit.v1.frontend.LLBBridge/StatFile returned error: rpc error: code = Unknown desc = lstat Dockerfile.rego: no such file or directory" spanID=dc22bdbe3737c984 traceID=1d7ad35139f409e03f9dd784ad54bc8d
2026-05-12T10:46:29.1488973Z lstat Dockerfile.rego: no such file or directory
2026-05-12T10:46:29.1489495Z 7 v0.29.0 /usr/bin/buildkitd --config /etc/buildkit/buildkitd.toml --debug --allow-insecure-entitlement=network.host
2026-05-12T10:46:29.1490473Z github.com/tonistiigi/fsutil.Stat
2026-05-12T10:46:29.1490781Z 	/src/vendor/github.com/tonistiigi/fsutil/stat.go:61
2026-05-12T10:46:29.1491087Z github.com/moby/buildkit/cache/util.StatFile
2026-05-12T10:46:29.1491348Z 	/src/cache/util/fsutil.go:99
2026-05-12T10:46:29.1491671Z github.com/moby/buildkit/frontend/gateway.(*llbBridgeForwarder).StatFile
2026-05-12T10:46:29.1492042Z 	/src/frontend/gateway/gateway.go:986
2026-05-12T10:46:29.1492378Z github.com/moby/buildkit/control/gateway.(*GatewayForwarder).StatFile
2026-05-12T10:46:29.1492725Z 	/src/control/gateway/gateway.go:172
2026-05-12T10:46:29.1493254Z github.com/moby/buildkit/frontend/gateway/pb._LLBBridge_StatFile_Handler.func1
2026-05-12T10:46:29.1493659Z 	/src/frontend/gateway/pb/gateway_grpc.pb.go:469
2026-05-12T10:46:29.1493969Z google.golang.org/grpc.getChainUnaryHandler.func1
2026-05-12T10:46:29.1494283Z 	/src/vendor/google.golang.org/grpc/server.go:1242
2026-05-12T10:46:29.1494556Z main.unaryInterceptor
2026-05-12T10:46:29.1494761Z 	/src/cmd/buildkitd/main.go:734
2026-05-12T10:46:29.1495187Z google.golang.org/grpc.NewServer.chainUnaryServerInterceptors.chainUnaryInterceptors.func1
2026-05-12T10:46:29.1495681Z 	/src/vendor/google.golang.org/grpc/server.go:1233
2026-05-12T10:46:29.1496060Z github.com/moby/buildkit/frontend/gateway/pb._LLBBridge_StatFile_Handler
2026-05-12T10:46:29.1496440Z 	/src/frontend/gateway/pb/gateway_grpc.pb.go:471
2026-05-12T10:46:29.1496743Z google.golang.org/grpc.(*Server).processUnaryRPC
2026-05-12T10:46:29.1497048Z 	/src/vendor/google.golang.org/grpc/server.go:1429
2026-05-12T10:46:29.1497350Z google.golang.org/grpc.(*Server).handleStream
2026-05-12T10:46:29.1497645Z 	/src/vendor/google.golang.org/grpc/server.go:1855
2026-05-12T10:46:29.1497967Z google.golang.org/grpc.(*Server).serveStreams.func2.1
2026-05-12T10:46:29.1498289Z 	/src/vendor/google.golang.org/grpc/server.go:1064
2026-05-12T10:46:29.1498550Z runtime.goexit
2026-05-12T10:46:29.1498738Z 	/usr/local/go/src/runtime/asm_arm64.s:1447
2026-05-12T10:46:29.1498916Z 
2026-05-12T10:46:29.1499241Z 7 v0.29.0 /usr/bin/buildkitd --config /etc/buildkit/buildkitd.toml --debug --allow-insecure-entitlement=network.host
2026-05-12T10:46:29.1499729Z main.unaryInterceptor
2026-05-12T10:46:29.1499928Z 	/src/cmd/buildkitd/main.go:738
2026-05-12T10:46:29.1500694Z google.golang.org/grpc.NewServer.chainUnaryServerInterceptors.chainUnaryInterceptors.func1
2026-05-12T10:46:29.1501193Z 	/src/vendor/google.golang.org/grpc/server.go:1233
2026-05-12T10:46:29.1501395Z 
2026-05-12T10:46:29.1501711Z 7 v0.29.0 /usr/bin/buildkitd --config /etc/buildkit/buildkitd.toml --debug --allow-insecure-entitlement=network.host
2026-05-12T10:46:29.1502227Z github.com/moby/buildkit/cache/util.StatFile
2026-05-12T10:46:29.1502492Z 	/src/cache/util/fsutil.go:105
2026-05-12T10:46:29.1502815Z github.com/moby/buildkit/frontend/gateway.(*llbBridgeForwarder).StatFile
2026-05-12T10:46:29.1503178Z 	/src/frontend/gateway/gateway.go:986
2026-05-12T10:46:29.1503344Z 
2026-05-12T10:46:29.1503679Z time="2026-05-12T10:43:23Z" level=debug msg="session started" spanID=38dc6fe8e2b1b6d7 traceID=1d7ad35139f409e03f9dd784ad54bc8d
2026-05-12T10:46:29.1504768Z time="2026-05-12T10:43:23Z" level=debug msg="resolve exporter image with map[name:moby/moby-bin name-canonical:true oci-artifact:true push:true push-by-digest:true]" spanID=551265a810399fc0 traceID=1d7ad35139f409e03f9dd784ad54bc8d
2026-05-12T10:46:29.1505996Z time="2026-05-12T10:43:23Z" level=warning msg="forcibly turning on oci-mediatype mode for oci-artifact" spanID=551265a810399fc0 traceID=1d7ad35139f409e03f9dd784ad54bc8d
2026-05-12T10:46:29.1507073Z time="2026-05-12T10:43:23Z" level=debug msg="parsed token: scopes: [{Scope:refs/heads/master Permission:Read|Write}], issued: 2026-05-12 10:37:30 +0000 UTC, expires: 2026-05-12 16:52:30 +0000 UTC"
2026-05-12T10:46:29.1508219Z time="2026-05-12T10:43:23Z" level=debug msg="checked for cached auth handler namespace" cached=false key="docker.io/docker/dockerfile::pull" name=docker.io/docker/dockerfile scope=pull
2026-05-12T10:46:29.1509520Z time="2026-05-12T10:43:24Z" level=debug msg=resolving span="resolving docker.io/docker/dockerfile:1" spanID=c07c3f77c66d3f59 traceID=1d7ad35139f409e03f9dd784ad54bc8d
2026-05-12T10:46:29.1511743Z time="2026-05-12T10:43:24Z" level=debug msg="do request" request.header.accept="application/vnd.docker.distribution.manifest.v2+json, application/vnd.docker.distribution.manifest.list.v2+json, application/vnd.oci.image.manifest.v1+json, application/vnd.oci.image.index.v1+json, */*" request.header.user-agent=buildkit/v0.29 request.method=HEAD span="resolving docker.io/docker/dockerfile:1" spanID=c07c3f77c66d3f59 traceID=1d7ad35139f409e03f9dd784ad54bc8d
2026-05-12T10:46:29.1516022Z time="2026-05-12T10:43:24Z" level=debug msg="fetch response received" response.header.connection=keep-alive response.header.content-length=160 response.header.content-type=application/json response.header.date="Tue, 12 May 2026 10:43:24 GMT" response.header.docker-distribution-api-version=registry/2.0 response.header.docker-ratelimit-source=172.182.205.112 response.header.strict-transport-security="max-age=31536000" response.header.www-authenticate="***"https://auth.docker.io/token\",service=\"registry.docker.io\",scope=\"repository:docker/dockerfile:pull\"" response.status="401 Unauthorized" span="resolving docker.io/docker/dockerfile:1" spanID=c07c3f77c66d3f59 traceID=1d7ad35139f409e03f9dd784ad54bc8d
2026-05-12T10:46:29.1519432Z time="2026-05-12T10:43:24Z" level=debug msg=Unauthorized header="***"https://auth.docker.io/token\",service=\"registry.docker.io\",scope=\"repository:docker/dockerfile:pull\"" span="resolving docker.io/docker/dockerfile:1" spanID=c07c3f77c66d3f59 traceID=1d7ad35139f409e03f9dd784ad54bc8d
2026-05-12T10:46:29.1521972Z time="2026-05-12T10:43:24Z" level=debug msg="do request" request.header.accept="application/vnd.docker.distribution.manifest.v2+json, application/vnd.docker.distribution.manifest.list.v2+json, application/vnd.oci.image.manifest.v1+json, application/vnd.oci.image.index.v1+json, */*" request.header.user-agent=buildkit/v0.29 request.method=HEAD span="resolving docker.io/docker/dockerfile:1" spanID=c07c3f77c66d3f59 traceID=1d7ad35139f409e03f9dd784ad54bc8d
2026-05-12T10:46:29.1526233Z time="2026-05-12T10:43:24Z" level=debug msg="fetch response received" response.header.connection=keep-alive response.header.content-length=8426 response.header.content-type=application/vnd.oci.image.index.v1+json response.header.date="Tue, 12 May 2026 10:43:24 GMT" response.header.docker-content-digest="sha256:2780b5c3bab67f1f76c781860de469442999ed1a0d7992a5efdf2cffc0e3d769" response.header.docker-distribution-api-version=registry/2.0 response.header.docker-ratelimit-source=db5d0262-fa15-45b4-b769-37d76cd8d66d response.header.etag="\"sha256:2780b5c3bab67f1f76c781860de469442999ed1a0d7992a5efdf2cffc0e3d769\"" response.header.strict-transport-security="max-age=31536000" response.status="200 OK" span="resolving docker.io/docker/dockerfile:1" spanID=c07c3f77c66d3f59 traceID=1d7ad35139f409e03f9dd784ad54bc8d
2026-05-12T10:46:29.1529783Z time="2026-05-12T10:43:24Z" level=debug msg=resolved desc.digest="sha256:2780b5c3bab67f1f76c781860de469442999ed1a0d7992a5efdf2cffc0e3d769" span="resolving docker.io/docker/dockerfile:1" spanID=c07c3f77c66d3f59 traceID=1d7ad35139f409e03f9dd784ad54bc8d
2026-05-12T10:46:29.1531152Z time="2026-05-12T10:43:24Z" level=debug msg=fetch span="resolving docker.io/docker/dockerfile:1" spanID=c07c3f77c66d3f59 traceID=1d7ad35139f409e03f9dd784ad54bc8d
2026-05-12T10:46:29.1532360Z time="2026-05-12T10:43:24Z" level=debug msg="fetching layer" chunk_size=0 initial_parallelism=0 offset=0 parallelism=1 span="resolving docker.io/docker/dockerfile:1" spanID=c07c3f77c66d3f59 traceID=1d7ad35139f409e03f9dd784ad54bc8d
2026-05-12T10:46:29.1534360Z time="2026-05-12T10:43:24Z" level=debug msg="do request" request.header.accept="application/vnd.oci.image.index.v1+json, */*" request.header.accept-encoding="zstd;q=1.0, gzip;q=0.8, deflate;q=0.5" request.header.user-agent=buildkit/v0.29 request.method=GET span="resolving docker.io/docker/dockerfile:1" spanID=c07c3f77c66d3f59 traceID=1d7ad35139f409e03f9dd784ad54bc8d
2026-05-12T10:46:29.1538188Z time="2026-05-12T10:43:24Z" level=debug msg="fetch response received" response.header.connection=keep-alive response.header.content-length=8426 response.header.content-type=application/vnd.oci.image.index.v1+json response.header.date="Tue, 12 May 2026 10:43:24 GMT" response.header.docker-content-digest="sha256:2780b5c3bab67f1f76c781860de469442999ed1a0d7992a5efdf2cffc0e3d769" response.header.docker-distribution-api-version=registry/2.0 response.header.docker-ratelimit-source=172.182.205.112 response.header.etag="\"sha256:2780b5c3bab67f1f76c781860de469442999ed1a0d7992a5efdf2cffc0e3d769\"" response.header.strict-transport-security="max-age=31536000" response.status="200 OK" span="resolving docker.io/docker/dockerfile:1" spanID=c07c3f77c66d3f59 traceID=1d7ad35139f409e03f9dd784ad54bc8d
2026-05-12T10:46:29.1541526Z time="2026-05-12T10:43:24Z" level=debug msg=fetch span="resolving docker.io/docker/dockerfile:1" spanID=c07c3f77c66d3f59 traceID=1d7ad35139f409e03f9dd784ad54bc8d
2026-05-12T10:46:29.1542730Z time="2026-05-12T10:43:24Z" level=debug msg="fetching layer" chunk_size=0 initial_parallelism=0 offset=0 parallelism=1 span="resolving docker.io/docker/dockerfile:1" spanID=c07c3f77c66d3f59 traceID=1d7ad35139f409e03f9dd784ad54bc8d
2026-05-12T10:46:29.1544602Z time="2026-05-12T10:43:24Z" level=debug msg="do request" request.header.accept="application/vnd.oci.image.manifest.v1+json, */*" request.header.accept-encoding="zstd;q=1.0, gzip;q=0.8, deflate;q=0.5" request.header.user-agent=buildkit/v0.29 request.method=GET span="resolving docker.io/docker/dockerfile:1" spanID=c07c3f77c66d3f59 traceID=1d7ad35139f409e03f9dd784ad54bc8d
2026-05-12T10:46:29.1548418Z time="2026-05-12T10:43:24Z" level=debug msg="fetch response received" response.header.connection=keep-alive response.header.content-length=1134 response.header.content-type=application/vnd.oci.image.manifest.v1+json response.header.date="Tue, 12 May 2026 10:43:24 GMT" response.header.docker-content-digest="sha256:09b27092e939160c1bd39c309f03d72845845bc184121e212425eb86346b66cd" response.header.docker-distribution-api-version=registry/2.0 response.header.docker-ratelimit-source=172.182.205.112 response.header.etag="\"sha256:09b27092e939160c1bd39c309f03d72845845bc184121e212425eb86346b66cd\"" response.header.strict-transport-security="max-age=31536000" response.status="200 OK" span="resolving docker.io/docker/dockerfile:1" spanID=c07c3f77c66d3f59 traceID=1d7ad35139f409e03f9dd784ad54bc8d
2026-05-12T10:46:29.1551614Z time="2026-05-12T10:43:24Z" level=debug msg=fetch span="resolving docker.io/docker/dockerfile:1" spanID=c07c3f77c66d3f59 traceID=1d7ad35139f409e03f9dd784ad54bc8d
2026-05-12T10:46:29.1552831Z time="2026-05-12T10:43:24Z" level=debug msg="fetching layer" chunk_size=0 initial_parallelism=0 offset=0 parallelism=1 span="resolving docker.io/docker/dockerfile:1" spanID=c07c3f77c66d3f59 traceID=1d7ad35139f409e03f9dd784ad54bc8d
2026-05-12T10:46:29.1554704Z time="2026-05-12T10:43:24Z" level=debug msg="do request" request.header.accept="application/vnd.oci.image.config.v1+json, */*" request.header.accept-encoding="zstd;q=1.0, gzip;q=0.8, deflate;q=0.5" request.header.user-agent=buildkit/v0.29 request.method=GET span="resolving docker.io/docker/dockerfile:1" spanID=c07c3f77c66d3f59 traceID=1d7ad35139f409e03f9dd784ad54bc8d
2026-05-12T10:46:29.1559534Z time="2026-05-12T10:43:24Z" level=debug msg="fetch response received" response.header.accept-ranges=bytes response.header.age=63778 response.header.alt-svc="h3=\":443\"; ma=86400" response.header.connection=keep-alive response.header.content-length=1332 response.header.content-type=application/octet-stream response.header.date="Mon, 11 May 2026 17:00:27 GMT" response.header.etag="\"57a931b62611bd413d5bfc37af97fdb9\"" response.header.last-modified="Tue, 31 Mar 2026 12:43:51 GMT" response.header.server=AmazonS3 response.header.vary=Accept-Encoding response.header.via="1.1 a04007dc83c72b87cce3372a74e47668.cloudfront.net (CloudFront)" response.header.x-amz-cf-id="E6TiE7NBQsr3iG9Tf799bt0wkCjV8d6ywVBsb50rZ8RvVvxvPi3LqA==" response.header.x-amz-cf-pop=LAX50-P5 response.header.x-amz-server-side-encryption=AES256 response.header.x-amz-version-id=EFHKTPf_lzNI2u4rg0779RQezJKcWcRm response.header.x-cache="Hit from cloudfront" response.status="200 OK" span="resolving docker.io/docker/dockerfile:1" spanID=c07c3f77c66d3f59 traceID=1d7ad35139f409e03f9dd784ad54bc8d
2026-05-12T10:46:29.1563979Z time="2026-05-12T10:43:24Z" level=debug msg="checked for cached auth handler namespace" cached=true key="docker.io/docker/dockerfile::pull" name=docker.io/docker/dockerfile scope=pull
2026-05-12T10:46:29.1565545Z time="2026-05-12T10:43:24Z" level=debug msg=fetch digest="sha256:2780b5c3bab67f1f76c781860de469442999ed1a0d7992a5efdf2cffc0e3d769" mediatype=application/vnd.oci.image.index.v1+json size=8426 spanID=38313c629b1b0729 traceID=1d7ad35139f409e03f9dd784ad54bc8d
2026-05-12T10:46:29.1567196Z time="2026-05-12T10:43:24Z" level=debug msg=fetch digest="sha256:09b27092e939160c1bd39c309f03d72845845bc184121e212425eb86346b66cd" mediatype=application/vnd.oci.image.manifest.v1+json size=1134 spanID=38313c629b1b0729 traceID=1d7ad35139f409e03f9dd784ad54bc8d
2026-05-12T10:46:29.1568884Z time="2026-05-12T10:43:24Z" level=debug msg=fetch digest="sha256:7a7be3143bd2a3619251011e678744875455f257c96a8a2e13c8a282f61465dd" mediatype=application/vnd.oci.image.config.v1+json size=1332 spanID=38313c629b1b0729 traceID=1d7ad35139f409e03f9dd784ad54bc8d
2026-05-12T10:46:29.1570438Z time="2026-05-12T10:43:24Z" level=debug msg="checked for cached auth handler namespace" cached=true key="docker.io/docker/dockerfile::pull" name=docker.io/docker/dockerfile scope=pull
2026-05-12T10:46:29.1571605Z time="2026-05-12T10:43:24Z" level=debug msg="checked for cached auth handler namespace" cached=true key="docker.io/docker/dockerfile::pull" name=docker.io/docker/dockerfile scope=pull
2026-05-12T10:46:29.1573036Z time="2026-05-12T10:43:24Z" level=debug msg=fetch digest="sha256:86ea2bbb0f9dfaf8a78dec7df55fe7dd9e6028a24b247597aca3aceb8b6ac240" mediatype=application/vnd.oci.image.layer.v1.tar+gzip size=13002172 spanID=38313c629b1b0729 traceID=1d7ad35139f409e03f9dd784ad54bc8d
2026-05-12T10:46:29.1574967Z time="2026-05-12T10:43:25Z" level=debug msg="fetching layer" chunk_size=0 digest="sha256:86ea2bbb0f9dfaf8a78dec7df55fe7dd9e6028a24b247597aca3aceb8b6ac240" initial_parallelism=0 mediatype=application/vnd.oci.image.layer.v1.tar+gzip offset=0 parallelism=1 size=13002172 spanID=38313c629b1b0729 traceID=1d7ad35139f409e03f9dd784ad54bc8d
2026-05-12T10:46:29.1578053Z time="2026-05-12T10:43:25Z" level=debug msg="do request" digest="sha256:86ea2bbb0f9dfaf8a78dec7df55fe7dd9e6028a24b247597aca3aceb8b6ac240" mediatype=application/vnd.oci.image.layer.v1.tar+gzip request.header.accept="application/vnd.oci.image.layer.v1.tar+gzip, */*" request.header.accept-encoding="zstd;q=1.0, gzip;q=0.8, deflate;q=0.5" request.header.user-agent=buildkit/v0.29 request.method=GET size=13002172 spanID=38313c629b1b0729 traceID=1d7ad35139f409e03f9dd784ad54bc8d url="https://registry-1.docker.io/v2/docker/dockerfile/blobs/sha256:86ea2bbb0f9dfaf8a78dec7df55fe7dd9e6028a24b247597aca3aceb8b6ac240"
2026-05-12T10:46:29.1584954Z time="2026-05-12T10:43:25Z" level=debug msg="fetch response received" digest="sha256:86ea2bbb0f9dfaf8a78dec7df55fe7dd9e6028a24b247597aca3aceb8b6ac240" mediatype=application/vnd.oci.image.layer.v1.tar+gzip response.header.accept-ranges=bytes response.header.age=55135 response.header.alt-svc="h3=\":443\"; ma=86400" response.header.connection=keep-alive response.header.content-length=13002172 response.header.content-type=application/octet-stream response.header.date="Mon, 11 May 2026 19:24:31 GMT" response.header.etag="\"099adbd5d6f190acdb5ea4ea201104b3\"" response.header.last-modified="Tue, 31 Mar 2026 12:43:51 GMT" response.header.server=AmazonS3 response.header.vary=Accept-Encoding response.header.via="1.1 a04007dc83c72b87cce3372a74e47668.cloudfront.net (CloudFront)" response.header.x-amz-cf-id="Bqxv0C0JBru_TtyFIVPlSBqDjU3WAKilqv1PXM32PhdFph37qunq7A==" response.header.x-amz-cf-pop=LAX50-P5 response.header.x-amz-server-side-encryption=AES256 response.header.x-amz-storage-class=INTELLIGENT_TIERING response.header.x-amz-version-id=_57Iv8KyDbrsyL.jHmdKSTBumdoUx2FO response.header.x-cache="Hit from cloudfront" response.status="200 OK" size=13002172 spanID=38313c629b1b0729 traceID=1d7ad35139f409e03f9dd784ad54bc8d url="https://registry-1.docker.io/v2/docker/dockerfile/blobs/sha256:86ea2bbb0f9dfaf8a78dec7df55fe7dd9e6028a24b247597aca3aceb8b6ac240"
2026-05-12T10:46:29.1590140Z time="2026-05-12T10:43:25Z" level=debug msg=" not found" error="exec: \"igzip\": executable file not found in $PATH"
2026-05-12T10:46:29.1590826Z time="2026-05-12T10:43:25Z" level=debug msg="using unpigz for decompression"
2026-05-12T10:46:29.1592010Z time="2026-05-12T10:43:25Z" level=debug msg="diff applied" d=64.967319ms digest="sha256:86ea2bbb0f9dfaf8a78dec7df55fe7dd9e6028a24b247597aca3aceb8b6ac240" media=application/vnd.oci.image.layer.v1.tar+gzip size=13002172 span=extract spanID=e7c3fdc1fc03b030 traceID=1d7ad35139f409e03f9dd784ad54bc8d
2026-05-12T10:46:29.1593358Z time="2026-05-12T10:43:25Z" level=debug msg="serving grpc connection" spanID=38313c629b1b0729 traceID=1d7ad35139f409e03f9dd784ad54bc8d
2026-05-12T10:46:29.1594297Z time="2026-05-12T10:43:25Z" level=debug msg="> creating o0rtku931i4dii3xmphm3vtwx [/bin/dockerfile-frontend]" spanID=38313c629b1b0729 traceID=1d7ad35139f409e03f9dd784ad54bc8d
2026-05-12T10:46:29.1595395Z time="2026-05-12T10:43:25Z" level=debug msg="checked for cached auth handler namespace" cached=false key="docker.io/library/golang::pull" name=docker.io/library/golang scope=pull
2026-05-12T10:46:29.1596499Z time="2026-05-12T10:43:25Z" level=debug msg="checked for cached auth handler namespace" cached=false key="docker.io/library/busybox::pull" name=docker.io/library/busybox scope=pull
2026-05-12T10:46:29.1597595Z time="2026-05-12T10:43:25Z" level=debug msg="checked for cached auth handler namespace" cached=false key="docker.io/tonistiigi/xx::pull" name=docker.io/tonistiigi/xx scope=pull
2026-05-12T10:46:29.1598668Z time="2026-05-12T10:43:25Z" level=debug msg=resolving span="resolving docker.io/library/golang:1.26.3-bookworm" spanID=1b60b7b4d9d04ceb traceID=1d7ad35139f409e03f9dd784ad54bc8d
2026-05-12T10:46:29.1600840Z time="2026-05-12T10:43:25Z" level=debug msg="do request" request.header.accept="application/vnd.docker.distribution.manifest.v2+json, application/vnd.docker.distribution.manifest.list.v2+json, application/vnd.oci.image.manifest.v1+json, application/vnd.oci.image.index.v1+json, */*" request.header.user-agent=buildkit/v0.29 request.method=HEAD span="resolving docker.io/library/golang:1.26.3-bookworm" spanID=1b60b7b4d9d04ceb traceID=1d7ad35139f409e03f9dd784ad54bc8d
2026-05-12T10:46:29.1602907Z time="2026-05-12T10:43:25Z" level=debug msg=resolving span="resolving docker.io/library/busybox:latest" spanID=0dc5c9bbf71f5d46 traceID=1d7ad35139f409e03f9dd784ad54bc8d
2026-05-12T10:46:29.1604944Z time="2026-05-12T10:43:25Z" level=debug msg="do request" request.header.accept="application/vnd.docker.distribution.manifest.v2+json, application/vnd.docker.distribution.manifest.list.v2+json, application/vnd.oci.image.manifest.v1+json, application/vnd.oci.image.index.v1+json, */*" request.header.user-agent=buildkit/v0.29 request.method=HEAD span="resolving docker.io/library/busybox:latest" spanID=0dc5c9bbf71f5d46 traceID=1d7ad35139f409e03f9dd784ad54bc8d
2026-05-12T10:46:29.1606948Z time="2026-05-12T10:43:25Z" level=debug msg=resolving span="resolving docker.io/tonistiigi/xx:1.9.0" spanID=8c0171cf581d23a8 traceID=1d7ad35139f409e03f9dd784ad54bc8d
2026-05-12T10:46:29.1609101Z time="2026-05-12T10:43:25Z" level=debug msg="do request" request.header.accept="application/vnd.docker.distribution.manifest.v2+json, application/vnd.docker.distribution.manifest.list.v2+json, application/vnd.oci.image.manifest.v1+json, application/vnd.oci.image.index.v1+json, */*" request.header.user-agent=buildkit/v0.29 request.method=HEAD span="resolving docker.io/tonistiigi/xx:1.9.0" spanID=8c0171cf581d23a8 traceID=1d7ad35139f409e03f9dd784ad54bc8d
2026-05-12T10:46:29.1613177Z time="2026-05-12T10:43:25Z" level=debug msg="fetch response received" response.header.connection=keep-alive response.header.content-length=157 response.header.content-type=application/json response.header.date="Tue, 12 May 2026 10:43:25 GMT" response.header.docker-distribution-api-version=registry/2.0 response.header.docker-ratelimit-source=172.182.205.112 response.header.strict-transport-security="max-age=31536000" response.header.www-authenticate="***"https://auth.docker.io/token\",service=\"registry.docker.io\",scope=\"repository:library/golang:pull\"" response.status="401 Unauthorized" span="resolving docker.io/library/golang:1.26.3-bookworm" spanID=1b60b7b4d9d04ceb traceID=1d7ad35139f409e03f9dd784ad54bc8d
2026-05-12T10:46:29.1616634Z time="2026-05-12T10:43:25Z" level=debug msg=Unauthorized header="***"https://auth.docker.io/token\",service=\"registry.docker.io\",scope=\"repository:library/golang:pull\"" span="resolving docker.io/library/golang:1.26.3-bookworm" spanID=1b60b7b4d9d04ceb traceID=1d7ad35139f409e03f9dd784ad54bc8d
2026-05-12T10:46:29.1619080Z time="2026-05-12T10:43:25Z" level=debug msg="do request" request.header.accept="application/vnd.docker.distribution.manifest.v2+json, application/vnd.docker.distribution.manifest.list.v2+json, application/vnd.oci.image.manifest.v1+json, application/vnd.oci.image.index.v1+json, */*" request.header.user-agent=buildkit/v0.29 request.method=HEAD span="resolving docker.io/library/golang:1.26.3-bookworm" spanID=1b60b7b4d9d04ceb traceID=1d7ad35139f409e03f9dd784ad54bc8d
2026-05-12T10:46:29.1623350Z time="2026-05-12T10:43:25Z" level=debug msg="fetch response received" response.header.connection=keep-alive response.header.content-length=158 response.header.content-type=application/json response.header.date="Tue, 12 May 2026 10:43:25 GMT" response.header.docker-distribution-api-version=registry/2.0 response.header.docker-ratelimit-source=172.182.205.112 response.header.strict-transport-security="max-age=31536000" response.header.www-authenticate="***"https://auth.docker.io/token\",service=\"registry.docker.io\",scope=\"repository:library/busybox:pull\"" response.status="401 Unauthorized" span="resolving docker.io/library/busybox:latest" spanID=0dc5c9bbf71f5d46 traceID=1d7ad35139f409e03f9dd784ad54bc8d
2026-05-12T10:46:29.1626735Z time="2026-05-12T10:43:25Z" level=debug msg=Unauthorized header="***"https://auth.docker.io/token\",service=\"registry.docker.io\",scope=\"repository:library/busybox:pull\"" span="resolving docker.io/library/busybox:latest" spanID=0dc5c9bbf71f5d46 traceID=1d7ad35139f409e03f9dd784ad54bc8d
2026-05-12T10:46:29.1629148Z time="2026-05-12T10:43:25Z" level=debug msg="do request" request.header.accept="application/vnd.docker.distribution.manifest.v2+json, application/vnd.docker.distribution.manifest.list.v2+json, application/vnd.oci.image.manifest.v1+json, application/vnd.oci.image.index.v1+json, */*" request.header.user-agent=buildkit/v0.29 request.method=HEAD span="resolving docker.io/library/busybox:latest" spanID=0dc5c9bbf71f5d46 traceID=1d7ad35139f409e03f9dd784ad54bc8d
2026-05-12T10:46:29.1633132Z time="2026-05-12T10:43:25Z" level=debug msg="fetch response received" response.header.connection=keep-alive response.header.content-length=156 response.header.content-type=application/json response.header.date="Tue, 12 May 2026 10:43:25 GMT" response.header.docker-distribution-api-version=registry/2.0 response.header.docker-ratelimit-source=172.182.205.112 response.header.strict-transport-security="max-age=31536000" response.header.www-authenticate="***"https://auth.docker.io/token\",service=\"registry.docker.io\",scope=\"repository:tonistiigi/xx:pull\"" response.status="401 Unauthorized" span="resolving docker.io/tonistiigi/xx:1.9.0" spanID=8c0171cf581d23a8 traceID=1d7ad35139f409e03f9dd784ad54bc8d
2026-05-12T10:46:29.1636530Z time="2026-05-12T10:43:25Z" level=debug msg=Unauthorized header="***"https://auth.docker.io/token\",service=\"registry.docker.io\",scope=\"repository:tonistiigi/xx:pull\"" span="resolving docker.io/tonistiigi/xx:1.9.0" spanID=8c0171cf581d23a8 traceID=1d7ad35139f409e03f9dd784ad54bc8d
2026-05-12T10:46:29.1638916Z time="2026-05-12T10:43:25Z" level=debug msg="do request" request.header.accept="application/vnd.docker.distribution.manifest.v2+json, application/vnd.docker.distribution.manifest.list.v2+json, application/vnd.oci.image.manifest.v1+json, application/vnd.oci.image.index.v1+json, */*" request.header.user-agent=buildkit/v0.29 request.method=HEAD span="resolving docker.io/tonistiigi/xx:1.9.0" spanID=8c0171cf581d23a8 traceID=1d7ad35139f409e03f9dd784ad54bc8d
2026-05-12T10:46:29.1643450Z time="2026-05-12T10:43:25Z" level=debug msg="fetch response received" response.header.connection=keep-alive response.header.content-length=9095 response.header.content-type=application/vnd.oci.image.index.v1+json response.header.date="Tue, 12 May 2026 10:43:25 GMT" response.header.docker-content-digest="sha256:252599aeb51ad60b83e4d8821802068127c528c707cb7dd7afd93be057c6011c" response.header.docker-distribution-api-version=registry/2.0 response.header.docker-ratelimit-source=db5d0262-fa15-45b4-b769-37d76cd8d66d response.header.etag="\"sha256:252599aeb51ad60b83e4d8821802068127c528c707cb7dd7afd93be057c6011c\"" response.header.strict-transport-security="max-age=31536000" response.status="200 OK" span="resolving docker.io/library/golang:1.26.3-bookworm" spanID=1b60b7b4d9d04ceb traceID=1d7ad35139f409e03f9dd784ad54bc8d
2026-05-12T10:46:29.1647041Z time="2026-05-12T10:43:25Z" level=debug msg=resolved desc.digest="sha256:252599aeb51ad60b83e4d8821802068127c528c707cb7dd7afd93be057c6011c" span="resolving docker.io/library/golang:1.26.3-bookworm" spanID=1b60b7b4d9d04ceb traceID=1d7ad35139f409e03f9dd784ad54bc8d
2026-05-12T10:46:29.1648401Z time="2026-05-12T10:43:25Z" level=debug msg=fetch span="resolving docker.io/library/golang:1.26.3-bookworm" spanID=1b60b7b4d9d04ceb traceID=1d7ad35139f409e03f9dd784ad54bc8d
2026-05-12T10:46:29.1649673Z time="2026-05-12T10:43:25Z" level=debug msg="fetching layer" chunk_size=0 initial_parallelism=0 offset=0 parallelism=1 span="resolving docker.io/library/golang:1.26.3-bookworm" spanID=1b60b7b4d9d04ceb traceID=1d7ad35139f409e03f9dd784ad54bc8d
2026-05-12T10:46:29.1651702Z time="2026-05-12T10:43:25Z" level=debug msg="do request" request.header.accept="application/vnd.oci.image.index.v1+json, */*" request.header.accept-encoding="zstd;q=1.0, gzip;q=0.8, deflate;q=0.5" request.header.user-agent=buildkit/v0.29 request.method=GET span="resolving docker.io/library/golang:1.26.3-bookworm" spanID=1b60b7b4d9d04ceb traceID=1d7ad35139f409e03f9dd784ad54bc8d
2026-05-12T10:46:29.1655651Z time="2026-05-12T10:43:25Z" level=debug msg="fetch response received" response.header.connection=keep-alive response.header.content-length=9535 response.header.content-type=application/vnd.oci.image.index.v1+json response.header.date="Tue, 12 May 2026 10:43:25 GMT" response.header.docker-content-digest="sha256:1487d0af5f52b4ba31c7e465126ee2123fe3f2305d638e7827681e7cf6c83d5e" response.header.docker-distribution-api-version=registry/2.0 response.header.docker-ratelimit-source=db5d0262-fa15-45b4-b769-37d76cd8d66d response.header.etag="\"sha256:1487d0af5f52b4ba31c7e465126ee2123fe3f2305d638e7827681e7cf6c83d5e\"" response.header.strict-transport-security="max-age=31536000" response.status="200 OK" span="resolving docker.io/library/busybox:latest" spanID=0dc5c9bbf71f5d46 traceID=1d7ad35139f409e03f9dd784ad54bc8d
2026-05-12T10:46:29.1659203Z time="2026-05-12T10:43:25Z" level=debug msg=resolved desc.digest="sha256:1487d0af5f52b4ba31c7e465126ee2123fe3f2305d638e7827681e7cf6c83d5e" span="resolving docker.io/library/busybox:latest" spanID=0dc5c9bbf71f5d46 traceID=1d7ad35139f409e03f9dd784ad54bc8d
2026-05-12T10:46:29.1660608Z time="2026-05-12T10:43:25Z" level=debug msg=fetch span="resolving docker.io/library/busybox:latest" spanID=0dc5c9bbf71f5d46 traceID=1d7ad35139f409e03f9dd784ad54bc8d
2026-05-12T10:46:29.1662036Z time="2026-05-12T10:43:25Z" level=debug msg="fetching layer" chunk_size=0 initial_parallelism=0 offset=0 parallelism=1 span="resolving docker.io/library/busybox:latest" spanID=0dc5c9bbf71f5d46 traceID=1d7ad35139f409e03f9dd784ad54bc8d
2026-05-12T10:46:29.1663942Z time="2026-05-12T10:43:25Z" level=debug msg="do request" request.header.accept="application/vnd.oci.image.index.v1+json, */*" request.header.accept-encoding="zstd;q=1.0, gzip;q=0.8, deflate;q=0.5" request.header.user-agent=buildkit/v0.29 request.method=GET span="resolving docker.io/library/busybox:latest" spanID=0dc5c9bbf71f5d46 traceID=1d7ad35139f409e03f9dd784ad54bc8d
2026-05-12T10:46:29.1667870Z time="2026-05-12T10:43:25Z" level=debug msg="fetch response received" response.header.connection=keep-alive response.header.content-length=10708 response.header.content-type=application/vnd.oci.image.index.v1+json response.header.date="Tue, 12 May 2026 10:43:25 GMT" response.header.docker-content-digest="sha256:c64defb9ed5a91eacb37f96ccc3d4cd72521c4bd18d5442905b95e2226b0e707" response.header.docker-distribution-api-version=registry/2.0 response.header.docker-ratelimit-source=db5d0262-fa15-45b4-b769-37d76cd8d66d response.header.etag="\"sha256:c64defb9ed5a91eacb37f96ccc3d4cd72521c4bd18d5442905b95e2226b0e707\"" response.header.strict-transport-security="max-age=31536000" response.status="200 OK" span="resolving docker.io/tonistiigi/xx:1.9.0" spanID=8c0171cf581d23a8 traceID=1d7ad35139f409e03f9dd784ad54bc8d
2026-05-12T10:46:29.1671651Z time="2026-05-12T10:43:25Z" level=debug msg=resolved desc.digest="sha256:c64defb9ed5a91eacb37f96ccc3d4cd72521c4bd18d5442905b95e2226b0e707" span="resolving docker.io/tonistiigi/xx:1.9.0" spanID=8c0171cf581d23a8 traceID=1d7ad35139f409e03f9dd784ad54bc8d
2026-05-12T10:46:29.1672935Z time="2026-05-12T10:43:25Z" level=debug msg=fetch span="resolving docker.io/tonistiigi/xx:1.9.0" spanID=8c0171cf581d23a8 traceID=1d7ad35139f409e03f9dd784ad54bc8d
2026-05-12T10:46:29.1676210Z time="2026-05-12T10:43:25Z" level=debug msg="fetch response received" response.header.connection=keep-alive response.header.content-length=9095 response.header.content-type=application/vnd.oci.image.index.v1+json response.header.date="Tue, 12 May 2026 10:43:25 GMT" response.header.docker-content-digest="sha256:252599aeb51ad60b83e4d8821802068127c528c707cb7dd7afd93be057c6011c" response.header.docker-distribution-api-version=registry/2.0 response.header.docker-ratelimit-source=db5d0262-fa15-45b4-b769-37d76cd8d66d response.header.etag="\"sha256:252599aeb51ad60b83e4d8821802068127c528c707cb7dd7afd93be057c6011c\"" response.header.strict-transport-security="max-age=31536000" response.status="200 OK" span="resolving docker.io/library/golang:1.26.3-bookworm" spanID=1b60b7b4d9d04ceb traceID=1d7ad35139f409e03f9dd784ad54bc8d
2026-05-12T10:46:29.1679691Z time="2026-05-12T10:43:25Z" level=debug msg="fetching layer" chunk_size=0 initial_parallelism=0 offset=0 parallelism=1 span="resolving docker.io/tonistiigi/xx:1.9.0" spanID=8c0171cf581d23a8 traceID=1d7ad35139f409e03f9dd784ad54bc8d
2026-05-12T10:46:29.1681691Z time="2026-05-12T10:43:25Z" level=debug msg="do request" request.header.accept="application/vnd.oci.image.index.v1+json, */*" request.header.accept-encoding="zstd;q=1.0, gzip;q=0.8, deflate;q=0.5" request.header.user-agent=buildkit/v0.29 request.method=GET span="resolving docker.io/tonistiigi/xx:1.9.0" spanID=8c0171cf581d23a8 traceID=1d7ad35139f409e03f9dd784ad54bc8d
2026-05-12T10:46:29.1683363Z time="2026-05-12T10:43:25Z" level=debug msg=fetch span="resolving docker.io/library/golang:1.26.3-bookworm" spanID=1b60b7b4d9d04ceb traceID=1d7ad35139f409e03f9dd784ad54bc8d
2026-05-12T10:46:29.1684628Z time="2026-05-12T10:43:25Z" level=debug msg="fetching layer" chunk_size=0 initial_parallelism=0 offset=0 parallelism=1 span="resolving docker.io/library/golang:1.26.3-bookworm" spanID=1b60b7b4d9d04ceb traceID=1d7ad35139f409e03f9dd784ad54bc8d
2026-05-12T10:46:29.1686732Z time="2026-05-12T10:43:25Z" level=debug msg="do request" request.header.accept="application/vnd.oci.image.manifest.v1+json, */*" request.header.accept-encoding="zstd;q=1.0, gzip;q=0.8, deflate;q=0.5" request.header.user-agent=buildkit/v0.29 request.method=GET span="resolving docker.io/library/golang:1.26.3-bookworm" spanID=1b60b7b4d9d04ceb traceID=1d7ad35139f409e03f9dd784ad54bc8d
2026-05-12T10:46:29.1690838Z time="2026-05-12T10:43:25Z" level=debug msg="fetch response received" response.header.connection=keep-alive response.header.content-length=9535 response.header.content-type=application/vnd.oci.image.index.v1+json response.header.date="Tue, 12 May 2026 10:43:25 GMT" response.header.docker-content-digest="sha256:1487d0af5f52b4ba31c7e465126ee2123fe3f2305d638e7827681e7cf6c83d5e" response.header.docker-distribution-api-version=registry/2.0 response.header.docker-ratelimit-source=db5d0262-fa15-45b4-b769-37d76cd8d66d response.header.etag="\"sha256:1487d0af5f52b4ba31c7e465126ee2123fe3f2305d638e7827681e7cf6c83d5e\"" response.header.strict-transport-security="max-age=31536000" response.status="200 OK" span="resolving docker.io/library/busybox:latest" spanID=0dc5c9bbf71f5d46 traceID=1d7ad35139f409e03f9dd784ad54bc8d
2026-05-12T10:46:29.1694232Z time="2026-05-12T10:43:25Z" level=debug msg=fetch span="resolving docker.io/library/busybox:latest" spanID=0dc5c9bbf71f5d46 traceID=1d7ad35139f409e03f9dd784ad54bc8d
2026-05-12T10:46:29.1695463Z time="2026-05-12T10:43:25Z" level=debug msg="fetching layer" chunk_size=0 initial_parallelism=0 offset=0 parallelism=1 span="resolving docker.io/library/busybox:latest" spanID=0dc5c9bbf71f5d46 traceID=1d7ad35139f409e03f9dd784ad54bc8d
2026-05-12T10:46:29.1697372Z time="2026-05-12T10:43:25Z" level=debug msg="do request" request.header.accept="application/vnd.oci.image.manifest.v1+json, */*" request.header.accept-encoding="zstd;q=1.0, gzip;q=0.8, deflate;q=0.5" request.header.user-agent=buildkit/v0.29 request.method=GET span="resolving docker.io/library/busybox:latest" spanID=0dc5c9bbf71f5d46 traceID=1d7ad35139f409e03f9dd784ad54bc8d
2026-05-12T10:46:29.1701380Z time="2026-05-12T10:43:25Z" level=debug msg="fetch response received" response.header.connection=keep-alive response.header.content-length=10708 response.header.content-type=application/vnd.oci.image.index.v1+json response.header.date="Tue, 12 May 2026 10:43:25 GMT" response.header.docker-content-digest="sha256:c64defb9ed5a91eacb37f96ccc3d4cd72521c4bd18d5442905b95e2226b0e707" response.header.docker-distribution-api-version=registry/2.0 response.header.docker-ratelimit-source=db5d0262-fa15-45b4-b769-37d76cd8d66d response.header.etag="\"sha256:c64defb9ed5a91eacb37f96ccc3d4cd72521c4bd18d5442905b95e2226b0e707\"" response.header.strict-transport-security="max-age=31536000" response.status="200 OK" span="resolving docker.io/tonistiigi/xx:1.9.0" spanID=8c0171cf581d23a8 traceID=1d7ad35139f409e03f9dd784ad54bc8d
2026-05-12T10:46:29.1704621Z time="2026-05-12T10:43:25Z" level=debug msg=fetch span="resolving docker.io/tonistiigi/xx:1.9.0" spanID=8c0171cf581d23a8 traceID=1d7ad35139f409e03f9dd784ad54bc8d
2026-05-12T10:46:29.1705809Z time="2026-05-12T10:43:25Z" level=debug msg="fetching layer" chunk_size=0 initial_parallelism=0 offset=0 parallelism=1 span="resolving docker.io/tonistiigi/xx:1.9.0" spanID=8c0171cf581d23a8 traceID=1d7ad35139f409e03f9dd784ad54bc8d
2026-05-12T10:46:29.1707677Z time="2026-05-12T10:43:25Z" level=debug msg="do request" request.header.accept="application/vnd.oci.image.manifest.v1+json, */*" request.header.accept-encoding="zstd;q=1.0, gzip;q=0.8, deflate;q=0.5" request.header.user-agent=buildkit/v0.29 request.method=GET span="resolving docker.io/tonistiigi/xx:1.9.0" spanID=8c0171cf581d23a8 traceID=1d7ad35139f409e03f9dd784ad54bc8d
2026-05-12T10:46:29.1711835Z time="2026-05-12T10:43:25Z" level=debug msg="fetch response received" response.header.connection=keep-alive response.header.content-length=2324 response.header.content-type=application/vnd.oci.image.manifest.v1+json response.header.date="Tue, 12 May 2026 10:43:25 GMT" response.header.docker-content-digest="sha256:519114ff1aa6dd6af622824f1cff611e1a3dc5582acede013495f82d0843525d" response.header.docker-distribution-api-version=registry/2.0 response.header.docker-ratelimit-source=db5d0262-fa15-45b4-b769-37d76cd8d66d response.header.etag="\"sha256:519114ff1aa6dd6af622824f1cff611e1a3dc5582acede013495f82d0843525d\"" response.header.strict-transport-security="max-age=31536000" response.status="200 OK" span="resolving docker.io/library/golang:1.26.3-bookworm" spanID=1b60b7b4d9d04ceb traceID=1d7ad35139f409e03f9dd784ad54bc8d
2026-05-12T10:46:29.1715168Z time="2026-05-12T10:43:26Z" level=debug msg=fetch span="resolving docker.io/library/golang:1.26.3-bookworm" spanID=1b60b7b4d9d04ceb traceID=1d7ad35139f409e03f9dd784ad54bc8d
2026-05-12T10:46:29.1716472Z time="2026-05-12T10:43:26Z" level=debug msg="fetching layer" chunk_size=0 initial_parallelism=0 offset=0 parallelism=1 span="resolving docker.io/library/golang:1.26.3-bookworm" spanID=1b60b7b4d9d04ceb traceID=1d7ad35139f409e03f9dd784ad54bc8d
2026-05-12T10:46:29.1718525Z time="2026-05-12T10:43:26Z" level=debug msg="do request" request.header.accept="application/vnd.oci.image.config.v1+json, */*" request.header.accept-encoding="zstd;q=1.0, gzip;q=0.8, deflate;q=0.5" request.header.user-agent=buildkit/v0.29 request.method=GET span="resolving docker.io/library/golang:1.26.3-bookworm" spanID=1b60b7b4d9d04ceb traceID=1d7ad35139f409e03f9dd784ad54bc8d
2026-05-12T10:46:29.1722632Z time="2026-05-12T10:43:26Z" level=debug msg="fetch response received" response.header.connection=keep-alive response.header.content-length=610 response.header.content-type=application/vnd.oci.image.manifest.v1+json response.header.date="Tue, 12 May 2026 10:43:26 GMT" response.header.docker-content-digest="sha256:c4e5b27bf840ba1ebd5568b6b914f6926f3559b2ad4f505b1f37aae483b907d6" response.header.docker-distribution-api-version=registry/2.0 response.header.docker-ratelimit-source=db5d0262-fa15-45b4-b769-37d76cd8d66d response.header.etag="\"sha256:c4e5b27bf840ba1ebd5568b6b914f6926f3559b2ad4f505b1f37aae483b907d6\"" response.header.strict-transport-security="max-age=31536000" response.status="200 OK" span="resolving docker.io/library/busybox:latest" spanID=0dc5c9bbf71f5d46 traceID=1d7ad35139f409e03f9dd784ad54bc8d
2026-05-12T10:46:29.1728179Z time="2026-05-12T10:43:26Z" level=debug msg="fetch response received" response.header.connection=keep-alive response.header.content-length=478 response.header.content-type=application/vnd.oci.image.manifest.v1+json response.header.date="Tue, 12 May 2026 10:43:26 GMT" response.header.docker-content-digest="sha256:b98254c2dbbb3542c91cc23a810a264ef2adf2c0ef954dd4940d304a06a155da" response.header.docker-distribution-api-version=registry/2.0 response.header.docker-ratelimit-source=db5d0262-fa15-45b4-b769-37d76cd8d66d response.header.etag="\"sha256:b98254c2dbbb3542c91cc23a810a264ef2adf2c0ef954dd4940d304a06a155da\"" response.header.strict-transport-security="max-age=31536000" response.status="200 OK" span="resolving docker.io/tonistiigi/xx:1.9.0" spanID=8c0171cf581d23a8 traceID=1d7ad35139f409e03f9dd784ad54bc8d
2026-05-12T10:46:29.1731497Z time="2026-05-12T10:43:26Z" level=debug msg=fetch span="resolving docker.io/library/busybox:latest" spanID=0dc5c9bbf71f5d46 traceID=1d7ad35139f409e03f9dd784ad54bc8d
2026-05-12T10:46:29.1732488Z time="2026-05-12T10:43:26Z" level=debug msg=fetch span="resolving docker.io/tonistiigi/xx:1.9.0" spanID=8c0171cf581d23a8 traceID=1d7ad35139f409e03f9dd784ad54bc8d
2026-05-12T10:46:29.1733692Z time="2026-05-12T10:43:26Z" level=debug msg="fetching layer" chunk_size=0 initial_parallelism=0 offset=0 parallelism=1 span="resolving docker.io/library/busybox:latest" spanID=0dc5c9bbf71f5d46 traceID=1d7ad35139f409e03f9dd784ad54bc8d
2026-05-12T10:46:29.1735595Z time="2026-05-12T10:43:26Z" level=debug msg="do request" request.header.accept="application/vnd.oci.image.config.v1+json, */*" request.header.accept-encoding="zstd;q=1.0, gzip;q=0.8, deflate;q=0.5" request.header.user-agent=buildkit/v0.29 request.method=GET span="resolving docker.io/library/busybox:latest" spanID=0dc5c9bbf71f5d46 traceID=1d7ad35139f409e03f9dd784ad54bc8d
2026-05-12T10:46:29.1741951Z time="2026-05-12T10:43:26Z" level=debug msg="fetch response received" response.header.accept-ranges=bytes response.header.age=306852 response.header.cache-control="public, max-age=14400" response.header.cf-cache-status=HIT response.header.cf-ray=9fa8d2886b09e41a-LAX response.header.connection=keep-alive response.header.content-length=3080 response.header.content-type=application/octet-stream response.header.date="Tue, 12 May 2026 10:43:26 GMT" response.header.etag="\"011fd999c29ebbd003e01069734ecf05\"" response.header.expires="Tue, 12 May 2026 14:43:26 GMT" response.header.last-modified="Fri, 08 May 2026 21:17:51 GMT" response.header.server=cloudflare response.header.set-cookie="__cf_bm=exHAlPzAxbQ9_CyNx1S1mk5p4.cn4PCEMfgjb3ayK6A-1778582606.15002-1.0.1.1-zjgkSuIgKSBWOkZvz3.k1_jXqN3x.SH7Ujcx65Eq_OyTDYzhIG7hsH8EWXtoPoUFeaGFAOc08XhWyHFwK2qgUh4Y8omHzMczR.2Oeij9r_H_us3arkVYUYhTuzvyEMmD; HttpOnly; SameSite=None; Secure; Path=/; Domain=production.cloudflare.docker.com; Expires=Tue, 12 May 2026 11:13:26 GMT" response.header.vary=Accept-Encoding response.header.x-amz-id-2="k3aq+1ijsUH/CcYP2svGrbpjJEQvE0i7R+EtPYd7gKSo6WoKcrzmKsqoQbogmF8eUhT4L3a88kg=" response.header.x-amz-request-id=J5AH288B0MV4WMHK response.header.x-amz-server-side-encryption=AES256 response.header.x-amz-version-id=sZZkn1t_bwVUwXtyrFISVSkd17U7gT52 response.status="200 OK" span="resolving docker.io/library/golang:1.26.3-bookworm" spanID=1b60b7b4d9d04ceb traceID=1d7ad35139f409e03f9dd784ad54bc8d
2026-05-12T10:46:29.1747908Z time="2026-05-12T10:43:26Z" level=debug msg="fetching layer" chunk_size=0 initial_parallelism=0 offset=0 parallelism=1 span="resolving docker.io/tonistiigi/xx:1.9.0" spanID=8c0171cf581d23a8 traceID=1d7ad35139f409e03f9dd784ad54bc8d
2026-05-12T10:46:29.1749766Z time="2026-05-12T10:43:26Z" level=debug msg="do request" request.header.accept="application/vnd.oci.image.config.v1+json, */*" request.header.accept-encoding="zstd;q=1.0, gzip;q=0.8, deflate;q=0.5" request.header.user-agent=buildkit/v0.29 request.method=GET span="resolving docker.io/tonistiigi/xx:1.9.0" spanID=8c0171cf581d23a8 traceID=1d7ad35139f409e03f9dd784ad54bc8d
2026-05-12T10:46:29.1756273Z time="2026-05-12T10:43:26Z" level=debug msg="fetch response received" response.header.accept-ranges=bytes response.header.age=1785656 response.header.cache-control="public, max-age=14400" response.header.cf-cache-status=HIT response.header.cf-ray=9fa8d288ec5be41a-LAX response.header.connection=keep-alive response.header.content-length=477 response.header.content-type=application/octet-stream response.header.date="Tue, 12 May 2026 10:43:26 GMT" response.header.etag="\"c46bd0a2ef34a2e1cb26ece27b8becf9\"" response.header.expires="Tue, 12 May 2026 14:43:26 GMT" response.header.last-modified="Tue, 24 Mar 2026 18:39:27 GMT" response.header.server=cloudflare response.header.set-cookie="__cf_bm=QQI5VE_QbtfagCydTgXtdx2hmVz7WteXtU157gzCEo0-1778582606.226165-1.0.1.1-AxjyFJYKJ5U9Edz8ioLeBr5WD3en5ciY5S2INFBzOwN.pbkBFepX1g3ZjhA89p7.uZoTmc2JMu3N1p6GGtwz4fVqwmQyjyKzcBVdNsbYMrPz5rq648Mr.aYwHEA1TAae; HttpOnly; SameSite=None; Secure; Path=/; Domain=production.cloudflare.docker.com; Expires=Tue, 12 May 2026 11:13:26 GMT" response.header.vary=Accept-Encoding response.header.x-amz-id-2=ye8bnAsNXGcJn5axzSrxy1TyUoUz0gcQGE85muaLDCzKEleCmp4ilHrTVKkeZBKD2TKEA4VY6GBrcEpERhj6ghAb95rsyh4M response.header.x-amz-request-id=HQD8FRXVSZ3P72EW response.header.x-amz-server-side-encryption=AES256 response.header.x-amz-version-id=10k.tGg_G55ZlrWU86uwXzzlfb.ypEED response.status="200 OK" span="resolving docker.io/library/busybox:latest" spanID=0dc5c9bbf71f5d46 traceID=1d7ad35139f409e03f9dd784ad54bc8d
2026-05-12T10:46:29.1767095Z time="2026-05-12T10:43:26Z" level=debug msg="fetch response received" response.header.accept-ranges=bytes response.header.age=68758 response.header.cache-control="public, max-age=14400" response.header.cf-cache-status=HIT response.header.cf-ray=9fa8d2891cd5e41a-LAX response.header.connection=keep-alive response.header.content-length=925 response.header.content-type=application/octet-stream response.header.date="Tue, 12 May 2026 10:43:26 GMT" response.header.etag="\"b10aaa431c6a8047af1e9a92313319b6\"" response.header.expires="Tue, 12 May 2026 14:43:26 GMT" response.header.last-modified="Fri, 05 Dec 2025 10:17:03 GMT" response.header.server=cloudflare response.header.set-cookie="__cf_bm=gZDYjv0kNfUfhP0S2gKdopFV50n3ze7jgPh.ATzLDfw-1778582606.2550802-1.0.1.1-8SfBOT5gup3o6flJN9O87N30Q.dm1pepmyojjP7YFLYnnkJqyBdr5H9uLbAKUrWWptidRBB4qZkvSmzyWdwiuOdL22tZakTPTBmCXginNMHHno9GauITGobNEue6gi8t; HttpOnly; SameSite=None; Secure; Path=/; Domain=production.cloudflare.docker.com; Expires=Tue, 12 May 2026 11:13:26 GMT" response.header.vary=Accept-Encoding response.header.x-amz-id-2=48VBMhx8vl+p1vNNSOTBOX8n8batc+jRWAWhLu/swRQjSnEZ2TRfrqOXbNsDa/hCLkkUQN+XlCT7Z1MfS0Wk6ztOmBpqkx3j response.header.x-amz-request-id=ZAAYAYCX76H3E3B6 response.header.x-amz-server-side-encryption=AES256 response.header.x-amz-version-id=yGdT4a3ITG1nCKddL1GzQGzIpkeXocNm response.status="200 OK" span="resolving docker.io/tonistiigi/xx:1.9.0" spanID=8c0171cf581d23a8 traceID=1d7ad35139f409e03f9dd784ad54bc8d
2026-05-12T10:46:29.1773289Z time="2026-05-12T10:43:29Z" level=debug msg="parsed token: scopes: [{Scope:refs/heads/master Permission:Read|Write}], issued: 2026-05-12 10:37:30 +0000 UTC, expires: 2026-05-12 16:52:30 +0000 UTC"
2026-05-12T10:46:29.1774414Z time="2026-05-12T10:43:29Z" level=debug msg="checked for cached auth handler namespace" cached=true key="docker.io/tonistiigi/xx::pull" name=docker.io/tonistiigi/xx scope=pull
2026-05-12T10:46:29.1775505Z time="2026-05-12T10:43:29Z" level=debug msg="checked for cached auth handler namespace" cached=true key="docker.io/library/busybox::pull" name=docker.io/library/busybox scope=pull
2026-05-12T10:46:29.1776591Z time="2026-05-12T10:43:29Z" level=debug msg="checked for cached auth handler namespace" cached=true key="docker.io/library/golang::pull" name=docker.io/library/golang scope=pull
2026-05-12T10:46:29.1777970Z time="2026-05-12T10:43:29Z" level=debug msg=fetch digest="sha256:c64defb9ed5a91eacb37f96ccc3d4cd72521c4bd18d5442905b95e2226b0e707" mediatype=application/vnd.oci.image.index.v1+json size=10708 spanID=551265a810399fc0 traceID=1d7ad35139f409e03f9dd784ad54bc8d
2026-05-12T10:46:29.1779609Z time="2026-05-12T10:43:29Z" level=debug msg=fetch digest="sha256:1487d0af5f52b4ba31c7e465126ee2123fe3f2305d638e7827681e7cf6c83d5e" mediatype=application/vnd.oci.image.index.v1+json size=9535 spanID=551265a810399fc0 traceID=1d7ad35139f409e03f9dd784ad54bc8d
2026-05-12T10:46:29.1781334Z time="2026-05-12T10:43:29Z" level=debug msg=fetch digest="sha256:252599aeb51ad60b83e4d8821802068127c528c707cb7dd7afd93be057c6011c" mediatype=application/vnd.oci.image.index.v1+json size=9095 spanID=551265a810399fc0 traceID=1d7ad35139f409e03f9dd784ad54bc8d
2026-05-12T10:46:29.1782980Z time="2026-05-12T10:43:29Z" level=debug msg=fetch digest="sha256:b98254c2dbbb3542c91cc23a810a264ef2adf2c0ef954dd4940d304a06a155da" mediatype=application/vnd.oci.image.manifest.v1+json size=478 spanID=551265a810399fc0 traceID=1d7ad35139f409e03f9dd784ad54bc8d
2026-05-12T10:46:29.1784632Z time="2026-05-12T10:43:29Z" level=debug msg=fetch digest="sha256:c4e5b27bf840ba1ebd5568b6b914f6926f3559b2ad4f505b1f37aae483b907d6" mediatype=application/vnd.oci.image.manifest.v1+json size=610 spanID=551265a810399fc0 traceID=1d7ad35139f409e03f9dd784ad54bc8d
2026-05-12T10:46:29.1786280Z time="2026-05-12T10:43:29Z" level=debug msg=fetch digest="sha256:519114ff1aa6dd6af622824f1cff611e1a3dc5582acede013495f82d0843525d" mediatype=application/vnd.oci.image.manifest.v1+json size=2324 spanID=551265a810399fc0 traceID=1d7ad35139f409e03f9dd784ad54bc8d
2026-05-12T10:46:29.1787920Z time="2026-05-12T10:43:29Z" level=debug msg=fetch digest="sha256:6c47c6a67df5bb611706dea341fabdbdbc65714f8eb1433d29fc8df02fd5c2a0" mediatype=application/vnd.oci.image.config.v1+json size=925 spanID=551265a810399fc0 traceID=1d7ad35139f409e03f9dd784ad54bc8d
2026-05-12T10:46:29.1789562Z time="2026-05-12T10:43:29Z" level=debug msg=fetch digest="sha256:274e4c20767202acbc4472fbb20ab1dede1d08ec91db5ec68154b884f799b15f" mediatype=application/vnd.oci.image.config.v1+json size=477 spanID=551265a810399fc0 traceID=1d7ad35139f409e03f9dd784ad54bc8d
2026-05-12T10:46:29.1791493Z time="2026-05-12T10:43:29Z" level=debug msg=fetch digest="sha256:ff68555eb5f82fc5410aeb3f7a439f5b3f5dd846995fc148a0d97bc4b901854a" mediatype=application/vnd.oci.image.config.v1+json size=3080 spanID=551265a810399fc0 traceID=1d7ad35139f409e03f9dd784ad54bc8d
2026-05-12T10:46:29.1793752Z time="2026-05-12T10:43:30Z" level=debug msg="signature verification: &{Kind:Docker GitHub Builder SignatureType:Sigstore Bundle Signer:0x226f89ca7080 Timestamps:[{Type:Tlog URI:https://rekor.sigstore.dev Timestamp:2026-05-11 19:32:40 +0000 UTC} {Type:TimestampAuthority URI:https://timestamp.sigstore.dev/api/v1/timestamp Timestamp:2026-05-11 19:32:39 +0000 UTC}] DockerReference: TrustRootStatus:{Error: LastUpdated:<nil>} IsDHI:false}"
2026-05-12T10:46:29.1799773Z time="2026-05-12T10:43:30Z" level=debug msg="signer: &{CertificateIssuer:CN=sigstore-intermediate,O=sigstore.dev SubjectAlternativeName:https://github.com/docker/github-builder/.github/workflows/bake.yml@c2782c55efa56a01b9c30021db8f5ec3993228a3 Extensions:{Issuer:https://token.actions.githubusercontent.com GithubWorkflowTrigger:push GithubWorkflowSHA:cc511e685a40c59273de506a5f99ca35a9783632 GithubWorkflowName:bin-image GithubWorkflowRepository:moby/moby GithubWorkflowRef:refs/heads/master BuildSignerURI:https://github.com/docker/github-builder/.github/workflows/bake.yml@c2782c55efa56a01b9c30021db8f5ec3993228a3 BuildSignerDigest:c2782c55efa56a01b9c30021db8f5ec3993228a3 RunnerEnvironment:github-hosted SourceRepositoryURI:https://github.com/moby/moby SourceRepositoryDigest:cc511e685a40c59273de506a5f99ca35a9783632 SourceRepositoryRef:refs/heads/master SourceRepositoryIdentifier:7691631 SourceRepositoryOwnerURI:https://github.com/moby SourceRepositoryOwnerIdentifier:27259197 BuildConfigURI:https://github.com/moby/moby/.github/workflows/bin-image.yml@refs/heads/master BuildConfigDigest:cc511e685a40c59273de506a5f99ca35a9783632 BuildTrigger:push RunInvocationURI:https://github.com/moby/moby/actions/runs/25692359746/attempts/1 SourceRepositoryVisibilityAtSigning:public}}"
2026-05-12T10:46:29.1805165Z time="2026-05-12T10:43:30Z" level=debug msg="certificate field \"subjectAlternativeName\" matches policy (\"https://github.com/docker/github-builder/.github/workflows/bake.yml@c2782c55efa56a01b9c30021db8f5ec3993228a3\")"
2026-05-12T10:46:29.1806299Z time="2026-05-12T10:43:30Z" level=debug msg="certificate field \"issuer\" matches policy (\"https://token.actions.githubusercontent.com\")"
2026-05-12T10:46:29.1807105Z time="2026-05-12T10:43:30Z" level=debug msg="certificate field \"githubWorkflowRepository\" matches policy (\"moby/moby\")"
2026-05-12T10:46:29.1807840Z time="2026-05-12T10:43:30Z" level=debug msg="certificate field \"runnerEnvironment\" matches policy (\"github-hosted\")"
2026-05-12T10:46:29.1808627Z time="2026-05-12T10:43:30Z" level=debug msg="certificate field \"sourceRepositoryURI\" matches policy (\"https://github.com/moby/moby\")"
2026-05-12T10:46:29.1809600Z time="2026-05-12T10:43:30Z" level=debug msg="checked for cached auth handler namespace" cached=true key="docker.io/tonistiigi/xx::pull" name=docker.io/tonistiigi/xx scope=pull
2026-05-12T10:46:29.1810784Z time="2026-05-12T10:43:30Z" level=debug msg="checked for cached auth handler namespace" cached=true key="docker.io/tonistiigi/xx::pull" name=docker.io/tonistiigi/xx scope=pull
2026-05-12T10:46:29.1812165Z time="2026-05-12T10:43:31Z" level=debug msg=fetch digest="sha256:64c1651c839051d1f9be192cc64b8139fd88dd0db7c0fddbf6d6e567e910b342" mediatype=application/vnd.oci.image.layer.v1.tar+gzip size=17699 spanID=eb91253e1e07f947 traceID=1d7ad35139f409e03f9dd784ad54bc8d
2026-05-12T10:46:29.1814070Z time="2026-05-12T10:43:31Z" level=debug msg="fetching layer" chunk_size=0 digest="sha256:64c1651c839051d1f9be192cc64b8139fd88dd0db7c0fddbf6d6e567e910b342" initial_parallelism=0 mediatype=application/vnd.oci.image.layer.v1.tar+gzip offset=0 parallelism=1 size=17699 spanID=eb91253e1e07f947 traceID=1d7ad35139f409e03f9dd784ad54bc8d
2026-05-12T10:46:29.1817246Z time="2026-05-12T10:43:31Z" level=debug msg="do request" digest="sha256:64c1651c839051d1f9be192cc64b8139fd88dd0db7c0fddbf6d6e567e910b342" mediatype=application/vnd.oci.image.layer.v1.tar+gzip request.header.accept="application/vnd.oci.image.layer.v1.tar+gzip, */*" request.header.accept-encoding="zstd;q=1.0, gzip;q=0.8, deflate;q=0.5" request.header.user-agent=buildkit/v0.29 request.method=GET size=17699 spanID=eb91253e1e07f947 traceID=1d7ad35139f409e03f9dd784ad54bc8d url="https://registry-1.docker.io/v2/tonistiigi/xx/blobs/sha256:64c1651c839051d1f9be192cc64b8139fd88dd0db7c0fddbf6d6e567e910b342"
2026-05-12T10:46:29.1825195Z time="2026-05-12T10:43:31Z" level=debug msg="fetch response received" digest="sha256:64c1651c839051d1f9be192cc64b8139fd88dd0db7c0fddbf6d6e567e910b342" mediatype=application/vnd.oci.image.layer.v1.tar+gzip response.header.accept-ranges=bytes response.header.age=353551 response.header.cache-control="public, max-age=14400" response.header.cf-cache-status=HIT response.header.cf-ray=9fa8d2a7be23e41a-LAX response.header.connection=keep-alive response.header.content-length=17699 response.header.content-type=application/octet-stream response.header.date="Tue, 12 May 2026 10:43:31 GMT" response.header.etag="\"da06b89fbb4a8ffeea64bbca685aac35\"" response.header.expires="Tue, 12 May 2026 14:43:31 GMT" response.header.last-modified="Fri, 05 Dec 2025 10:17:03 GMT" response.header.server=cloudflare response.header.set-cookie="__cf_bm=fufW5bHj.OU4LAh9C3mc51u_HF.CdS7Tj1OZzFSYzhE-1778582611.1549752-1.0.1.1-EyLT6qC4ZiSAEVCGah2WWtaOTAbBtpeFBM14OiEZZJVlgaQuBhV3H5KdPS6zijZvhU50rRehXeqbIwhOhljmPI1C0ADsCig.bxo0ekfgx4qJXe1cedclaspvzedTtgGE; HttpOnly; SameSite=None; Secure; Path=/; Domain=production.cloudflare.docker.com; Expires=Tue, 12 May 2026 11:13:31 GMT" response.header.vary=Accept-Encoding response.header.x-amz-id-2="5ppS83f/IBpk0ZoeEeJf0Lo/YWg1FnDhw3hoc5FXdOXtsPjDzW8abKgAKf6wxnV5D6sGlNI/Piw=" response.header.x-amz-request-id=WVVWJ5P3DD9490YH response.header.x-amz-server-side-encryption=AES256 response.header.x-amz-version-id=odP6h7OmeLY7ibhO3oC8Y.hbXwnR7PCt response.status="200 OK" size=17699 spanID=eb91253e1e07f947 traceID=1d7ad35139f409e03f9dd784ad54bc8d url="https://registry-1.docker.io/v2/tonistiigi/xx/blobs/sha256:64c1651c839051d1f9be192cc64b8139fd88dd0db7c0fddbf6d6e567e910b342"
2026-05-12T10:46:29.1832348Z time="2026-05-12T10:43:31Z" level=debug msg="diff applied" d=2.031974ms digest="sha256:64c1651c839051d1f9be192cc64b8139fd88dd0db7c0fddbf6d6e567e910b342" media=application/vnd.oci.image.layer.v1.tar+gzip size=17699 span=extract spanID=03351063a749adf1 traceID=1d7ad35139f409e03f9dd784ad54bc8d
2026-05-12T10:46:29.1833829Z time="2026-05-12T10:43:31Z" level=debug msg="checked for cached auth handler namespace" cached=true key="docker.io/library/golang::pull" name=docker.io/library/golang scope=pull
2026-05-12T10:46:29.1834919Z time="2026-05-12T10:43:31Z" level=debug msg="checked for cached auth handler namespace" cached=true key="docker.io/library/golang::pull" name=docker.io/library/golang scope=pull
2026-05-12T10:46:29.1836297Z time="2026-05-12T10:43:32Z" level=debug msg=fetch digest="sha256:4f4fb700ef54461cfa02571ae0db9a0dc1e0cdb5577484a6d75e68dc38e8acc1" mediatype=application/vnd.oci.image.layer.v1.tar+gzip size=32 spanID=7427ebbdbaa5857d traceID=1d7ad35139f409e03f9dd784ad54bc8d
2026-05-12T10:46:29.1837964Z time="2026-05-12T10:43:32Z" level=debug msg=fetch digest="sha256:0329f9bfefbf52f9c7eeeee3bce3970cb4e615b2fc03fc40ed3a7baaba1abd74" mediatype=application/vnd.oci.image.layer.v1.tar+gzip size=125 spanID=7427ebbdbaa5857d traceID=1d7ad35139f409e03f9dd784ad54bc8d
2026-05-12T10:46:29.1839645Z time="2026-05-12T10:43:32Z" level=debug msg=fetch digest="sha256:50b5b71d08511537910256dd369d97ff599afa038eb82ea0b5f09585c2bb3663" mediatype=application/vnd.oci.image.layer.v1.tar+gzip size=86555480 spanID=7427ebbdbaa5857d traceID=1d7ad35139f409e03f9dd784ad54bc8d
2026-05-12T10:46:29.1841550Z time="2026-05-12T10:43:32Z" level=debug msg=fetch digest="sha256:3cd5c3bf1fab727b805a2f735f33789c10938680bdeb2f8922a44aa2738df91f" mediatype=application/vnd.oci.image.layer.v1.tar+gzip size=64479741 spanID=7427ebbdbaa5857d traceID=1d7ad35139f409e03f9dd784ad54bc8d
2026-05-12T10:46:29.1843264Z time="2026-05-12T10:43:32Z" level=debug msg=fetch digest="sha256:99fa76ba696f7dc4b9e2330d4ae7c03a0f4b2c055caa94b353f7f600a6dab0c6" mediatype=application/vnd.oci.image.layer.v1.tar+gzip size=64167785 spanID=7427ebbdbaa5857d traceID=1d7ad35139f409e03f9dd784ad54bc8d
2026-05-12T10:46:29.1844957Z time="2026-05-12T10:43:32Z" level=debug msg=fetch digest="sha256:19f56578c9577bd69a05b2319baacd770a986ae61a8568047ddd91db1a1893b4" mediatype=application/vnd.oci.image.layer.v1.tar+gzip size=23609357 spanID=7427ebbdbaa5857d traceID=1d7ad35139f409e03f9dd784ad54bc8d
2026-05-12T10:46:29.1846822Z time="2026-05-12T10:43:32Z" level=debug msg=fetch digest="sha256:8eda28c6ece628fdff982fd6c7c1cd1f5eeccc51cfd0a3ee9155b2ccbdcc68a3" mediatype=application/vnd.oci.image.layer.v1.tar+gzip size=48373150 spanID=7427ebbdbaa5857d traceID=1d7ad35139f409e03f9dd784ad54bc8d
2026-05-12T10:46:29.1848741Z time="2026-05-12T10:43:32Z" level=debug msg="fetching layer" chunk_size=0 digest="sha256:4f4fb700ef54461cfa02571ae0db9a0dc1e0cdb5577484a6d75e68dc38e8acc1" initial_parallelism=0 mediatype=application/vnd.oci.image.layer.v1.tar+gzip offset=0 parallelism=1 size=32 spanID=7427ebbdbaa5857d traceID=1d7ad35139f409e03f9dd784ad54bc8d
2026-05-12T10:46:29.1851854Z time="2026-05-12T10:43:32Z" level=debug msg="do request" digest="sha256:4f4fb700ef54461cfa02571ae0db9a0dc1e0cdb5577484a6d75e68dc38e8acc1" mediatype=application/vnd.oci.image.layer.v1.tar+gzip request.header.accept="application/vnd.oci.image.layer.v1.tar+gzip, */*" request.header.accept-encoding="zstd;q=1.0, gzip;q=0.8, deflate;q=0.5" request.header.user-agent=buildkit/v0.29 request.method=GET size=32 spanID=7427ebbdbaa5857d traceID=1d7ad35139f409e03f9dd784ad54bc8d url="https://registry-1.docker.io/v2/library/golang/blobs/sha256:4f4fb700ef54461cfa02571ae0db9a0dc1e0cdb5577484a6d75e68dc38e8acc1"
2026-05-12T10:46:29.1854891Z time="2026-05-12T10:43:32Z" level=debug msg="fetching layer" chunk_size=0 digest="sha256:0329f9bfefbf52f9c7eeeee3bce3970cb4e615b2fc03fc40ed3a7baaba1abd74" initial_parallelism=0 mediatype=application/vnd.oci.image.layer.v1.tar+gzip offset=0 parallelism=1 size=125 spanID=7427ebbdbaa5857d traceID=1d7ad35139f409e03f9dd784ad54bc8d
2026-05-12T10:46:29.1857944Z time="2026-05-12T10:43:32Z" level=debug msg="do request" digest="sha256:0329f9bfefbf52f9c7eeeee3bce3970cb4e615b2fc03fc40ed3a7baaba1abd74" mediatype=application/vnd.oci.image.layer.v1.tar+gzip request.header.accept="application/vnd.oci.image.layer.v1.tar+gzip, */*" request.header.accept-encoding="zstd;q=1.0, gzip;q=0.8, deflate;q=0.5" request.header.user-agent=buildkit/v0.29 request.method=GET size=125 spanID=7427ebbdbaa5857d traceID=1d7ad35139f409e03f9dd784ad54bc8d url="https://registry-1.docker.io/v2/library/golang/blobs/sha256:0329f9bfefbf52f9c7eeeee3bce3970cb4e615b2fc03fc40ed3a7baaba1abd74"
2026-05-12T10:46:29.1861083Z time="2026-05-12T10:43:32Z" level=debug msg="fetching layer" chunk_size=0 digest="sha256:50b5b71d08511537910256dd369d97ff599afa038eb82ea0b5f09585c2bb3663" initial_parallelism=0 mediatype=application/vnd.oci.image.layer.v1.tar+gzip offset=0 parallelism=1 size=86555480 spanID=7427ebbdbaa5857d traceID=1d7ad35139f409e03f9dd784ad54bc8d
2026-05-12T10:46:29.1864152Z time="2026-05-12T10:43:32Z" level=debug msg="do request" digest="sha256:50b5b71d08511537910256dd369d97ff599afa038eb82ea0b5f09585c2bb3663" mediatype=application/vnd.oci.image.layer.v1.tar+gzip request.header.accept="application/vnd.oci.image.layer.v1.tar+gzip, */*" request.header.accept-encoding="zstd;q=1.0, gzip;q=0.8, deflate;q=0.5" request.header.user-agent=buildkit/v0.29 request.method=GET size=86555480 spanID=7427ebbdbaa5857d traceID=1d7ad35139f409e03f9dd784ad54bc8d url="https://registry-1.docker.io/v2/library/golang/blobs/sha256:50b5b71d08511537910256dd369d97ff599afa038eb82ea0b5f09585c2bb3663"
2026-05-12T10:46:29.1867313Z time="2026-05-12T10:43:32Z" level=debug msg="fetching layer" chunk_size=0 digest="sha256:3cd5c3bf1fab727b805a2f735f33789c10938680bdeb2f8922a44aa2738df91f" initial_parallelism=0 mediatype=application/vnd.oci.image.layer.v1.tar+gzip offset=0 parallelism=1 size=64479741 spanID=7427ebbdbaa5857d traceID=1d7ad35139f409e03f9dd784ad54bc8d
2026-05-12T10:46:29.1870519Z time="2026-05-12T10:43:32Z" level=debug msg="do request" digest="sha256:3cd5c3bf1fab727b805a2f735f33789c10938680bdeb2f8922a44aa2738df91f" mediatype=application/vnd.oci.image.layer.v1.tar+gzip request.header.accept="application/vnd.oci.image.layer.v1.tar+gzip, */*" request.header.accept-encoding="zstd;q=1.0, gzip;q=0.8, deflate;q=0.5" request.header.user-agent=buildkit/v0.29 request.method=GET size=64479741 spanID=7427ebbdbaa5857d traceID=1d7ad35139f409e03f9dd784ad54bc8d url="https://registry-1.docker.io/v2/library/golang/blobs/sha256:3cd5c3bf1fab727b805a2f735f33789c10938680bdeb2f8922a44aa2738df91f"
2026-05-12T10:46:29.1878184Z time="2026-05-12T10:43:32Z" level=debug msg="fetch response received" digest="sha256:4f4fb700ef54461cfa02571ae0db9a0dc1e0cdb5577484a6d75e68dc38e8acc1" mediatype=application/vnd.oci.image.layer.v1.tar+gzip response.header.accept-ranges=bytes response.header.age=405531 response.header.cache-control="public, max-age=14400" response.header.cf-cache-status=HIT response.header.cf-ray=9fa8d2af7a20e41a-LAX response.header.connection=keep-alive response.header.content-length=32 response.header.content-type=application/octet-stream response.header.date="Tue, 12 May 2026 10:43:32 GMT" response.header.etag="\"0c981b7b1e0a1ffa5aa2e85ce10addf7\"" response.header.expires="Tue, 12 May 2026 14:43:32 GMT" response.header.last-modified="Tue, 07 Mar 2017 15:01:14 GMT" response.header.server=cloudflare response.header.set-cookie="__cf_bm=bLU4LJY4Q0cW6KPBdyi4QsCKKlLR_VrUV6PCUHnjM2c-1778582612.392416-1.0.1.1-8WpgYts78GiQ_vxKsZ_zYkBvlNN2c55urKza003hsdfqs5pK_j6fZ2sDDB1qi6fm1OBXQ._1xpSUUvbGAdRf5SulBatHd6bDKo8NgULV1dWjBwwLZMOl.pV2NH2HCxBO; HttpOnly; SameSite=None; Secure; Path=/; Domain=production.cloudflare.docker.com; Expires=Tue, 12 May 2026 11:13:32 GMT" response.header.vary=Accept-Encoding response.header.x-amz-id-2="5mTN0laluF7w88zNneEeVA+es9d81OT+3D0kPAs+hropqrlDb4Qye/zSgCHMLKhGhXWlNVE1Rl8=" response.header.x-amz-request-id=96K84R8QAWJ2210Y response.header.x-amz-version-id=LAYyCSQew06o7Ea1PuAbExWijcT8O9Ci response.status="200 OK" size=32 spanID=7427ebbdbaa5857d traceID=1d7ad35139f409e03f9dd784ad54bc8d url="https://registry-1.docker.io/v2/library/golang/blobs/sha256:4f4fb700ef54461cfa02571ae0db9a0dc1e0cdb5577484a6d75e68dc38e8acc1"
2026-05-12T10:46:29.1885001Z time="2026-05-12T10:43:32Z" level=debug msg="fetching layer" chunk_size=0 digest="sha256:99fa76ba696f7dc4b9e2330d4ae7c03a0f4b2c055caa94b353f7f600a6dab0c6" initial_parallelism=0 mediatype=application/vnd.oci.image.layer.v1.tar+gzip offset=0 parallelism=1 size=64167785 spanID=7427ebbdbaa5857d traceID=1d7ad35139f409e03f9dd784ad54bc8d
2026-05-12T10:46:29.1888074Z time="2026-05-12T10:43:32Z" level=debug msg="do request" digest="sha256:99fa76ba696f7dc4b9e2330d4ae7c03a0f4b2c055caa94b353f7f600a6dab0c6" mediatype=application/vnd.oci.image.layer.v1.tar+gzip request.header.accept="application/vnd.oci.image.layer.v1.tar+gzip, */*" request.header.accept-encoding="zstd;q=1.0, gzip;q=0.8, deflate;q=0.5" request.header.user-agent=buildkit/v0.29 request.method=GET size=64167785 spanID=7427ebbdbaa5857d traceID=1d7ad35139f409e03f9dd784ad54bc8d url="https://registry-1.docker.io/v2/library/golang/blobs/sha256:99fa76ba696f7dc4b9e2330d4ae7c03a0f4b2c055caa94b353f7f600a6dab0c6"
2026-05-12T10:46:29.1896061Z time="2026-05-12T10:43:32Z" level=debug msg="fetch response received" digest="sha256:50b5b71d08511537910256dd369d97ff599afa038eb82ea0b5f09585c2bb3663" mediatype=application/vnd.oci.image.layer.v1.tar+gzip response.header.accept-ranges=bytes response.header.age=304048 response.header.cache-control="public, max-age=14400" response.header.cf-cache-status=HIT response.header.cf-ray=9fa8d2afbac5e41a-LAX response.header.connection=keep-alive response.header.content-length=86555480 response.header.content-type=application/octet-stream response.header.date="Tue, 12 May 2026 10:43:32 GMT" response.header.etag="\"7efd367a8fb091f049415946085c9855-3\"" response.header.expires="Tue, 12 May 2026 14:43:32 GMT" response.header.last-modified="Fri, 08 May 2026 21:17:53 GMT" response.header.server=cloudflare response.header.set-cookie="__cf_bm=sdOPhvXuhJOIe.GJuDrkbiitOAeyqfQR3ErNQ342Pro-1778582612.434844-1.0.1.1-QBewpF7D9PCd_fZUeu7RLXGS6ra6S2QSoVQ6Gxn3CzcJEjaSF.NVDPm5sIsQQvd.q03AU_6CwoHeJ4VZScn75oe7z1Afdqdldg4Prm71b9N1T9bdAaZ6wplPIrwxZ2QZ; HttpOnly; SameSite=None; Secure; Path=/; Domain=production.cloudflare.docker.com; Expires=Tue, 12 May 2026 11:13:32 GMT" response.header.vary=Accept-Encoding response.header.x-amz-id-2="36RX+EHUed/i0UcJrEkAhiuCaL3m+D+DYrcVVzp0QwMH3fNrywliCo793cL7lim12SllB6iu0lA=" response.header.x-amz-request-id=CPQZNJASZKCZ9VTZ response.header.x-amz-server-side-encryption=AES256 response.header.x-amz-version-id=eqKZkELKMWyWeFjAF6OVBJTu_SqIvaL3 response.status="200 OK" size=86555480 spanID=7427ebbdbaa5857d traceID=1d7ad35139f409e03f9dd784ad54bc8d url="https://registry-1.docker.io/v2/library/golang/blobs/sha256:50b5b71d08511537910256dd369d97ff599afa038eb82ea0b5f09585c2bb3663"
2026-05-12T10:46:29.1908088Z time="2026-05-12T10:43:32Z" level=debug msg="fetch response received" digest="sha256:0329f9bfefbf52f9c7eeeee3bce3970cb4e615b2fc03fc40ed3a7baaba1abd74" mediatype=application/vnd.oci.image.layer.v1.tar+gzip response.header.accept-ranges=bytes response.header.age=306855 response.header.cache-control="public, max-age=14400" response.header.cf-cache-status=HIT response.header.cf-ray=9fa8d2af9d0e17c1-LAX response.header.connection=keep-alive response.header.content-length=125 response.header.content-type=application/octet-stream response.header.date="Tue, 12 May 2026 10:43:32 GMT" response.header.etag="\"93976bc723688ca6934e74184202416e\"" response.header.expires="Tue, 12 May 2026 14:43:32 GMT" response.header.last-modified="Fri, 08 May 2026 21:17:51 GMT" response.header.server=cloudflare response.header.set-cookie="__cf_bm=Hw6gpNYkN7GOw1rfyLCEnSOrPrjPIgpjxcDd2g42vaQ-1778582612.4118521-1.0.1.1-MhJRZmwhaI4PiF2Ch4Sqt5Z_nebZRt0luYt_tyKxSpxCSTHKm8swdwhVTz9VNiPk3wTtkRpwP3de58wcRqQHBGK6birK76jyqYpcdaWvgAsjHd_xCkkbe5_x0IoIHfBs; HttpOnly; SameSite=None; Secure; Path=/; Domain=production.cloudflare.docker.com; Expires=Tue, 12 May 2026 11:13:32 GMT" response.header.vary=Accept-Encoding response.header.x-amz-id-2=8LYsntor87i3OwtRx9BhWerba6ODaBXx3h0rSTnphDVYQ1tqKoj/e2WvnjZfboEQbZquuoJQapnRYxJIY5IUQh/MY85cDa91 response.header.x-amz-request-id=E5BQJ5YK0QS7G1SK response.header.x-amz-server-side-encryption=AES256 response.header.x-amz-version-id=dAPTMBJIO1h_HxZxCK0NnRD0b03IGFLw response.status="200 OK" size=125 spanID=7427ebbdbaa5857d traceID=1d7ad35139f409e03f9dd784ad54bc8d url="https://registry-1.docker.io/v2/library/golang/blobs/sha256:0329f9bfefbf52f9c7eeeee3bce3970cb4e615b2fc03fc40ed3a7baaba1abd74"
2026-05-12T10:46:29.1915255Z time="2026-05-12T10:43:32Z" level=debug msg="fetching layer" chunk_size=0 digest="sha256:19f56578c9577bd69a05b2319baacd770a986ae61a8568047ddd91db1a1893b4" initial_parallelism=0 mediatype=application/vnd.oci.image.layer.v1.tar+gzip offset=0 parallelism=1 size=23609357 spanID=7427ebbdbaa5857d traceID=1d7ad35139f409e03f9dd784ad54bc8d
2026-05-12T10:46:29.1918316Z time="2026-05-12T10:43:32Z" level=debug msg="do request" digest="sha256:19f56578c9577bd69a05b2319baacd770a986ae61a8568047ddd91db1a1893b4" mediatype=application/vnd.oci.image.layer.v1.tar+gzip request.header.accept="application/vnd.oci.image.layer.v1.tar+gzip, */*" request.header.accept-encoding="zstd;q=1.0, gzip;q=0.8, deflate;q=0.5" request.header.user-agent=buildkit/v0.29 request.method=GET size=23609357 spanID=7427ebbdbaa5857d traceID=1d7ad35139f409e03f9dd784ad54bc8d url="https://registry-1.docker.io/v2/library/golang/blobs/sha256:19f56578c9577bd69a05b2319baacd770a986ae61a8568047ddd91db1a1893b4"
2026-05-12T10:46:29.1926614Z time="2026-05-12T10:43:32Z" level=debug msg="fetch response received" digest="sha256:3cd5c3bf1fab727b805a2f735f33789c10938680bdeb2f8922a44aa2738df91f" mediatype=application/vnd.oci.image.layer.v1.tar+gzip response.header.accept-ranges=bytes response.header.age=307634 response.header.cache-control="public, max-age=14400" response.header.cf-cache-status=HIT response.header.cf-ray=9fa8d2afed8517c1-LAX response.header.connection=keep-alive response.header.content-length=64479741 response.header.content-type=application/octet-stream response.header.date="Tue, 12 May 2026 10:43:32 GMT" response.header.etag="\"2f89f87af3b35f76df3757b185e07165-2\"" response.header.expires="Tue, 12 May 2026 14:43:32 GMT" response.header.last-modified="Fri, 08 May 2026 20:32:11 GMT" response.header.server=cloudflare response.header.set-cookie="__cf_bm=v9RhEiXMjaUrSxUUqalXFwIUku13OMxJymVAJYMsjUg-1778582612.4608865-1.0.1.1-srnOkN5FdbHUtuBFF3NYAJHr55ydb.Pu0gbVwKWHDNt1p8QWve0.cQ2cPDbCHZl0Lktb4kKTXYKznXfSchb0BOQQxNq0WBaIESHP9Q5PHwkUN3LUzBb5AYttgPt0PdtI; HttpOnly; SameSite=None; Secure; Path=/; Domain=production.cloudflare.docker.com; Expires=Tue, 12 May 2026 11:13:32 GMT" response.header.vary=Accept-Encoding response.header.x-amz-id-2=rspzM1yaF5D6HvGTE6Hqs0gKZfQAkKi8vNBAxYmzaQpzH2sNi6wq9l/sz7UMBAGtc/j+lFt6nfAY/DYVuU28+/b7it1WwjLp response.header.x-amz-request-id=KZHR68P2SD8MNJHB response.header.x-amz-server-side-encryption=AES256 response.header.x-amz-version-id=dLhPEcTw4b2k0PPb_QajfHGmKH8yq1sq response.status="200 OK" size=64479741 spanID=7427ebbdbaa5857d traceID=1d7ad35139f409e03f9dd784ad54bc8d url="https://registry-1.docker.io/v2/library/golang/blobs/sha256:3cd5c3bf1fab727b805a2f735f33789c10938680bdeb2f8922a44aa2738df91f"
2026-05-12T10:46:29.1938893Z time="2026-05-12T10:43:32Z" level=debug msg="fetch response received" digest="sha256:99fa76ba696f7dc4b9e2330d4ae7c03a0f4b2c055caa94b353f7f600a6dab0c6" mediatype=application/vnd.oci.image.layer.v1.tar+gzip response.header.accept-ranges=bytes response.header.age=406515 response.header.cache-control="public, max-age=14400" response.header.cf-cache-status=HIT response.header.cf-ray=9fa8d2b03dae1b45-LAX response.header.connection=keep-alive response.header.content-length=64167785 response.header.content-type=application/octet-stream response.header.date="Tue, 12 May 2026 10:43:32 GMT" response.header.etag="\"29ab9d70f0ff8c58d5c6a46b59e50919-2\"" response.header.expires="Tue, 12 May 2026 14:43:32 GMT" response.header.last-modified="Thu, 07 May 2026 17:42:45 GMT" response.header.server=cloudflare response.header.set-cookie="__cf_bm=2Kl0zjiCA9OiIGdd4oHR497YPl9ltm7C_jDtDehnor0-1778582612.5144815-1.0.1.1-J8WHU2ZkBoN2a7wY6.R31aIcG8VICGJsJDeUm5ger3JzdWwPQKIg6em4oacJxqzC0hLreUHW0NETrPTj7q3u14vakZsr5AE9jVQiF_KNOfdE4tvAV9M6HvgmDU5ceA_k; HttpOnly; SameSite=None; Secure; Path=/; Domain=production.cloudflare.docker.com; Expires=Tue, 12 May 2026 11:13:32 GMT" response.header.vary=Accept-Encoding response.header.x-amz-id-2="AATsBMwy13T2sYPeN1Oj0K5CVdPERWID970Z+SNEbDdsFf1qQ3kRlgmiBadp6FwGoTxCX8dohiA=" response.header.x-amz-request-id=GR8FTZ4Y3PC6HMYX response.header.x-amz-server-side-encryption=AES256 response.header.x-amz-version-id=9bGHlwB4CEoj77vc6GQSFeHHHawXygcw response.status="200 OK" size=64167785 spanID=7427ebbdbaa5857d traceID=1d7ad35139f409e03f9dd784ad54bc8d url="https://registry-1.docker.io/v2/library/golang/blobs/sha256:99fa76ba696f7dc4b9e2330d4ae7c03a0f4b2c055caa94b353f7f600a6dab0c6"
2026-05-12T10:46:29.1951154Z time="2026-05-12T10:43:32Z" level=debug msg="fetch response received" digest="sha256:19f56578c9577bd69a05b2319baacd770a986ae61a8568047ddd91db1a1893b4" mediatype=application/vnd.oci.image.layer.v1.tar+gzip response.header.accept-ranges=bytes response.header.age=310310 response.header.cache-control="public, max-age=14400" response.header.cf-cache-status=HIT response.header.cf-ray=9fa8d2b09b0e1476-LAX response.header.connection=keep-alive response.header.content-length=23609357 response.header.content-type=application/octet-stream response.header.date="Tue, 12 May 2026 10:43:32 GMT" response.header.etag="\"0525c55b554f0a5dc6ca9827454ae174\"" response.header.expires="Tue, 12 May 2026 14:43:32 GMT" response.header.last-modified="Fri, 08 May 2026 19:42:30 GMT" response.header.server=cloudflare response.header.set-cookie="__cf_bm=wa23dbvw2oW6DxRSczhizsB8L_zaW9a03kP.iccLhQY-1778582612.5806236-1.0.1.1-BNi_KUgm2Xqobu1jk3mAFxPUTh.sMvNTR3PXTyKjTC8h82A1pGhKZENxb8qYHIsBRh1jIpraiojNsmcRHFAKYk30hyoCEqbgKJC1EkzDJ.GJxj8bj40gwP7K09hw9Axc; HttpOnly; SameSite=None; Secure; Path=/; Domain=production.cloudflare.docker.com; Expires=Tue, 12 May 2026 11:13:32 GMT" response.header.vary=Accept-Encoding response.header.x-amz-id-2=f/f2rKrviUM+L5TCA8suhA+Ku2CrNPxIq9Czl0Gik98YwYaFEhX71joxYE6IM/mPPv9ED9YS2nap/fRO55SoGo14PAA0S+Au response.header.x-amz-request-id=PSSRD03M1RYBYKWB response.header.x-amz-server-side-encryption=AES256 response.header.x-amz-version-id=1Vtiw2ERrzHw46FKiv7AJxIhwrKUsMEk response.status="200 OK" size=23609357 spanID=7427ebbdbaa5857d traceID=1d7ad35139f409e03f9dd784ad54bc8d url="https://registry-1.docker.io/v2/library/golang/blobs/sha256:19f56578c9577bd69a05b2319baacd770a986ae61a8568047ddd91db1a1893b4"
2026-05-12T10:46:29.1958437Z time="2026-05-12T10:43:33Z" level=debug msg="fetching layer" chunk_size=0 digest="sha256:8eda28c6ece628fdff982fd6c7c1cd1f5eeccc51cfd0a3ee9155b2ccbdcc68a3" initial_parallelism=0 mediatype=application/vnd.oci.image.layer.v1.tar+gzip offset=0 parallelism=1 size=48373150 spanID=7427ebbdbaa5857d traceID=1d7ad35139f409e03f9dd784ad54bc8d
2026-05-12T10:46:29.1961628Z time="2026-05-12T10:43:33Z" level=debug msg="do request" digest="sha256:8eda28c6ece628fdff982fd6c7c1cd1f5eeccc51cfd0a3ee9155b2ccbdcc68a3" mediatype=application/vnd.oci.image.layer.v1.tar+gzip request.header.accept="application/vnd.oci.image.layer.v1.tar+gzip, */*" request.header.accept-encoding="zstd;q=1.0, gzip;q=0.8, deflate;q=0.5" request.header.user-agent=buildkit/v0.29 request.method=GET size=48373150 spanID=7427ebbdbaa5857d traceID=1d7ad35139f409e03f9dd784ad54bc8d url="https://registry-1.docker.io/v2/library/golang/blobs/sha256:8eda28c6ece628fdff982fd6c7c1cd1f5eeccc51cfd0a3ee9155b2ccbdcc68a3"
2026-05-12T10:46:29.1969790Z time="2026-05-12T10:43:33Z" level=debug msg="fetch response received" digest="sha256:8eda28c6ece628fdff982fd6c7c1cd1f5eeccc51cfd0a3ee9155b2ccbdcc68a3" mediatype=application/vnd.oci.image.layer.v1.tar+gzip response.header.accept-ranges=bytes response.header.age=314958 response.header.cache-control="public, max-age=14400" response.header.cf-cache-status=HIT response.header.cf-ray=9fa8d2b50ffae41a-LAX response.header.connection=keep-alive response.header.content-length=48373150 response.header.content-type=application/octet-stream response.header.date="Tue, 12 May 2026 10:43:33 GMT" response.header.etag="\"7357785b41db268caf757cec3e09a316-2\"" response.header.expires="Tue, 12 May 2026 14:43:33 GMT" response.header.last-modified="Fri, 08 May 2026 18:24:51 GMT" response.header.server=cloudflare response.header.set-cookie="__cf_bm=eZ1lOXBryHyr3LhtDrbZ3bg78sen2BoGzxVwYUHUKJ0-1778582613.2870798-1.0.1.1-v_gApOtVPVaTHku.klb7rkeF7HPWPwETz6OBUGy4Hdj4OZStines7qXkppDIUaDmyqx4Gg3fxbTOBkGhPd5Zlpf8HO1Q8aY.B3ix9QuwmrijsTpLNaOMBW78ITKd9slr; HttpOnly; SameSite=None; Secure; Path=/; Domain=production.cloudflare.docker.com; Expires=Tue, 12 May 2026 11:13:33 GMT" response.header.vary=Accept-Encoding response.header.x-amz-id-2="7KSOlvnnYy6raF9pGST5AZg8jFlbAQuPuNkAuoa3sRqbUx8EVUdzn3KHNxjry+UsLFFrLVl3GGBi/oVFTvquTLu1bJ8+AdkJasiqQtMP1eY=" response.header.x-amz-request-id=1XHY1M6JGSPREVGY response.header.x-amz-server-side-encryption=AES256 response.header.x-amz-version-id=xFj.3eL8w6gR8K3kKSeeceznfZo66TGW response.status="200 OK" size=48373150 spanID=7427ebbdbaa5857d traceID=1d7ad35139f409e03f9dd784ad54bc8d url="https://registry-1.docker.io/v2/library/golang/blobs/sha256:8eda28c6ece628fdff982fd6c7c1cd1f5eeccc51cfd0a3ee9155b2ccbdcc68a3"
2026-05-12T10:46:29.1976525Z time="2026-05-12T10:43:34Z" level=debug msg="file \".\" ignored: resolved to root" span=extract spanID=523208d745ef8d4c traceID=1d7ad35139f409e03f9dd784ad54bc8d
2026-05-12T10:46:29.1978079Z time="2026-05-12T10:43:35Z" level=debug msg="diff applied" d=664.161036ms digest="sha256:8eda28c6ece628fdff982fd6c7c1cd1f5eeccc51cfd0a3ee9155b2ccbdcc68a3" media=application/vnd.oci.image.layer.v1.tar+gzip size=48373150 span=extract spanID=523208d745ef8d4c traceID=1d7ad35139f409e03f9dd784ad54bc8d
2026-05-12T10:46:29.1980169Z time="2026-05-12T10:43:35Z" level=debug msg="diff applied" d=210.207016ms digest="sha256:19f56578c9577bd69a05b2319baacd770a986ae61a8568047ddd91db1a1893b4" media=application/vnd.oci.image.layer.v1.tar+gzip size=23609357 span=extract spanID=32cecd46a439dc71 traceID=1d7ad35139f409e03f9dd784ad54bc8d
2026-05-12T10:46:29.1982062Z time="2026-05-12T10:43:36Z" level=debug msg="diff applied" d=865.298687ms digest="sha256:3cd5c3bf1fab727b805a2f735f33789c10938680bdeb2f8922a44aa2738df91f" media=application/vnd.oci.image.layer.v1.tar+gzip size=64479741 span=extract spanID=c52d91e124007a20 traceID=1d7ad35139f409e03f9dd784ad54bc8d
2026-05-12T10:46:29.1984102Z time="2026-05-12T10:43:37Z" level=debug msg="diff applied" d=837.635738ms digest="sha256:50b5b71d08511537910256dd369d97ff599afa038eb82ea0b5f09585c2bb3663" media=application/vnd.oci.image.layer.v1.tar+gzip size=86555480 span=extract spanID=7b6db021fd70961e traceID=1d7ad35139f409e03f9dd784ad54bc8d
2026-05-12T10:46:29.1985982Z time="2026-05-12T10:43:38Z" level=debug msg="diff applied" d=1.63469279s digest="sha256:99fa76ba696f7dc4b9e2330d4ae7c03a0f4b2c055caa94b353f7f600a6dab0c6" media=application/vnd.oci.image.layer.v1.tar+gzip size=64167785 span=extract spanID=d042d4fdfa1ef478 traceID=1d7ad35139f409e03f9dd784ad54bc8d
2026-05-12T10:46:29.1987849Z time="2026-05-12T10:43:39Z" level=debug msg="diff applied" d=1.155646ms digest="sha256:0329f9bfefbf52f9c7eeeee3bce3970cb4e615b2fc03fc40ed3a7baaba1abd74" media=application/vnd.oci.image.layer.v1.tar+gzip size=125 span=extract spanID=d9ed0dc1ca23a3bf traceID=1d7ad35139f409e03f9dd784ad54bc8d
2026-05-12T10:46:29.1989704Z time="2026-05-12T10:43:39Z" level=debug msg="diff applied" d=1.032406ms digest="sha256:4f4fb700ef54461cfa02571ae0db9a0dc1e0cdb5577484a6d75e68dc38e8acc1" media=application/vnd.oci.image.layer.v1.tar+gzip size=32 span=extract spanID=835d7e2ab2bd6ba7 traceID=1d7ad35139f409e03f9dd784ad54bc8d
2026-05-12T10:46:29.1991877Z time="2026-05-12T10:43:44Z" level=debug msg="> creating dd8wphla1mdq4qhbk5ptcgdu5 [/bin/sh -c go telemetry off && [ \"$(go telemetry)\" = \"off\" ] || { echo \"Failed to disable Go telemetry\"; exit 1; }]" span="[base 3/5] RUN go telemetry off && [ \"$(go telemetry)\" = \"off\" ] || { echo \"Failed to disable Go telemetry\"; exit 1; }" spanID=2dccccff8c4612f6 traceID=1d7ad35139f409e03f9dd784ad54bc8d
2026-05-12T10:46:29.1994144Z time="2026-05-12T10:43:44Z" level=debug msg="> creating zvolh39qu4ov7ro8rp5ygeqse [/bin/sh -c echo 'Binary::apt::APT::Keep-Downloaded-Packages \"true\";' > /etc/apt/apt.conf.d/keep-cache]" span="[base 4/5] RUN echo 'Binary::apt::APT::Keep-Downloaded-Packages \"true\";' > /etc/apt/apt.conf.d/keep-cache" spanID=dd6a5880ae5dafeb traceID=1d7ad35139f409e03f9dd784ad54bc8d
2026-05-12T10:46:29.1996244Z time="2026-05-12T10:43:45Z" level=debug msg="> creating o70o3m86nz2sshe1oanczhyta [/bin/sh -c apt-get update && apt-get install --no-install-recommends -y file]" span="[base 5/5] RUN apt-get update && apt-get install --no-install-recommends -y file" spanID=92100aaf3341cbfe traceID=1d7ad35139f409e03f9dd784ad54bc8d
2026-05-12T10:46:29.1998467Z time="2026-05-12T10:43:48Z" level=debug msg="created new ref for cache dir \"//go/pkg/mod\": o30hn8df9ler858466i86s64v" span="[gowinres 2/2] RUN --mount=type=cache,target=/root/.cache/go-build     --mount=type=cache,target=/go/pkg/mod         cd /go/src/github.com/tc-hib/go-winres &&         GOBIN=/build CGO_ENABLED=0 go install .      && /build/go-winres --help" spanID=6683498b693c81b0 traceID=1d7ad35139f409e03f9dd784ad54bc8d
2026-05-12T10:46:29.2001237Z time="2026-05-12T10:43:48Z" level=debug msg="created new ref for cache dir \"//root/.cache/go-build\": tlwbe83nqplg7jbmkc2b036lu" span="[gowinres 2/2] RUN --mount=type=cache,target=/root/.cache/go-build     --mount=type=cache,target=/go/pkg/mod         cd /go/src/github.com/tc-hib/go-winres &&         GOBIN=/build CGO_ENABLED=0 go install .      && /build/go-winres --help" spanID=6683498b693c81b0 traceID=1d7ad35139f409e03f9dd784ad54bc8d
2026-05-12T10:46:29.2004062Z time="2026-05-12T10:43:48Z" level=debug msg="> creating q92t5hx7y5crwhtb3k9561u6q [/bin/sh -c cd /go/src/github.com/tc-hib/go-winres &&         GOBIN=/build CGO_ENABLED=0 go install .      && /build/go-winres --help]" span="[gowinres 2/2] RUN --mount=type=cache,target=/root/.cache/go-build     --mount=type=cache,target=/go/pkg/mod         cd /go/src/github.com/tc-hib/go-winres &&         GOBIN=/build CGO_ENABLED=0 go install .      && /build/go-winres --help" spanID=6683498b693c81b0 traceID=1d7ad35139f409e03f9dd784ad54bc8d
2026-05-12T10:46:29.2007104Z time="2026-05-12T10:43:55Z" level=debug msg="created new ref for cache dir \"/moby-build-aptcache\": wcthue0a27q1tiezskjrefyaz" span="[build 3/6] RUN --mount=type=cache,sharing=locked,id=moby-build-aptlib,target=/var/lib/apt     --mount=type=cache,sharing=locked,id=moby-build-aptcache,target=/var/cache/apt         apt-get update && apt-get install --no-install-recommends -y             clang             lld             llvm             icoutils" spanID=ef06dd949ac44175 traceID=1d7ad35139f409e03f9dd784ad54bc8d
2026-05-12T10:46:29.2010361Z time="2026-05-12T10:43:55Z" level=debug msg="created new ref for cache dir \"/moby-build-aptlib\": h0q4xnivq7aks4unp6q73w3dz" span="[build 3/6] RUN --mount=type=cache,sharing=locked,id=moby-build-aptlib,target=/var/lib/apt     --mount=type=cache,sharing=locked,id=moby-build-aptcache,target=/var/cache/apt         apt-get update && apt-get install --no-install-recommends -y             clang             lld             llvm             icoutils" spanID=ef06dd949ac44175 traceID=1d7ad35139f409e03f9dd784ad54bc8d
2026-05-12T10:46:29.2013613Z time="2026-05-12T10:43:55Z" level=debug msg="> creating 2g4b2l1b19jqmmpvkuy1scdfd [/bin/sh -c apt-get update && apt-get install --no-install-recommends -y             clang             lld             llvm             icoutils]" span="[build 3/6] RUN --mount=type=cache,sharing=locked,id=moby-build-aptlib,target=/var/lib/apt     --mount=type=cache,sharing=locked,id=moby-build-aptcache,target=/var/cache/apt         apt-get update && apt-get install --no-install-recommends -y             clang             lld             llvm             icoutils" spanID=ef06dd949ac44175 traceID=1d7ad35139f409e03f9dd784ad54bc8d
2026-05-12T10:46:29.2015689Z time="2026-05-12T10:44:08Z" level=debug msg="remove snapshot" key=tugraxih6lvzh25bek38segbc snapshotter=overlayfs
2026-05-12T10:46:29.2016305Z time="2026-05-12T10:44:08Z" level=debug msg="schedule snapshotter cleanup" snapshotter=overlayfs
2026-05-12T10:46:29.2016963Z time="2026-05-12T10:44:08Z" level=debug msg="removed snapshot" key=buildkit/6/tugraxih6lvzh25bek38segbc snapshotter=overlayfs
2026-05-12T10:46:29.2019900Z time="2026-05-12T10:44:08Z" level=debug msg="reusing ref for cache dir \"/moby-build-aptcache\": wcthue0a27q1tiezskjrefyaz" span="[build 4/6] RUN --mount=type=cache,sharing=locked,id=moby-build-aptlib,target=/var/lib/apt     --mount=type=cache,sharing=locked,id=moby-build-aptcache,target=/var/cache/apt         xx-apt-get install --no-install-recommends -y             gcc             libc6-dev             libnftables-dev             libseccomp-dev             libsystemd-dev             pkg-config" spanID=7dac39e81fec56cd traceID=1d7ad35139f409e03f9dd784ad54bc8d
2026-05-12T10:46:29.2023586Z time="2026-05-12T10:44:08Z" level=debug msg="reusing ref for cache dir \"/moby-build-aptlib\": h0q4xnivq7aks4unp6q73w3dz" span="[build 4/6] RUN --mount=type=cache,sharing=locked,id=moby-build-aptlib,target=/var/lib/apt     --mount=type=cache,sharing=locked,id=moby-build-aptcache,target=/var/cache/apt         xx-apt-get install --no-install-recommends -y             gcc             libc6-dev             libnftables-dev             libseccomp-dev             libsystemd-dev             pkg-config" spanID=7dac39e81fec56cd traceID=1d7ad35139f409e03f9dd784ad54bc8d
2026-05-12T10:46:29.2027534Z time="2026-05-12T10:44:08Z" level=debug msg="> creating i1a96ekobtniniq4bqlq9cbbd [/bin/sh -c xx-apt-get install --no-install-recommends -y             gcc             libc6-dev             libnftables-dev             libseccomp-dev             libsystemd-dev             pkg-config]" span="[build 4/6] RUN --mount=type=cache,sharing=locked,id=moby-build-aptlib,target=/var/lib/apt     --mount=type=cache,sharing=locked,id=moby-build-aptcache,target=/var/cache/apt         xx-apt-get install --no-install-recommends -y             gcc             libc6-dev             libnftables-dev             libseccomp-dev             libsystemd-dev             pkg-config" spanID=7dac39e81fec56cd traceID=1d7ad35139f409e03f9dd784ad54bc8d
2026-05-12T10:46:29.2032382Z time="2026-05-12T10:44:35Z" level=debug msg="> creating tss4z622duvkzb9qcvve618bq [/bin/sh -c   set -ex\n  # in bullseye arm64 target does not link with lld so configure it to use ld instead\n  if [ \"$(xx-info arch)\" = \"arm64\" ]; then\n    XX_CC_PREFER_LINKER=ld xx-clang --setup-target-triple\n  fi\n]" span="[build 5/6] RUN <<EOT (set -ex...)" spanID=7d8800c999bf03ae traceID=1d7ad35139f409e03f9dd784ad54bc8d
2026-05-12T10:46:29.2036607Z time="2026-05-12T10:44:36Z" level=debug msg="created new ref for cache dir \"/moby-build-linux/arm/v7\": q0bj18mwfdmvf49bbzxosazlg" span="[build 6/6] RUN --mount=type=bind,target=.,rw     --mount=type=cache,target=/root/.cache/go-build,id=moby-build-linux/arm/v7 <<EOT (set -e...)" spanID=fa92cfa407953832 traceID=1d7ad35139f409e03f9dd784ad54bc8d
2026-05-12T10:46:29.2040729Z time="2026-05-12T10:44:36Z" level=debug msg="> creating xrpyft1qznb81lc7e2uf2yjtn [/bin/sh -c   set -e\n\n  target=dynbinary\n  verify_flags=\n  exe_suffix=\n  if [ \"$DOCKER_STATIC\" = \"1\" ]; then\n      target=binary\n      verify_flags=--static\n  fi\n  if [ \"$(xx-info os)\" = \"windows\" ]; then\n      exe_suffix=.exe\n  fi\n\n  set -x\n  xx-go --wrap\n  PKG_CONFIG=$(xx-go env PKG_CONFIG) ./hack/make.sh \"$target\"\n  xx-verify $verify_flags \"/tmp/bundles/${target}-daemon/dockerd${exe_suffix}\"\n  if [ \"$(xx-info os)\" = \"linux\" ]; then\n      xx-verify $verify_flags \"/tmp/bundles/${target}-daemon/docker-proxy\"\n  fi\n  mkdir /build\n  mv /tmp/bundles/${target}-daemon/* /build/\n]" span="[build 6/6] RUN --mount=type=bind,target=.,rw     --mount=type=cache,target=/root/.cache/go-build,id=moby-build-linux/arm/v7 <<EOT (set -e...)" spanID=fa92cfa407953832 traceID=1d7ad35139f409e03f9dd784ad54bc8d
2026-05-12T10:46:29.2043883Z time="2026-05-12T10:45:42Z" level=debug msg="load cache for [all 2/6] COPY --link --from=runc          /build/ / with sha256:5587c4a76fe95285c6c979306d3442d0216497e0a60b3f542f15fc0fd2c7fd7e"
2026-05-12T10:46:29.2045004Z time="2026-05-12T10:45:42Z" level=debug msg="load cache for [all 3/6] COPY --link --from=containerd    /build/ / with sha256:b3a124a7530fae7f43b9468b48e3cf18bc9fdb3cc146fc66d9eda166e5da4cbf"
2026-05-12T10:46:29.2046152Z time="2026-05-12T10:45:42Z" level=debug msg="load cache for [all 5/6] COPY --link --from=containerutil /build/ / with sha256:f84344ea5ac022cf81baa019e2cd310ab67f0e586ac665637939d272c8695a2f"
2026-05-12T10:46:29.2047274Z time="2026-05-12T10:45:42Z" level=debug msg="load cache for [all 1/6] COPY --link --from=tini          /build/ / with sha256:9aca8411063ed334535fe1e8458095424798a0efaa5e2e3f62974d5babaafcbb"
2026-05-12T10:46:29.2048766Z time="2026-05-12T10:45:42Z" level=debug msg="load cache for [all 4/6] COPY --link --from=rootlesskit   /build/ / with sha256:549d48f1935436a702dc3182264c7e9aae343159a9e3787e9e598ebb89644ceb"
2026-05-12T10:46:29.2050162Z time="2026-05-12T10:45:45Z" level=debug msg="checked for cached auth handler namespace" cached=false key="2jqgz9r32br4ypsprdupkcbfp::docker.io/moby/moby-bin::push" name=docker.io/moby/moby-bin scope=push
2026-05-12T10:46:29.2051610Z time="2026-05-12T10:45:45Z" level=debug msg=push digest="sha256:400e3971f5d930f70864a39bd62176c227b9f8751065365f1ede9502afe8baba" mediatype=application/vnd.in-toto+json size=93317 spanID=551265a810399fc0 traceID=1d7ad35139f409e03f9dd784ad54bc8d
2026-05-12T10:46:29.2053999Z time="2026-05-12T10:45:45Z" level=debug msg="checking and pushing to" digest="sha256:400e3971f5d930f70864a39bd62176c227b9f8751065365f1ede9502afe8baba" mediatype=application/vnd.in-toto+json size=93317 spanID=551265a810399fc0 traceID=1d7ad35139f409e03f9dd784ad54bc8d url="https://registry-1.docker.io/v2/moby/moby-bin/blobs/sha256:400e3971f5d930f70864a39bd62176c227b9f8751065365f1ede9502afe8baba"
2026-05-12T10:46:29.2056928Z time="2026-05-12T10:45:45Z" level=debug msg="do request" digest="sha256:400e3971f5d930f70864a39bd62176c227b9f8751065365f1ede9502afe8baba" mediatype=application/vnd.in-toto+json request.header.accept="application/vnd.in-toto+json, */*" request.header.user-agent=buildkit/v0.29 request.method=HEAD size=93317 spanID=551265a810399fc0 traceID=1d7ad35139f409e03f9dd784ad54bc8d url="https://registry-1.docker.io/v2/moby/moby-bin/blobs/sha256:400e3971f5d930f70864a39bd62176c227b9f8751065365f1ede9502afe8baba"
2026-05-12T10:46:29.2059549Z time="2026-05-12T10:45:45Z" level=debug msg=push digest="sha256:42239dc487169f3b345c947cc8df0b6ff96b4438649dabdca237d70ac9077af2" mediatype=application/vnd.oci.image.layer.v1.tar+gzip size=29516242 spanID=551265a810399fc0 traceID=1d7ad35139f409e03f9dd784ad54bc8d
2026-05-12T10:46:29.2061145Z time="2026-05-12T10:45:45Z" level=warning msg="encountered unknown type application/vnd.oci.empty.v1+json; children may not be fetched" spanID=551265a810399fc0 traceID=1d7ad35139f409e03f9dd784ad54bc8d
2026-05-12T10:46:29.2063125Z time="2026-05-12T10:45:45Z" level=debug msg="checking and pushing to" digest="sha256:42239dc487169f3b345c947cc8df0b6ff96b4438649dabdca237d70ac9077af2" mediatype=application/vnd.oci.image.layer.v1.tar+gzip size=29516242 spanID=551265a810399fc0 traceID=1d7ad35139f409e03f9dd784ad54bc8d url="https://registry-1.docker.io/v2/moby/moby-bin/blobs/sha256:42239dc487169f3b345c947cc8df0b6ff96b4438649dabdca237d70ac9077af2"
2026-05-12T10:46:29.2065296Z time="2026-05-12T10:45:45Z" level=debug msg=push digest="sha256:bbdc26571ba52db3a974bcef57c7e4e19a138f7b2f12b14195a8168b5fd7e3d3" mediatype=application/vnd.oci.image.config.v1+json size=1418 spanID=551265a810399fc0 traceID=1d7ad35139f409e03f9dd784ad54bc8d
2026-05-12T10:46:29.2067458Z time="2026-05-12T10:45:45Z" level=debug msg="checking and pushing to" digest="sha256:bbdc26571ba52db3a974bcef57c7e4e19a138f7b2f12b14195a8168b5fd7e3d3" mediatype=application/vnd.oci.image.config.v1+json size=1418 spanID=551265a810399fc0 traceID=1d7ad35139f409e03f9dd784ad54bc8d url="https://registry-1.docker.io/v2/moby/moby-bin/blobs/sha256:bbdc26571ba52db3a974bcef57c7e4e19a138f7b2f12b14195a8168b5fd7e3d3"
2026-05-12T10:46:29.2070692Z time="2026-05-12T10:45:45Z" level=debug msg="do request" digest="sha256:42239dc487169f3b345c947cc8df0b6ff96b4438649dabdca237d70ac9077af2" mediatype=application/vnd.oci.image.layer.v1.tar+gzip request.header.accept="application/vnd.oci.image.layer.v1.tar+gzip, */*" request.header.user-agent=buildkit/v0.29 request.method=HEAD size=29516242 spanID=551265a810399fc0 traceID=1d7ad35139f409e03f9dd784ad54bc8d url="https://registry-1.docker.io/v2/moby/moby-bin/blobs/sha256:42239dc487169f3b345c947cc8df0b6ff96b4438649dabdca237d70ac9077af2"
2026-05-12T10:46:29.2073291Z time="2026-05-12T10:45:45Z" level=debug msg=push digest="sha256:bc89fa7b782ba26b7ac4e409f6b66ab6b9f0d3279dc883d742de38304307bc94" mediatype=application/vnd.oci.image.layer.v1.tar+gzip size=242269 spanID=551265a810399fc0 traceID=1d7ad35139f409e03f9dd784ad54bc8d
2026-05-12T10:46:29.2075483Z time="2026-05-12T10:45:45Z" level=debug msg="checking and pushing to" digest="sha256:bc89fa7b782ba26b7ac4e409f6b66ab6b9f0d3279dc883d742de38304307bc94" mediatype=application/vnd.oci.image.layer.v1.tar+gzip size=242269 spanID=551265a810399fc0 traceID=1d7ad35139f409e03f9dd784ad54bc8d url="https://registry-1.docker.io/v2/moby/moby-bin/blobs/sha256:bc89fa7b782ba26b7ac4e409f6b66ab6b9f0d3279dc883d742de38304307bc94"
2026-05-12T10:46:29.2078729Z time="2026-05-12T10:45:45Z" level=debug msg="do request" digest="sha256:bc89fa7b782ba26b7ac4e409f6b66ab6b9f0d3279dc883d742de38304307bc94" mediatype=application/vnd.oci.image.layer.v1.tar+gzip request.header.accept="application/vnd.oci.image.layer.v1.tar+gzip, */*" request.header.user-agent=buildkit/v0.29 request.method=HEAD size=242269 spanID=551265a810399fc0 traceID=1d7ad35139f409e03f9dd784ad54bc8d url="https://registry-1.docker.io/v2/moby/moby-bin/blobs/sha256:bc89fa7b782ba26b7ac4e409f6b66ab6b9f0d3279dc883d742de38304307bc94"
2026-05-12T10:46:29.2082384Z time="2026-05-12T10:45:45Z" level=debug msg="do request" digest="sha256:bbdc26571ba52db3a974bcef57c7e4e19a138f7b2f12b14195a8168b5fd7e3d3" mediatype=application/vnd.oci.image.config.v1+json request.header.accept="application/vnd.oci.image.config.v1+json, */*" request.header.user-agent=buildkit/v0.29 request.method=HEAD size=1418 spanID=551265a810399fc0 traceID=1d7ad35139f409e03f9dd784ad54bc8d url="https://registry-1.docker.io/v2/moby/moby-bin/blobs/sha256:bbdc26571ba52db3a974bcef57c7e4e19a138f7b2f12b14195a8168b5fd7e3d3"
2026-05-12T10:46:29.2086872Z time="2026-05-12T10:45:45Z" level=debug msg=push digest="sha256:67db8b448083cfdf8fd82badbd30bb44dda8b91c2e520750a44cd74e08d78285" mediatype=application/vnd.oci.image.layer.v1.tar+gzip size=8045009 spanID=551265a810399fc0 traceID=1d7ad35139f409e03f9dd784ad54bc8d
2026-05-12T10:46:29.2089094Z time="2026-05-12T10:45:45Z" level=debug msg="checking and pushing to" digest="sha256:67db8b448083cfdf8fd82badbd30bb44dda8b91c2e520750a44cd74e08d78285" mediatype=application/vnd.oci.image.layer.v1.tar+gzip size=8045009 spanID=551265a810399fc0 traceID=1d7ad35139f409e03f9dd784ad54bc8d url="https://registry-1.docker.io/v2/moby/moby-bin/blobs/sha256:67db8b448083cfdf8fd82badbd30bb44dda8b91c2e520750a44cd74e08d78285"
2026-05-12T10:46:29.2094374Z time="2026-05-12T10:45:45Z" level=debug msg="do request" digest="sha256:67db8b448083cfdf8fd82badbd30bb44dda8b91c2e520750a44cd74e08d78285" mediatype=application/vnd.oci.image.layer.v1.tar+gzip request.header.accept="application/vnd.oci.image.layer.v1.tar+gzip, */*" request.header.user-agent=buildkit/v0.29 request.method=HEAD size=8045009 spanID=551265a810399fc0 traceID=1d7ad35139f409e03f9dd784ad54bc8d url="https://registry-1.docker.io/v2/moby/moby-bin/blobs/sha256:67db8b448083cfdf8fd82badbd30bb44dda8b91c2e520750a44cd74e08d78285"
2026-05-12T10:46:29.2097409Z time="2026-05-12T10:45:45Z" level=debug msg="save cache req https://results-receiver.actions.githubusercontent.com/twirp/github.actions.results.api.v1.CacheService/CreateCacheEntry body={\"key\":\"buildkit-blob-1-sha256:42239dc487169f3b345c947cc8df0b6ff96b4438649dabdca237d70ac9077af2\",\"version\":\"693bb7016429d80366022f036f84856888c9f13e00145f5f6f4dce303a38d6f2\"}"
2026-05-12T10:46:29.2101769Z time="2026-05-12T10:45:45Z" level=debug msg="fetch response received" digest="sha256:400e3971f5d930f70864a39bd62176c227b9f8751065365f1ede9502afe8baba" mediatype=application/vnd.in-toto+json response.header.connection=keep-alive response.header.content-length=156 response.header.content-type=application/json response.header.date="Tue, 12 May 2026 10:45:45 GMT" response.header.docker-distribution-api-version=registry/2.0 response.header.strict-transport-security="max-age=31536000" response.header.www-authenticate="***"https://auth.docker.io/token\",service=\"registry.docker.io\",scope=\"repository:moby/moby-bin:pull\"" response.status="401 Unauthorized" size=93317 spanID=551265a810399fc0 traceID=1d7ad35139f409e03f9dd784ad54bc8d url="https://registry-1.docker.io/v2/moby/moby-bin/blobs/sha256:400e3971f5d930f70864a39bd62176c227b9f8751065365f1ede9502afe8baba"
2026-05-12T10:46:29.2105864Z time="2026-05-12T10:45:45Z" level=debug msg=Unauthorized digest="sha256:400e3971f5d930f70864a39bd62176c227b9f8751065365f1ede9502afe8baba" header="***"https://auth.docker.io/token\",service=\"registry.docker.io\",scope=\"repository:moby/moby-bin:pull\"" mediatype=application/vnd.in-toto+json size=93317 spanID=551265a810399fc0 traceID=1d7ad35139f409e03f9dd784ad54bc8d
2026-05-12T10:46:29.2108926Z time="2026-05-12T10:45:45Z" level=debug msg="do request" digest="sha256:400e3971f5d930f70864a39bd62176c227b9f8751065365f1ede9502afe8baba" mediatype=application/vnd.in-toto+json request.header.accept="application/vnd.in-toto+json, */*" request.header.user-agent=buildkit/v0.29 request.method=HEAD size=93317 spanID=551265a810399fc0 traceID=1d7ad35139f409e03f9dd784ad54bc8d url="https://registry-1.docker.io/v2/moby/moby-bin/blobs/sha256:400e3971f5d930f70864a39bd62176c227b9f8751065365f1ede9502afe8baba"
2026-05-12T10:46:29.2113722Z time="2026-05-12T10:45:45Z" level=debug msg="fetch response received" digest="sha256:67db8b448083cfdf8fd82badbd30bb44dda8b91c2e520750a44cd74e08d78285" mediatype=application/vnd.oci.image.layer.v1.tar+gzip response.header.connection=keep-alive response.header.content-length=156 response.header.content-type=application/json response.header.date="Tue, 12 May 2026 10:45:45 GMT" response.header.docker-distribution-api-version=registry/2.0 response.header.strict-transport-security="max-age=31536000" response.header.www-authenticate="***"https://auth.docker.io/token\",service=\"registry.docker.io\",scope=\"repository:moby/moby-bin:pull\"" response.status="401 Unauthorized" size=8045009 spanID=551265a810399fc0 traceID=1d7ad35139f409e03f9dd784ad54bc8d url="https://registry-1.docker.io/v2/moby/moby-bin/blobs/sha256:67db8b448083cfdf8fd82badbd30bb44dda8b91c2e520750a44cd74e08d78285"
2026-05-12T10:46:29.2118138Z time="2026-05-12T10:45:45Z" level=debug msg=Unauthorized digest="sha256:67db8b448083cfdf8fd82badbd30bb44dda8b91c2e520750a44cd74e08d78285" header="***"https://auth.docker.io/token\",service=\"registry.docker.io\",scope=\"repository:moby/moby-bin:pull\"" mediatype=application/vnd.oci.image.layer.v1.tar+gzip size=8045009 spanID=551265a810399fc0 traceID=1d7ad35139f409e03f9dd784ad54bc8d
2026-05-12T10:46:29.2122528Z time="2026-05-12T10:45:45Z" level=debug msg="fetch response received" digest="sha256:bbdc26571ba52db3a974bcef57c7e4e19a138f7b2f12b14195a8168b5fd7e3d3" mediatype=application/vnd.oci.image.config.v1+json response.header.connection=keep-alive response.header.content-length=156 response.header.content-type=application/json response.header.date="Tue, 12 May 2026 10:45:45 GMT" response.header.docker-distribution-api-version=registry/2.0 response.header.strict-transport-security="max-age=31536000" response.header.www-authenticate="***"https://auth.docker.io/token\",service=\"registry.docker.io\",scope=\"repository:moby/moby-bin:pull\"" response.status="401 Unauthorized" size=1418 spanID=551265a810399fc0 traceID=1d7ad35139f409e03f9dd784ad54bc8d url="https://registry-1.docker.io/v2/moby/moby-bin/blobs/sha256:bbdc26571ba52db3a974bcef57c7e4e19a138f7b2f12b14195a8168b5fd7e3d3"
2026-05-12T10:46:29.2126738Z time="2026-05-12T10:45:45Z" level=debug msg=Unauthorized digest="sha256:bbdc26571ba52db3a974bcef57c7e4e19a138f7b2f12b14195a8168b5fd7e3d3" header="***"https://auth.docker.io/token\",service=\"registry.docker.io\",scope=\"repository:moby/moby-bin:pull\"" mediatype=application/vnd.oci.image.config.v1+json size=1418 spanID=551265a810399fc0 traceID=1d7ad35139f409e03f9dd784ad54bc8d
2026-05-12T10:46:29.2131032Z time="2026-05-12T10:45:45Z" level=debug msg="fetch response received" digest="sha256:42239dc487169f3b345c947cc8df0b6ff96b4438649dabdca237d70ac9077af2" mediatype=application/vnd.oci.image.layer.v1.tar+gzip response.header.connection=keep-alive response.header.content-length=156 response.header.content-type=application/json response.header.date="Tue, 12 May 2026 10:45:45 GMT" response.header.docker-distribution-api-version=registry/2.0 response.header.strict-transport-security="max-age=31536000" response.header.www-authenticate="***"https://auth.docker.io/token\",service=\"registry.docker.io\",scope=\"repository:moby/moby-bin:pull\"" response.status="401 Unauthorized" size=29516242 spanID=551265a810399fc0 traceID=1d7ad35139f409e03f9dd784ad54bc8d url="https://registry-1.docker.io/v2/moby/moby-bin/blobs/sha256:42239dc487169f3b345c947cc8df0b6ff96b4438649dabdca237d70ac9077af2"
2026-05-12T10:46:29.2135404Z time="2026-05-12T10:45:45Z" level=debug msg=Unauthorized digest="sha256:42239dc487169f3b345c947cc8df0b6ff96b4438649dabdca237d70ac9077af2" header="***"https://auth.docker.io/token\",service=\"registry.docker.io\",scope=\"repository:moby/moby-bin:pull\"" mediatype=application/vnd.oci.image.layer.v1.tar+gzip size=29516242 spanID=551265a810399fc0 traceID=1d7ad35139f409e03f9dd784ad54bc8d
2026-05-12T10:46:29.2139695Z time="2026-05-12T10:45:45Z" level=debug msg="fetch response received" digest="sha256:bc89fa7b782ba26b7ac4e409f6b66ab6b9f0d3279dc883d742de38304307bc94" mediatype=application/vnd.oci.image.layer.v1.tar+gzip response.header.connection=keep-alive response.header.content-length=156 response.header.content-type=application/json response.header.date="Tue, 12 May 2026 10:45:45 GMT" response.header.docker-distribution-api-version=registry/2.0 response.header.strict-transport-security="max-age=31536000" response.header.www-authenticate="***"https://auth.docker.io/token\",service=\"registry.docker.io\",scope=\"repository:moby/moby-bin:pull\"" response.status="401 Unauthorized" size=242269 spanID=551265a810399fc0 traceID=1d7ad35139f409e03f9dd784ad54bc8d url="https://registry-1.docker.io/v2/moby/moby-bin/blobs/sha256:bc89fa7b782ba26b7ac4e409f6b66ab6b9f0d3279dc883d742de38304307bc94"
2026-05-12T10:46:29.2144125Z time="2026-05-12T10:45:45Z" level=debug msg=Unauthorized digest="sha256:bc89fa7b782ba26b7ac4e409f6b66ab6b9f0d3279dc883d742de38304307bc94" header="***"https://auth.docker.io/token\",service=\"registry.docker.io\",scope=\"repository:moby/moby-bin:pull\"" mediatype=application/vnd.oci.image.layer.v1.tar+gzip size=242269 spanID=551265a810399fc0 traceID=1d7ad35139f409e03f9dd784ad54bc8d
2026-05-12T10:46:29.2147441Z time="2026-05-12T10:45:45Z" level=debug msg="save cache resp https://results-receiver.actions.githubusercontent.com/twirp/github.actions.results.api.v1.CacheService/CreateCacheEntry body={\"ok\":true, \"signed_upload_url\":\"https://productionresultssa14.blob.core.windows.net/actions-cache/b89-4286567287?se=2026-05-12T11%3A45%3A45Z&sig=RJvlXvEZNFTcdZqj%2FqJbraETAmn9d%2BPey2%2BeDAEWzE8%3D&ske=2026-05-12T14%3A03%3A46Z&skoid=ca7593d4-ee42-46cd-af88-8b886a2f84eb&sks=b&skt=2026-05-12T10%3A03%3A46Z&sktid=398a6654-997b-47e9-b12b-9515b896b4de&skv=2025-11-05&sp=cw&spr=https&sr=b&st=2026-05-12T10%3A45%3A40Z&sv=2025-11-05\", \"message\":\"\"}"
2026-05-12T10:46:29.2151340Z time="2026-05-12T10:45:45Z" level=debug msg="do request" digest="sha256:67db8b448083cfdf8fd82badbd30bb44dda8b91c2e520750a44cd74e08d78285" mediatype=application/vnd.oci.image.layer.v1.tar+gzip request.header.accept="application/vnd.oci.image.layer.v1.tar+gzip, */*" request.header.user-agent=buildkit/v0.29 request.method=HEAD size=8045009 spanID=551265a810399fc0 traceID=1d7ad35139f409e03f9dd784ad54bc8d url="https://registry-1.docker.io/v2/moby/moby-bin/blobs/sha256:67db8b448083cfdf8fd82badbd30bb44dda8b91c2e520750a44cd74e08d78285"
2026-05-12T10:46:29.2154851Z time="2026-05-12T10:45:45Z" level=debug msg="do request" digest="sha256:bbdc26571ba52db3a974bcef57c7e4e19a138f7b2f12b14195a8168b5fd7e3d3" mediatype=application/vnd.oci.image.config.v1+json request.header.accept="application/vnd.oci.image.config.v1+json, */*" request.header.user-agent=buildkit/v0.29 request.method=HEAD size=1418 spanID=551265a810399fc0 traceID=1d7ad35139f409e03f9dd784ad54bc8d url="https://registry-1.docker.io/v2/moby/moby-bin/blobs/sha256:bbdc26571ba52db3a974bcef57c7e4e19a138f7b2f12b14195a8168b5fd7e3d3"
2026-05-12T10:46:29.2158322Z time="2026-05-12T10:45:45Z" level=debug msg="do request" digest="sha256:bc89fa7b782ba26b7ac4e409f6b66ab6b9f0d3279dc883d742de38304307bc94" mediatype=application/vnd.oci.image.layer.v1.tar+gzip request.header.accept="application/vnd.oci.image.layer.v1.tar+gzip, */*" request.header.user-agent=buildkit/v0.29 request.method=HEAD size=242269 spanID=551265a810399fc0 traceID=1d7ad35139f409e03f9dd784ad54bc8d url="https://registry-1.docker.io/v2/moby/moby-bin/blobs/sha256:bc89fa7b782ba26b7ac4e409f6b66ab6b9f0d3279dc883d742de38304307bc94"
2026-05-12T10:46:29.2162025Z time="2026-05-12T10:45:45Z" level=debug msg="do request" digest="sha256:42239dc487169f3b345c947cc8df0b6ff96b4438649dabdca237d70ac9077af2" mediatype=application/vnd.oci.image.layer.v1.tar+gzip request.header.accept="application/vnd.oci.image.layer.v1.tar+gzip, */*" request.header.user-agent=buildkit/v0.29 request.method=HEAD size=29516242 spanID=551265a810399fc0 traceID=1d7ad35139f409e03f9dd784ad54bc8d url="https://registry-1.docker.io/v2/moby/moby-bin/blobs/sha256:42239dc487169f3b345c947cc8df0b6ff96b4438649dabdca237d70ac9077af2"
2026-05-12T10:46:29.2166252Z time="2026-05-12T10:45:45Z" level=debug msg="fetch response received" digest="sha256:bbdc26571ba52db3a974bcef57c7e4e19a138f7b2f12b14195a8168b5fd7e3d3" mediatype=application/vnd.oci.image.config.v1+json response.header.connection=keep-alive response.header.content-length=157 response.header.content-type=application/json response.header.date="Tue, 12 May 2026 10:45:45 GMT" response.header.docker-distribution-api-version=registry/2.0 response.header.strict-transport-security="max-age=31536000" response.status="404 Not Found" size=1418 spanID=551265a810399fc0 traceID=1d7ad35139f409e03f9dd784ad54bc8d url="https://registry-1.docker.io/v2/moby/moby-bin/blobs/sha256:bbdc26571ba52db3a974bcef57c7e4e19a138f7b2f12b14195a8168b5fd7e3d3"
2026-05-12T10:46:29.2170315Z time="2026-05-12T10:45:45Z" level=debug msg="do request" digest="sha256:bbdc26571ba52db3a974bcef57c7e4e19a138f7b2f12b14195a8168b5fd7e3d3" mediatype=application/vnd.oci.image.config.v1+json request.header.user-agent=buildkit/v0.29 request.method=POST size=1418 spanID=551265a810399fc0 traceID=1d7ad35139f409e03f9dd784ad54bc8d url="https://registry-1.docker.io/v2/moby/moby-bin/blobs/uploads/"
2026-05-12T10:46:29.2174014Z time="2026-05-12T10:45:45Z" level=debug msg="fetch response received" digest="sha256:400e3971f5d930f70864a39bd62176c227b9f8751065365f1ede9502afe8baba" mediatype=application/vnd.in-toto+json response.header.connection=keep-alive response.header.content-length=157 response.header.content-type=application/json response.header.date="Tue, 12 May 2026 10:45:45 GMT" response.header.docker-distribution-api-version=registry/2.0 response.header.strict-transport-security="max-age=31536000" response.status="404 Not Found" size=93317 spanID=551265a810399fc0 traceID=1d7ad35139f409e03f9dd784ad54bc8d url="https://registry-1.docker.io/v2/moby/moby-bin/blobs/sha256:400e3971f5d930f70864a39bd62176c227b9f8751065365f1ede9502afe8baba"
2026-05-12T10:46:29.2177659Z time="2026-05-12T10:45:45Z" level=debug msg="do request" digest="sha256:400e3971f5d930f70864a39bd62176c227b9f8751065365f1ede9502afe8baba" mediatype=application/vnd.in-toto+json request.header.user-agent=buildkit/v0.29 request.method=POST size=93317 spanID=551265a810399fc0 traceID=1d7ad35139f409e03f9dd784ad54bc8d url="https://registry-1.docker.io/v2/moby/moby-bin/blobs/uploads/"
2026-05-12T10:46:29.2182521Z time="2026-05-12T10:45:45Z" level=debug msg="fetch response received" digest="sha256:67db8b448083cfdf8fd82badbd30bb44dda8b91c2e520750a44cd74e08d78285" mediatype=application/vnd.oci.image.layer.v1.tar+gzip response.header.accept-ranges=bytes response.header.cache-control="max-age=31536000" response.header.connection=keep-alive response.header.content-length=8045009 response.header.content-type=application/octet-stream response.header.date="Tue, 12 May 2026 10:45:45 GMT" response.header.docker-content-digest="sha256:67db8b448083cfdf8fd82badbd30bb44dda8b91c2e520750a44cd74e08d78285" response.header.docker-distribution-api-version=registry/2.0 response.header.etag="\"sha256:67db8b448083cfdf8fd82badbd30bb44dda8b91c2e520750a44cd74e08d78285\"" response.header.strict-transport-security="max-age=31536000" response.status="200 OK" size=8045009 spanID=551265a810399fc0 traceID=1d7ad35139f409e03f9dd784ad54bc8d url="https://registry-1.docker.io/v2/moby/moby-bin/blobs/sha256:67db8b448083cfdf8fd82badbd30bb44dda8b91c2e520750a44cd74e08d78285"
2026-05-12T10:46:29.2187311Z time="2026-05-12T10:45:45Z" level=warning msg="failed to update distribution source for layer sha256:67db8b448083cfdf8fd82badbd30bb44dda8b91c2e520750a44cd74e08d78285: content digest sha256:67db8b448083cfdf8fd82badbd30bb44dda8b91c2e520750a44cd74e08d78285: not found" spanID=551265a810399fc0 traceID=1d7ad35139f409e03f9dd784ad54bc8d
2026-05-12T10:46:29.2189417Z time="2026-05-12T10:45:45Z" level=debug msg=push digest="sha256:9cc61e26e50fbc9e98d3952c411b83b6cbf8718ee3588c59aee67edfdafde489" mediatype=application/vnd.oci.image.layer.v1.tar+gzip size=11392233 spanID=551265a810399fc0 traceID=1d7ad35139f409e03f9dd784ad54bc8d
2026-05-12T10:46:29.2192433Z time="2026-05-12T10:45:45Z" level=debug msg="checking and pushing to" digest="sha256:9cc61e26e50fbc9e98d3952c411b83b6cbf8718ee3588c59aee67edfdafde489" mediatype=application/vnd.oci.image.layer.v1.tar+gzip size=11392233 spanID=551265a810399fc0 traceID=1d7ad35139f409e03f9dd784ad54bc8d url="https://registry-1.docker.io/v2/moby/moby-bin/blobs/sha256:9cc61e26e50fbc9e98d3952c411b83b6cbf8718ee3588c59aee67edfdafde489"
2026-05-12T10:46:29.2195847Z time="2026-05-12T10:45:45Z" level=debug msg="do request" digest="sha256:9cc61e26e50fbc9e98d3952c411b83b6cbf8718ee3588c59aee67edfdafde489" mediatype=application/vnd.oci.image.layer.v1.tar+gzip request.header.accept="application/vnd.oci.image.layer.v1.tar+gzip, */*" request.header.user-agent=buildkit/v0.29 request.method=HEAD size=11392233 spanID=551265a810399fc0 traceID=1d7ad35139f409e03f9dd784ad54bc8d url="https://registry-1.docker.io/v2/moby/moby-bin/blobs/sha256:9cc61e26e50fbc9e98d3952c411b83b6cbf8718ee3588c59aee67edfdafde489"
2026-05-12T10:46:29.2206104Z time="2026-05-12T10:45:45Z" level=debug msg="fetch response received" digest="sha256:42239dc487169f3b345c947cc8df0b6ff96b4438649dabdca237d70ac9077af2" mediatype=application/vnd.oci.image.layer.v1.tar+gzip response.header.connection=keep-alive response.header.content-length=157 response.header.content-type=application/json response.header.date="Tue, 12 May 2026 10:45:45 GMT" response.header.docker-distribution-api-version=registry/2.0 response.header.strict-transport-security="max-age=31536000" response.status="404 Not Found" size=29516242 spanID=551265a810399fc0 traceID=1d7ad35139f409e03f9dd784ad54bc8d url="https://registry-1.docker.io/v2/moby/moby-bin/blobs/sha256:42239dc487169f3b345c947cc8df0b6ff96b4438649dabdca237d70ac9077af2"
2026-05-12T10:46:29.2212100Z time="2026-05-12T10:45:45Z" level=debug msg="do request" digest="sha256:42239dc487169f3b345c947cc8df0b6ff96b4438649dabdca237d70ac9077af2" mediatype=application/vnd.oci.image.layer.v1.tar+gzip request.header.user-agent=buildkit/v0.29 request.method=POST size=29516242 spanID=551265a810399fc0 traceID=1d7ad35139f409e03f9dd784ad54bc8d url="https://registry-1.docker.io/v2/moby/moby-bin/blobs/uploads/"
2026-05-12T10:46:29.2216951Z time="2026-05-12T10:45:45Z" level=debug msg="fetch response received" digest="sha256:bc89fa7b782ba26b7ac4e409f6b66ab6b9f0d3279dc883d742de38304307bc94" mediatype=application/vnd.oci.image.layer.v1.tar+gzip response.header.accept-ranges=bytes response.header.cache-control="max-age=31536000" response.header.connection=keep-alive response.header.content-length=242269 response.header.content-type=application/octet-stream response.header.date="Tue, 12 May 2026 10:45:45 GMT" response.header.docker-content-digest="sha256:bc89fa7b782ba26b7ac4e409f6b66ab6b9f0d3279dc883d742de38304307bc94" response.header.docker-distribution-api-version=registry/2.0 response.header.etag="\"sha256:bc89fa7b782ba26b7ac4e409f6b66ab6b9f0d3279dc883d742de38304307bc94\"" response.header.strict-transport-security="max-age=31536000" response.status="200 OK" size=242269 spanID=551265a810399fc0 traceID=1d7ad35139f409e03f9dd784ad54bc8d url="https://registry-1.docker.io/v2/moby/moby-bin/blobs/sha256:bc89fa7b782ba26b7ac4e409f6b66ab6b9f0d3279dc883d742de38304307bc94"
2026-05-12T10:46:29.2221882Z time="2026-05-12T10:45:45Z" level=warning msg="failed to update distribution source for layer sha256:bc89fa7b782ba26b7ac4e409f6b66ab6b9f0d3279dc883d742de38304307bc94: content digest sha256:bc89fa7b782ba26b7ac4e409f6b66ab6b9f0d3279dc883d742de38304307bc94: not found" spanID=551265a810399fc0 traceID=1d7ad35139f409e03f9dd784ad54bc8d
2026-05-12T10:46:29.2224051Z time="2026-05-12T10:45:45Z" level=debug msg=push digest="sha256:44136fa355b3678a1146ad16f7e8649e94fb4fc21fe77e8310c060f61caaff8a" mediatype=application/vnd.oci.empty.v1+json size=2 spanID=551265a810399fc0 traceID=1d7ad35139f409e03f9dd784ad54bc8d
2026-05-12T10:46:29.2225839Z time="2026-05-12T10:45:45Z" level=warning msg="reference for unknown type: application/vnd.oci.empty.v1+json" digest="sha256:44136fa355b3678a1146ad16f7e8649e94fb4fc21fe77e8310c060f61caaff8a" mediatype=application/vnd.oci.empty.v1+json size=2 spanID=551265a810399fc0 traceID=1d7ad35139f409e03f9dd784ad54bc8d
2026-05-12T10:46:29.2228105Z time="2026-05-12T10:45:45Z" level=debug msg="checking and pushing to" digest="sha256:44136fa355b3678a1146ad16f7e8649e94fb4fc21fe77e8310c060f61caaff8a" mediatype=application/vnd.oci.empty.v1+json size=2 spanID=551265a810399fc0 traceID=1d7ad35139f409e03f9dd784ad54bc8d url="https://registry-1.docker.io/v2/moby/moby-bin/blobs/sha256:44136fa355b3678a1146ad16f7e8649e94fb4fc21fe77e8310c060f61caaff8a"
2026-05-12T10:46:29.2231281Z time="2026-05-12T10:45:45Z" level=debug msg="do request" digest="sha256:44136fa355b3678a1146ad16f7e8649e94fb4fc21fe77e8310c060f61caaff8a" mediatype=application/vnd.oci.empty.v1+json request.header.accept="application/vnd.oci.empty.v1+json, */*" request.header.user-agent=buildkit/v0.29 request.method=HEAD size=2 spanID=551265a810399fc0 traceID=1d7ad35139f409e03f9dd784ad54bc8d url="https://registry-1.docker.io/v2/moby/moby-bin/blobs/sha256:44136fa355b3678a1146ad16f7e8649e94fb4fc21fe77e8310c060f61caaff8a"
2026-05-12T10:46:29.2238842Z time="2026-05-12T10:45:45Z" level=debug msg="fetch response received" digest="sha256:bbdc26571ba52db3a974bcef57c7e4e19a138f7b2f12b14195a8168b5fd7e3d3" mediatype=application/vnd.oci.image.config.v1+json response.header.connection=keep-alive response.header.content-length=0 response.header.date="Tue, 12 May 2026 10:45:45 GMT" response.header.docker-distribution-api-version=registry/2.0 response.header.docker-upload-uuid=20cad616-132f-42d6-837f-bacf776f8208 response.header.location="https://registry-1.docker.io/v2/moby/moby-bin/blobs/uploads/20cad616-132f-42d6-837f-bacf776f8208?_state=e2AV58DaBtwIytp8seQLAaIgqDejdmH_Yu1zH-BwFlx7Ik5hbWUiOiJtb2J5L21vYnktYmluIiwiVVVJRCI6IjIwY2FkNjE2LTEzMmYtNDJkNi04MzdmLWJhY2Y3NzZmODIwOCIsIk9mZnNldCI6MCwiU3RhcnRlZEF0IjoiMjAyNi0wNS0xMlQxMDo0NTo0NS43MzkxNDIzODVaIiwiRXhwaXJlc0F0IjoiMjAyNi0wNS0xMlQxMToxNTo0NS44MzI2ODEwNzhaIiwiVXNlcm5hbWUiOiJnb3Jkb250aGV0dXJ0bGUiLCJVc2VyVVVJRCI6ImRiNWQwMjYyLWZhMTUtNDViNC1iNzY5LTM3ZDc2Y2Q4ZDY2ZCIsIlNlc3Npb25JRCI6ImRja3JfanRpXzB5UWZuVU5feTVkc09aN0dsTnhpcGpOaTNSbz0ifQ%3D%3D" response.header.range=0-0 response.header.strict-transport-security="max-age=31536000" response.status="202 Accepted" size=1418 spanID=551265a810399fc0 traceID=1d7ad35139f409e03f9dd784ad54bc8d url="https://registry-1.docker.io/v2/moby/moby-bin/blobs/uploads/"
2026-05-12T10:46:29.2250613Z time="2026-05-12T10:45:45Z" level=debug msg="do request" digest="sha256:bbdc26571ba52db3a974bcef57c7e4e19a138f7b2f12b14195a8168b5fd7e3d3" mediatype=application/vnd.oci.image.config.v1+json request.header.content-type=application/octet-stream request.header.user-agent=buildkit/v0.29 request.method=PUT size=1418 spanID=551265a810399fc0 traceID=1d7ad35139f409e03f9dd784ad54bc8d url="https://registry-1.docker.io/v2/moby/moby-bin/blobs/uploads/20cad616-132f-42d6-837f-bacf776f8208?_state=e2AV58DaBtwIytp8seQLAaIgqDejdmH_Yu1zH-BwFlx7Ik5hbWUiOiJtb2J5L21vYnktYmluIiwiVVVJRCI6IjIwY2FkNjE2LTEzMmYtNDJkNi04MzdmLWJhY2Y3NzZmODIwOCIsIk9mZnNldCI6MCwiU3RhcnRlZEF0IjoiMjAyNi0wNS0xMlQxMDo0NTo0NS43MzkxNDIzODVaIiwiRXhwaXJlc0F0IjoiMjAyNi0wNS0xMlQxMToxNTo0NS44MzI2ODEwNzhaIiwiVXNlcm5hbWUiOiJnb3Jkb250aGV0dXJ0bGUiLCJVc2VyVVVJRCI6ImRiNWQwMjYyLWZhMTUtNDViNC1iNzY5LTM3ZDc2Y2Q4ZDY2ZCIsIlNlc3Npb25JRCI6ImRja3JfanRpXzB5UWZuVU5feTVkc09aN0dsTnhpcGpOaTNSbz0ifQ%3D%3D&digest=sha256%3Abbdc26571ba52db3a974bcef57c7e4e19a138f7b2f12b14195a8168b5fd7e3d3"
2026-05-12T10:46:29.2260693Z time="2026-05-12T10:45:45Z" level=debug msg="fetch response received" digest="sha256:44136fa355b3678a1146ad16f7e8649e94fb4fc21fe77e8310c060f61caaff8a" mediatype=application/vnd.oci.empty.v1+json response.header.accept-ranges=bytes response.header.cache-control="max-age=31536000" response.header.connection=keep-alive response.header.content-length=2 response.header.content-type=application/octet-stream response.header.date="Tue, 12 May 2026 10:45:45 GMT" response.header.docker-content-digest="sha256:44136fa355b3678a1146ad16f7e8649e94fb4fc21fe77e8310c060f61caaff8a" response.header.docker-distribution-api-version=registry/2.0 response.header.etag="\"sha256:44136fa355b3678a1146ad16f7e8649e94fb4fc21fe77e8310c060f61caaff8a\"" response.header.strict-transport-security="max-age=31536000" response.status="200 OK" size=2 spanID=551265a810399fc0 traceID=1d7ad35139f409e03f9dd784ad54bc8d url="https://registry-1.docker.io/v2/moby/moby-bin/blobs/sha256:44136fa355b3678a1146ad16f7e8649e94fb4fc21fe77e8310c060f61caaff8a"
2026-05-12T10:46:29.2265109Z time="2026-05-12T10:45:45Z" level=debug msg=push digest="sha256:4f4fb700ef54461cfa02571ae0db9a0dc1e0cdb5577484a6d75e68dc38e8acc1" mediatype=application/vnd.oci.image.layer.v1.tar+gzip size=32 spanID=551265a810399fc0 traceID=1d7ad35139f409e03f9dd784ad54bc8d
2026-05-12T10:46:29.2267286Z time="2026-05-12T10:45:45Z" level=debug msg="checking and pushing to" digest="sha256:4f4fb700ef54461cfa02571ae0db9a0dc1e0cdb5577484a6d75e68dc38e8acc1" mediatype=application/vnd.oci.image.layer.v1.tar+gzip size=32 spanID=551265a810399fc0 traceID=1d7ad35139f409e03f9dd784ad54bc8d url="https://registry-1.docker.io/v2/moby/moby-bin/blobs/sha256:4f4fb700ef54461cfa02571ae0db9a0dc1e0cdb5577484a6d75e68dc38e8acc1"
2026-05-12T10:46:29.2270527Z time="2026-05-12T10:45:45Z" level=debug msg="do request" digest="sha256:4f4fb700ef54461cfa02571ae0db9a0dc1e0cdb5577484a6d75e68dc38e8acc1" mediatype=application/vnd.oci.image.layer.v1.tar+gzip request.header.accept="application/vnd.oci.image.layer.v1.tar+gzip, */*" request.header.user-agent=buildkit/v0.29 request.method=HEAD size=32 spanID=551265a810399fc0 traceID=1d7ad35139f409e03f9dd784ad54bc8d url="https://registry-1.docker.io/v2/moby/moby-bin/blobs/sha256:4f4fb700ef54461cfa02571ae0db9a0dc1e0cdb5577484a6d75e68dc38e8acc1"
2026-05-12T10:46:29.2275828Z time="2026-05-12T10:45:45Z" level=debug msg="fetch response received" digest="sha256:9cc61e26e50fbc9e98d3952c411b83b6cbf8718ee3588c59aee67edfdafde489" mediatype=application/vnd.oci.image.layer.v1.tar+gzip response.header.accept-ranges=bytes response.header.cache-control="max-age=31536000" response.header.connection=keep-alive response.header.content-length=11392233 response.header.content-type=application/octet-stream response.header.date="Tue, 12 May 2026 10:45:45 GMT" response.header.docker-content-digest="sha256:9cc61e26e50fbc9e98d3952c411b83b6cbf8718ee3588c59aee67edfdafde489" response.header.docker-distribution-api-version=registry/2.0 response.header.etag="\"sha256:9cc61e26e50fbc9e98d3952c411b83b6cbf8718ee3588c59aee67edfdafde489\"" response.header.strict-transport-security="max-age=31536000" response.status="200 OK" size=11392233 spanID=551265a810399fc0 traceID=1d7ad35139f409e03f9dd784ad54bc8d url="https://registry-1.docker.io/v2/moby/moby-bin/blobs/sha256:9cc61e26e50fbc9e98d3952c411b83b6cbf8718ee3588c59aee67edfdafde489"
2026-05-12T10:46:29.2280711Z time="2026-05-12T10:45:45Z" level=warning msg="failed to update distribution source for layer sha256:9cc61e26e50fbc9e98d3952c411b83b6cbf8718ee3588c59aee67edfdafde489: content digest sha256:9cc61e26e50fbc9e98d3952c411b83b6cbf8718ee3588c59aee67edfdafde489: not found" spanID=551265a810399fc0 traceID=1d7ad35139f409e03f9dd784ad54bc8d
2026-05-12T10:46:29.2282637Z time="2026-05-12T10:45:45Z" level=debug msg=push digest="sha256:fbf51ff3393e1b99d1ef7b0d8125dc292922a8f6a3a58e02194905d69b38480b" mediatype=application/vnd.oci.image.layer.v1.tar+gzip size=25969935 spanID=551265a810399fc0 traceID=1d7ad35139f409e03f9dd784ad54bc8d
2026-05-12T10:46:29.2285004Z time="2026-05-12T10:45:45Z" level=debug msg="checking and pushing to" digest="sha256:fbf51ff3393e1b99d1ef7b0d8125dc292922a8f6a3a58e02194905d69b38480b" mediatype=application/vnd.oci.image.layer.v1.tar+gzip size=25969935 spanID=551265a810399fc0 traceID=1d7ad35139f409e03f9dd784ad54bc8d url="https://registry-1.docker.io/v2/moby/moby-bin/blobs/sha256:fbf51ff3393e1b99d1ef7b0d8125dc292922a8f6a3a58e02194905d69b38480b"
2026-05-12T10:46:29.2288140Z time="2026-05-12T10:45:45Z" level=debug msg="do request" digest="sha256:fbf51ff3393e1b99d1ef7b0d8125dc292922a8f6a3a58e02194905d69b38480b" mediatype=application/vnd.oci.image.layer.v1.tar+gzip request.header.accept="application/vnd.oci.image.layer.v1.tar+gzip, */*" request.header.user-agent=buildkit/v0.29 request.method=HEAD size=25969935 spanID=551265a810399fc0 traceID=1d7ad35139f409e03f9dd784ad54bc8d url="https://registry-1.docker.io/v2/moby/moby-bin/blobs/sha256:fbf51ff3393e1b99d1ef7b0d8125dc292922a8f6a3a58e02194905d69b38480b"
2026-05-12T10:46:29.2293657Z time="2026-05-12T10:45:45Z" level=debug msg="fetch response received" digest="sha256:4f4fb700ef54461cfa02571ae0db9a0dc1e0cdb5577484a6d75e68dc38e8acc1" mediatype=application/vnd.oci.image.layer.v1.tar+gzip response.header.accept-ranges=bytes response.header.cache-control="max-age=31536000" response.header.connection=keep-alive response.header.content-length=32 response.header.content-type=application/octet-stream response.header.date="Tue, 12 May 2026 10:45:45 GMT" response.header.docker-content-digest="sha256:4f4fb700ef54461cfa02571ae0db9a0dc1e0cdb5577484a6d75e68dc38e8acc1" response.header.docker-distribution-api-version=registry/2.0 response.header.etag="\"sha256:4f4fb700ef54461cfa02571ae0db9a0dc1e0cdb5577484a6d75e68dc38e8acc1\"" response.header.strict-transport-security="max-age=31536000" response.status="200 OK" size=32 spanID=551265a810399fc0 traceID=1d7ad35139f409e03f9dd784ad54bc8d url="https://registry-1.docker.io/v2/moby/moby-bin/blobs/sha256:4f4fb700ef54461cfa02571ae0db9a0dc1e0cdb5577484a6d75e68dc38e8acc1"
2026-05-12T10:46:29.2304549Z time="2026-05-12T10:45:46Z" level=debug msg="fetch response received" digest="sha256:400e3971f5d930f70864a39bd62176c227b9f8751065365f1ede9502afe8baba" mediatype=application/vnd.in-toto+json response.header.connection=keep-alive response.header.content-length=0 response.header.date="Tue, 12 May 2026 10:45:45 GMT" response.header.docker-distribution-api-version=registry/2.0 response.header.docker-upload-uuid=6dd74f0c-1bbe-4fd3-a470-cd25352735cd response.header.location="https://registry-1.docker.io/v2/moby/moby-bin/blobs/uploads/6dd74f0c-1bbe-4fd3-a470-cd25352735cd?_state=6F3STJzqve1wpRBNZFoo74mw5LmCGYotFcJEu-RXABR7Ik5hbWUiOiJtb2J5L21vYnktYmluIiwiVVVJRCI6IjZkZDc0ZjBjLTFiYmUtNGZkMy1hNDcwLWNkMjUzNTI3MzVjZCIsIk9mZnNldCI6MCwiU3RhcnRlZEF0IjoiMjAyNi0wNS0xMlQxMDo0NTo0NS43NzYzMjgyODVaIiwiRXhwaXJlc0F0IjoiMjAyNi0wNS0xMlQxMToxNTo0NS45ODQwNTA1MjNaIiwiVXNlcm5hbWUiOiJnb3Jkb250aGV0dXJ0bGUiLCJVc2VyVVVJRCI6ImRiNWQwMjYyLWZhMTUtNDViNC1iNzY5LTM3ZDc2Y2Q4ZDY2ZCIsIlNlc3Npb25JRCI6ImRja3JfanRpXzB5UWZuVU5feTVkc09aN0dsTnhpcGpOaTNSbz0ifQ%3D%3D" response.header.range=0-0 response.header.strict-transport-security="max-age=31536000" response.status="202 Accepted" size=93317 spanID=551265a810399fc0 traceID=1d7ad35139f409e03f9dd784ad54bc8d url="https://registry-1.docker.io/v2/moby/moby-bin/blobs/uploads/"
2026-05-12T10:46:29.2316699Z time="2026-05-12T10:45:46Z" level=debug msg="do request" digest="sha256:400e3971f5d930f70864a39bd62176c227b9f8751065365f1ede9502afe8baba" mediatype=application/vnd.in-toto+json request.header.content-type=application/octet-stream request.header.user-agent=buildkit/v0.29 request.method=PUT size=93317 spanID=551265a810399fc0 traceID=1d7ad35139f409e03f9dd784ad54bc8d url="https://registry-1.docker.io/v2/moby/moby-bin/blobs/uploads/6dd74f0c-1bbe-4fd3-a470-cd25352735cd?_state=6F3STJzqve1wpRBNZFoo74mw5LmCGYotFcJEu-RXABR7Ik5hbWUiOiJtb2J5L21vYnktYmluIiwiVVVJRCI6IjZkZDc0ZjBjLTFiYmUtNGZkMy1hNDcwLWNkMjUzNTI3MzVjZCIsIk9mZnNldCI6MCwiU3RhcnRlZEF0IjoiMjAyNi0wNS0xMlQxMDo0NTo0NS43NzYzMjgyODVaIiwiRXhwaXJlc0F0IjoiMjAyNi0wNS0xMlQxMToxNTo0NS45ODQwNTA1MjNaIiwiVXNlcm5hbWUiOiJnb3Jkb250aGV0dXJ0bGUiLCJVc2VyVVVJRCI6ImRiNWQwMjYyLWZhMTUtNDViNC1iNzY5LTM3ZDc2Y2Q4ZDY2ZCIsIlNlc3Npb25JRCI6ImRja3JfanRpXzB5UWZuVU5feTVkc09aN0dsTnhpcGpOaTNSbz0ifQ%3D%3D&digest=sha256%3A400e3971f5d930f70864a39bd62176c227b9f8751065365f1ede9502afe8baba"
2026-05-12T10:46:29.2327958Z time="2026-05-12T10:45:46Z" level=debug msg="fetch response received" digest="sha256:42239dc487169f3b345c947cc8df0b6ff96b4438649dabdca237d70ac9077af2" mediatype=application/vnd.oci.image.layer.v1.tar+gzip response.header.connection=keep-alive response.header.content-length=0 response.header.date="Tue, 12 May 2026 10:45:46 GMT" response.header.docker-distribution-api-version=registry/2.0 response.header.docker-upload-uuid=654c6ec5-447c-45be-ae63-e8c6ab018905 response.header.location="https://registry-1.docker.io/v2/moby/moby-bin/blobs/uploads/654c6ec5-447c-45be-ae63-e8c6ab018905?_state=5FeVu-5Xh8ovuwKZlInDmCNY7VxXwQtp_YsnqgusFCZ7Ik5hbWUiOiJtb2J5L21vYnktYmluIiwiVVVJRCI6IjY1NGM2ZWM1LTQ0N2MtNDViZS1hZTYzLWU4YzZhYjAxODkwNSIsIk9mZnNldCI6MCwiU3RhcnRlZEF0IjoiMjAyNi0wNS0xMlQxMDo0NTo0NS44MDcwMTA0MTJaIiwiRXhwaXJlc0F0IjoiMjAyNi0wNS0xMlQxMToxNTo0Ni4wMTk3NzY3NTFaIiwiVXNlcm5hbWUiOiJnb3Jkb250aGV0dXJ0bGUiLCJVc2VyVVVJRCI6ImRiNWQwMjYyLWZhMTUtNDViNC1iNzY5LTM3ZDc2Y2Q4ZDY2ZCIsIlNlc3Npb25JRCI6ImRja3JfanRpXzB5UWZuVU5feTVkc09aN0dsTnhpcGpOaTNSbz0ifQ%3D%3D" response.header.range=0-0 response.header.strict-transport-security="max-age=31536000" response.status="202 Accepted" size=29516242 spanID=551265a810399fc0 traceID=1d7ad35139f409e03f9dd784ad54bc8d url="https://registry-1.docker.io/v2/moby/moby-bin/blobs/uploads/"
2026-05-12T10:46:29.2339094Z time="2026-05-12T10:45:46Z" level=debug msg="do request" digest="sha256:42239dc487169f3b345c947cc8df0b6ff96b4438649dabdca237d70ac9077af2" mediatype=application/vnd.oci.image.layer.v1.tar+gzip request.header.content-type=application/octet-stream request.header.user-agent=buildkit/v0.29 request.method=PUT size=29516242 spanID=551265a810399fc0 traceID=1d7ad35139f409e03f9dd784ad54bc8d url="https://registry-1.docker.io/v2/moby/moby-bin/blobs/uploads/654c6ec5-447c-45be-ae63-e8c6ab018905?_state=5FeVu-5Xh8ovuwKZlInDmCNY7VxXwQtp_YsnqgusFCZ7Ik5hbWUiOiJtb2J5L21vYnktYmluIiwiVVVJRCI6IjY1NGM2ZWM1LTQ0N2MtNDViZS1hZTYzLWU4YzZhYjAxODkwNSIsIk9mZnNldCI6MCwiU3RhcnRlZEF0IjoiMjAyNi0wNS0xMlQxMDo0NTo0NS44MDcwMTA0MTJaIiwiRXhwaXJlc0F0IjoiMjAyNi0wNS0xMlQxMToxNTo0Ni4wMTk3NzY3NTFaIiwiVXNlcm5hbWUiOiJnb3Jkb250aGV0dXJ0bGUiLCJVc2VyVVVJRCI6ImRiNWQwMjYyLWZhMTUtNDViNC1iNzY5LTM3ZDc2Y2Q4ZDY2ZCIsIlNlc3Npb25JRCI6ImRja3JfanRpXzB5UWZuVU5feTVkc09aN0dsTnhpcGpOaTNSbz0ifQ%3D%3D&digest=sha256%3A42239dc487169f3b345c947cc8df0b6ff96b4438649dabdca237d70ac9077af2"
2026-05-12T10:46:29.2347773Z time="2026-05-12T10:45:46Z" level=debug msg="fetch response received" digest="sha256:fbf51ff3393e1b99d1ef7b0d8125dc292922a8f6a3a58e02194905d69b38480b" mediatype=application/vnd.oci.image.layer.v1.tar+gzip response.header.accept-ranges=bytes response.header.cache-control="max-age=31536000" response.header.connection=keep-alive response.header.content-length=25969935 response.header.content-type=application/octet-stream response.header.date="Tue, 12 May 2026 10:45:46 GMT" response.header.docker-content-digest="sha256:fbf51ff3393e1b99d1ef7b0d8125dc292922a8f6a3a58e02194905d69b38480b" response.header.docker-distribution-api-version=registry/2.0 response.header.etag="\"sha256:fbf51ff3393e1b99d1ef7b0d8125dc292922a8f6a3a58e02194905d69b38480b\"" response.header.strict-transport-security="max-age=31536000" response.status="200 OK" size=25969935 spanID=551265a810399fc0 traceID=1d7ad35139f409e03f9dd784ad54bc8d url="https://registry-1.docker.io/v2/moby/moby-bin/blobs/sha256:fbf51ff3393e1b99d1ef7b0d8125dc292922a8f6a3a58e02194905d69b38480b"
2026-05-12T10:46:29.2352705Z time="2026-05-12T10:45:46Z" level=warning msg="failed to update distribution source for layer sha256:fbf51ff3393e1b99d1ef7b0d8125dc292922a8f6a3a58e02194905d69b38480b: content digest sha256:fbf51ff3393e1b99d1ef7b0d8125dc292922a8f6a3a58e02194905d69b38480b: not found" spanID=551265a810399fc0 traceID=1d7ad35139f409e03f9dd784ad54bc8d
2026-05-12T10:46:29.2360507Z time="2026-05-12T10:45:46Z" level=debug msg="fetch response received" digest="sha256:bbdc26571ba52db3a974bcef57c7e4e19a138f7b2f12b14195a8168b5fd7e3d3" mediatype=application/vnd.oci.image.config.v1+json response.header.connection=keep-alive response.header.content-length=0 response.header.date="Tue, 12 May 2026 10:45:46 GMT" response.header.docker-content-digest="sha256:bbdc26571ba52db3a974bcef57c7e4e19a138f7b2f12b14195a8168b5fd7e3d3" response.header.docker-distribution-api-version=registry/2.0 response.header.location="https://registry-1.docker.io/v2/moby/moby-bin/blobs/sha256:bbdc26571ba52db3a974bcef57c7e4e19a138f7b2f12b14195a8168b5fd7e3d3" response.header.strict-transport-security="max-age=31536000" response.status="201 Created" size=1418 spanID=551265a810399fc0 traceID=1d7ad35139f409e03f9dd784ad54bc8d url="https://registry-1.docker.io/v2/moby/moby-bin/blobs/uploads/20cad616-132f-42d6-837f-bacf776f8208?_state=e2AV58DaBtwIytp8seQLAaIgqDejdmH_Yu1zH-BwFlx7Ik5hbWUiOiJtb2J5L21vYnktYmluIiwiVVVJRCI6IjIwY2FkNjE2LTEzMmYtNDJkNi04MzdmLWJhY2Y3NzZmODIwOCIsIk9mZnNldCI6MCwiU3RhcnRlZEF0IjoiMjAyNi0wNS0xMlQxMDo0NTo0NS43MzkxNDIzODVaIiwiRXhwaXJlc0F0IjoiMjAyNi0wNS0xMlQxMToxNTo0NS44MzI2ODEwNzhaIiwiVXNlcm5hbWUiOiJnb3Jkb250aGV0dXJ0bGUiLCJVc2VyVVVJRCI6ImRiNWQwMjYyLWZhMTUtNDViNC1iNzY5LTM3ZDc2Y2Q4ZDY2ZCIsIlNlc3Npb25JRCI6ImRja3JfanRpXzB5UWZuVU5feTVkc09aN0dsTnhpcGpOaTNSbz0ifQ%3D%3D&digest=sha256%3Abbdc26571ba52db3a974bcef57c7e4e19a138f7b2f12b14195a8168b5fd7e3d3"
2026-05-12T10:46:29.2373957Z time="2026-05-12T10:45:46Z" level=debug msg="fetch response received" digest="sha256:400e3971f5d930f70864a39bd62176c227b9f8751065365f1ede9502afe8baba" mediatype=application/vnd.in-toto+json response.header.connection=keep-alive response.header.content-length=0 response.header.date="Tue, 12 May 2026 10:45:46 GMT" response.header.docker-content-digest="sha256:400e3971f5d930f70864a39bd62176c227b9f8751065365f1ede9502afe8baba" response.header.docker-distribution-api-version=registry/2.0 response.header.location="https://registry-1.docker.io/v2/moby/moby-bin/blobs/sha256:400e3971f5d930f70864a39bd62176c227b9f8751065365f1ede9502afe8baba" response.header.strict-transport-security="max-age=31536000" response.status="201 Created" size=93317 spanID=551265a810399fc0 traceID=1d7ad35139f409e03f9dd784ad54bc8d url="https://registry-1.docker.io/v2/moby/moby-bin/blobs/uploads/6dd74f0c-1bbe-4fd3-a470-cd25352735cd?_state=6F3STJzqve1wpRBNZFoo74mw5LmCGYotFcJEu-RXABR7Ik5hbWUiOiJtb2J5L21vYnktYmluIiwiVVVJRCI6IjZkZDc0ZjBjLTFiYmUtNGZkMy1hNDcwLWNkMjUzNTI3MzVjZCIsIk9mZnNldCI6MCwiU3RhcnRlZEF0IjoiMjAyNi0wNS0xMlQxMDo0NTo0NS43NzYzMjgyODVaIiwiRXhwaXJlc0F0IjoiMjAyNi0wNS0xMlQxMToxNTo0NS45ODQwNTA1MjNaIiwiVXNlcm5hbWUiOiJnb3Jkb250aGV0dXJ0bGUiLCJVc2VyVVVJRCI6ImRiNWQwMjYyLWZhMTUtNDViNC1iNzY5LTM3ZDc2Y2Q4ZDY2ZCIsIlNlc3Npb25JRCI6ImRja3JfanRpXzB5UWZuVU5feTVkc09aN0dsTnhpcGpOaTNSbz0ifQ%3D%3D&digest=sha256%3A400e3971f5d930f70864a39bd62176c227b9f8751065365f1ede9502afe8baba"
2026-05-12T10:46:29.2387285Z time="2026-05-12T10:45:48Z" level=debug msg="fetch response received" digest="sha256:42239dc487169f3b345c947cc8df0b6ff96b4438649dabdca237d70ac9077af2" mediatype=application/vnd.oci.image.layer.v1.tar+gzip response.header.connection=keep-alive response.header.content-length=0 response.header.date="Tue, 12 May 2026 10:45:48 GMT" response.header.docker-content-digest="sha256:42239dc487169f3b345c947cc8df0b6ff96b4438649dabdca237d70ac9077af2" response.header.docker-distribution-api-version=registry/2.0 response.header.location="https://registry-1.docker.io/v2/moby/moby-bin/blobs/sha256:42239dc487169f3b345c947cc8df0b6ff96b4438649dabdca237d70ac9077af2" response.header.strict-transport-security="max-age=31536000" response.status="201 Created" size=29516242 spanID=551265a810399fc0 traceID=1d7ad35139f409e03f9dd784ad54bc8d url="https://registry-1.docker.io/v2/moby/moby-bin/blobs/uploads/654c6ec5-447c-45be-ae63-e8c6ab018905?_state=5FeVu-5Xh8ovuwKZlInDmCNY7VxXwQtp_YsnqgusFCZ7Ik5hbWUiOiJtb2J5L21vYnktYmluIiwiVVVJRCI6IjY1NGM2ZWM1LTQ0N2MtNDViZS1hZTYzLWU4YzZhYjAxODkwNSIsIk9mZnNldCI6MCwiU3RhcnRlZEF0IjoiMjAyNi0wNS0xMlQxMDo0NTo0NS44MDcwMTA0MTJaIiwiRXhwaXJlc0F0IjoiMjAyNi0wNS0xMlQxMToxNTo0Ni4wMTk3NzY3NTFaIiwiVXNlcm5hbWUiOiJnb3Jkb250aGV0dXJ0bGUiLCJVc2VyVVVJRCI6ImRiNWQwMjYyLWZhMTUtNDViNC1iNzY5LTM3ZDc2Y2Q4ZDY2ZCIsIlNlc3Npb25JRCI6ImRja3JfanRpXzB5UWZuVU5feTVkc09aN0dsTnhpcGpOaTNSbz0ifQ%3D%3D&digest=sha256%3A42239dc487169f3b345c947cc8df0b6ff96b4438649dabdca237d70ac9077af2"
2026-05-12T10:46:29.2394876Z time="2026-05-12T10:45:48Z" level=debug msg=push digest="sha256:3632c95a1bb79e433134a6562a20e706d504168a7b1f0fdc050a76ee9f2d9635" mediatype=application/vnd.oci.image.manifest.v1+json size=1438 spanID=551265a810399fc0 traceID=1d7ad35139f409e03f9dd784ad54bc8d
2026-05-12T10:46:29.2397056Z time="2026-05-12T10:45:48Z" level=debug msg="checking and pushing to" digest="sha256:3632c95a1bb79e433134a6562a20e706d504168a7b1f0fdc050a76ee9f2d9635" mediatype=application/vnd.oci.image.manifest.v1+json size=1438 spanID=551265a810399fc0 traceID=1d7ad35139f409e03f9dd784ad54bc8d url="https://registry-1.docker.io/v2/moby/moby-bin/manifests/sha256:3632c95a1bb79e433134a6562a20e706d504168a7b1f0fdc050a76ee9f2d9635"
2026-05-12T10:46:29.2400413Z time="2026-05-12T10:45:48Z" level=debug msg="do request" digest="sha256:3632c95a1bb79e433134a6562a20e706d504168a7b1f0fdc050a76ee9f2d9635" mediatype=application/vnd.oci.image.manifest.v1+json request.header.accept="application/vnd.oci.image.manifest.v1+json, */*" request.header.user-agent=buildkit/v0.29 request.method=HEAD size=1438 spanID=551265a810399fc0 traceID=1d7ad35139f409e03f9dd784ad54bc8d url="https://registry-1.docker.io/v2/moby/moby-bin/manifests/sha256:3632c95a1bb79e433134a6562a20e706d504168a7b1f0fdc050a76ee9f2d9635"
2026-05-12T10:46:29.2404921Z time="2026-05-12T10:45:48Z" level=debug msg="fetch response received" digest="sha256:3632c95a1bb79e433134a6562a20e706d504168a7b1f0fdc050a76ee9f2d9635" mediatype=application/vnd.oci.image.manifest.v1+json response.header.connection=keep-alive response.header.content-length=198 response.header.content-type=application/json response.header.date="Tue, 12 May 2026 10:45:48 GMT" response.header.docker-distribution-api-version=registry/2.0 response.header.docker-ratelimit-source=db5d0262-fa15-45b4-b769-37d76cd8d66d response.header.strict-transport-security="max-age=31536000" response.status="404 Not Found" size=1438 spanID=551265a810399fc0 traceID=1d7ad35139f409e03f9dd784ad54bc8d url="https://registry-1.docker.io/v2/moby/moby-bin/manifests/sha256:3632c95a1bb79e433134a6562a20e706d504168a7b1f0fdc050a76ee9f2d9635"
2026-05-12T10:46:29.2409418Z time="2026-05-12T10:45:48Z" level=debug msg="do request" digest="sha256:3632c95a1bb79e433134a6562a20e706d504168a7b1f0fdc050a76ee9f2d9635" mediatype=application/vnd.oci.image.manifest.v1+json request.header.content-type=application/vnd.oci.image.manifest.v1+json request.header.user-agent=buildkit/v0.29 request.method=PUT size=1438 spanID=551265a810399fc0 traceID=1d7ad35139f409e03f9dd784ad54bc8d url="https://registry-1.docker.io/v2/moby/moby-bin/manifests/sha256:3632c95a1bb79e433134a6562a20e706d504168a7b1f0fdc050a76ee9f2d9635"
2026-05-12T10:46:29.2414753Z time="2026-05-12T10:45:48Z" level=debug msg="fetch response received" digest="sha256:3632c95a1bb79e433134a6562a20e706d504168a7b1f0fdc050a76ee9f2d9635" mediatype=application/vnd.oci.image.manifest.v1+json response.header.connection=keep-alive response.header.content-length=0 response.header.date="Tue, 12 May 2026 10:45:48 GMT" response.header.docker-content-digest="sha256:3632c95a1bb79e433134a6562a20e706d504168a7b1f0fdc050a76ee9f2d9635" response.header.docker-distribution-api-version=registry/2.0 response.header.docker-ratelimit-source=172.182.205.112 response.header.location="https://registry-1.docker.io/v2/moby/moby-bin/manifests/sha256:3632c95a1bb79e433134a6562a20e706d504168a7b1f0fdc050a76ee9f2d9635" response.header.strict-transport-security="max-age=31536000" response.status="201 Created" size=1438 spanID=551265a810399fc0 traceID=1d7ad35139f409e03f9dd784ad54bc8d url="https://registry-1.docker.io/v2/moby/moby-bin/manifests/sha256:3632c95a1bb79e433134a6562a20e706d504168a7b1f0fdc050a76ee9f2d9635"
2026-05-12T10:46:29.2418982Z time="2026-05-12T10:45:48Z" level=debug msg=push digest="sha256:d7d7a1c7721b39e846accb66e33371ad97748e644cea946266f51deb78ddd4aa" mediatype=application/vnd.oci.image.manifest.v1+json size=838 spanID=551265a810399fc0 traceID=1d7ad35139f409e03f9dd784ad54bc8d
2026-05-12T10:46:29.2421401Z time="2026-05-12T10:45:48Z" level=debug msg="checking and pushing to" digest="sha256:d7d7a1c7721b39e846accb66e33371ad97748e644cea946266f51deb78ddd4aa" mediatype=application/vnd.oci.image.manifest.v1+json size=838 spanID=551265a810399fc0 traceID=1d7ad35139f409e03f9dd784ad54bc8d url="https://registry-1.docker.io/v2/moby/moby-bin/manifests/sha256:d7d7a1c7721b39e846accb66e33371ad97748e644cea946266f51deb78ddd4aa"
2026-05-12T10:46:29.2424526Z time="2026-05-12T10:45:48Z" level=debug msg="do request" digest="sha256:d7d7a1c7721b39e846accb66e33371ad97748e644cea946266f51deb78ddd4aa" mediatype=application/vnd.oci.image.manifest.v1+json request.header.accept="application/vnd.oci.image.manifest.v1+json, */*" request.header.user-agent=buildkit/v0.29 request.method=HEAD size=838 spanID=551265a810399fc0 traceID=1d7ad35139f409e03f9dd784ad54bc8d url="https://registry-1.docker.io/v2/moby/moby-bin/manifests/sha256:d7d7a1c7721b39e846accb66e33371ad97748e644cea946266f51deb78ddd4aa"
2026-05-12T10:46:29.2429130Z time="2026-05-12T10:45:48Z" level=debug msg="fetch response received" digest="sha256:d7d7a1c7721b39e846accb66e33371ad97748e644cea946266f51deb78ddd4aa" mediatype=application/vnd.oci.image.manifest.v1+json response.header.connection=keep-alive response.header.content-length=198 response.header.content-type=application/json response.header.date="Tue, 12 May 2026 10:45:48 GMT" response.header.docker-distribution-api-version=registry/2.0 response.header.docker-ratelimit-source=db5d0262-fa15-45b4-b769-37d76cd8d66d response.header.strict-transport-security="max-age=31536000" response.status="404 Not Found" size=838 spanID=551265a810399fc0 traceID=1d7ad35139f409e03f9dd784ad54bc8d url="https://registry-1.docker.io/v2/moby/moby-bin/manifests/sha256:d7d7a1c7721b39e846accb66e33371ad97748e644cea946266f51deb78ddd4aa"
2026-05-12T10:46:29.2433820Z time="2026-05-12T10:45:48Z" level=debug msg="do request" digest="sha256:d7d7a1c7721b39e846accb66e33371ad97748e644cea946266f51deb78ddd4aa" mediatype=application/vnd.oci.image.manifest.v1+json request.header.content-type=application/vnd.oci.image.manifest.v1+json request.header.user-agent=buildkit/v0.29 request.method=PUT size=838 spanID=551265a810399fc0 traceID=1d7ad35139f409e03f9dd784ad54bc8d url="https://registry-1.docker.io/v2/moby/moby-bin/manifests/sha256:d7d7a1c7721b39e846accb66e33371ad97748e644cea946266f51deb78ddd4aa"
2026-05-12T10:46:29.2437151Z time="2026-05-12T10:45:49Z" level=debug msg="upload cache https://productionresultssa14.blob.core.windows.net/actions-cache/b89-4286567287?se=2026-05-12T11%3A45%3A45Z&sig=RJvlXvEZNFTcdZqj%2FqJbraETAmn9d%2BPey2%2BeDAEWzE8%3D&ske=2026-05-12T14%3A03%3A46Z&skoid=ca7593d4-ee42-46cd-af88-8b886a2f84eb&sks=b&skt=2026-05-12T10%3A03%3A46Z&sktid=398a6654-997b-47e9-b12b-9515b896b4de&skv=2025-11-05&sp=cw&spr=https&sr=b&st=2026-05-12T10%3A45%3A40Z&sv=2025-11-05 7a7b9c75-201e-00f8-6cfc-e1cb0f000000"
2026-05-12T10:46:29.2440103Z time="2026-05-12T10:45:49Z" level=debug msg="commit cache req https://results-receiver.actions.githubusercontent.com/twirp/github.actions.results.api.v1.CacheService/FinalizeCacheEntryUpload body={\"key\":\"buildkit-blob-1-sha256:42239dc487169f3b345c947cc8df0b6ff96b4438649dabdca237d70ac9077af2\",\"size_bytes\":29516242,\"version\":\"693bb7016429d80366022f036f84856888c9f13e00145f5f6f4dce303a38d6f2\"}"
2026-05-12T10:46:29.2442145Z time="2026-05-12T10:45:49Z" level=debug msg="commit cache resp https://results-receiver.actions.githubusercontent.com/twirp/github.actions.results.api.v1.CacheService/FinalizeCacheEntryUpload 4286567287"
2026-05-12T10:46:29.2446777Z time="2026-05-12T10:45:49Z" level=debug msg="fetch response received" digest="sha256:d7d7a1c7721b39e846accb66e33371ad97748e644cea946266f51deb78ddd4aa" mediatype=application/vnd.oci.image.manifest.v1+json response.header.connection=keep-alive response.header.content-length=0 response.header.date="Tue, 12 May 2026 10:45:49 GMT" response.header.docker-content-digest="sha256:d7d7a1c7721b39e846accb66e33371ad97748e644cea946266f51deb78ddd4aa" response.header.docker-distribution-api-version=registry/2.0 response.header.docker-ratelimit-source=172.182.205.112 response.header.location="https://registry-1.docker.io/v2/moby/moby-bin/manifests/sha256:d7d7a1c7721b39e846accb66e33371ad97748e644cea946266f51deb78ddd4aa" response.header.oci-subject="sha256:3632c95a1bb79e433134a6562a20e706d504168a7b1f0fdc050a76ee9f2d9635" response.header.strict-transport-security="max-age=31536000" response.status="201 Created" size=838 spanID=551265a810399fc0 traceID=1d7ad35139f409e03f9dd784ad54bc8d url="https://registry-1.docker.io/v2/moby/moby-bin/manifests/sha256:d7d7a1c7721b39e846accb66e33371ad97748e644cea946266f51deb78ddd4aa"
2026-05-12T10:46:29.2451613Z time="2026-05-12T10:45:49Z" level=debug msg=push digest="sha256:3488f50c25cb60b9c07433908668e11db7a1720db7d5066227dd7bb899b97627" mediatype=application/vnd.oci.image.index.v1+json size=879 spanID=551265a810399fc0 traceID=1d7ad35139f409e03f9dd784ad54bc8d
2026-05-12T10:46:29.2453876Z time="2026-05-12T10:45:49Z" level=debug msg="checking and pushing to" digest="sha256:3488f50c25cb60b9c07433908668e11db7a1720db7d5066227dd7bb899b97627" mediatype=application/vnd.oci.image.index.v1+json size=879 spanID=551265a810399fc0 traceID=1d7ad35139f409e03f9dd784ad54bc8d url="https://registry-1.docker.io/v2/moby/moby-bin/manifests/sha256:3488f50c25cb60b9c07433908668e11db7a1720db7d5066227dd7bb899b97627"
2026-05-12T10:46:29.2456916Z time="2026-05-12T10:45:49Z" level=debug msg="do request" digest="sha256:3488f50c25cb60b9c07433908668e11db7a1720db7d5066227dd7bb899b97627" mediatype=application/vnd.oci.image.index.v1+json request.header.accept="application/vnd.oci.image.index.v1+json, */*" request.header.user-agent=buildkit/v0.29 request.method=HEAD size=879 spanID=551265a810399fc0 traceID=1d7ad35139f409e03f9dd784ad54bc8d url="https://registry-1.docker.io/v2/moby/moby-bin/manifests/sha256:3488f50c25cb60b9c07433908668e11db7a1720db7d5066227dd7bb899b97627"
2026-05-12T10:46:29.2461441Z time="2026-05-12T10:45:49Z" level=debug msg="fetch response received" digest="sha256:3488f50c25cb60b9c07433908668e11db7a1720db7d5066227dd7bb899b97627" mediatype=application/vnd.oci.image.index.v1+json response.header.connection=keep-alive response.header.content-length=198 response.header.content-type=application/json response.header.date="Tue, 12 May 2026 10:45:49 GMT" response.header.docker-distribution-api-version=registry/2.0 response.header.docker-ratelimit-source=db5d0262-fa15-45b4-b769-37d76cd8d66d response.header.strict-transport-security="max-age=31536000" response.status="404 Not Found" size=879 spanID=551265a810399fc0 traceID=1d7ad35139f409e03f9dd784ad54bc8d url="https://registry-1.docker.io/v2/moby/moby-bin/manifests/sha256:3488f50c25cb60b9c07433908668e11db7a1720db7d5066227dd7bb899b97627"
2026-05-12T10:46:29.2465887Z time="2026-05-12T10:45:49Z" level=debug msg="do request" digest="sha256:3488f50c25cb60b9c07433908668e11db7a1720db7d5066227dd7bb899b97627" mediatype=application/vnd.oci.image.index.v1+json request.header.content-type=application/vnd.oci.image.index.v1+json request.header.user-agent=buildkit/v0.29 request.method=PUT size=879 spanID=551265a810399fc0 traceID=1d7ad35139f409e03f9dd784ad54bc8d url="https://registry-1.docker.io/v2/moby/moby-bin/manifests/sha256:3488f50c25cb60b9c07433908668e11db7a1720db7d5066227dd7bb899b97627"
2026-05-12T10:46:29.2468744Z time="2026-05-12T10:45:49Z" level=debug msg="save cache req https://results-receiver.actions.githubusercontent.com/twirp/github.actions.results.api.v1.CacheService/CreateCacheEntry body={\"key\":\"index-bin-image-linux-arm-v7-1-49c8f7d5-sig#40\",\"version\":\"693bb7016429d80366022f036f84856888c9f13e00145f5f6f4dce303a38d6f2\"}"
2026-05-12T10:46:29.2472129Z time="2026-05-12T10:45:49Z" level=debug msg="save cache resp https://results-receiver.actions.githubusercontent.com/twirp/github.actions.results.api.v1.CacheService/CreateCacheEntry body={\"ok\":true, \"signed_upload_url\":\"https://productionresultssa9.blob.core.windows.net/actions-cache/63f-4286568579?se=2026-05-12T11%3A45%3A49Z&sig=Uy03zVJ9sruzrIoUbTWk1sdM430KbiuIxa6Wq7UAJM4%3D&ske=2026-05-12T14%3A03%3A33Z&skoid=ca7593d4-ee42-46cd-af88-8b886a2f84eb&sks=b&skt=2026-05-12T10%3A03%3A33Z&sktid=398a6654-997b-47e9-b12b-9515b896b4de&skv=2025-11-05&sp=cw&spr=https&sr=b&st=2026-05-12T10%3A45%3A44Z&sv=2025-11-05\", \"message\":\"\"}"
2026-05-12T10:46:29.2477597Z time="2026-05-12T10:45:49Z" level=debug msg="fetch response received" digest="sha256:3488f50c25cb60b9c07433908668e11db7a1720db7d5066227dd7bb899b97627" mediatype=application/vnd.oci.image.index.v1+json response.header.connection=keep-alive response.header.content-length=0 response.header.date="Tue, 12 May 2026 10:45:49 GMT" response.header.docker-content-digest="sha256:3488f50c25cb60b9c07433908668e11db7a1720db7d5066227dd7bb899b97627" response.header.docker-distribution-api-version=registry/2.0 response.header.docker-ratelimit-source=172.182.205.112 response.header.location="https://registry-1.docker.io/v2/moby/moby-bin/manifests/sha256:3488f50c25cb60b9c07433908668e11db7a1720db7d5066227dd7bb899b97627" response.header.strict-transport-security="max-age=31536000" response.status="201 Created" size=879 spanID=551265a810399fc0 traceID=1d7ad35139f409e03f9dd784ad54bc8d url="https://registry-1.docker.io/v2/moby/moby-bin/manifests/sha256:3488f50c25cb60b9c07433908668e11db7a1720db7d5066227dd7bb899b97627"
2026-05-12T10:46:29.2482701Z time="2026-05-12T10:45:50Z" level=debug msg="upload cache https://productionresultssa9.blob.core.windows.net/actions-cache/63f-4286568579?se=2026-05-12T11%3A45%3A49Z&sig=Uy03zVJ9sruzrIoUbTWk1sdM430KbiuIxa6Wq7UAJM4%3D&ske=2026-05-12T14%3A03%3A33Z&skoid=ca7593d4-ee42-46cd-af88-8b886a2f84eb&sks=b&skt=2026-05-12T10%3A03%3A33Z&sktid=398a6654-997b-47e9-b12b-9515b896b4de&skv=2025-11-05&sp=cw&spr=https&sr=b&st=2026-05-12T10%3A45%3A44Z&sv=2025-11-05 c9d20bf1-001e-0009-1afc-e128c6000000"
2026-05-12T10:46:29.2485414Z time="2026-05-12T10:45:50Z" level=debug msg="commit cache req https://results-receiver.actions.githubusercontent.com/twirp/github.actions.results.api.v1.CacheService/FinalizeCacheEntryUpload body={\"key\":\"index-bin-image-linux-arm-v7-1-49c8f7d5-sig#40\",\"size_bytes\":27994,\"version\":\"693bb7016429d80366022f036f84856888c9f13e00145f5f6f4dce303a38d6f2\"}"
2026-05-12T10:46:29.2487283Z time="2026-05-12T10:45:50Z" level=debug msg="commit cache resp https://results-receiver.actions.githubusercontent.com/twirp/github.actions.results.api.v1.CacheService/FinalizeCacheEntryUpload 4286568579"
2026-05-12T10:46:29.2489563Z time="2026-05-12T10:45:52Z" level=debug msg="signature verification: &{Kind:Docker GitHub Builder SignatureType:Sigstore Bundle Signer:0x226f8e930f20 Timestamps:[{Type:Tlog URI:https://rekor.sigstore.dev Timestamp:2026-05-12 10:45:51 +0000 UTC} {Type:TimestampAuthority URI:https://timestamp.sigstore.dev/api/v1/timestamp Timestamp:2026-05-12 10:45:51 +0000 UTC}] DockerReference: TrustRootStatus:{Error: LastUpdated:<nil>} IsDHI:false}" spanID=551265a810399fc0 traceID=1d7ad35139f409e03f9dd784ad54bc8d
2026-05-12T10:46:29.2496023Z time="2026-05-12T10:45:52Z" level=debug msg="signer: &{CertificateIssuer:CN=sigstore-intermediate,O=sigstore.dev SubjectAlternativeName:https://github.com/docker/github-builder/.github/workflows/bake.yml@c2782c55efa56a01b9c30021db8f5ec3993228a3 Extensions:{Issuer:https://token.actions.githubusercontent.com GithubWorkflowTrigger:push GithubWorkflowSHA:90deaa8fc011b6418ded1872439bd698920448d1 GithubWorkflowName:bin-image GithubWorkflowRepository:moby/moby GithubWorkflowRef:refs/heads/master BuildSignerURI:https://github.com/docker/github-builder/.github/workflows/bake.yml@c2782c55efa56a01b9c30021db8f5ec3993228a3 BuildSignerDigest:c2782c55efa56a01b9c30021db8f5ec3993228a3 RunnerEnvironment:github-hosted SourceRepositoryURI:https://github.com/moby/moby SourceRepositoryDigest:90deaa8fc011b6418ded1872439bd698920448d1 SourceRepositoryRef:refs/heads/master SourceRepositoryIdentifier:7691631 SourceRepositoryOwnerURI:https://github.com/moby SourceRepositoryOwnerIdentifier:27259197 BuildConfigURI:https://github.com/moby/moby/.github/workflows/bin-image.yml@refs/heads/master BuildConfigDigest:90deaa8fc011b6418ded1872439bd698920448d1 BuildTrigger:push RunInvocationURI:https://github.com/moby/moby/actions/runs/25729270852/attempts/1 SourceRepositoryVisibilityAtSigning:public}}" spanID=551265a810399fc0 traceID=1d7ad35139f409e03f9dd784ad54bc8d
2026-05-12T10:46:29.2501587Z time="2026-05-12T10:45:52Z" level=debug msg="certificate field \"sourceRepositoryURI\" matches policy (\"https://github.com/moby/moby\")" spanID=551265a810399fc0 traceID=1d7ad35139f409e03f9dd784ad54bc8d
2026-05-12T10:46:29.2503120Z time="2026-05-12T10:45:52Z" level=debug msg="certificate field \"subjectAlternativeName\" matches policy (\"https://github.com/docker/github-builder/.github/workflows/bake.yml@c2782c55efa56a01b9c30021db8f5ec3993228a3\")" spanID=551265a810399fc0 traceID=1d7ad35139f409e03f9dd784ad54bc8d
2026-05-12T10:46:29.2504807Z time="2026-05-12T10:45:52Z" level=debug msg="certificate field \"issuer\" matches policy (\"https://token.actions.githubusercontent.com\")" spanID=551265a810399fc0 traceID=1d7ad35139f409e03f9dd784ad54bc8d
2026-05-12T10:46:29.2506019Z time="2026-05-12T10:45:52Z" level=debug msg="certificate field \"githubWorkflowRepository\" matches policy (\"moby/moby\")" spanID=551265a810399fc0 traceID=1d7ad35139f409e03f9dd784ad54bc8d
2026-05-12T10:46:29.2507159Z time="2026-05-12T10:45:52Z" level=debug msg="certificate field \"runnerEnvironment\" matches policy (\"github-hosted\")" spanID=551265a810399fc0 traceID=1d7ad35139f409e03f9dd784ad54bc8d
2026-05-12T10:46:29.2508968Z time="2026-05-12T10:45:52Z" level=debug msg="save cache req https://results-receiver.actions.githubusercontent.com/twirp/github.actions.results.api.v1.CacheService/CreateCacheEntry body={\"key\":\"buildkit-blob-1-sha256:95c696a275196601cc45d1b1c966248ecdb73f438746e9e8792ded19f20edb72-sig\",\"version\":\"693bb7016429d80366022f036f84856888c9f13e00145f5f6f4dce303a38d6f2\"}"
2026-05-12T10:46:29.2512403Z time="2026-05-12T10:45:52Z" level=debug msg="save cache resp https://results-receiver.actions.githubusercontent.com/twirp/github.actions.results.api.v1.CacheService/CreateCacheEntry body={\"ok\":true, \"signed_upload_url\":\"https://productionresultssa7.blob.core.windows.net/actions-cache/554-4286569335?se=2026-05-12T11%3A45%3A52Z&sig=D3Q1wWJ4Q%2FgfTo9cUpzOVyQkivsQKoqVf4NLLpmfQCU%3D&ske=2026-05-12T14%3A02%3A36Z&skoid=ca7593d4-ee42-46cd-af88-8b886a2f84eb&sks=b&skt=2026-05-12T10%3A02%3A36Z&sktid=398a6654-997b-47e9-b12b-9515b896b4de&skv=2025-11-05&sp=cw&spr=https&sr=b&st=2026-05-12T10%3A45%3A47Z&sv=2025-11-05\", \"message\":\"\"}"
2026-05-12T10:46:29.2515981Z time="2026-05-12T10:45:52Z" level=debug msg="upload cache https://productionresultssa7.blob.core.windows.net/actions-cache/554-4286569335?se=2026-05-12T11%3A45%3A52Z&sig=D3Q1wWJ4Q%2FgfTo9cUpzOVyQkivsQKoqVf4NLLpmfQCU%3D&ske=2026-05-12T14%3A02%3A36Z&skoid=ca7593d4-ee42-46cd-af88-8b886a2f84eb&sks=b&skt=2026-05-12T10%3A02%3A36Z&sktid=398a6654-997b-47e9-b12b-9515b896b4de&skv=2025-11-05&sp=cw&spr=https&sr=b&st=2026-05-12T10%3A45%3A47Z&sv=2025-11-05 0bf9f715-e01e-00c7-1cfc-e18256000000"
2026-05-12T10:46:29.2518843Z time="2026-05-12T10:45:52Z" level=debug msg="commit cache req https://results-receiver.actions.githubusercontent.com/twirp/github.actions.results.api.v1.CacheService/FinalizeCacheEntryUpload body={\"key\":\"buildkit-blob-1-sha256:95c696a275196601cc45d1b1c966248ecdb73f438746e9e8792ded19f20edb72-sig\",\"size_bytes\":10071,\"version\":\"693bb7016429d80366022f036f84856888c9f13e00145f5f6f4dce303a38d6f2\"}"
2026-05-12T10:46:29.2520972Z time="2026-05-12T10:45:52Z" level=debug msg="commit cache resp https://results-receiver.actions.githubusercontent.com/twirp/github.actions.results.api.v1.CacheService/FinalizeCacheEntryUpload 4286569335"
2026-05-12T10:46:29.2522061Z time="2026-05-12T10:45:52Z" level=debug msg="session finished: <nil>" spanID=38dc6fe8e2b1b6d7 traceID=1d7ad35139f409e03f9dd784ad54bc8d
2026-05-12T10:46:29.2522852Z time="2026-05-12T10:45:52Z" level=debug msg="session finished: <nil>" spanID=a5a501b4dee5adfe traceID=a4a7312f399c9151b6f687705e626639
2026-05-12T10:46:29.2524043Z time="2026-05-12T10:45:52Z" level=error msg="/moby.buildkit.v1.Control/Solve returned error: rpc error: code = Canceled desc = context canceled" spanID=9f6a4951ff47ceb5 traceID=dcd8c9f6b3ca95a978d9cd280f20d335
2026-05-12T10:46:29.2524820Z Canceled: context canceled
2026-05-12T10:46:29.2525285Z 7 v0.29.0 /usr/bin/buildkitd --config /etc/buildkit/buildkitd.toml --debug --allow-insecure-entitlement=network.host
2026-05-12T10:46:29.2525773Z main.unaryInterceptor
2026-05-12T10:46:29.2525974Z 	/src/cmd/buildkitd/main.go:738
2026-05-12T10:46:29.2526399Z google.golang.org/grpc.NewServer.chainUnaryServerInterceptors.chainUnaryInterceptors.func1
2026-05-12T10:46:29.2526891Z 	/src/vendor/google.golang.org/grpc/server.go:1233
2026-05-12T10:46:29.2527401Z github.com/moby/buildkit/api/services/control._Control_Solve_Handler
2026-05-12T10:46:29.2527772Z 	/src/api/services/control/control_grpc.pb.go:289
2026-05-12T10:46:29.2528080Z google.golang.org/grpc.(*Server).processUnaryRPC
2026-05-12T10:46:29.2528389Z 	/src/vendor/google.golang.org/grpc/server.go:1429
2026-05-12T10:46:29.2528689Z google.golang.org/grpc.(*Server).handleStream
2026-05-12T10:46:29.2528991Z 	/src/vendor/google.golang.org/grpc/server.go:1855
2026-05-12T10:46:29.2529320Z google.golang.org/grpc.(*Server).serveStreams.func2.1
2026-05-12T10:46:29.2529640Z 	/src/vendor/google.golang.org/grpc/server.go:1064
2026-05-12T10:46:29.2529903Z runtime.goexit
2026-05-12T10:46:29.2530328Z 	/usr/local/go/src/runtime/asm_arm64.s:1447
2026-05-12T10:46:29.2530505Z 
2026-05-12T10:46:29.2530804Z time="2026-05-12T10:45:54Z" level=debug msg="remove snapshot" key=jf69y3lfbufmj4tu5o9pw64kp snapshotter=overlayfs
2026-05-12T10:46:29.2531664Z time="2026-05-12T10:45:54Z" level=debug msg="remove snapshot" key="sha256:a61f43c7ea3f0b036633ac34a481c00525efb94be77f5a607b76e7256b63f3f6-view" snapshotter=overlayfs
2026-05-12T10:46:29.2532603Z time="2026-05-12T10:45:54Z" level=debug msg="remove content" key="sha256:3488f50c25cb60b9c07433908668e11db7a1720db7d5066227dd7bb899b97627"
2026-05-12T10:46:29.2533434Z time="2026-05-12T10:45:54Z" level=debug msg="remove content" key="sha256:3632c95a1bb79e433134a6562a20e706d504168a7b1f0fdc050a76ee9f2d9635"
2026-05-12T10:46:29.2534252Z time="2026-05-12T10:45:54Z" level=debug msg="remove content" key="sha256:400e3971f5d930f70864a39bd62176c227b9f8751065365f1ede9502afe8baba"
2026-05-12T10:46:29.2535070Z time="2026-05-12T10:45:54Z" level=debug msg="remove content" key="sha256:44136fa355b3678a1146ad16f7e8649e94fb4fc21fe77e8310c060f61caaff8a"
2026-05-12T10:46:29.2535897Z time="2026-05-12T10:45:54Z" level=debug msg="remove content" key="sha256:bbdc26571ba52db3a974bcef57c7e4e19a138f7b2f12b14195a8168b5fd7e3d3"
2026-05-12T10:46:29.2536733Z time="2026-05-12T10:45:54Z" level=debug msg="remove content" key="sha256:d7d7a1c7721b39e846accb66e33371ad97748e644cea946266f51deb78ddd4aa"
2026-05-12T10:46:29.2537429Z time="2026-05-12T10:45:54Z" level=debug msg="schedule snapshotter cleanup" snapshotter=overlayfs
2026-05-12T10:46:29.2537916Z time="2026-05-12T10:45:54Z" level=debug msg="schedule content cleanup"
2026-05-12T10:46:29.2538547Z time="2026-05-12T10:45:54Z" level=debug msg="removed content" digest="sha256:400e3971f5d930f70864a39bd62176c227b9f8751065365f1ede9502afe8baba"
2026-05-12T10:46:29.2539356Z time="2026-05-12T10:45:54Z" level=debug msg="removed snapshot" key=buildkit/53/jf69y3lfbufmj4tu5o9pw64kp snapshotter=overlayfs
2026-05-12T10:46:29.2540410Z time="2026-05-12T10:45:54Z" level=debug msg="removed snapshot" key="buildkit/10/sha256:a61f43c7ea3f0b036633ac34a481c00525efb94be77f5a607b76e7256b63f3f6-view" snapshotter=overlayfs
2026-05-12T10:46:29.2541367Z ##[endgroup]
2026-05-12T10:46:29.2541680Z ##[group]Removing builder
2026-05-12T10:46:29.2542614Z [command]/usr/bin/docker buildx rm builder-e6ed23ce-b3ea-486e-91bb-4fa9b8146019
2026-05-12T10:46:30.8076890Z builder-e6ed23ce-b3ea-486e-91bb-4fa9b8146019 removed
2026-05-12T10:46:30.8116713Z ##[endgroup]
2026-05-12T10:46:30.8118953Z ##[group]Cleaning up certificates
2026-05-12T10:46:30.8119338Z ##[endgroup]
2026-05-12T10:46:30.8119634Z ##[group]Post cache
2026-05-12T10:46:30.8120668Z State not set
2026-05-12T10:46:30.8120966Z ##[endgroup]
2026-05-12T10:46:30.8245342Z Post job cleanup.
2026-05-12T10:46:30.9336705Z ##[group]Post cache
2026-05-12T10:46:30.9337376Z State not set
2026-05-12T10:46:30.9338437Z ##[endgroup]
2026-05-12T10:46:30.9449232Z Evaluate and set job outputs
2026-05-12T10:46:30.9457045Z Cleaning up orphan processes
