2026-05-26T14:51:35.2543788Z Current runner version: '2.334.0'
2026-05-26T14:51:35.2571056Z ##[group]Runner Image Provisioner
2026-05-26T14:51:35.2572086Z Hosted Compute Agent
2026-05-26T14:51:35.2572746Z Version: 20260213.493
2026-05-26T14:51:35.2573495Z Commit: 5c115507f6dd24b8de37d8bbe0bb4509d0cc0fa3
2026-05-26T14:51:35.2574410Z Build Date: 2026-02-13T00:28:41Z
2026-05-26T14:51:35.2575243Z Worker ID: {7b6f8dc4-bcd8-4384-96ff-2a60c5305de6}
2026-05-26T14:51:35.2576355Z Azure Region: northcentralus
2026-05-26T14:51:35.2577186Z ##[endgroup]
2026-05-26T14:51:35.2579082Z ##[group]Operating System
2026-05-26T14:51:35.2579800Z Ubuntu
2026-05-26T14:51:35.2580477Z 24.04.4
2026-05-26T14:51:35.2581116Z LTS
2026-05-26T14:51:35.2581695Z ##[endgroup]
2026-05-26T14:51:35.2582430Z ##[group]Runner Image
2026-05-26T14:51:35.2583128Z Image: ubuntu-24.04
2026-05-26T14:51:35.2583846Z Version: 20260518.149.1
2026-05-26T14:51:35.2585412Z Included Software: https://github.com/actions/runner-images/blob/ubuntu24/20260518.149/images/ubuntu/Ubuntu2404-Readme.md
2026-05-26T14:51:35.2587674Z Image Release: https://github.com/actions/runner-images/releases/tag/ubuntu24%2F20260518.149
2026-05-26T14:51:35.2588805Z ##[endgroup]
2026-05-26T14:51:35.2589721Z ##[group]GITHUB_TOKEN Permissions
2026-05-26T14:51:35.2591534Z Contents: read
2026-05-26T14:51:35.2591994Z Metadata: read
2026-05-26T14:51:35.2592479Z ##[endgroup]
2026-05-26T14:51:35.2594103Z Secret source: Actions
2026-05-26T14:51:35.2594855Z Prepare workflow directory
2026-05-26T14:51:35.2907724Z Prepare all required actions
2026-05-26T14:51:35.2950324Z Getting action download info
2026-05-26T14:51:35.9478890Z Download action repository 'actions/github-script@3a2844b7e9c422d3c10d287c895573f7108da1b3' (SHA:3a2844b7e9c422d3c10d287c895573f7108da1b3)
2026-05-26T14:51:36.8915380Z Download action repository 'docker/metadata-action@030e881283bb7a6894de51c315a6bfe6a94e05cf' (SHA:030e881283bb7a6894de51c315a6bfe6a94e05cf)
2026-05-26T14:51:37.5885176Z Download action repository 'docker/setup-qemu-action@ce360397dd3f832beb865e1373c09c0e9f86d70a' (SHA:ce360397dd3f832beb865e1373c09c0e9f86d70a)
2026-05-26T14:51:38.1987275Z Download action repository 'crazy-max/ghaction-github-runtime@04d248b84655b509d8c44dc1d6f990c879747487' (SHA:04d248b84655b509d8c44dc1d6f990c879747487)
2026-05-26T14:51:38.9213237Z Download action repository 'docker/setup-buildx-action@4d04d5d9486b7bd6fa91e7baf45bbb4f8b9deedd' (SHA:4d04d5d9486b7bd6fa91e7baf45bbb4f8b9deedd)
2026-05-26T14:51:39.3731201Z Download action repository 'docker/login-action@4907a6ddec9925e35a0a9e82d7399ccc52663121' (SHA:4907a6ddec9925e35a0a9e82d7399ccc52663121)
2026-05-26T14:51:39.7759334Z Download action repository 'docker/bake-action@a66e1c87e2eca0503c343edf1d208c716d54b8a8' (SHA:a66e1c87e2eca0503c343edf1d208c716d54b8a8)
2026-05-26T14:51:40.3805131Z Download action repository 'actions/upload-artifact@043fb46d1a93c77aae656e7c1c64a875d1fc6a0a' (SHA:043fb46d1a93c77aae656e7c1c64a875d1fc6a0a)
2026-05-26T14:51:40.6807695Z Uses: docker/github-builder/.github/workflows/bake.yml@073833262a23a17675c95c4541ab063b7646756b
2026-05-26T14:51:40.6810681Z ##[group] Inputs
2026-05-26T14:51:40.6810931Z   runner: ubuntu-24.04
2026-05-26T14:51:40.6811370Z   distribute: true
2026-05-26T14:51:40.6811547Z   fail-fast: false
2026-05-26T14:51:40.6811705Z   setup-qemu: true
2026-05-26T14:51:40.6811912Z   artifact-name: docker-github-builder-assets
2026-05-26T14:51:40.6812164Z   artifact-upload: false
2026-05-26T14:51:40.6812347Z   cache: true
2026-05-26T14:51:40.6812521Z   cache-scope: frontend-mainline
2026-05-26T14:51:40.6812716Z   cache-mode: min
2026-05-26T14:51:40.6812870Z   context: .
2026-05-26T14:51:40.6813020Z   files: 
2026-05-26T14:51:40.6813169Z   output: image
2026-05-26T14:51:40.6813347Z   push: true
2026-05-26T14:51:40.6813510Z   sbom: true
2026-05-26T14:51:40.6813661Z   set: 
2026-05-26T14:51:40.6813812Z   sign: auto
2026-05-26T14:51:40.6813972Z   target: frontend-image-cross
2026-05-26T14:51:40.6814180Z   vars: FRONTEND_CHANNEL=mainline

2026-05-26T14:51:40.6814739Z   set-meta-annotations: true
2026-05-26T14:51:40.6815059Z   set-meta-labels: false
2026-05-26T14:51:40.6815307Z   meta-images: docker/dockerfile-upstream

2026-05-26T14:51:40.6816171Z   meta-tags: type=ref,event=branch,suffix=
type=ref,event=pr,suffix=
type=semver,pattern={{version}},value=,suffix=
type=semver,pattern={{major}}.{{minor}},value=,suffix=
type=semver,pattern={{major}},value=,suffix=
type=raw,value=

2026-05-26T14:51:40.6816872Z   meta-flavor: latest=false

2026-05-26T14:51:40.6817069Z   meta-labels: 
2026-05-26T14:51:40.6817433Z   meta-annotations: org.opencontainers.image.title=Dockerfile Frontend
org.opencontainers.image.vendor=Moby

2026-05-26T14:51:40.6817853Z   meta-bake-target: frontend-meta-helper
2026-05-26T14:51:40.6818090Z ##[endgroup]
2026-05-26T14:51:40.6818431Z Complete job name: image (mainline, docker/dockerfile-upstream) / build (4, linux/mips, ubuntu-24.04)
2026-05-26T14:51:40.7372267Z ##[group]Run actions/github-script@3a2844b7e9c422d3c10d287c895573f7108da1b3
2026-05-26T14:51:40.7372815Z with:
2026-05-26T14:51:40.7373818Z   script: const runnerEnvironment = core.getInput('runner-environment');
const runnerOS = core.getInput('runner-os');
if (runnerEnvironment !== 'github-hosted' || runnerOS !== 'Linux') {
  core.setFailed(`This workflow requires a GitHub-hosted Linux runner, got: environment=${runnerEnvironment || 'unknown'}, os=${runnerOS || 'unknown'}`);
}

2026-05-26T14:51:40.7375119Z   github-token: ***
2026-05-26T14:51:40.7375299Z   debug: false
2026-05-26T14:51:40.7375479Z   user-agent: actions/github-script
2026-05-26T14:51:40.7375691Z   result-encoding: json
2026-05-26T14:51:40.7376001Z   retries: 0
2026-05-26T14:51:40.7376191Z   retry-exempt-status-codes: 400,401,403,404,422
2026-05-26T14:51:40.7376603Z env:
2026-05-26T14:51:40.7376763Z   BUILDX_VERSION: v0.34.1
2026-05-26T14:51:40.7376959Z   BUILDKIT_IMAGE: moby/buildkit:v0.30.0
2026-05-26T14:51:40.7377277Z   SBOM_IMAGE: docker/buildkit-syft-scanner:1.11.0
2026-05-26T14:51:40.7377532Z   BINFMT_IMAGE: tonistiigi/binfmt:qemu-v10.2.1-65
2026-05-26T14:51:40.7377819Z   DOCKER_ACTIONS_TOOLKIT_MODULE: @docker/actions-toolkit@0.90.0
2026-05-26T14:51:40.7378076Z   COSIGN_VERSION: v3.0.6
2026-05-26T14:51:40.7378266Z   LOCAL_EXPORT_DIR: /tmp/buildx-output
2026-05-26T14:51:40.7378473Z   MATRIX_SIZE_LIMIT: 20
2026-05-26T14:51:40.7378655Z   BUILDX_SEND_GIT_QUERY_AS_INPUT: true
2026-05-26T14:51:40.7378860Z   NPM_CONFIG_FETCH_RETRIES: 5
2026-05-26T14:51:40.7379069Z   INPUT_RUNNER-ENVIRONMENT: github-hosted
2026-05-26T14:51:40.7379284Z   INPUT_RUNNER-OS: Linux
2026-05-26T14:51:40.7379459Z ##[endgroup]
2026-05-26T14:51:40.8365406Z ##[group]Run actions/github-script@3a2844b7e9c422d3c10d287c895573f7108da1b3
2026-05-26T14:51:40.8365739Z with:
2026-05-26T14:51:40.8366342Z   script: await exec.exec('npm', [
  'install',
  '--prefer-offline',
  '--ignore-scripts',
  core.getInput('dat-module')
]);

2026-05-26T14:51:40.8366855Z   github-token: ***
2026-05-26T14:51:40.8367030Z   debug: false
2026-05-26T14:51:40.8367201Z   user-agent: actions/github-script
2026-05-26T14:51:40.8367421Z   result-encoding: json
2026-05-26T14:51:40.8367616Z   retries: 0
2026-05-26T14:51:40.8367804Z   retry-exempt-status-codes: 400,401,403,404,422
2026-05-26T14:51:40.8368034Z env:
2026-05-26T14:51:40.8368188Z   BUILDX_VERSION: v0.34.1
2026-05-26T14:51:40.8368388Z   BUILDKIT_IMAGE: moby/buildkit:v0.30.0
2026-05-26T14:51:40.8368633Z   SBOM_IMAGE: docker/buildkit-syft-scanner:1.11.0
2026-05-26T14:51:40.8368883Z   BINFMT_IMAGE: tonistiigi/binfmt:qemu-v10.2.1-65
2026-05-26T14:51:40.8369209Z   DOCKER_ACTIONS_TOOLKIT_MODULE: @docker/actions-toolkit@0.90.0
2026-05-26T14:51:40.8369475Z   COSIGN_VERSION: v3.0.6
2026-05-26T14:51:40.8369669Z   LOCAL_EXPORT_DIR: /tmp/buildx-output
2026-05-26T14:51:40.8369885Z   MATRIX_SIZE_LIMIT: 20
2026-05-26T14:51:40.8370074Z   BUILDX_SEND_GIT_QUERY_AS_INPUT: true
2026-05-26T14:51:40.8370280Z   NPM_CONFIG_FETCH_RETRIES: 5
2026-05-26T14:51:40.8370500Z   INPUT_DAT-MODULE: @docker/actions-toolkit@0.90.0
2026-05-26T14:51:40.8370734Z ##[endgroup]
2026-05-26T14:51:40.9204272Z [command]/usr/local/bin/npm install --prefer-offline --ignore-scripts @docker/actions-toolkit@0.90.0
2026-05-26T14:51:48.1749942Z npm warn deprecated glob@10.5.0: Old versions of glob are not supported, and contain widely publicized security vulnerabilities, which have been fixed in the current version. Please update. Support for old versions may be purchased (at exorbitant rates) by contacting i@izs.me
2026-05-26T14:51:49.2717757Z 
2026-05-26T14:51:49.2718545Z added 244 packages in 8s
2026-05-26T14:51:49.2719229Z 
2026-05-26T14:51:49.2720010Z 31 packages are looking for funding
2026-05-26T14:51:49.2720555Z   run `npm fund` for details
2026-05-26T14:51:49.3308466Z ##[group]Run docker/metadata-action@030e881283bb7a6894de51c315a6bfe6a94e05cf
2026-05-26T14:51:49.3308803Z with:
2026-05-26T14:51:49.3308980Z   images: docker/dockerfile-upstream
2026-05-26T14:51:49.3309636Z   tags: type=ref,event=branch,suffix=
type=ref,event=pr,suffix=
type=semver,pattern={{version}},value=,suffix=
type=semver,pattern={{major}}.{{minor}},value=,suffix=
type=semver,pattern={{major}},value=,suffix=
type=raw,value=

2026-05-26T14:51:49.3310306Z   flavor: latest=false

2026-05-26T14:51:49.3310668Z   annotations: org.opencontainers.image.title=Dockerfile Frontend
org.opencontainers.image.vendor=Moby

2026-05-26T14:51:49.3311065Z   bake-target: frontend-meta-helper
2026-05-26T14:51:49.3311265Z   context: workflow
2026-05-26T14:51:49.3311618Z   github-token: ***
2026-05-26T14:51:49.3311820Z env:
2026-05-26T14:51:49.3311978Z   BUILDX_VERSION: v0.34.1
2026-05-26T14:51:49.3312177Z   BUILDKIT_IMAGE: moby/buildkit:v0.30.0
2026-05-26T14:51:49.3312465Z   SBOM_IMAGE: docker/buildkit-syft-scanner:1.11.0
2026-05-26T14:51:49.3312725Z   BINFMT_IMAGE: tonistiigi/binfmt:qemu-v10.2.1-65
2026-05-26T14:51:49.3313005Z   DOCKER_ACTIONS_TOOLKIT_MODULE: @docker/actions-toolkit@0.90.0
2026-05-26T14:51:49.3313272Z   COSIGN_VERSION: v3.0.6
2026-05-26T14:51:49.3313485Z   LOCAL_EXPORT_DIR: /tmp/buildx-output
2026-05-26T14:51:49.3313703Z   MATRIX_SIZE_LIMIT: 20
2026-05-26T14:51:49.3313889Z   BUILDX_SEND_GIT_QUERY_AS_INPUT: true
2026-05-26T14:51:49.3314105Z   NPM_CONFIG_FETCH_RETRIES: 5
2026-05-26T14:51:49.3314293Z ##[endgroup]
2026-05-26T14:51:49.8162817Z ##[group]Context info
2026-05-26T14:51:49.8163353Z eventName: push
2026-05-26T14:51:49.8163661Z sha: efd9efcd052646f36bc5681952d72ef6cf00c50c
2026-05-26T14:51:49.8164047Z ref: refs/heads/master
2026-05-26T14:51:49.8164312Z workflow: frontend
2026-05-26T14:51:49.8164598Z action: meta
2026-05-26T14:51:49.8164828Z actor: crazy-max
2026-05-26T14:51:49.8165076Z runNumber: 8123
2026-05-26T14:51:49.8165327Z runId: 26454808703
2026-05-26T14:51:49.8165751Z commitDate: Tue May 26 2026 14:34:00 GMT+0000 (Coordinated Universal Time)
2026-05-26T14:51:49.8166797Z ##[endgroup]
2026-05-26T14:51:49.8167258Z ##[group]Processing images input
2026-05-26T14:51:49.8167608Z name=docker/dockerfile-upstream,enable=true
2026-05-26T14:51:49.8168106Z ##[endgroup]
2026-05-26T14:51:49.8171416Z ##[group]Processing tags input
2026-05-26T14:51:49.8171920Z type=semver,pattern={{version}},value=,suffix=,match=,enable=true,priority=900
2026-05-26T14:51:49.8172595Z type=semver,pattern={{major}}.{{minor}},value=,suffix=,match=,enable=true,priority=900
2026-05-26T14:51:49.8173221Z type=semver,pattern={{major}},value=,suffix=,match=,enable=true,priority=900
2026-05-26T14:51:49.8173755Z type=ref,event=branch,suffix=,enable=true,priority=600
2026-05-26T14:51:49.8174233Z type=ref,event=pr,suffix=,prefix=pr-,enable=true,priority=600
2026-05-26T14:51:49.8174673Z type=raw,value=,enable=true,priority=200
2026-05-26T14:51:49.8175164Z ##[endgroup]
2026-05-26T14:51:49.8175627Z ##[group]Processing flavor input
2026-05-26T14:51:49.8176082Z latest=false
2026-05-26T14:51:49.8176309Z prefix=
2026-05-26T14:51:49.8176534Z prefixLatest=false
2026-05-26T14:51:49.8176768Z suffix=
2026-05-26T14:51:49.8176914Z suffixLatest=false
2026-05-26T14:51:49.8177186Z ##[endgroup]
2026-05-26T14:51:49.8214726Z ##[group]Docker image version
2026-05-26T14:51:49.8215238Z master
2026-05-26T14:51:49.8215676Z ##[endgroup]
2026-05-26T14:51:49.8218499Z ##[group]Docker tags
2026-05-26T14:51:49.8218915Z docker/dockerfile-upstream:master
2026-05-26T14:51:49.8219471Z ##[endgroup]
2026-05-26T14:51:49.8280331Z ##[group]Docker labels
2026-05-26T14:51:49.8280829Z org.opencontainers.image.created=2026-05-26T14:51:49.817Z
2026-05-26T14:51:49.8281557Z org.opencontainers.image.description=concurrent, cache-efficient, and Dockerfile-agnostic builder toolkit
2026-05-26T14:51:49.8282194Z org.opencontainers.image.licenses=Apache-2.0
2026-05-26T14:51:49.8282652Z org.opencontainers.image.revision=efd9efcd052646f36bc5681952d72ef6cf00c50c
2026-05-26T14:51:49.8283692Z org.opencontainers.image.source=https://github.com/moby/buildkit
2026-05-26T14:51:49.8284167Z org.opencontainers.image.title=buildkit
2026-05-26T14:51:49.8284594Z org.opencontainers.image.url=https://github.com/moby/buildkit
2026-05-26T14:51:49.8285013Z org.opencontainers.image.version=master
2026-05-26T14:51:49.8285566Z ##[endgroup]
2026-05-26T14:51:49.8290443Z ##[group]Annotations
2026-05-26T14:51:49.8291126Z manifest:org.opencontainers.image.created=2026-05-26T14:51:49.817Z
2026-05-26T14:51:49.8292275Z manifest:org.opencontainers.image.description=concurrent, cache-efficient, and Dockerfile-agnostic builder toolkit
2026-05-26T14:51:49.8293338Z manifest:org.opencontainers.image.licenses=Apache-2.0
2026-05-26T14:51:49.8294294Z manifest:org.opencontainers.image.revision=efd9efcd052646f36bc5681952d72ef6cf00c50c
2026-05-26T14:51:49.8295047Z manifest:org.opencontainers.image.source=https://github.com/moby/buildkit
2026-05-26T14:51:49.8295686Z manifest:org.opencontainers.image.title=Dockerfile Frontend
2026-05-26T14:51:49.8296453Z manifest:org.opencontainers.image.url=https://github.com/moby/buildkit
2026-05-26T14:51:49.8296968Z manifest:org.opencontainers.image.vendor=Moby
2026-05-26T14:51:49.8297335Z manifest:org.opencontainers.image.version=master
2026-05-26T14:51:49.8297893Z ##[endgroup]
2026-05-26T14:51:49.8298771Z ##[group]JSON output
2026-05-26T14:51:49.8299179Z {
2026-05-26T14:51:49.8299667Z   "tags": [
2026-05-26T14:51:49.8299939Z     "docker/dockerfile-upstream:master"
2026-05-26T14:51:49.8300261Z   ],
2026-05-26T14:51:49.8300480Z   "tag-names": [
2026-05-26T14:51:49.8300729Z     "master"
2026-05-26T14:51:49.8300959Z   ],
2026-05-26T14:51:49.8301172Z   "labels": {
2026-05-26T14:51:49.8301702Z     "org.opencontainers.image.created": "2026-05-26T14:51:49.817Z",
2026-05-26T14:51:49.8302452Z     "org.opencontainers.image.description": "concurrent, cache-efficient, and Dockerfile-agnostic builder toolkit",
2026-05-26T14:51:49.8303199Z     "org.opencontainers.image.licenses": "Apache-2.0",
2026-05-26T14:51:49.8303790Z     "org.opencontainers.image.revision": "efd9efcd052646f36bc5681952d72ef6cf00c50c",
2026-05-26T14:51:49.8304486Z     "org.opencontainers.image.source": "https://github.com/moby/buildkit",
2026-05-26T14:51:49.8305025Z     "org.opencontainers.image.title": "buildkit",
2026-05-26T14:51:49.8305525Z     "org.opencontainers.image.url": "https://github.com/moby/buildkit",
2026-05-26T14:51:49.8306224Z     "org.opencontainers.image.version": "master"
2026-05-26T14:51:49.8306590Z   },
2026-05-26T14:51:49.8306826Z   "annotations": [
2026-05-26T14:51:49.8307225Z     "manifest:org.opencontainers.image.created=2026-05-26T14:51:49.817Z",
2026-05-26T14:51:49.8308065Z     "manifest:org.opencontainers.image.description=concurrent, cache-efficient, and Dockerfile-agnostic builder toolkit",
2026-05-26T14:51:49.8308880Z     "manifest:org.opencontainers.image.licenses=Apache-2.0",
2026-05-26T14:51:49.8309505Z     "manifest:org.opencontainers.image.revision=efd9efcd052646f36bc5681952d72ef6cf00c50c",
2026-05-26T14:51:49.8310321Z     "manifest:org.opencontainers.image.source=https://github.com/moby/buildkit",
2026-05-26T14:51:49.8310971Z     "manifest:org.opencontainers.image.title=Dockerfile Frontend",
2026-05-26T14:51:49.8311574Z     "manifest:org.opencontainers.image.url=https://github.com/moby/buildkit",
2026-05-26T14:51:49.8312126Z     "manifest:org.opencontainers.image.vendor=Moby",
2026-05-26T14:51:49.8312797Z     "manifest:org.opencontainers.image.version=master"
2026-05-26T14:51:49.8313136Z   ]
2026-05-26T14:51:49.8313342Z }
2026-05-26T14:51:49.8313785Z ##[endgroup]
2026-05-26T14:51:49.8314223Z ##[group]Bake file definition (tags)
2026-05-26T14:51:49.8314539Z {
2026-05-26T14:51:49.8314750Z   "target": {
2026-05-26T14:51:49.8315068Z     "frontend-meta-helper": {
2026-05-26T14:51:49.8315349Z       "tags": [
2026-05-26T14:51:49.8315620Z         "docker/dockerfile-upstream:master"
2026-05-26T14:51:49.8316228Z       ],
2026-05-26T14:51:49.8316452Z       "args": {
2026-05-26T14:51:49.8316998Z         "DOCKER_META_IMAGES": "docker/dockerfile-upstream",
2026-05-26T14:51:49.8317410Z         "DOCKER_META_VERSION": "master"
2026-05-26T14:51:49.8317712Z       }
2026-05-26T14:51:49.8317889Z     }
2026-05-26T14:51:49.8318086Z   }
2026-05-26T14:51:49.8318284Z }
2026-05-26T14:51:49.8318657Z ##[endgroup]
2026-05-26T14:51:49.8319046Z ##[group]Bake file definition (labels)
2026-05-26T14:51:49.8319316Z {
2026-05-26T14:51:49.8319489Z   "target": {
2026-05-26T14:51:49.8319705Z     "frontend-meta-helper": {
2026-05-26T14:51:49.8319955Z       "labels": {
2026-05-26T14:51:49.8320269Z         "org.opencontainers.image.created": "2026-05-26T14:51:49.817Z",
2026-05-26T14:51:49.8320959Z         "org.opencontainers.image.description": "concurrent, cache-efficient, and Dockerfile-agnostic builder toolkit",
2026-05-26T14:51:49.8321618Z         "org.opencontainers.image.licenses": "Apache-2.0",
2026-05-26T14:51:49.8322121Z         "org.opencontainers.image.revision": "efd9efcd052646f36bc5681952d72ef6cf00c50c",
2026-05-26T14:51:49.8322868Z         "org.opencontainers.image.source": "https://github.com/moby/buildkit",
2026-05-26T14:51:49.8323354Z         "org.opencontainers.image.title": "buildkit",
2026-05-26T14:51:49.8323834Z         "org.opencontainers.image.url": "https://github.com/moby/buildkit",
2026-05-26T14:51:49.8324338Z         "org.opencontainers.image.version": "master"
2026-05-26T14:51:49.8324677Z       }
2026-05-26T14:51:49.8324890Z     }
2026-05-26T14:51:49.8325073Z   }
2026-05-26T14:51:49.8325244Z }
2026-05-26T14:51:49.8325602Z ##[endgroup]
2026-05-26T14:51:49.8326238Z ##[group]Bake file definition (annotations)
2026-05-26T14:51:49.8326552Z {
2026-05-26T14:51:49.8326735Z   "target": {
2026-05-26T14:51:49.8326954Z     "frontend-meta-helper": {
2026-05-26T14:51:49.8327222Z       "annotations": [
2026-05-26T14:51:49.8327574Z         "manifest:org.opencontainers.image.created=2026-05-26T14:51:49.817Z",
2026-05-26T14:51:49.8328420Z         "manifest:org.opencontainers.image.description=concurrent, cache-efficient, and Dockerfile-agnostic builder toolkit",
2026-05-26T14:51:49.8329378Z         "manifest:org.opencontainers.image.licenses=Apache-2.0",
2026-05-26T14:51:49.8330023Z         "manifest:org.opencontainers.image.revision=efd9efcd052646f36bc5681952d72ef6cf00c50c",
2026-05-26T14:51:49.8330777Z         "manifest:org.opencontainers.image.source=https://github.com/moby/buildkit",
2026-05-26T14:51:49.8331465Z         "manifest:org.opencontainers.image.title=Dockerfile Frontend",
2026-05-26T14:51:49.8332073Z         "manifest:org.opencontainers.image.url=https://github.com/moby/buildkit",
2026-05-26T14:51:49.8332644Z         "manifest:org.opencontainers.image.vendor=Moby",
2026-05-26T14:51:49.8333158Z         "manifest:org.opencontainers.image.version=master"
2026-05-26T14:51:49.8333566Z       ]
2026-05-26T14:51:49.8333798Z     }
2026-05-26T14:51:49.8334012Z   }
2026-05-26T14:51:49.8334240Z }
2026-05-26T14:51:49.8334773Z ##[endgroup]
2026-05-26T14:51:49.8538848Z ##[group]Run docker/setup-qemu-action@ce360397dd3f832beb865e1373c09c0e9f86d70a
2026-05-26T14:51:49.8539180Z with:
2026-05-26T14:51:49.8539356Z   image: tonistiigi/binfmt:qemu-v10.2.1-65
2026-05-26T14:51:49.8539587Z   cache-image: false
2026-05-26T14:51:49.8539761Z   platforms: all
2026-05-26T14:51:49.8539917Z env:
2026-05-26T14:51:49.8540071Z   BUILDX_VERSION: v0.34.1
2026-05-26T14:51:49.8540269Z   BUILDKIT_IMAGE: moby/buildkit:v0.30.0
2026-05-26T14:51:49.8540511Z   SBOM_IMAGE: docker/buildkit-syft-scanner:1.11.0
2026-05-26T14:51:49.8540915Z   BINFMT_IMAGE: tonistiigi/binfmt:qemu-v10.2.1-65
2026-05-26T14:51:49.8541210Z   DOCKER_ACTIONS_TOOLKIT_MODULE: @docker/actions-toolkit@0.90.0
2026-05-26T14:51:49.8541474Z   COSIGN_VERSION: v3.0.6
2026-05-26T14:51:49.8541680Z   LOCAL_EXPORT_DIR: /tmp/buildx-output
2026-05-26T14:51:49.8541901Z   MATRIX_SIZE_LIMIT: 20
2026-05-26T14:51:49.8542088Z   BUILDX_SEND_GIT_QUERY_AS_INPUT: true
2026-05-26T14:51:49.8542304Z   NPM_CONFIG_FETCH_RETRIES: 5
2026-05-26T14:51:49.8542568Z   DOCKER_METADATA_OUTPUT_VERSION: master
2026-05-26T14:51:49.8542845Z   DOCKER_METADATA_OUTPUT_TAGS: docker/dockerfile-upstream:master
2026-05-26T14:51:49.8543118Z   DOCKER_METADATA_OUTPUT_TAG_NAMES: master
2026-05-26T14:51:49.8544661Z   DOCKER_METADATA_OUTPUT_LABELS: org.opencontainers.image.created=2026-05-26T14:51:49.817Z
org.opencontainers.image.description=concurrent, cache-efficient, and Dockerfile-agnostic builder toolkit
org.opencontainers.image.licenses=Apache-2.0
org.opencontainers.image.revision=efd9efcd052646f36bc5681952d72ef6cf00c50c
org.opencontainers.image.source=https://github.com/moby/buildkit
org.opencontainers.image.title=buildkit
org.opencontainers.image.url=https://github.com/moby/buildkit
org.opencontainers.image.version=master
2026-05-26T14:51:49.8548063Z   DOCKER_METADATA_OUTPUT_ANNOTATIONS: manifest:org.opencontainers.image.created=2026-05-26T14:51:49.817Z
manifest:org.opencontainers.image.description=concurrent, cache-efficient, and Dockerfile-agnostic builder toolkit
manifest:org.opencontainers.image.licenses=Apache-2.0
manifest:org.opencontainers.image.revision=efd9efcd052646f36bc5681952d72ef6cf00c50c
manifest:org.opencontainers.image.source=https://github.com/moby/buildkit
manifest:org.opencontainers.image.title=Dockerfile Frontend
manifest:org.opencontainers.image.url=https://github.com/moby/buildkit
manifest:org.opencontainers.image.vendor=Moby
manifest:org.opencontainers.image.version=master
2026-05-26T14:51:49.8553094Z   DOCKER_METADATA_OUTPUT_JSON: {"tags":["docker/dockerfile-upstream:master"],"tag-names":["master"],"labels":{"org.opencontainers.image.created":"2026-05-26T14:51:49.817Z","org.opencontainers.image.description":"concurrent, cache-efficient, and Dockerfile-agnostic builder toolkit","org.opencontainers.image.licenses":"Apache-2.0","org.opencontainers.image.revision":"efd9efcd052646f36bc5681952d72ef6cf00c50c","org.opencontainers.image.source":"https://github.com/moby/buildkit","org.opencontainers.image.title":"buildkit","org.opencontainers.image.url":"https://github.com/moby/buildkit","org.opencontainers.image.version":"master"},"annotations":["manifest:org.opencontainers.image.created=2026-05-26T14:51:49.817Z","manifest:org.opencontainers.image.description=concurrent, cache-efficient, and Dockerfile-agnostic builder toolkit","manifest:org.opencontainers.image.licenses=Apache-2.0","manifest:org.opencontainers.image.revision=efd9efcd052646f36bc5681952d72ef6cf00c50c","manifest:org.opencontainers.image.source=https://github.com/moby/buildkit","manifest:org.opencontainers.image.title=Dockerfile Frontend","manifest:org.opencontainers.image.url=https://github.com/moby/buildkit","manifest:org.opencontainers.image.vendor=Moby","manifest:org.opencontainers.image.version=master"]}
2026-05-26T14:51:49.8557064Z   DOCKER_METADATA_OUTPUT_BAKE_FILE_TAGS: /home/runner/work/_temp/docker-actions-toolkit-aad2mZ/docker-metadata-action-bake-tags.json
2026-05-26T14:51:49.8557932Z   DOCKER_METADATA_OUTPUT_BAKE_FILE_LABELS: /home/runner/work/_temp/docker-actions-toolkit-aad2mZ/docker-metadata-action-bake-labels.json
2026-05-26T14:51:49.8558664Z   DOCKER_METADATA_OUTPUT_BAKE_FILE_ANNOTATIONS: /home/runner/work/_temp/docker-actions-toolkit-aad2mZ/docker-metadata-action-bake-annotations.json
2026-05-26T14:51:49.8559344Z   DOCKER_METADATA_OUTPUT_BAKE_FILE: /home/runner/work/_temp/docker-actions-toolkit-aad2mZ/docker-metadata-action-bake.json
2026-05-26T14:51:49.8559751Z ##[endgroup]
2026-05-26T14:51:49.9651230Z ##[group]Docker info
2026-05-26T14:51:49.9678936Z [command]/usr/bin/docker version
2026-05-26T14:51:50.0096679Z Client: Docker Engine - Community
2026-05-26T14:51:50.0098939Z  Version:           28.0.4
2026-05-26T14:51:50.0099284Z  API version:       1.48
2026-05-26T14:51:50.0099573Z  Go version:        go1.23.7
2026-05-26T14:51:50.0099854Z  Git commit:        b8034c0
2026-05-26T14:51:50.0100108Z  Built:             Tue Mar 25 15:07:16 2025
2026-05-26T14:51:50.0100338Z  OS/Arch:           linux/amd64
2026-05-26T14:51:50.0100536Z  Context:           default
2026-05-26T14:51:50.0100682Z 
2026-05-26T14:51:50.0100775Z Server: Docker Engine - Community
2026-05-26T14:51:50.0100969Z  Engine:
2026-05-26T14:51:50.0101127Z   Version:          28.0.4
2026-05-26T14:51:50.0101336Z   API version:      1.48 (minimum version 1.24)
2026-05-26T14:51:50.0101569Z   Go version:       go1.23.7
2026-05-26T14:51:50.0101761Z   Git commit:       6430e49
2026-05-26T14:51:50.0101957Z   Built:            Tue Mar 25 15:07:16 2025
2026-05-26T14:51:50.0102166Z   OS/Arch:          linux/amd64
2026-05-26T14:51:50.0102370Z   Experimental:     false
2026-05-26T14:51:50.0102542Z  containerd:
2026-05-26T14:51:50.0102697Z   Version:          v2.2.3
2026-05-26T14:51:50.0102934Z   GitCommit:        77c84241c7cbdd9b4eca2591793e3d4f4317c590
2026-05-26T14:51:50.0103207Z  runc:
2026-05-26T14:51:50.0103371Z   Version:          1.3.5
2026-05-26T14:51:50.0103556Z   GitCommit:        v1.3.5-0-g488fc13e
2026-05-26T14:51:50.0103767Z  docker-init:
2026-05-26T14:51:50.0103927Z   Version:          0.19.0
2026-05-26T14:51:50.0104106Z   GitCommit:        de40ad0
2026-05-26T14:51:50.0131270Z [command]/usr/bin/docker info
2026-05-26T14:51:50.1740763Z Client: Docker Engine - Community
2026-05-26T14:51:50.1741240Z  Version:    28.0.4
2026-05-26T14:51:50.1741461Z  Context:    default
2026-05-26T14:51:50.1741702Z  Debug Mode: false
2026-05-26T14:51:50.1741949Z  Plugins:
2026-05-26T14:51:50.1742197Z   buildx: Docker Buildx (Docker Inc.)
2026-05-26T14:51:50.1742519Z     Version:  v0.34.0
2026-05-26T14:51:50.1742796Z     Path:     /usr/libexec/docker/cli-plugins/docker-buildx
2026-05-26T14:51:50.1743094Z   compose: Docker Compose (Docker Inc.)
2026-05-26T14:51:50.1743301Z     Version:  v2.38.2
2026-05-26T14:51:50.1743516Z     Path:     /usr/libexec/docker/cli-plugins/docker-compose
2026-05-26T14:51:50.1743703Z 
2026-05-26T14:51:50.1743765Z Server:
2026-05-26T14:51:50.1743915Z  Containers: 0
2026-05-26T14:51:50.1744070Z   Running: 0
2026-05-26T14:51:50.1744249Z   Paused: 0
2026-05-26T14:51:50.1744404Z   Stopped: 0
2026-05-26T14:51:50.1744569Z  Images: 6
2026-05-26T14:51:50.1744716Z  Server Version: 28.0.4
2026-05-26T14:51:50.1744905Z  Storage Driver: overlay2
2026-05-26T14:51:50.1745092Z   Backing Filesystem: extfs
2026-05-26T14:51:50.1745284Z   Supports d_type: true
2026-05-26T14:51:50.1745455Z   Using metacopy: false
2026-05-26T14:51:50.1745629Z   Native Overlay Diff: false
2026-05-26T14:51:50.1746028Z   userxattr: false
2026-05-26T14:51:50.1746203Z  Logging Driver: json-file
2026-05-26T14:51:50.1746385Z  Cgroup Driver: systemd
2026-05-26T14:51:50.1746559Z  Cgroup Version: 2
2026-05-26T14:51:50.1746720Z  Plugins:
2026-05-26T14:51:50.1746869Z   Volume: local
2026-05-26T14:51:50.1747062Z   Network: bridge host ipvlan macvlan null overlay
2026-05-26T14:51:50.1747380Z   Log: awslogs fluentd gcplogs gelf journald json-file local splunk syslog
2026-05-26T14:51:50.1747665Z  Swarm: inactive
2026-05-26T14:51:50.1747843Z  Runtimes: io.containerd.runc.v2 runc
2026-05-26T14:51:50.1748051Z  Default Runtime: runc
2026-05-26T14:51:50.1748581Z  Init Binary: docker-init
2026-05-26T14:51:50.1748828Z  containerd version: 77c84241c7cbdd9b4eca2591793e3d4f4317c590
2026-05-26T14:51:50.1749134Z  runc version: v1.3.5-0-g488fc13e
2026-05-26T14:51:50.1749339Z  init version: de40ad0
2026-05-26T14:51:50.1749507Z  Security Options:
2026-05-26T14:51:50.1749665Z   apparmor
2026-05-26T14:51:50.1749810Z   seccomp
2026-05-26T14:51:50.1749953Z    Profile: builtin
2026-05-26T14:51:50.1750120Z   cgroupns
2026-05-26T14:51:50.1750276Z  Kernel Version: 6.17.0-1013-azure
2026-05-26T14:51:50.1750607Z  Operating System: Ubuntu 24.04.4 LTS
2026-05-26T14:51:50.1750812Z  OSType: linux
2026-05-26T14:51:50.1750977Z  Architecture: x86_64
2026-05-26T14:51:50.1751141Z  CPUs: 4
2026-05-26T14:51:50.1751362Z  Total Memory: 15.61GiB
2026-05-26T14:51:50.1751616Z  Name: runnervmg397c
2026-05-26T14:51:50.1751901Z  ID: 030b3de5-f6f5-43f2-8bdc-0a866a274328
2026-05-26T14:51:50.1752129Z  Docker Root Dir: /var/lib/docker
2026-05-26T14:51:50.1752322Z  Debug Mode: false
2026-05-26T14:51:50.1752533Z  Username: githubactions
2026-05-26T14:51:50.1752770Z  Experimental: false
2026-05-26T14:51:50.1752939Z  Insecure Registries:
2026-05-26T14:51:50.1757726Z   ::1/128
2026-05-26T14:51:50.1757909Z   127.0.0.0/8
2026-05-26T14:51:50.1758087Z  Live Restore Enabled: false
2026-05-26T14:51:50.1758233Z 
2026-05-26T14:51:50.1758644Z ##[endgroup]
2026-05-26T14:51:50.1758957Z ##[group]Pulling binfmt Docker image
2026-05-26T14:51:50.1778306Z [command]/usr/bin/docker pull tonistiigi/binfmt:qemu-v10.2.1-65
2026-05-26T14:51:50.7542227Z qemu-v10.2.1-65: Pulling from tonistiigi/binfmt
2026-05-26T14:51:50.8858253Z 4b3e935ac1b8: Pulling fs layer
2026-05-26T14:51:50.8858709Z cba9db6f3ddf: Pulling fs layer
2026-05-26T14:51:51.0219673Z cba9db6f3ddf: Verifying Checksum
2026-05-26T14:51:51.0219978Z cba9db6f3ddf: Download complete
2026-05-26T14:51:51.1694708Z 4b3e935ac1b8: Verifying Checksum
2026-05-26T14:51:51.1695052Z 4b3e935ac1b8: Download complete
2026-05-26T14:51:51.4791593Z 4b3e935ac1b8: Pull complete
2026-05-26T14:51:58.5621275Z cba9db6f3ddf: Pull complete
2026-05-26T14:51:58.5661097Z Digest: sha256:d3b963f787999e6c0219a48dba02978769286ff61a5f4d26245cb6a6e5567ea3
2026-05-26T14:51:58.5675563Z Status: Downloaded newer image for tonistiigi/binfmt:qemu-v10.2.1-65
2026-05-26T14:51:58.5683866Z docker.io/tonistiigi/binfmt:qemu-v10.2.1-65
2026-05-26T14:51:58.5702379Z ##[endgroup]
2026-05-26T14:51:58.5702930Z ##[group]Image info
2026-05-26T14:51:58.5715207Z [command]/usr/bin/docker image inspect tonistiigi/binfmt:qemu-v10.2.1-65
2026-05-26T14:51:58.5832764Z [
2026-05-26T14:51:58.5833222Z     {
2026-05-26T14:51:58.5833620Z         "Id": "sha256:fb4f8f43716ffaf2802bb32cd60994de149d020f8b1c7e7ddfbdfb43a521ec82",
2026-05-26T14:51:58.5834080Z         "RepoTags": [
2026-05-26T14:51:58.5834333Z             "tonistiigi/binfmt:qemu-v10.2.1-65"
2026-05-26T14:51:58.5834603Z         ],
2026-05-26T14:51:58.5834797Z         "RepoDigests": [
2026-05-26T14:51:58.5835266Z             "tonistiigi/binfmt@sha256:d3b963f787999e6c0219a48dba02978769286ff61a5f4d26245cb6a6e5567ea3"
2026-05-26T14:51:58.5835751Z         ],
2026-05-26T14:51:58.5836134Z         "Parent": "",
2026-05-26T14:51:58.5836403Z         "Comment": "buildkit.dockerfile.v0",
2026-05-26T14:51:58.5836722Z         "Created": "2026-02-18T18:09:43.658440389Z",
2026-05-26T14:51:58.5837035Z         "DockerVersion": "",
2026-05-26T14:51:58.5837334Z         "Author": "",
2026-05-26T14:51:58.5837593Z         "Config": {
2026-05-26T14:51:58.5841218Z             "Hostname": "",
2026-05-26T14:51:58.5841568Z             "Domainname": "",
2026-05-26T14:51:58.5841894Z             "User": "",
2026-05-26T14:51:58.5842172Z             "AttachStdin": false,
2026-05-26T14:51:58.5842484Z             "AttachStdout": false,
2026-05-26T14:51:58.5842769Z             "AttachStderr": false,
2026-05-26T14:51:58.5843029Z             "Tty": false,
2026-05-26T14:51:58.5843605Z             "OpenStdin": false,
2026-05-26T14:51:58.5843908Z             "StdinOnce": false,
2026-05-26T14:51:58.5844177Z             "Env": [
2026-05-26T14:51:58.5845019Z                 "PATH=/usr/local/sbin:/usr/local/bin:/usr/sbin:/usr/bin:/sbin:/bin",
2026-05-26T14:51:58.5845468Z                 "QEMU_PRESERVE_ARGV0=1"
2026-05-26T14:51:58.5845914Z             ],
2026-05-26T14:51:58.5846150Z             "Cmd": null,
2026-05-26T14:51:58.5846411Z             "Image": "",
2026-05-26T14:51:58.5846661Z             "Volumes": {
2026-05-26T14:51:58.5846901Z                 "/tmp": {}
2026-05-26T14:51:58.5847150Z             },
2026-05-26T14:51:58.5847375Z             "WorkingDir": "/",
2026-05-26T14:51:58.5847842Z             "Entrypoint": [
2026-05-26T14:51:58.5848106Z                 "/usr/bin/binfmt"
2026-05-26T14:51:58.5848362Z             ],
2026-05-26T14:51:58.5848561Z             "OnBuild": null,
2026-05-26T14:51:58.5848805Z             "Labels": null
2026-05-26T14:51:58.5849045Z         },
2026-05-26T14:51:58.5849260Z         "Architecture": "amd64",
2026-05-26T14:51:58.5849538Z         "Os": "linux",
2026-05-26T14:51:58.5849755Z         "Size": 85108073,
2026-05-26T14:51:58.5849993Z         "GraphDriver": {
2026-05-26T14:51:58.5850204Z             "Data": {
2026-05-26T14:51:58.5850712Z                 "LowerDir": "/var/lib/docker/overlay2/e4a19f9fe0a87ed632679dd1e4bf770a886e6563c59f89a10f1732a9ea23aaf6/diff",
2026-05-26T14:51:58.5851646Z                 "MergedDir": "/var/lib/docker/overlay2/3ccfaa8cb037dd1e3841cf8f7dfa52d569d8c99ac00c61569188e185abd014c2/merged",
2026-05-26T14:51:58.5852638Z                 "UpperDir": "/var/lib/docker/overlay2/3ccfaa8cb037dd1e3841cf8f7dfa52d569d8c99ac00c61569188e185abd014c2/diff",
2026-05-26T14:51:58.5853626Z                 "WorkDir": "/var/lib/docker/overlay2/3ccfaa8cb037dd1e3841cf8f7dfa52d569d8c99ac00c61569188e185abd014c2/work"
2026-05-26T14:51:58.5854266Z             },
2026-05-26T14:51:58.5854504Z             "Name": "overlay2"
2026-05-26T14:51:58.5854777Z         },
2026-05-26T14:51:58.5854993Z         "RootFS": {
2026-05-26T14:51:58.5855232Z             "Type": "layers",
2026-05-26T14:51:58.5855491Z             "Layers": [
2026-05-26T14:51:58.5856048Z                 "sha256:7c7a3ed8f59c9c48a6885e1b9d666072857891560d4557401a19bd803378d1d4",
2026-05-26T14:51:58.5856658Z                 "sha256:b7dea0aa7b18514e216eebdbded52b5b2c070562d7c88a97f8c3fb0995e4febb"
2026-05-26T14:51:58.5857109Z             ]
2026-05-26T14:51:58.5857321Z         },
2026-05-26T14:51:58.5857525Z         "Metadata": {
2026-05-26T14:51:58.5857779Z             "LastTagTime": "0001-01-01T00:00:00Z"
2026-05-26T14:51:58.5858052Z         }
2026-05-26T14:51:58.5858228Z     }
2026-05-26T14:51:58.5858443Z ]
2026-05-26T14:51:58.5859062Z ##[endgroup]
2026-05-26T14:51:58.5859501Z ##[group]Binfmt version
2026-05-26T14:51:58.5869085Z [command]/usr/bin/docker run --rm --privileged tonistiigi/binfmt:qemu-v10.2.1-65 --version
2026-05-26T14:51:58.7539249Z binfmt/3a63696 qemu/v10.2.1 go/1.25.7
2026-05-26T14:51:58.8167504Z ##[endgroup]
2026-05-26T14:51:58.8168044Z ##[group]Installing QEMU static binaries
2026-05-26T14:51:58.8180803Z [command]/usr/bin/docker run --rm --privileged tonistiigi/binfmt:qemu-v10.2.1-65 --install all
2026-05-26T14:51:58.9393128Z installing: arm64 OK
2026-05-26T14:51:58.9393524Z installing: arm OK
2026-05-26T14:51:58.9393737Z installing: s390x OK
2026-05-26T14:51:58.9393924Z installing: ppc64le OK
2026-05-26T14:51:58.9394114Z installing: riscv64 OK
2026-05-26T14:51:58.9394408Z installing: mips64le OK
2026-05-26T14:51:58.9394652Z installing: loong64 OK
2026-05-26T14:51:58.9394828Z installing: mips64 OK
2026-05-26T14:51:58.9567377Z {
2026-05-26T14:51:58.9567675Z   "supported": [
2026-05-26T14:51:58.9567979Z     "linux/amd64",
2026-05-26T14:51:58.9568581Z     "linux/amd64/v2",
2026-05-26T14:51:58.9568843Z     "linux/amd64/v3",
2026-05-26T14:51:58.9569071Z     "linux/amd64/v4",
2026-05-26T14:51:58.9569315Z     "linux/arm64",
2026-05-26T14:51:58.9569548Z     "linux/riscv64",
2026-05-26T14:51:58.9569790Z     "linux/ppc64le",
2026-05-26T14:51:58.9570022Z     "linux/s390x",
2026-05-26T14:51:58.9570246Z     "linux/386",
2026-05-26T14:51:58.9570471Z     "linux/mips64le",
2026-05-26T14:51:58.9572604Z     "linux/mips64",
2026-05-26T14:51:58.9573228Z     "linux/loong64",
2026-05-26T14:51:58.9573460Z     "linux/arm/v7",
2026-05-26T14:51:58.9573681Z     "linux/arm/v6"
2026-05-26T14:51:58.9573900Z   ],
2026-05-26T14:51:58.9574098Z   "emulators": [
2026-05-26T14:51:58.9574360Z     "llvm-16-runtime.binfmt",
2026-05-26T14:51:58.9574644Z     "llvm-17-runtime.binfmt",
2026-05-26T14:51:58.9574949Z     "llvm-18-runtime.binfmt",
2026-05-26T14:51:58.9575246Z     "python3.12",
2026-05-26T14:51:58.9575670Z     "qemu-aarch64",
2026-05-26T14:51:58.9576100Z     "qemu-arm",
2026-05-26T14:51:58.9576334Z     "qemu-loongarch64",
2026-05-26T14:51:58.9576567Z     "qemu-mips64",
2026-05-26T14:51:58.9576780Z     "qemu-mips64el",
2026-05-26T14:51:58.9577018Z     "qemu-ppc64le",
2026-05-26T14:51:58.9577272Z     "qemu-riscv64",
2026-05-26T14:51:58.9577496Z     "qemu-s390x"
2026-05-26T14:51:58.9577712Z   ]
2026-05-26T14:51:58.9577920Z }
2026-05-26T14:51:59.0085704Z ##[endgroup]
2026-05-26T14:51:59.0090163Z ##[group]Extracting available platforms
2026-05-26T14:51:59.1955503Z linux/amd64,linux/amd64/v2,linux/amd64/v3,linux/amd64/v4,linux/arm64,linux/riscv64,linux/ppc64le,linux/s390x,linux/386,linux/mips64le,linux/mips64,linux/loong64,linux/arm/v7,linux/arm/v6
2026-05-26T14:51:59.1957140Z ##[endgroup]
2026-05-26T14:51:59.2059447Z ##[group]Run crazy-max/ghaction-github-runtime@04d248b84655b509d8c44dc1d6f990c879747487
2026-05-26T14:51:59.2059809Z with:
2026-05-26T14:51:59.2060071Z   github-token: ***
2026-05-26T14:51:59.2060253Z env:
2026-05-26T14:51:59.2060415Z   BUILDX_VERSION: v0.34.1
2026-05-26T14:51:59.2060624Z   BUILDKIT_IMAGE: moby/buildkit:v0.30.0
2026-05-26T14:51:59.2060877Z   SBOM_IMAGE: docker/buildkit-syft-scanner:1.11.0
2026-05-26T14:51:59.2061142Z   BINFMT_IMAGE: tonistiigi/binfmt:qemu-v10.2.1-65
2026-05-26T14:51:59.2061438Z   DOCKER_ACTIONS_TOOLKIT_MODULE: @docker/actions-toolkit@0.90.0
2026-05-26T14:51:59.2061709Z   COSIGN_VERSION: v3.0.6
2026-05-26T14:51:59.2061912Z   LOCAL_EXPORT_DIR: /tmp/buildx-output
2026-05-26T14:51:59.2062129Z   MATRIX_SIZE_LIMIT: 20
2026-05-26T14:51:59.2062317Z   BUILDX_SEND_GIT_QUERY_AS_INPUT: true
2026-05-26T14:51:59.2062531Z   NPM_CONFIG_FETCH_RETRIES: 5
2026-05-26T14:51:59.2062746Z   DOCKER_METADATA_OUTPUT_VERSION: master
2026-05-26T14:51:59.2063063Z   DOCKER_METADATA_OUTPUT_TAGS: docker/dockerfile-upstream:master
2026-05-26T14:51:59.2063353Z   DOCKER_METADATA_OUTPUT_TAG_NAMES: master
2026-05-26T14:51:59.2064904Z   DOCKER_METADATA_OUTPUT_LABELS: org.opencontainers.image.created=2026-05-26T14:51:49.817Z
org.opencontainers.image.description=concurrent, cache-efficient, and Dockerfile-agnostic builder toolkit
org.opencontainers.image.licenses=Apache-2.0
org.opencontainers.image.revision=efd9efcd052646f36bc5681952d72ef6cf00c50c
org.opencontainers.image.source=https://github.com/moby/buildkit
org.opencontainers.image.title=buildkit
org.opencontainers.image.url=https://github.com/moby/buildkit
org.opencontainers.image.version=master
2026-05-26T14:51:59.2081450Z   DOCKER_METADATA_OUTPUT_ANNOTATIONS: manifest:org.opencontainers.image.created=2026-05-26T14:51:49.817Z
manifest:org.opencontainers.image.description=concurrent, cache-efficient, and Dockerfile-agnostic builder toolkit
manifest:org.opencontainers.image.licenses=Apache-2.0
manifest:org.opencontainers.image.revision=efd9efcd052646f36bc5681952d72ef6cf00c50c
manifest:org.opencontainers.image.source=https://github.com/moby/buildkit
manifest:org.opencontainers.image.title=Dockerfile Frontend
manifest:org.opencontainers.image.url=https://github.com/moby/buildkit
manifest:org.opencontainers.image.vendor=Moby
manifest:org.opencontainers.image.version=master
2026-05-26T14:51:59.2086939Z   DOCKER_METADATA_OUTPUT_JSON: {"tags":["docker/dockerfile-upstream:master"],"tag-names":["master"],"labels":{"org.opencontainers.image.created":"2026-05-26T14:51:49.817Z","org.opencontainers.image.description":"concurrent, cache-efficient, and Dockerfile-agnostic builder toolkit","org.opencontainers.image.licenses":"Apache-2.0","org.opencontainers.image.revision":"efd9efcd052646f36bc5681952d72ef6cf00c50c","org.opencontainers.image.source":"https://github.com/moby/buildkit","org.opencontainers.image.title":"buildkit","org.opencontainers.image.url":"https://github.com/moby/buildkit","org.opencontainers.image.version":"master"},"annotations":["manifest:org.opencontainers.image.created=2026-05-26T14:51:49.817Z","manifest:org.opencontainers.image.description=concurrent, cache-efficient, and Dockerfile-agnostic builder toolkit","manifest:org.opencontainers.image.licenses=Apache-2.0","manifest:org.opencontainers.image.revision=efd9efcd052646f36bc5681952d72ef6cf00c50c","manifest:org.opencontainers.image.source=https://github.com/moby/buildkit","manifest:org.opencontainers.image.title=Dockerfile Frontend","manifest:org.opencontainers.image.url=https://github.com/moby/buildkit","manifest:org.opencontainers.image.vendor=Moby","manifest:org.opencontainers.image.version=master"]}
2026-05-26T14:51:59.2090927Z   DOCKER_METADATA_OUTPUT_BAKE_FILE_TAGS: /home/runner/work/_temp/docker-actions-toolkit-aad2mZ/docker-metadata-action-bake-tags.json
2026-05-26T14:51:59.2091627Z   DOCKER_METADATA_OUTPUT_BAKE_FILE_LABELS: /home/runner/work/_temp/docker-actions-toolkit-aad2mZ/docker-metadata-action-bake-labels.json
2026-05-26T14:51:59.2092531Z   DOCKER_METADATA_OUTPUT_BAKE_FILE_ANNOTATIONS: /home/runner/work/_temp/docker-actions-toolkit-aad2mZ/docker-metadata-action-bake-annotations.json
2026-05-26T14:51:59.2093232Z   DOCKER_METADATA_OUTPUT_BAKE_FILE: /home/runner/work/_temp/docker-actions-toolkit-aad2mZ/docker-metadata-action-bake.json
2026-05-26T14:51:59.2093644Z ##[endgroup]
2026-05-26T14:51:59.2699871Z ACTIONS_RUNNER_ACTION_ARCHIVE_CACHE=/opt/actionarchivecache
2026-05-26T14:51:59.2704761Z ACTIONS_RUNTIME_URL=https://pipelinesghubeus2.actions.githubusercontent.com/VSeSJsGRiRCTiu0PRaYdcZnubUW6TSVddo0DTZpqG1wDqsIbXb/
2026-05-26T14:51:59.2814200Z ACTIONS_RUNTIME_TOKEN=***
2026-05-26T14:51:59.2814780Z ACTIONS_CACHE_URL=https://acghubeus1.actions.githubusercontent.com/VSeSJsGRiRCTiu0PRaYdcZnubUW6TSVddo0DTZpqG1wDqsIbXb/
2026-05-26T14:51:59.2815686Z ACTIONS_ID_TOKEN_REQUEST_URL=https://run-actions-3-azure-eastus.actions.githubusercontent.com/143//idtoken/75ea24ac-6102-4b81-8903-1036fb9e5205/ca0e3957-19fa-542d-a68b-f839d0a2ed0a?api-version=2.0
2026-05-26T14:51:59.2904954Z ACTIONS_ID_TOKEN_REQUEST_TOKEN=***
2026-05-26T14:51:59.2905304Z ACTIONS_RESULTS_URL=https://results-receiver.actions.githubusercontent.com/
2026-05-26T14:51:59.2905634Z ACTIONS_CACHE_SERVICE_V2=True
2026-05-26T14:51:59.2906268Z ACTIONS_ORCHESTRATION_ID=75ea24ac-6102-4b81-8903-1036fb9e5205.image.mainline_docker_dockerfil.build._4_linux_mips_ubuntu-24_0
2026-05-26T14:51:59.2982231Z ##[group]Run docker/setup-buildx-action@4d04d5d9486b7bd6fa91e7baf45bbb4f8b9deedd
2026-05-26T14:51:59.2982572Z with:
2026-05-26T14:51:59.2982739Z   version: v0.34.1
2026-05-26T14:51:59.2982914Z   cache-binary: false
2026-05-26T14:51:59.2983126Z   buildkitd-flags: --debug
2026-05-26T14:51:59.3073105Z   driver-opts: image=moby/buildkit:v0.30.0
env.ACTIONS_ID_TOKEN_REQUEST_TOKEN=***
env.ACTIONS_ID_TOKEN_REQUEST_URL=https://run-actions-3-azure-eastus.actions.githubusercontent.com/143//idtoken/75ea24ac-6102-4b81-8903-1036fb9e5205/ca0e3957-19fa-542d-a68b-f839d0a2ed0a?api-version=2.0

2026-05-26T14:51:59.3075445Z   buildkitd-config-inline: [cache]
  [cache.gha]
    [cache.gha.sign]
      command = ["ghacache-sign-script.sh"]
    [cache.gha.verify]
      required = true
      [cache.gha.verify.policy]
        timestampThreshold = 1
        tlogThreshold = 1
        subjectAlternativeName = "https://github.com/docker/github-builder/.github/workflows/bake.yml*"
        githubWorkflowRepository = "moby/buildkit"
        issuer = "https://token.actions.githubusercontent.com"
        runnerEnvironment = "github-hosted"
        sourceRepositoryURI = "https://github.com/moby/buildkit"

2026-05-26T14:51:59.3076989Z   driver: docker-container
2026-05-26T14:51:59.3077190Z   use: true
2026-05-26T14:51:59.3077359Z   keep-state: false
2026-05-26T14:51:59.3077535Z   cleanup: true
2026-05-26T14:51:59.3077691Z env:
2026-05-26T14:51:59.3077850Z   BUILDX_VERSION: v0.34.1
2026-05-26T14:51:59.3078058Z   BUILDKIT_IMAGE: moby/buildkit:v0.30.0
2026-05-26T14:51:59.3078320Z   SBOM_IMAGE: docker/buildkit-syft-scanner:1.11.0
2026-05-26T14:51:59.3078589Z   BINFMT_IMAGE: tonistiigi/binfmt:qemu-v10.2.1-65
2026-05-26T14:51:59.3078881Z   DOCKER_ACTIONS_TOOLKIT_MODULE: @docker/actions-toolkit@0.90.0
2026-05-26T14:51:59.3079154Z   COSIGN_VERSION: v3.0.6
2026-05-26T14:51:59.3079366Z   LOCAL_EXPORT_DIR: /tmp/buildx-output
2026-05-26T14:51:59.3079875Z   MATRIX_SIZE_LIMIT: 20
2026-05-26T14:51:59.3080066Z   BUILDX_SEND_GIT_QUERY_AS_INPUT: true
2026-05-26T14:51:59.3080285Z   NPM_CONFIG_FETCH_RETRIES: 5
2026-05-26T14:51:59.3080495Z   DOCKER_METADATA_OUTPUT_VERSION: master
2026-05-26T14:51:59.3080778Z   DOCKER_METADATA_OUTPUT_TAGS: docker/dockerfile-upstream:master
2026-05-26T14:51:59.3081072Z   DOCKER_METADATA_OUTPUT_TAG_NAMES: master
2026-05-26T14:51:59.3082644Z   DOCKER_METADATA_OUTPUT_LABELS: org.opencontainers.image.created=2026-05-26T14:51:49.817Z
org.opencontainers.image.description=concurrent, cache-efficient, and Dockerfile-agnostic builder toolkit
org.opencontainers.image.licenses=Apache-2.0
org.opencontainers.image.revision=efd9efcd052646f36bc5681952d72ef6cf00c50c
org.opencontainers.image.source=https://github.com/moby/buildkit
org.opencontainers.image.title=buildkit
org.opencontainers.image.url=https://github.com/moby/buildkit
org.opencontainers.image.version=master
2026-05-26T14:51:59.3085909Z   DOCKER_METADATA_OUTPUT_ANNOTATIONS: manifest:org.opencontainers.image.created=2026-05-26T14:51:49.817Z
manifest:org.opencontainers.image.description=concurrent, cache-efficient, and Dockerfile-agnostic builder toolkit
manifest:org.opencontainers.image.licenses=Apache-2.0
manifest:org.opencontainers.image.revision=efd9efcd052646f36bc5681952d72ef6cf00c50c
manifest:org.opencontainers.image.source=https://github.com/moby/buildkit
manifest:org.opencontainers.image.title=Dockerfile Frontend
manifest:org.opencontainers.image.url=https://github.com/moby/buildkit
manifest:org.opencontainers.image.vendor=Moby
manifest:org.opencontainers.image.version=master
2026-05-26T14:51:59.3091158Z   DOCKER_METADATA_OUTPUT_JSON: {"tags":["docker/dockerfile-upstream:master"],"tag-names":["master"],"labels":{"org.opencontainers.image.created":"2026-05-26T14:51:49.817Z","org.opencontainers.image.description":"concurrent, cache-efficient, and Dockerfile-agnostic builder toolkit","org.opencontainers.image.licenses":"Apache-2.0","org.opencontainers.image.revision":"efd9efcd052646f36bc5681952d72ef6cf00c50c","org.opencontainers.image.source":"https://github.com/moby/buildkit","org.opencontainers.image.title":"buildkit","org.opencontainers.image.url":"https://github.com/moby/buildkit","org.opencontainers.image.version":"master"},"annotations":["manifest:org.opencontainers.image.created=2026-05-26T14:51:49.817Z","manifest:org.opencontainers.image.description=concurrent, cache-efficient, and Dockerfile-agnostic builder toolkit","manifest:org.opencontainers.image.licenses=Apache-2.0","manifest:org.opencontainers.image.revision=efd9efcd052646f36bc5681952d72ef6cf00c50c","manifest:org.opencontainers.image.source=https://github.com/moby/buildkit","manifest:org.opencontainers.image.title=Dockerfile Frontend","manifest:org.opencontainers.image.url=https://github.com/moby/buildkit","manifest:org.opencontainers.image.vendor=Moby","manifest:org.opencontainers.image.version=master"]}
2026-05-26T14:51:59.3094956Z   DOCKER_METADATA_OUTPUT_BAKE_FILE_TAGS: /home/runner/work/_temp/docker-actions-toolkit-aad2mZ/docker-metadata-action-bake-tags.json
2026-05-26T14:51:59.3095657Z   DOCKER_METADATA_OUTPUT_BAKE_FILE_LABELS: /home/runner/work/_temp/docker-actions-toolkit-aad2mZ/docker-metadata-action-bake-labels.json
2026-05-26T14:51:59.3096529Z   DOCKER_METADATA_OUTPUT_BAKE_FILE_ANNOTATIONS: /home/runner/work/_temp/docker-actions-toolkit-aad2mZ/docker-metadata-action-bake-annotations.json
2026-05-26T14:51:59.3097229Z   DOCKER_METADATA_OUTPUT_BAKE_FILE: /home/runner/work/_temp/docker-actions-toolkit-aad2mZ/docker-metadata-action-bake.json
2026-05-26T14:51:59.3097705Z   ACTIONS_RUNNER_ACTION_ARCHIVE_CACHE: /opt/actionarchivecache
2026-05-26T14:51:59.3098259Z   ACTIONS_RUNTIME_URL: https://pipelinesghubeus2.actions.githubusercontent.com/VSeSJsGRiRCTiu0PRaYdcZnubUW6TSVddo0DTZpqG1wDqsIbXb/
2026-05-26T14:51:59.3186433Z   ACTIONS_RUNTIME_TOKEN: ***
2026-05-26T14:51:59.3186919Z   ACTIONS_CACHE_URL: https://acghubeus1.actions.githubusercontent.com/VSeSJsGRiRCTiu0PRaYdcZnubUW6TSVddo0DTZpqG1wDqsIbXb/
2026-05-26T14:51:59.3188114Z   ACTIONS_ID_TOKEN_REQUEST_URL: https://run-actions-3-azure-eastus.actions.githubusercontent.com/143//idtoken/75ea24ac-6102-4b81-8903-1036fb9e5205/ca0e3957-19fa-542d-a68b-f839d0a2ed0a?api-version=2.0
2026-05-26T14:51:59.3284653Z   ACTIONS_ID_TOKEN_REQUEST_TOKEN: ***
2026-05-26T14:51:59.3285066Z   ACTIONS_RESULTS_URL: https://results-receiver.actions.githubusercontent.com/
2026-05-26T14:51:59.3285415Z   ACTIONS_CACHE_SERVICE_V2: True
2026-05-26T14:51:59.3286004Z   ACTIONS_ORCHESTRATION_ID: 75ea24ac-6102-4b81-8903-1036fb9e5205.image.mainline_docker_dockerfil.build._4_linux_mips_ubuntu-24_0
2026-05-26T14:51:59.3286452Z ##[endgroup]
2026-05-26T14:51:59.4966403Z ##[group]Docker info
2026-05-26T14:51:59.4982826Z [command]/usr/bin/docker version
2026-05-26T14:51:59.5161910Z Client: Docker Engine - Community
2026-05-26T14:51:59.5162579Z  Version:           28.0.4
2026-05-26T14:51:59.5163085Z  API version:       1.48
2026-05-26T14:51:59.5163555Z  Go version:        go1.23.7
2026-05-26T14:51:59.5164059Z  Git commit:        b8034c0
2026-05-26T14:51:59.5164584Z  Built:             Tue Mar 25 15:07:16 2025
2026-05-26T14:51:59.5165091Z  OS/Arch:           linux/amd64
2026-05-26T14:51:59.5165372Z  Context:           default
2026-05-26T14:51:59.5165553Z 
2026-05-26T14:51:59.5165669Z Server: Docker Engine - Community
2026-05-26T14:51:59.5166135Z  Engine:
2026-05-26T14:51:59.5166365Z   Version:          28.0.4
2026-05-26T14:51:59.5166676Z   API version:      1.48 (minimum version 1.24)
2026-05-26T14:51:59.5167027Z   Go version:       go1.23.7
2026-05-26T14:51:59.5167303Z   Git commit:       6430e49
2026-05-26T14:51:59.5167591Z   Built:            Tue Mar 25 15:07:16 2025
2026-05-26T14:51:59.5167909Z   OS/Arch:          linux/amd64
2026-05-26T14:51:59.5168184Z   Experimental:     false
2026-05-26T14:51:59.5168454Z  containerd:
2026-05-26T14:51:59.5168612Z   Version:          v2.2.3
2026-05-26T14:51:59.5168843Z   GitCommit:        77c84241c7cbdd9b4eca2591793e3d4f4317c590
2026-05-26T14:51:59.5169091Z  runc:
2026-05-26T14:51:59.5169242Z   Version:          1.3.5
2026-05-26T14:51:59.5169678Z   GitCommit:        v1.3.5-0-g488fc13e
2026-05-26T14:51:59.5169888Z  docker-init:
2026-05-26T14:51:59.5170051Z   Version:          0.19.0
2026-05-26T14:51:59.5170230Z   GitCommit:        de40ad0
2026-05-26T14:51:59.5201555Z [command]/usr/bin/docker info
2026-05-26T14:51:59.5624635Z Client: Docker Engine - Community
2026-05-26T14:51:59.5625371Z  Version:    28.0.4
2026-05-26T14:51:59.5625660Z  Context:    default
2026-05-26T14:51:59.5626138Z  Debug Mode: false
2026-05-26T14:51:59.5626401Z  Plugins:
2026-05-26T14:51:59.5626658Z   buildx: Docker Buildx (Docker Inc.)
2026-05-26T14:51:59.5626998Z     Version:  v0.34.0
2026-05-26T14:51:59.5627332Z     Path:     /usr/libexec/docker/cli-plugins/docker-buildx
2026-05-26T14:51:59.5627746Z   compose: Docker Compose (Docker Inc.)
2026-05-26T14:51:59.5628067Z     Version:  v2.38.2
2026-05-26T14:51:59.5628401Z     Path:     /usr/libexec/docker/cli-plugins/docker-compose
2026-05-26T14:51:59.5628724Z 
2026-05-26T14:51:59.5628815Z Server:
2026-05-26T14:51:59.5629039Z  Containers: 0
2026-05-26T14:51:59.5629279Z   Running: 0
2026-05-26T14:51:59.5629510Z   Paused: 0
2026-05-26T14:51:59.5629742Z   Stopped: 0
2026-05-26T14:51:59.5629960Z  Images: 7
2026-05-26T14:51:59.5630194Z  Server Version: 28.0.4
2026-05-26T14:51:59.5630470Z  Storage Driver: overlay2
2026-05-26T14:51:59.5630767Z   Backing Filesystem: extfs
2026-05-26T14:51:59.5631064Z   Supports d_type: true
2026-05-26T14:51:59.5631339Z   Using metacopy: false
2026-05-26T14:51:59.5631608Z   Native Overlay Diff: false
2026-05-26T14:51:59.5631897Z   userxattr: false
2026-05-26T14:51:59.5632151Z  Logging Driver: json-file
2026-05-26T14:51:59.5632435Z  Cgroup Driver: systemd
2026-05-26T14:51:59.5632685Z  Cgroup Version: 2
2026-05-26T14:51:59.5632930Z  Plugins:
2026-05-26T14:51:59.5633156Z   Volume: local
2026-05-26T14:51:59.5633451Z   Network: bridge host ipvlan macvlan null overlay
2026-05-26T14:51:59.5634016Z   Log: awslogs fluentd gcplogs gelf journald json-file local splunk syslog
2026-05-26T14:51:59.5634887Z  Swarm: inactive
2026-05-26T14:51:59.5635171Z  Runtimes: io.containerd.runc.v2 runc
2026-05-26T14:51:59.5635498Z  Default Runtime: runc
2026-05-26T14:51:59.5636208Z  Init Binary: docker-init
2026-05-26T14:51:59.5636637Z  containerd version: 77c84241c7cbdd9b4eca2591793e3d4f4317c590
2026-05-26T14:51:59.5637076Z  runc version: v1.3.5-0-g488fc13e
2026-05-26T14:51:59.5637393Z  init version: de40ad0
2026-05-26T14:51:59.5637657Z  Security Options:
2026-05-26T14:51:59.5637903Z   apparmor
2026-05-26T14:51:59.5638105Z   seccomp
2026-05-26T14:51:59.5638304Z    Profile: builtin
2026-05-26T14:51:59.5638454Z   cgroupns
2026-05-26T14:51:59.5638614Z  Kernel Version: 6.17.0-1013-azure
2026-05-26T14:51:59.5638826Z  Operating System: Ubuntu 24.04.4 LTS
2026-05-26T14:51:59.5639032Z  OSType: linux
2026-05-26T14:51:59.5639198Z  Architecture: x86_64
2026-05-26T14:51:59.5639360Z  CPUs: 4
2026-05-26T14:51:59.5639509Z  Total Memory: 15.61GiB
2026-05-26T14:51:59.5639689Z  Name: runnervmg397c
2026-05-26T14:51:59.5639873Z  ID: 030b3de5-f6f5-43f2-8bdc-0a866a274328
2026-05-26T14:51:59.5640101Z  Docker Root Dir: /var/lib/docker
2026-05-26T14:51:59.5640294Z  Debug Mode: false
2026-05-26T14:51:59.5640456Z  Username: githubactions
2026-05-26T14:51:59.5640634Z  Experimental: false
2026-05-26T14:51:59.5640795Z  Insecure Registries:
2026-05-26T14:51:59.5641005Z   ::1/128
2026-05-26T14:51:59.5641143Z   127.0.0.0/8
2026-05-26T14:51:59.5641305Z  Live Restore Enabled: false
2026-05-26T14:51:59.5641516Z 
2026-05-26T14:51:59.5642306Z ##[endgroup]
2026-05-26T14:51:59.6121321Z ##[group]Download buildx from GitHub Releases
2026-05-26T14:51:59.6437600Z Use 0.34.1 version spec cache key for v0.34.1
2026-05-26T14:51:59.6445718Z GitHub Actions cache disabled
2026-05-26T14:51:59.6447043Z Downloading https://github.com/docker/buildx/releases/download/v0.34.1/buildx-v0.34.1.linux-amd64
2026-05-26T14:51:59.9618586Z Copying /home/runner/work/_temp/13067c81-e8f5-458a-8860-072065d542ce to /home/runner/.docker/buildx/.bin/0.34.1/linux-x64/docker-buildx
2026-05-26T14:52:00.9101625Z Cached to /home/runner/.docker/buildx/.bin/0.34.1/linux-x64/docker-buildx
2026-05-26T14:52:00.9102485Z ##[endgroup]
2026-05-26T14:52:00.9102902Z ##[group]Install buildx
2026-05-26T14:52:00.9103173Z Docker plugin mode
2026-05-26T14:52:01.2838510Z Fixing perms
2026-05-26T14:52:01.2838905Z Plugin path: /home/runner/.docker/cli-plugins/docker-buildx
2026-05-26T14:52:01.2839535Z ##[endgroup]
2026-05-26T14:52:01.2840025Z ##[group]Buildx version
2026-05-26T14:52:01.2859267Z [command]/usr/bin/docker buildx version
2026-05-26T14:52:01.3248618Z github.com/docker/buildx v0.34.1 e0b0e77d18d3379bc1e0d55f3b37de288d36fe47
2026-05-26T14:52:01.3269065Z ##[endgroup]
2026-05-26T14:52:01.3398761Z ##[group]Inspecting default docker context
2026-05-26T14:52:01.3525291Z [
2026-05-26T14:52:01.3525551Z   {
2026-05-26T14:52:01.3525956Z     "Name": "default",
2026-05-26T14:52:01.3526226Z     "Metadata": {},
2026-05-26T14:52:01.3526461Z     "Endpoints": {
2026-05-26T14:52:01.3526724Z       "docker": {
2026-05-26T14:52:01.3527014Z         "Host": "unix:///var/run/docker.sock",
2026-05-26T14:52:01.3527370Z         "SkipTLSVerify": false
2026-05-26T14:52:01.3527634Z       }
2026-05-26T14:52:01.3527827Z     },
2026-05-26T14:52:01.3528027Z     "TLSMaterial": {},
2026-05-26T14:52:01.3528272Z     "Storage": {
2026-05-26T14:52:01.3528512Z       "MetadataPath": "<IN MEMORY>",
2026-05-26T14:52:01.3528809Z       "TLSPath": "<IN MEMORY>"
2026-05-26T14:52:01.3529039Z     }
2026-05-26T14:52:01.3529214Z   }
2026-05-26T14:52:01.3529408Z ]
2026-05-26T14:52:01.3530045Z ##[endgroup]
2026-05-26T14:52:01.3530534Z ##[group]Creating a new builder instance
2026-05-26T14:52:01.4623952Z [command]/usr/bin/docker buildx create --name builder-55e5b171-6c2a-4f10-beea-1303c6fb66df --driver docker-container --driver-opt image=moby/buildkit:v0.30.0 --driver-opt env.ACTIONS_ID_TOKEN_REQUEST_TOKEN=*** --driver-opt env.ACTIONS_ID_TOKEN_REQUEST_URL=https://run-actions-3-azure-eastus.actions.githubusercontent.com/143//idtoken/75ea24ac-6102-4b81-8903-1036fb9e5205/ca0e3957-19fa-542d-a68b-f839d0a2ed0a?api-version=2.0 --buildkitd-flags --debug --use --config /home/runner/work/_temp/docker-actions-toolkit-ibxZ8c/tmp-2463-ZsJd525DH5oB
2026-05-26T14:52:01.4975211Z builder-55e5b171-6c2a-4f10-beea-1303c6fb66df
2026-05-26T14:52:01.4995148Z ##[endgroup]
2026-05-26T14:52:01.4995562Z ##[group]Booting builder
2026-05-26T14:52:01.5024214Z [command]/usr/bin/docker buildx inspect --bootstrap --builder builder-55e5b171-6c2a-4f10-beea-1303c6fb66df
2026-05-26T14:52:01.5461506Z #1 [internal] booting buildkit
2026-05-26T14:52:01.6966148Z #1 pulling image moby/buildkit:v0.30.0
2026-05-26T14:52:07.2521855Z #1 pulling image moby/buildkit:v0.30.0 5.7s done
2026-05-26T14:52:07.4028333Z #1 creating container buildx_buildkit_builder-55e5b171-6c2a-4f10-beea-1303c6fb66df0
2026-05-26T14:52:07.6326752Z #1 creating container buildx_buildkit_builder-55e5b171-6c2a-4f10-beea-1303c6fb66df0 0.4s done
2026-05-26T14:52:07.6336535Z #1 DONE 6.1s
2026-05-26T14:52:07.6617499Z Name:          builder-55e5b171-6c2a-4f10-beea-1303c6fb66df
2026-05-26T14:52:07.6617973Z Driver:        docker-container
2026-05-26T14:52:07.6618312Z Last Activity: 2026-05-26 14:52:01 +0000 UTC
2026-05-26T14:52:07.6618534Z 
2026-05-26T14:52:07.6618616Z Nodes:
2026-05-26T14:52:07.6618926Z Name:                  builder-55e5b171-6c2a-4f10-beea-1303c6fb66df0
2026-05-26T14:52:07.6619377Z Endpoint:              unix:///var/run/docker.sock
2026-05-26T14:52:07.6742219Z Driver Options:        env.ACTIONS_ID_TOKEN_REQUEST_TOKEN="***" env.ACTIONS_ID_TOKEN_REQUEST_URL="https://run-actions-3-azure-eastus.actions.githubusercontent.com/143//idtoken/75ea24ac-6102-4b81-8903-1036fb9e5205/ca0e3957-19fa-542d-a68b-f839d0a2ed0a?api-version=2.0" image="moby/buildkit:v0.30.0"
2026-05-26T14:52:07.6743311Z Status:                running
2026-05-26T14:52:07.6743618Z BuildKit daemon flags: --debug --allow-insecure-entitlement=network.host
2026-05-26T14:52:07.6743924Z BuildKit version:      v0.30.0
2026-05-26T14:52:07.6744964Z Platforms:             linux/amd64, linux/amd64/v2, linux/amd64/v3, linux/amd64/v4, linux/arm64, linux/riscv64, linux/ppc64le, linux/s390x, linux/386, linux/mips64le, linux/mips64, linux/loong64, linux/arm/v7, linux/arm/v6
2026-05-26T14:52:07.6745571Z Labels:
2026-05-26T14:52:07.6746019Z  org.mobyproject.buildkit.worker.executor:         oci
2026-05-26T14:52:07.6746353Z  org.mobyproject.buildkit.worker.hostname:         05e1d1275a1e
2026-05-26T14:52:07.6746672Z  org.mobyproject.buildkit.worker.network:          host
2026-05-26T14:52:07.6746987Z  org.mobyproject.buildkit.worker.oci.process-mode: sandbox
2026-05-26T14:52:07.6747307Z  org.mobyproject.buildkit.worker.selinux.enabled:  false
2026-05-26T14:52:07.6747618Z  org.mobyproject.buildkit.worker.snapshotter:      overlayfs
2026-05-26T14:52:07.6747881Z GC Policy rule#0:
2026-05-26T14:52:07.6748051Z  All:            false
2026-05-26T14:52:07.6748321Z  Filters:        type==source.local,type==exec.cachemount,type==source.git.checkout
2026-05-26T14:52:07.6748633Z  Keep Duration:  48h0m0s
2026-05-26T14:52:07.6748815Z  Max Used Space: 488.3MiB
2026-05-26T14:52:07.6748997Z GC Policy rule#1:
2026-05-26T14:52:07.6749151Z  All:            false
2026-05-26T14:52:07.6749316Z  Keep Duration:  1440h0m0s
2026-05-26T14:52:07.6749501Z  Reserved Space: 9.313GiB
2026-05-26T14:52:07.6749678Z  Max Used Space: 93.13GiB
2026-05-26T14:52:07.6749846Z  Min Free Space: 27.01GiB
2026-05-26T14:52:07.6750012Z GC Policy rule#2:
2026-05-26T14:52:07.6750173Z  All:            false
2026-05-26T14:52:07.6750335Z  Reserved Space: 9.313GiB
2026-05-26T14:52:07.6750498Z  Max Used Space: 93.13GiB
2026-05-26T14:52:07.6750668Z  Min Free Space: 27.01GiB
2026-05-26T14:52:07.6750849Z GC Policy rule#3:
2026-05-26T14:52:07.6751007Z  All:            true
2026-05-26T14:52:07.6751173Z  Reserved Space: 9.313GiB
2026-05-26T14:52:07.6751343Z  Max Used Space: 93.13GiB
2026-05-26T14:52:07.6751516Z  Min Free Space: 27.01GiB
2026-05-26T14:52:07.6751692Z File#buildkitd.toml:
2026-05-26T14:52:07.6752091Z  > [cache]
2026-05-26T14:52:07.6752254Z  > [cache.gha]
2026-05-26T14:52:07.6752425Z  > [cache.gha.sign]
2026-05-26T14:52:07.6752626Z  > command = ['ghacache-sign-script.sh']
2026-05-26T14:52:07.6752836Z  > 
2026-05-26T14:52:07.6752987Z  > [cache.gha.verify]
2026-05-26T14:52:07.6753162Z  > required = true
2026-05-26T14:52:07.6753322Z  > 
2026-05-26T14:52:07.6753476Z  > [cache.gha.verify.policy]
2026-05-26T14:52:07.6753701Z  > githubWorkflowRepository = 'moby/buildkit'
2026-05-26T14:52:07.6754025Z  > issuer = 'https://token.actions.githubusercontent.com'
2026-05-26T14:52:07.6754310Z  > runnerEnvironment = 'github-hosted'
2026-05-26T14:52:07.6754584Z  > sourceRepositoryURI = 'https://github.com/moby/buildkit'
2026-05-26T14:52:07.6754989Z  > subjectAlternativeName = 'https://github.com/docker/github-builder/.github/workflows/bake.yml*'
2026-05-26T14:52:07.6755354Z  > timestampThreshold = 1
2026-05-26T14:52:07.6755540Z  > tlogThreshold = 1
2026-05-26T14:52:07.6755703Z  > 
2026-05-26T14:52:07.6756096Z File#provenance.d/github_actions_context.json:
2026-05-26T14:52:07.6789702Z  > {"github_actor":"crazy-max","github_actor_id":"1951866","github_event_name":"push","github_event_payload":{"after":"efd9efcd052646f36bc5681952d72ef6cf00c50c","base_ref":null,"before":"94ef923d6e0d936a6e852e982a0923fd38c067ad","commits":[{"author":{"email":"49699333+dependabot[bot]@users.noreply.github.com","name":"dependabot[bot]","username":"dependabot[bot]"},"committer":{"email":"noreply@github.com","name":"GitHub","username":"web-flow"},"distinct":false,"id":"f89db03c4d4c790f2052bbdc00d042ddc84a37ad","message":"build(deps): bump codecov/codecov-action from 6.0.0 to 6.0.1\n\nBumps [codecov/codecov-action](https://github.com/codecov/codecov-action) from 6.0.0 to 6.0.1.\n- [Release notes](https://github.com/codecov/codecov-action/releases)\n- [Changelog](https://github.com/codecov/codecov-action/blob/main/CHANGELOG.md)\n- [Commits](https://github.com/codecov/codecov-action/compare/57e3a136b779b570ffcdbf80b3bdc90e7fab3de2...e79a6962e0d4c0c17b229090214935d2e33f8354)\n\n---\nupdated-dependencies:\n- dependency-name: codecov/codecov-action\n  dependency-version: 6.0.1\n  dependency-type: direct:production\n  update-type: version-update:semver-patch\n...\n\nSigned-off-by: dependabot[bot] \u003csupport@github.com\u003e","timestamp":"2026-05-20T05:44:31Z","tree_id":"6e82fae82419645e1f0eced46fb9228e045ab6f5","url":"https://github.com/moby/buildkit/commit/f89db03c4d4c790f2052bbdc00d042ddc84a37ad"},{"author":{"email":"1951866+crazy-max@users.noreply.github.com","name":"CrazyMax","username":"crazy-max"},"committer":{"email":"noreply@github.com","name":"GitHub","username":"web-flow"},"distinct":true,"id":"efd9efcd052646f36bc5681952d72ef6cf00c50c","message":"Merge pull request #6789 from moby/dependabot/github_actions/codecov/codecov-action-6.0.1\n\nbuild(deps): bump codecov/codecov-action from 6.0.0 to 6.0.1","timestamp":"2026-05-26T16:34:00+02:00","tree_id":"cbc11dccc5cb66c8a6e8c6e4df3d7f6931bcd7b5","url":"https://github.com/moby/buildkit/commit/efd9efcd052646f36bc5681952d72ef6cf00c50c"}],"compare":"https://github.com/moby/buildkit/compare/94ef923d6e0d...efd9efcd0526","created":false,"deleted":false,"enterprise":{"avatar_url":"https://avatars.githubusercontent.com/b/208541?v=4","created_at":"2024-08-08T20:47:18Z","description":"An open framework to assemble specialized container systems without reinventing the wheel.","html_url":"https://github.com/enterprises/mobyproject","id":208541,"name":"Moby","node_id":"E_kgDOAAMunQ","slug":"mobyproject","updated_at":"2026-04-29T17:28:08Z","website_url":"https://mobyproject.org"},"forced":false,"head_commit":{"author":{"email":"1951866+crazy-max@users.noreply.github.com","name":"CrazyMax","username":"crazy-max"},"committer":{"email":"noreply@github.com","name":"GitHub","username":"web-flow"},"distinct":true,"id":"efd9efcd052646f36bc5681952d72ef6cf00c50c","message":"Merge pull request #6789 from moby/dependabot/github_actions/codecov/codecov-action-6.0.1\n\nbuild(deps): bump codecov/codecov-action from 6.0.0 to 6.0.1","timestamp":"2026-05-26T16:34:00+02:00","tree_id":"cbc11dccc5cb66c8a6e8c6e4df3d7f6931bcd7b5","url":"https://github.com/moby/buildkit/commit/efd9efcd052646f36bc5681952d72ef6cf00c50c"},"organization":{"avatar_url":"https://avatars.githubusercontent.com/u/27259197?v=4","description":"An open framework to assemble specialized container systems without reinventing the wheel.","events_url":"https://api.github.com/orgs/moby/events","hooks_url":"https://api.github.com/orgs/moby/hooks","id":27259197,"issues_url":"https://api.github.com/orgs/moby/issues","login":"moby","members_url":"https://api.github.com/orgs/moby/members{/member}","node_id":"MDEyOk9yZ2FuaXphdGlvbjI3MjU5MTk3","public_members_url":"https://api.github.com/orgs/moby/public_members{/member}","repos_url":"https://api.github.com/orgs/moby/repos","url":"https://api.github.com/orgs/moby"},"pusher":{"email":"1951866+crazy-max@users.noreply.github.com","name":"crazy-max"},"ref":"refs/heads/master","repository":{"allow_forking":true,"archive_url":"https://api.github.com/repos/moby/buildkit/{archive_format}{/ref}","archived":false,"assignees_url":"https://api.github.com/repos/moby/buildkit/assignees{/user}","blobs_url":"https://api.github.com/repos/moby/buildkit/git/blobs{/sha}","branches_url":"https://api.github.com/repos/moby/buildkit/branches{/branch}","clone_url":"https://github.com/moby/buildkit.git","collaborators_url":"https://api.github.com/repos/moby/buildkit/collaborators{/collaborator}","comments_url":"https://api.github.com/repos/moby/buildkit/comments{/number}","commits_url":"https://api.github.com/repos/moby/buildkit/commits{/sha}","compare_url":"https://api.github.com/repos/moby/buildkit/compare/{base}...{head}","contents_url":"https://api.github.com/repos/moby/buildkit/contents/{+path}","contributors_url":"https://api.github.com/repos/moby/buildkit/contributors","created_at":1496250250,"custom_properties":{},"default_branch":"master","deployments_url":"https://api.github.com/repos/moby/buildkit/deployments","description":"concurrent, cache-efficient, and Dockerfile-agnostic builder toolkit","disabled":false,"downloads_url":"https://api.github.com/repos/moby/buildkit/downloads","events_url":"https://api.github.com/repos/moby/buildkit/events","fork":false,"forks":1420,"forks_count":1420,"forks_url":"https://api.github.com/repos/moby/buildkit/forks","full_name":"moby/buildkit","git_commits_url":"https://api.github.com/repos/moby/buildkit/git/commits{/sha}","git_refs_url":"https://api.github.com/repos/moby/buildkit/git/refs{/sha}","git_tags_url":"https://api.github.com/repos/moby/buildkit/git/tags{/sha}","git_url":"git://github.com/moby/buildkit.git","has_discussions":true,"has_downloads":true,"has_issues":true,"has_pages":false,"has_projects":true,"has_pull_requests":true,"has_wiki":false,"homepage":"https://github.com/moby/moby/issues/34227","hooks_url":"https://api.github.com/repos/moby/buildkit/hooks","html_url":"https://github.com/moby/buildkit","id":92969352,"is_template":false,"issue_comment_url":"https://api.github.com/repos/moby/buildkit/issues/comments{/number}","issue_events_url":"https://api.github.com/repos/moby/buildkit/issues/events{/number}","issues_url":"https://api.github.com/repos/moby/buildkit/issues{/number}","keys_url":"https://api.github.com/repos/moby/buildkit/keys{/key_id}","labels_url":"https://api.github.com/repos/moby/buildkit/labels{/name}","language":"Go","languages_url":"https://api.github.com/repos/moby/buildkit/languages","license":{"key":"apache-2.0","name":"Apache License 2.0","node_id":"MDc6TGljZW5zZTI=","spdx_id":"Apache-2.0","url":"https://api.github.com/licenses/apache-2.0"},"master_branch":"master","merges_url":"https://api.github.com/repos/moby/buildkit/merges","milestones_url":"https://api.github.com/repos/moby/buildkit/milestones{/number}","mirror_url":null,"name":"buildkit","node_id":"MDEwOlJlcG9zaXRvcnk5Mjk2OTM1Mg==","notifications_url":"https://api.github.com/repos/moby/buildkit/notifications{?since,all,participating}","open_issues":901,"open_issues_count":901,"organization":"moby","owner":{"avatar_url":"https://avatars.githubusercontent.com/u/27259197?v=4","email":null,"events_url":"https://api.github.com/users/moby/events{/privacy}","followers_url":"https://api.github.com/users/moby/followers","following_url":"https://api.github.com/users/moby/following{/other_user}","gists_url":"https://api.github.com/users/moby/gists{/gist_id}","gravatar_id":"","html_url":"https://github.com/moby","id":27259197,"login":"moby","name":"moby","node_id":"MDEyOk9yZ2FuaXphdGlvbjI3MjU5MTk3","organizations_url":"https://api.github.com/users/moby/orgs","received_events_url":"https://api.github.com/users/moby/received_events","repos_url":"https://api.github.com/users/moby/repos","site_admin":false,"starred_url":"https://api.github.com/users/moby/starred{/owner}{/repo}","subscriptions_url":"https://api.github.com/users/moby/subscriptions","type":"Organization","url":"https://api.github.com/users/moby","user_view_type":"public"},"private":false,"pull_request_creation_policy":"all","pulls_url":"https://api.github.com/repos/moby/buildkit/pulls{/number}","pushed_at":1779806040,"releases_url":"https://api.github.com/repos/moby/buildkit/releases{/id}","size":60352,"ssh_url":"git@github.com:moby/buildkit.git","stargazers":9989,"stargazers_count":9989,"stargazers_url":"https://api.github.com/repos/moby/buildkit/stargazers","statuses_url":"https://api.github.com/repos/moby/buildkit/statuses/{sha}","subscribers_url":"https://api.github.com/repos/moby/buildkit/subscribers","subscription_url":"https://api.github.com/repos/moby/buildkit/subscription","svn_url":"https://github.com/moby/buildkit","tags_url":"https://api.github.com/repos/moby/buildkit/tags","teams_url":"https://api.github.com/repos/moby/buildkit/teams","topics":["builder","buildkit","cloud-native","containers","docker","dockerfile","go","golang","oci","oci-image"],"trees_url":"https://api.github.com/repos/moby/buildkit/git/trees{/sha}","updated_at":"2026-05-26T14:04:45Z","url":"https://api.github.com/repos/moby/buildkit","visibility":"public","watchers":9989,"watchers_count":9989,"web_commit_signoff_required":true},"sender":{"avatar_url":"https://avatars.githubusercontent.com/u/1951866?v=4","events_url":"https://api.github.com/users/crazy-max/events{/privacy}","followers_url":"https://api.github.com/users/crazy-max/followers","following_url":"https://api.github.com/users/crazy-max/following{/other_user}","gists_url":"https://api.github.com/users/crazy-max/gists{/gist_id}","gravatar_id":"","html_url":"https://github.com/crazy-max","id":1951866,"login":"crazy-max","node_id":"MDQ6VXNlcjE5NTE4NjY=","organizations_url":"https://api.github.com/users/crazy-max/orgs","received_events_url":"https://api.github.com/users/crazy-max/received_events","repos_url":"https://api.github.com/users/crazy-max/repos","site_admin":false,"starred_url":"https://api.github.com/users/crazy-max/starred{/owner}{/repo}","subscriptions_url":"https://api.github.com/users/crazy-max/subscriptions","type":"User","url":"https://api.github.com/users/crazy-max","user_view_type":"public"}},"github_job":"build","github_ref":"refs/heads/master","github_ref_name":"master","github_ref_protected":"true","github_ref_type":"branch","github_repository":"moby/buildkit","github_repository_id":"92969352","github_repository_owner":"moby","github_repository_owner_id":"27259197","github_run_attempt":"1","github_run_id":"26454808703","github_run_number":"8123","github_runner_arch":"X64","github_runner_environment":"github-hosted","github_runner_image_os":"ubuntu24","github_runner_image_version":"20260518.149.1","github_runner_name":"GitHub Actions 1001452720","github_runner_os":"Linux","github_runner_tracking_id":"github_9ca72281-52d8-42fc-a940-e7476d649a72","github_server_url":"https://github.com","github_triggering_actor":"crazy-max","github_workflow":"frontend","github_workflow_ref":"moby/buildkit/.github/workflows/frontend.yml@refs/heads/master","github_workflow_sha":"efd9efcd052646f36bc5681952d72ef6cf00c50c"}
2026-05-26T14:52:07.6821919Z ##[endgroup]
2026-05-26T14:52:07.7377563Z ##[group]Inspect builder
2026-05-26T14:52:07.7377930Z {
2026-05-26T14:52:07.7378465Z   "nodes": [
2026-05-26T14:52:07.7378696Z     {
2026-05-26T14:52:07.7379008Z       "name": "builder-55e5b171-6c2a-4f10-beea-1303c6fb66df0",
2026-05-26T14:52:07.7379447Z       "endpoint": "unix:///var/run/docker.sock",
2026-05-26T14:52:07.7379805Z       "driver-opts": [
2026-05-26T14:52:07.7510292Z         "env.ACTIONS_ID_TOKEN_REQUEST_TOKEN=***",
2026-05-26T14:52:07.7511096Z         "env.ACTIONS_ID_TOKEN_REQUEST_URL=https://run-actions-3-azure-eastus.actions.githubusercontent.com/143//idtoken/75ea24ac-6102-4b81-8903-1036fb9e5205/ca0e3957-19fa-542d-a68b-f839d0a2ed0a?api-version=2.0",
2026-05-26T14:52:07.7511775Z         "image=moby/buildkit:v0.30.0"
2026-05-26T14:52:07.7511981Z       ],
2026-05-26T14:52:07.7512136Z       "status": "running",
2026-05-26T14:52:07.7512416Z       "buildkitd-flags": "--debug --allow-insecure-entitlement=network.host",
2026-05-26T14:52:07.7512722Z       "buildkit": "v0.30.0",
2026-05-26T14:52:07.7513347Z       "platforms": "linux/amd64,linux/amd64/v2,linux/amd64/v3,linux/amd64/v4,linux/arm64,linux/riscv64,linux/ppc64le,linux/s390x,linux/386,linux/mips64le,linux/mips64,linux/loong64,linux/arm/v7,linux/arm/v6",
2026-05-26T14:52:07.7513947Z       "features": {
2026-05-26T14:52:07.7514191Z         "Automatically load images to the Docker Engine image store": true,
2026-05-26T14:52:07.7514477Z         "Cache export": true,
2026-05-26T14:52:07.7514675Z         "Direct push": true,
2026-05-26T14:52:07.7514865Z         "Docker exporter": true,
2026-05-26T14:52:07.7515070Z         "Multi-platform build": true,
2026-05-26T14:52:07.7515272Z         "OCI exporter": true
2026-05-26T14:52:07.7515440Z       },
2026-05-26T14:52:07.7515581Z       "labels": {
2026-05-26T14:52:07.7515942Z         "org.mobyproject.buildkit.worker.executor": "oci",
2026-05-26T14:52:07.7516262Z         "org.mobyproject.buildkit.worker.hostname": "05e1d1275a1e",
2026-05-26T14:52:07.7516573Z         "org.mobyproject.buildkit.worker.network": "host",
2026-05-26T14:52:07.7516892Z         "org.mobyproject.buildkit.worker.oci.process-mode": "sandbox",
2026-05-26T14:52:07.7517500Z         "org.mobyproject.buildkit.worker.selinux.enabled": "false",
2026-05-26T14:52:07.7517842Z         "org.mobyproject.buildkit.worker.snapshotter": "overlayfs"
2026-05-26T14:52:07.7518089Z       },
2026-05-26T14:52:07.7518260Z       "gcPolicy": [
2026-05-26T14:52:07.7518418Z         {
2026-05-26T14:52:07.7518562Z           "all": false,
2026-05-26T14:52:07.7518729Z           "filter": [
2026-05-26T14:52:07.7518896Z             "type==source.local",
2026-05-26T14:52:07.7519104Z             "type==exec.cachemount",
2026-05-26T14:52:07.7519323Z             "type==source.git.checkout"
2026-05-26T14:52:07.7519525Z           ],
2026-05-26T14:52:07.7519681Z           "keepDuration": "48h0m0s",
2026-05-26T14:52:07.7519879Z           "maxUsedSpace": "488.3MiB"
2026-05-26T14:52:07.7520058Z         },
2026-05-26T14:52:07.7520197Z         {
2026-05-26T14:52:07.7520331Z           "all": false,
2026-05-26T14:52:07.7520507Z           "keepDuration": "1440h0m0s",
2026-05-26T14:52:07.7520715Z           "reservedSpace": "9.313GiB",
2026-05-26T14:52:07.7520928Z           "maxUsedSpace": "93.13GiB",
2026-05-26T14:52:07.7521127Z           "minFreeSpace": "27.01GiB"
2026-05-26T14:52:07.7521306Z         },
2026-05-26T14:52:07.7521440Z         {
2026-05-26T14:52:07.7521570Z           "all": false,
2026-05-26T14:52:07.7521735Z           "reservedSpace": "9.313GiB",
2026-05-26T14:52:07.7521925Z           "maxUsedSpace": "93.13GiB",
2026-05-26T14:52:07.7522116Z           "minFreeSpace": "27.01GiB"
2026-05-26T14:52:07.7522292Z         },
2026-05-26T14:52:07.7522425Z         {
2026-05-26T14:52:07.7522560Z           "all": true,
2026-05-26T14:52:07.7522728Z           "reservedSpace": "9.313GiB",
2026-05-26T14:52:07.7522913Z           "maxUsedSpace": "93.13GiB",
2026-05-26T14:52:07.7523105Z           "minFreeSpace": "27.01GiB"
2026-05-26T14:52:07.7523305Z         }
2026-05-26T14:52:07.7523453Z       ],
2026-05-26T14:52:07.7523595Z       "files": {
2026-05-26T14:52:07.7525008Z         "buildkitd.toml": "[cache]\n[cache.gha]\n[cache.gha.sign]\ncommand = ['ghacache-sign-script.sh']\n\n[cache.gha.verify]\nrequired = true\n\n[cache.gha.verify.policy]\ngithubWorkflowRepository = 'moby/buildkit'\nissuer = 'https://token.actions.githubusercontent.com'\nrunnerEnvironment = 'github-hosted'\nsourceRepositoryURI = 'https://github.com/moby/buildkit'\nsubjectAlternativeName = 'https://github.com/docker/github-builder/.github/workflows/bake.yml*'\ntimestampThreshold = 1\ntlogThreshold = 1\n"
2026-05-26T14:52:07.7526739Z       }
2026-05-26T14:52:07.7526881Z     }
2026-05-26T14:52:07.7527022Z   ],
2026-05-26T14:52:07.7527263Z   "name": "builder-55e5b171-6c2a-4f10-beea-1303c6fb66df",
2026-05-26T14:52:07.7527523Z   "driver": "docker-container",
2026-05-26T14:52:07.7527739Z   "lastActivity": "2026-05-26T14:52:01.000Z"
2026-05-26T14:52:07.7527941Z }
2026-05-26T14:52:07.7528330Z ##[endgroup]
2026-05-26T14:52:07.7528621Z ##[group]BuildKit version
2026-05-26T14:52:07.7528838Z builder-55e5b171-6c2a-4f10-beea-1303c6fb66df0: v0.30.0
2026-05-26T14:52:07.7529178Z ##[endgroup]
2026-05-26T14:52:07.7577137Z ##[group]Run actions/github-script@3a2844b7e9c422d3c10d287c895573f7108da1b3
2026-05-26T14:52:07.7577443Z with:
2026-05-26T14:52:07.7581233Z   script: const fs = require('fs');
const os = require('os');
const path = require('path');

const { Buildx } = require('@docker/actions-toolkit/lib/buildx/buildx');
const { Cosign } = require('@docker/actions-toolkit/lib/cosign/cosign');
const { Install } = require('@docker/actions-toolkit/lib/cosign/install');

const inpCosignVersion = core.getInput('cosign-version');
const inpBuilderName = core.getInput('builder-name');
const inpGHACacheSignScript = core.getInput('gha-cache-sign-script');

const cosignInstall = new Install();
const cosignBinPath = await cosignInstall.download({
  version: core.getInput('cosign-version'),
  ghaNoCache: true,
  skipState: true,
  verifySignature: true
});
const cosignPath = await cosignInstall.install(cosignBinPath);

const cosign = new Cosign();
await cosign.printVersion();

const containerName = `${Buildx.containerNamePrefix}${inpBuilderName}0`;

const ghaCacheSignScriptPath = path.join(os.tmpdir(), `ghacache-sign-script.sh`);
core.info(`Writing GitHub Actions cache sign script to ${ghaCacheSignScriptPath}`);
await fs.writeFileSync(ghaCacheSignScriptPath, inpGHACacheSignScript, {mode: 0o700});

core.info(`Copying GitHub Actions cache sign script to BuildKit container ${containerName}`);
await exec.exec('docker', [
  'cp',
  ghaCacheSignScriptPath,
  `${containerName}:/usr/bin/ghacache-sign-script.sh`
]);

core.info(`Copying cosign binary to BuildKit container ${containerName}`);
await exec.exec('docker', [
  'cp',
  cosignPath,
  `${containerName}:/usr/bin/cosign`
]);

2026-05-26T14:52:07.7585289Z   github-token: ***
2026-05-26T14:52:07.7585463Z   debug: false
2026-05-26T14:52:07.7585637Z   user-agent: actions/github-script
2026-05-26T14:52:07.7585957Z   result-encoding: json
2026-05-26T14:52:07.7586134Z   retries: 0
2026-05-26T14:52:07.7586324Z   retry-exempt-status-codes: 400,401,403,404,422
2026-05-26T14:52:07.7586551Z env:
2026-05-26T14:52:07.7586705Z   BUILDX_VERSION: v0.34.1
2026-05-26T14:52:07.7586898Z   BUILDKIT_IMAGE: moby/buildkit:v0.30.0
2026-05-26T14:52:07.7587132Z   SBOM_IMAGE: docker/buildkit-syft-scanner:1.11.0
2026-05-26T14:52:07.7587382Z   BINFMT_IMAGE: tonistiigi/binfmt:qemu-v10.2.1-65
2026-05-26T14:52:07.7587661Z   DOCKER_ACTIONS_TOOLKIT_MODULE: @docker/actions-toolkit@0.90.0
2026-05-26T14:52:07.7587927Z   COSIGN_VERSION: v3.0.6
2026-05-26T14:52:07.7588123Z   LOCAL_EXPORT_DIR: /tmp/buildx-output
2026-05-26T14:52:07.7588327Z   MATRIX_SIZE_LIMIT: 20
2026-05-26T14:52:07.7588503Z   BUILDX_SEND_GIT_QUERY_AS_INPUT: true
2026-05-26T14:52:07.7588709Z   NPM_CONFIG_FETCH_RETRIES: 5
2026-05-26T14:52:07.7588905Z   DOCKER_METADATA_OUTPUT_VERSION: master
2026-05-26T14:52:07.7589174Z   DOCKER_METADATA_OUTPUT_TAGS: docker/dockerfile-upstream:master
2026-05-26T14:52:07.7589445Z   DOCKER_METADATA_OUTPUT_TAG_NAMES: master
2026-05-26T14:52:07.7591136Z   DOCKER_METADATA_OUTPUT_LABELS: org.opencontainers.image.created=2026-05-26T14:51:49.817Z
org.opencontainers.image.description=concurrent, cache-efficient, and Dockerfile-agnostic builder toolkit
org.opencontainers.image.licenses=Apache-2.0
org.opencontainers.image.revision=efd9efcd052646f36bc5681952d72ef6cf00c50c
org.opencontainers.image.source=https://github.com/moby/buildkit
org.opencontainers.image.title=buildkit
org.opencontainers.image.url=https://github.com/moby/buildkit
org.opencontainers.image.version=master
2026-05-26T14:52:07.7594349Z   DOCKER_METADATA_OUTPUT_ANNOTATIONS: manifest:org.opencontainers.image.created=2026-05-26T14:51:49.817Z
manifest:org.opencontainers.image.description=concurrent, cache-efficient, and Dockerfile-agnostic builder toolkit
manifest:org.opencontainers.image.licenses=Apache-2.0
manifest:org.opencontainers.image.revision=efd9efcd052646f36bc5681952d72ef6cf00c50c
manifest:org.opencontainers.image.source=https://github.com/moby/buildkit
manifest:org.opencontainers.image.title=Dockerfile Frontend
manifest:org.opencontainers.image.url=https://github.com/moby/buildkit
manifest:org.opencontainers.image.vendor=Moby
manifest:org.opencontainers.image.version=master
2026-05-26T14:52:07.7599489Z   DOCKER_METADATA_OUTPUT_JSON: {"tags":["docker/dockerfile-upstream:master"],"tag-names":["master"],"labels":{"org.opencontainers.image.created":"2026-05-26T14:51:49.817Z","org.opencontainers.image.description":"concurrent, cache-efficient, and Dockerfile-agnostic builder toolkit","org.opencontainers.image.licenses":"Apache-2.0","org.opencontainers.image.revision":"efd9efcd052646f36bc5681952d72ef6cf00c50c","org.opencontainers.image.source":"https://github.com/moby/buildkit","org.opencontainers.image.title":"buildkit","org.opencontainers.image.url":"https://github.com/moby/buildkit","org.opencontainers.image.version":"master"},"annotations":["manifest:org.opencontainers.image.created=2026-05-26T14:51:49.817Z","manifest:org.opencontainers.image.description=concurrent, cache-efficient, and Dockerfile-agnostic builder toolkit","manifest:org.opencontainers.image.licenses=Apache-2.0","manifest:org.opencontainers.image.revision=efd9efcd052646f36bc5681952d72ef6cf00c50c","manifest:org.opencontainers.image.source=https://github.com/moby/buildkit","manifest:org.opencontainers.image.title=Dockerfile Frontend","manifest:org.opencontainers.image.url=https://github.com/moby/buildkit","manifest:org.opencontainers.image.vendor=Moby","manifest:org.opencontainers.image.version=master"]}
2026-05-26T14:52:07.7603210Z   DOCKER_METADATA_OUTPUT_BAKE_FILE_TAGS: /home/runner/work/_temp/docker-actions-toolkit-aad2mZ/docker-metadata-action-bake-tags.json
2026-05-26T14:52:07.7603887Z   DOCKER_METADATA_OUTPUT_BAKE_FILE_LABELS: /home/runner/work/_temp/docker-actions-toolkit-aad2mZ/docker-metadata-action-bake-labels.json
2026-05-26T14:52:07.7604604Z   DOCKER_METADATA_OUTPUT_BAKE_FILE_ANNOTATIONS: /home/runner/work/_temp/docker-actions-toolkit-aad2mZ/docker-metadata-action-bake-annotations.json
2026-05-26T14:52:07.7605277Z   DOCKER_METADATA_OUTPUT_BAKE_FILE: /home/runner/work/_temp/docker-actions-toolkit-aad2mZ/docker-metadata-action-bake.json
2026-05-26T14:52:07.7605750Z   ACTIONS_RUNNER_ACTION_ARCHIVE_CACHE: /opt/actionarchivecache
2026-05-26T14:52:07.7606374Z   ACTIONS_RUNTIME_URL: https://pipelinesghubeus2.actions.githubusercontent.com/VSeSJsGRiRCTiu0PRaYdcZnubUW6TSVddo0DTZpqG1wDqsIbXb/
2026-05-26T14:52:07.7694918Z   ACTIONS_RUNTIME_TOKEN: ***
2026-05-26T14:52:07.7707147Z   ACTIONS_CACHE_URL: https://acghubeus1.actions.githubusercontent.com/VSeSJsGRiRCTiu0PRaYdcZnubUW6TSVddo0DTZpqG1wDqsIbXb/
2026-05-26T14:52:07.7708124Z   ACTIONS_ID_TOKEN_REQUEST_URL: https://run-actions-3-azure-eastus.actions.githubusercontent.com/143//idtoken/75ea24ac-6102-4b81-8903-1036fb9e5205/ca0e3957-19fa-542d-a68b-f839d0a2ed0a?api-version=2.0
2026-05-26T14:52:07.7796849Z   ACTIONS_ID_TOKEN_REQUEST_TOKEN: ***
2026-05-26T14:52:07.7797195Z   ACTIONS_RESULTS_URL: https://results-receiver.actions.githubusercontent.com/
2026-05-26T14:52:07.7797526Z   ACTIONS_CACHE_SERVICE_V2: True
2026-05-26T14:52:07.7798253Z   ACTIONS_ORCHESTRATION_ID: 75ea24ac-6102-4b81-8903-1036fb9e5205.image.mainline_docker_dockerfil.build._4_linux_mips_ubuntu-24_0
2026-05-26T14:52:07.7798693Z   INPUT_COSIGN-VERSION: v3.0.6
2026-05-26T14:52:07.7798991Z   INPUT_BUILDER-NAME: builder-55e5b171-6c2a-4f10-beea-1303c6fb66df
2026-05-26T14:52:07.7801077Z   INPUT_GHA-CACHE-SIGN-SCRIPT: #!/bin/sh
set -e

# Create temporary files
tmp_dir=$(mktemp -d)
out_file="$tmp_dir/bundle"
in_file="$tmp_dir/blob"
signing_config="$tmp_dir/signing-config.json"
trap 'rm -rf "$tmp_dir"' EXIT
cat > "$in_file"

no_default_rekor=
if [ "" = "true" ]; then
  no_default_rekor="--no-default-rekor=true"
fi

set -x

# Create signing config
COSIGN_EXPERIMENTAL=1 cosign signing-config create \
  --with-default-services=true \
  ${no_default_rekor:+$no_default_rekor} \
  --out="$signing_config"

# Sign with cosign
cosign sign-blob \
  --yes \
  --oidc-provider github-actions \
  --new-bundle-format \
  --signing-config "$signing_config" \
  --bundle "$out_file" \
  "$in_file"

# Output bundle to stdout
cat "$out_file"

2026-05-26T14:52:07.7802883Z ##[endgroup]
2026-05-26T14:52:08.1984062Z Use 3.0.6 version spec cache key for v3.0.6
2026-05-26T14:52:08.1993109Z GitHub Actions cache disabled
2026-05-26T14:52:08.1994955Z Downloading https://github.com/sigstore/cosign/releases/download/v3.0.6/cosign-linux-amd64
2026-05-26T14:52:08.9745239Z Downloading keyless verification bundle at https://github.com/sigstore/cosign/releases/download/v3.0.6/cosign-linux-amd64.sigstore.json
2026-05-26T14:52:09.0605050Z Verifying keyless verification bundle signature
2026-05-26T14:52:09.0613943Z Fetching Sigstore TUF trusted root metadata
2026-05-26T14:52:09.2805050Z Verifying artifact signature
2026-05-26T14:52:09.4027941Z Cosign binary signature verified! https://search.sigstore.dev?logIndex=1244817125
2026-05-26T14:52:09.4029843Z Copying /home/runner/work/_temp/0b340f9c-c4ac-4bd1-8c67-dda7f55ccb89 to /home/runner/.bin/3.0.6/linux-x64/cosign
2026-05-26T14:52:11.3848547Z Cached to /home/runner/.bin/3.0.6/linux-x64/cosign
2026-05-26T14:52:12.4452968Z Fixing perms
2026-05-26T14:52:12.4456642Z Added Cosign to PATH
2026-05-26T14:52:12.4457143Z Binary path: /home/runner/work/_temp/docker-actions-toolkit-y34nY2/cosign-bin/cosign
2026-05-26T14:52:12.4479744Z [command]/home/runner/work/_temp/docker-actions-toolkit-y34nY2/cosign-bin/cosign version --json
2026-05-26T14:52:12.4672514Z {
2026-05-26T14:52:12.4672810Z   "gitVersion": "v3.0.6",
2026-05-26T14:52:12.4673230Z   "gitCommit": "f1ad3ee952313be5d74a49d67ba0aa8d0d5e351f",
2026-05-26T14:52:12.4673641Z   "gitTreeState": "clean",
2026-05-26T14:52:12.4673900Z   "buildDate": "2026-04-06T21:39:58Z",
2026-05-26T14:52:12.4674183Z   "goVersion": "go1.25.7",
2026-05-26T14:52:12.4674438Z   "compiler": "gc",
2026-05-26T14:52:12.4674627Z   "platform": "linux/amd64"
2026-05-26T14:52:12.4674814Z }
2026-05-26T14:52:12.4682045Z Writing GitHub Actions cache sign script to /tmp/ghacache-sign-script.sh
2026-05-26T14:52:12.4684179Z Copying GitHub Actions cache sign script to BuildKit container buildx_buildkit_builder-55e5b171-6c2a-4f10-beea-1303c6fb66df0
2026-05-26T14:52:12.4703983Z [command]/usr/bin/docker cp /tmp/ghacache-sign-script.sh buildx_buildkit_builder-55e5b171-6c2a-4f10-beea-1303c6fb66df0:/usr/bin/ghacache-sign-script.sh
2026-05-26T14:52:12.5515005Z Copying cosign binary to BuildKit container buildx_buildkit_builder-55e5b171-6c2a-4f10-beea-1303c6fb66df0
2026-05-26T14:52:12.5525493Z [command]/usr/bin/docker cp /home/runner/work/_temp/docker-actions-toolkit-y34nY2/cosign-bin/cosign buildx_buildkit_builder-55e5b171-6c2a-4f10-beea-1303c6fb66df0:/usr/bin/cosign
2026-05-26T14:52:12.6787895Z ##[group]Run actions/github-script@3a2844b7e9c422d3c10d287c895573f7108da1b3
2026-05-26T14:52:12.6788220Z with:
2026-05-26T14:52:12.6800753Z   script: const os = require('os');
const { Build } = require('@docker/actions-toolkit/lib/buildx/build');
const { GitHub } = require('@docker/actions-toolkit/lib/github/github');
const { Util } = require('@docker/actions-toolkit/lib/util');

const inpPlatform = core.getInput('platform');
const platformPairSuffix = inpPlatform ? `-${inpPlatform.replace(/\//g, '-')}` : '';
core.setOutput('platform-pair-suffix', platformPairSuffix);

const inpSbomImage = core.getInput('sbom-image');
const inpLocalExportDir = core.getInput('local-export-dir');

const inpCache = core.getBooleanInput('cache');
const inpCacheScope = core.getInput('cache-scope');
const inpCacheMode = core.getInput('cache-mode');
const inpContext = core.getInput('context');
const inpFiles = Util.getInputList('files');
const inpOutput = core.getInput('output');
const inpPush = core.getBooleanInput('push');
const inpSbom = core.getBooleanInput('sbom');
const inpSet = Util.getInputList('set', {ignoreComma: true, quote: false});
const inpTarget = core.getInput('target');
const inpVars = Util.getInputList('vars');
const inpMetaImages = core.getMultilineInput('meta-images');
const inpMetaVersion = core.getInput('meta-version');
const inpMetaTags = core.getMultilineInput('meta-tags');
const inpSetMetaAnnotations = core.getBooleanInput('set-meta-annotations');
const inpSetMetaLabels = core.getBooleanInput('set-meta-labels');
const inpBakeFileTags = core.getInput('bake-file-tags');
const inpBakeFileAnnotations = core.getInput('bake-file-annotations');
const inpBakeFileLabels = core.getInput('bake-file-labels');
const inpGitHubToken = core.getInput('github-token');

const meta = {
  version: inpMetaVersion,
  tags: inpMetaTags
};
const renderTemplate = value => Util.compileHandlebars(value, {noEscape: true}, {meta});

const gitContextAttrs = GitHub.context.ref.startsWith('refs/tags/') ? {} : {'fetch-by-commit': 'true'};
const bakeSource = await new Build().gitContext({subdir: inpContext, attrs: gitContextAttrs});
await core.group(`Set source output`, async () => {
  core.info(bakeSource);
  core.setOutput('source', bakeSource);
});

await core.group(`Set target output`, async () => {
  core.info(inpTarget);
  core.setOutput('target', inpTarget);
});

const sbom = inpSbom ? `generator=${inpSbomImage}` : 'false';
await core.group(`Set sbom`, async () => {
  core.info(sbom);
  core.setOutput('sbom', sbom);
});

const envs = Object.assign({},
  inpVars ? inpVars.reduce((acc, curr) => {
    const idx = curr.indexOf('=');
    if (idx !== -1) {
      acc[curr.substring(0, idx)] = curr.substring(idx + 1);
    }
    return acc;
  }, {}) : {},
  {
    BUILDKIT_MULTI_PLATFORM: '1',
    BUILDX_BAKE_GIT_AUTH_TOKEN: inpGitHubToken
  }
);
await core.group(`Set envs`, async () => {
  core.info(JSON.stringify(envs, null, 2));
  core.setOutput('envs', JSON.stringify(envs));
});

let bakeFiles = inpFiles;
await core.group(`Set bake files`, async () => {
  if (bakeFiles.length === 0) {
    bakeFiles = ['docker-bake.hcl'];
  }
  if (inpBakeFileTags) {
    bakeFiles.push(`cwd://${inpBakeFileTags}`);
  }
  if (inpSetMetaAnnotations && inpBakeFileAnnotations) {
    bakeFiles.push(`cwd://${inpBakeFileAnnotations}`);
  }
  if (inpSetMetaLabels && inpBakeFileLabels) {
    bakeFiles.push(`cwd://${inpBakeFileLabels}`);
  }
  core.info(JSON.stringify(bakeFiles, null, 2));
  core.setOutput('files', bakeFiles.join(os.EOL));
});

let outputOverride = '';
switch (inpOutput) {
  case 'image':
    if (inpMetaImages.length == 0) {
      core.setFailed('meta-images is required when output is image');
      return;
    }
    outputOverride = `*.output=type=image,"name=${inpMetaImages.join(',')}",oci-artifact=true,push-by-digest=true,name-canonical=true,push=${inpPush}`;
    break;
  case 'local':
    outputOverride = `*.output=type=local,platform-split=true,dest=${inpLocalExportDir}`;
    break;
  default:
    core.setFailed(`Invalid output: ${inpOutput}`);
    return;
}

let bakeOverrides = [];
try {
  bakeOverrides = inpSet.map(override => renderTemplate(override));
} catch (err) {
  core.setFailed(`Failed to render Handlebars template: ${err.message}`);
  return;
}
await core.group(`Set bake overrides`, async () => {
  bakeOverrides.push(outputOverride);
  bakeOverrides.push('*.tags=');
  if (GitHub.context.payload.repository?.private ?? false) {
    // if this is a private repository, we set min provenance mode
    bakeOverrides.push(`*.attest=type=provenance,${Build.resolveProvenanceAttrs('mode=min,version=v1')}`);
  } else {
    // for a public repository, we set max provenance mode
    bakeOverrides.push(`*.attest=type=provenance,${Build.resolveProvenanceAttrs('mode=max,version=v1')}`);
  }
  if (inpPlatform) {
    bakeOverrides.push(`*.platform=${inpPlatform}`);
  }
  if (inpCache) {
    bakeOverrides.push(`*.cache-from=type=gha,scope=${inpCacheScope || inpTarget}${platformPairSuffix}`);
    bakeOverrides.push(`*.cache-to=type=gha,ignore-error=true,scope=${inpCacheScope || inpTarget}${platformPairSuffix},mode=${inpCacheMode}`);
  }
  core.info(JSON.stringify(bakeOverrides, null, 2));
  core.setOutput('overrides', bakeOverrides.join(os.EOL));
});

2026-05-26T14:52:12.6813621Z   github-token: ***
2026-05-26T14:52:12.6813795Z   debug: false
2026-05-26T14:52:12.6813974Z   user-agent: actions/github-script
2026-05-26T14:52:12.6814194Z   result-encoding: json
2026-05-26T14:52:12.6814367Z   retries: 0
2026-05-26T14:52:12.6814551Z   retry-exempt-status-codes: 400,401,403,404,422
2026-05-26T14:52:12.6814776Z env:
2026-05-26T14:52:12.6814925Z   BUILDX_VERSION: v0.34.1
2026-05-26T14:52:12.6815124Z   BUILDKIT_IMAGE: moby/buildkit:v0.30.0
2026-05-26T14:52:12.6815367Z   SBOM_IMAGE: docker/buildkit-syft-scanner:1.11.0
2026-05-26T14:52:12.6815618Z   BINFMT_IMAGE: tonistiigi/binfmt:qemu-v10.2.1-65
2026-05-26T14:52:12.6816053Z   DOCKER_ACTIONS_TOOLKIT_MODULE: @docker/actions-toolkit@0.90.0
2026-05-26T14:52:12.6816316Z   COSIGN_VERSION: v3.0.6
2026-05-26T14:52:12.6816527Z   LOCAL_EXPORT_DIR: /tmp/buildx-output
2026-05-26T14:52:12.6816737Z   MATRIX_SIZE_LIMIT: 20
2026-05-26T14:52:12.6816918Z   BUILDX_SEND_GIT_QUERY_AS_INPUT: true
2026-05-26T14:52:12.6817113Z   NPM_CONFIG_FETCH_RETRIES: 5
2026-05-26T14:52:12.6817330Z   DOCKER_METADATA_OUTPUT_VERSION: master
2026-05-26T14:52:12.6817600Z   DOCKER_METADATA_OUTPUT_TAGS: docker/dockerfile-upstream:master
2026-05-26T14:52:12.6817884Z   DOCKER_METADATA_OUTPUT_TAG_NAMES: master
2026-05-26T14:52:12.6819400Z   DOCKER_METADATA_OUTPUT_LABELS: org.opencontainers.image.created=2026-05-26T14:51:49.817Z
org.opencontainers.image.description=concurrent, cache-efficient, and Dockerfile-agnostic builder toolkit
org.opencontainers.image.licenses=Apache-2.0
org.opencontainers.image.revision=efd9efcd052646f36bc5681952d72ef6cf00c50c
org.opencontainers.image.source=https://github.com/moby/buildkit
org.opencontainers.image.title=buildkit
org.opencontainers.image.url=https://github.com/moby/buildkit
org.opencontainers.image.version=master
2026-05-26T14:52:12.6822496Z   DOCKER_METADATA_OUTPUT_ANNOTATIONS: manifest:org.opencontainers.image.created=2026-05-26T14:51:49.817Z
manifest:org.opencontainers.image.description=concurrent, cache-efficient, and Dockerfile-agnostic builder toolkit
manifest:org.opencontainers.image.licenses=Apache-2.0
manifest:org.opencontainers.image.revision=efd9efcd052646f36bc5681952d72ef6cf00c50c
manifest:org.opencontainers.image.source=https://github.com/moby/buildkit
manifest:org.opencontainers.image.title=Dockerfile Frontend
manifest:org.opencontainers.image.url=https://github.com/moby/buildkit
manifest:org.opencontainers.image.vendor=Moby
manifest:org.opencontainers.image.version=master
2026-05-26T14:52:12.6827877Z   DOCKER_METADATA_OUTPUT_JSON: {"tags":["docker/dockerfile-upstream:master"],"tag-names":["master"],"labels":{"org.opencontainers.image.created":"2026-05-26T14:51:49.817Z","org.opencontainers.image.description":"concurrent, cache-efficient, and Dockerfile-agnostic builder toolkit","org.opencontainers.image.licenses":"Apache-2.0","org.opencontainers.image.revision":"efd9efcd052646f36bc5681952d72ef6cf00c50c","org.opencontainers.image.source":"https://github.com/moby/buildkit","org.opencontainers.image.title":"buildkit","org.opencontainers.image.url":"https://github.com/moby/buildkit","org.opencontainers.image.version":"master"},"annotations":["manifest:org.opencontainers.image.created=2026-05-26T14:51:49.817Z","manifest:org.opencontainers.image.description=concurrent, cache-efficient, and Dockerfile-agnostic builder toolkit","manifest:org.opencontainers.image.licenses=Apache-2.0","manifest:org.opencontainers.image.revision=efd9efcd052646f36bc5681952d72ef6cf00c50c","manifest:org.opencontainers.image.source=https://github.com/moby/buildkit","manifest:org.opencontainers.image.title=Dockerfile Frontend","manifest:org.opencontainers.image.url=https://github.com/moby/buildkit","manifest:org.opencontainers.image.vendor=Moby","manifest:org.opencontainers.image.version=master"]}
2026-05-26T14:52:12.6831733Z   DOCKER_METADATA_OUTPUT_BAKE_FILE_TAGS: /home/runner/work/_temp/docker-actions-toolkit-aad2mZ/docker-metadata-action-bake-tags.json
2026-05-26T14:52:12.6832417Z   DOCKER_METADATA_OUTPUT_BAKE_FILE_LABELS: /home/runner/work/_temp/docker-actions-toolkit-aad2mZ/docker-metadata-action-bake-labels.json
2026-05-26T14:52:12.6833130Z   DOCKER_METADATA_OUTPUT_BAKE_FILE_ANNOTATIONS: /home/runner/work/_temp/docker-actions-toolkit-aad2mZ/docker-metadata-action-bake-annotations.json
2026-05-26T14:52:12.6833806Z   DOCKER_METADATA_OUTPUT_BAKE_FILE: /home/runner/work/_temp/docker-actions-toolkit-aad2mZ/docker-metadata-action-bake.json
2026-05-26T14:52:12.6834275Z   ACTIONS_RUNNER_ACTION_ARCHIVE_CACHE: /opt/actionarchivecache
2026-05-26T14:52:12.6834812Z   ACTIONS_RUNTIME_URL: https://pipelinesghubeus2.actions.githubusercontent.com/VSeSJsGRiRCTiu0PRaYdcZnubUW6TSVddo0DTZpqG1wDqsIbXb/
2026-05-26T14:52:12.6924319Z   ACTIONS_RUNTIME_TOKEN: ***
2026-05-26T14:52:12.6924837Z   ACTIONS_CACHE_URL: https://acghubeus1.actions.githubusercontent.com/VSeSJsGRiRCTiu0PRaYdcZnubUW6TSVddo0DTZpqG1wDqsIbXb/
2026-05-26T14:52:12.6925719Z   ACTIONS_ID_TOKEN_REQUEST_URL: https://run-actions-3-azure-eastus.actions.githubusercontent.com/143//idtoken/75ea24ac-6102-4b81-8903-1036fb9e5205/ca0e3957-19fa-542d-a68b-f839d0a2ed0a?api-version=2.0
2026-05-26T14:52:12.7014322Z   ACTIONS_ID_TOKEN_REQUEST_TOKEN: ***
2026-05-26T14:52:12.7014666Z   ACTIONS_RESULTS_URL: https://results-receiver.actions.githubusercontent.com/
2026-05-26T14:52:12.7015005Z   ACTIONS_CACHE_SERVICE_V2: True
2026-05-26T14:52:12.7015433Z   ACTIONS_ORCHESTRATION_ID: 75ea24ac-6102-4b81-8903-1036fb9e5205.image.mainline_docker_dockerfil.build._4_linux_mips_ubuntu-24_0
2026-05-26T14:52:12.7015953Z   INPUT_PLATFORM: linux/mips
2026-05-26T14:52:12.7016192Z   INPUT_SBOM-IMAGE: docker/buildkit-syft-scanner:1.11.0
2026-05-26T14:52:12.7016466Z   INPUT_LOCAL-EXPORT-DIR: /tmp/buildx-output
2026-05-26T14:52:12.7016686Z   INPUT_CACHE: true
2026-05-26T14:52:12.7016873Z   INPUT_CACHE-SCOPE: frontend-mainline
2026-05-26T14:52:12.7017101Z   INPUT_CACHE-MODE: min
2026-05-26T14:52:12.7017278Z   INPUT_CONTEXT: .
2026-05-26T14:52:12.7017437Z   INPUT_FILES: 
2026-05-26T14:52:12.7017591Z   INPUT_OUTPUT: image
2026-05-26T14:52:12.7017761Z   INPUT_PUSH: true
2026-05-26T14:52:12.7017917Z   INPUT_SBOM: true
2026-05-26T14:52:12.7018064Z   INPUT_SET: 
2026-05-26T14:52:12.7018232Z   INPUT_TARGET: frontend-image-cross
2026-05-26T14:52:12.7018456Z   INPUT_VARS: FRONTEND_CHANNEL=mainline

2026-05-26T14:52:12.7018688Z   INPUT_META-IMAGES: docker/dockerfile-upstream
2026-05-26T14:52:12.7018915Z   INPUT_META-VERSION: master
2026-05-26T14:52:12.7019130Z   INPUT_META-TAGS: docker/dockerfile-upstream:master
2026-05-26T14:52:12.7019380Z   INPUT_SET-META-ANNOTATIONS: true
2026-05-26T14:52:12.7019591Z   INPUT_SET-META-LABELS: false
2026-05-26T14:52:12.7019991Z   INPUT_BAKE-FILE-TAGS: /home/runner/work/_temp/docker-actions-toolkit-aad2mZ/docker-metadata-action-bake-tags.json
2026-05-26T14:52:12.7020981Z   INPUT_BAKE-FILE-ANNOTATIONS: /home/runner/work/_temp/docker-actions-toolkit-aad2mZ/docker-metadata-action-bake-annotations.json
2026-05-26T14:52:12.7021632Z   INPUT_BAKE-FILE-LABELS: /home/runner/work/_temp/docker-actions-toolkit-aad2mZ/docker-metadata-action-bake-labels.json
2026-05-26T14:52:12.7022146Z   INPUT_GITHUB-TOKEN: ***
2026-05-26T14:52:12.7022332Z ##[endgroup]
2026-05-26T14:52:13.0132636Z ##[group]Set source output
2026-05-26T14:52:13.0133815Z https://github.com/moby/buildkit.git?ref=refs/heads/master&checksum=efd9efcd052646f36bc5681952d72ef6cf00c50c&fetch-by-commit=true
2026-05-26T14:52:13.0135048Z ##[endgroup]
2026-05-26T14:52:13.0135553Z ##[group]Set target output
2026-05-26T14:52:13.0136069Z frontend-image-cross
2026-05-26T14:52:13.0136885Z ##[endgroup]
2026-05-26T14:52:13.0137297Z ##[group]Set sbom
2026-05-26T14:52:13.0137575Z generator=docker/buildkit-syft-scanner:1.11.0
2026-05-26T14:52:13.0138080Z ##[endgroup]
2026-05-26T14:52:13.0139439Z ##[group]Set envs
2026-05-26T14:52:13.0139708Z {
2026-05-26T14:52:13.0139948Z   "FRONTEND_CHANNEL": "mainline",
2026-05-26T14:52:13.0140231Z   "BUILDKIT_MULTI_PLATFORM": "1",
2026-05-26T14:52:13.0140917Z   "BUILDX_BAKE_GIT_AUTH_TOKEN": "***"
2026-05-26T14:52:13.0141221Z }
2026-05-26T14:52:13.0141609Z ##[endgroup]
2026-05-26T14:52:13.0141987Z ##[group]Set bake files
2026-05-26T14:52:13.0142244Z [
2026-05-26T14:52:13.0142444Z   "docker-bake.hcl",
2026-05-26T14:52:13.0142805Z   "cwd:///home/runner/work/_temp/docker-actions-toolkit-aad2mZ/docker-metadata-action-bake-tags.json",
2026-05-26T14:52:13.0143428Z   "cwd:///home/runner/work/_temp/docker-actions-toolkit-aad2mZ/docker-metadata-action-bake-annotations.json"
2026-05-26T14:52:13.0143808Z ]
2026-05-26T14:52:13.0144082Z ##[endgroup]
2026-05-26T14:52:13.0144360Z ##[group]Set bake overrides
2026-05-26T14:52:13.0148472Z [
2026-05-26T14:52:13.0149117Z   "*.output=type=image,\"name=docker/dockerfile-upstream\",oci-artifact=true,push-by-digest=true,name-canonical=true,push=true",
2026-05-26T14:52:13.0149803Z   "*.tags=",
2026-05-26T14:52:13.0150211Z   "*.attest=type=provenance,mode=max,version=v1,builder-id=https://github.com/moby/buildkit/actions/runs/26454808703/attempts/1",
2026-05-26T14:52:13.0150662Z   "*.platform=linux/mips",
2026-05-26T14:52:13.0150922Z   "*.cache-from=type=gha,scope=frontend-mainline-linux-mips",
2026-05-26T14:52:13.0151284Z   "*.cache-to=type=gha,ignore-error=true,scope=frontend-mainline-linux-mips,mode=min"
2026-05-26T14:52:13.0151747Z ]
2026-05-26T14:52:13.0152137Z ##[endgroup]
2026-05-26T14:52:13.0385018Z ##[group]Run docker/login-action@4907a6ddec9925e35a0a9e82d7399ccc52663121
2026-05-26T14:52:13.0385323Z with:
2026-05-26T14:52:13.0385936Z   registry-auth: ***

2026-05-26T14:52:13.0386188Z   logout: true
2026-05-26T14:52:13.0386396Z env:
2026-05-26T14:52:13.0386605Z   BUILDX_VERSION: v0.34.1
2026-05-26T14:52:13.0386877Z   BUILDKIT_IMAGE: moby/buildkit:v0.30.0
2026-05-26T14:52:13.0387217Z   SBOM_IMAGE: docker/buildkit-syft-scanner:1.11.0
2026-05-26T14:52:13.0387482Z   BINFMT_IMAGE: tonistiigi/binfmt:qemu-v10.2.1-65
2026-05-26T14:52:13.0387762Z   DOCKER_ACTIONS_TOOLKIT_MODULE: @docker/actions-toolkit@0.90.0
2026-05-26T14:52:13.0388025Z   COSIGN_VERSION: v3.0.6
2026-05-26T14:52:13.0388225Z   LOCAL_EXPORT_DIR: /tmp/buildx-output
2026-05-26T14:52:13.0388437Z   MATRIX_SIZE_LIMIT: 20
2026-05-26T14:52:13.0388621Z   BUILDX_SEND_GIT_QUERY_AS_INPUT: true
2026-05-26T14:52:13.0388820Z   NPM_CONFIG_FETCH_RETRIES: 5
2026-05-26T14:52:13.0389052Z   DOCKER_METADATA_OUTPUT_VERSION: master
2026-05-26T14:52:13.0389365Z   DOCKER_METADATA_OUTPUT_TAGS: docker/dockerfile-upstream:master
2026-05-26T14:52:13.0389642Z   DOCKER_METADATA_OUTPUT_TAG_NAMES: master
2026-05-26T14:52:13.0391202Z   DOCKER_METADATA_OUTPUT_LABELS: org.opencontainers.image.created=2026-05-26T14:51:49.817Z
org.opencontainers.image.description=concurrent, cache-efficient, and Dockerfile-agnostic builder toolkit
org.opencontainers.image.licenses=Apache-2.0
org.opencontainers.image.revision=efd9efcd052646f36bc5681952d72ef6cf00c50c
org.opencontainers.image.source=https://github.com/moby/buildkit
org.opencontainers.image.title=buildkit
org.opencontainers.image.url=https://github.com/moby/buildkit
org.opencontainers.image.version=master
2026-05-26T14:52:13.0394300Z   DOCKER_METADATA_OUTPUT_ANNOTATIONS: manifest:org.opencontainers.image.created=2026-05-26T14:51:49.817Z
manifest:org.opencontainers.image.description=concurrent, cache-efficient, and Dockerfile-agnostic builder toolkit
manifest:org.opencontainers.image.licenses=Apache-2.0
manifest:org.opencontainers.image.revision=efd9efcd052646f36bc5681952d72ef6cf00c50c
manifest:org.opencontainers.image.source=https://github.com/moby/buildkit
manifest:org.opencontainers.image.title=Dockerfile Frontend
manifest:org.opencontainers.image.url=https://github.com/moby/buildkit
manifest:org.opencontainers.image.vendor=Moby
manifest:org.opencontainers.image.version=master
2026-05-26T14:52:13.0399784Z   DOCKER_METADATA_OUTPUT_JSON: {"tags":["docker/dockerfile-upstream:master"],"tag-names":["master"],"labels":{"org.opencontainers.image.created":"2026-05-26T14:51:49.817Z","org.opencontainers.image.description":"concurrent, cache-efficient, and Dockerfile-agnostic builder toolkit","org.opencontainers.image.licenses":"Apache-2.0","org.opencontainers.image.revision":"efd9efcd052646f36bc5681952d72ef6cf00c50c","org.opencontainers.image.source":"https://github.com/moby/buildkit","org.opencontainers.image.title":"buildkit","org.opencontainers.image.url":"https://github.com/moby/buildkit","org.opencontainers.image.version":"master"},"annotations":["manifest:org.opencontainers.image.created=2026-05-26T14:51:49.817Z","manifest:org.opencontainers.image.description=concurrent, cache-efficient, and Dockerfile-agnostic builder toolkit","manifest:org.opencontainers.image.licenses=Apache-2.0","manifest:org.opencontainers.image.revision=efd9efcd052646f36bc5681952d72ef6cf00c50c","manifest:org.opencontainers.image.source=https://github.com/moby/buildkit","manifest:org.opencontainers.image.title=Dockerfile Frontend","manifest:org.opencontainers.image.url=https://github.com/moby/buildkit","manifest:org.opencontainers.image.vendor=Moby","manifest:org.opencontainers.image.version=master"]}
2026-05-26T14:52:13.0403599Z   DOCKER_METADATA_OUTPUT_BAKE_FILE_TAGS: /home/runner/work/_temp/docker-actions-toolkit-aad2mZ/docker-metadata-action-bake-tags.json
2026-05-26T14:52:13.0404277Z   DOCKER_METADATA_OUTPUT_BAKE_FILE_LABELS: /home/runner/work/_temp/docker-actions-toolkit-aad2mZ/docker-metadata-action-bake-labels.json
2026-05-26T14:52:13.0405207Z   DOCKER_METADATA_OUTPUT_BAKE_FILE_ANNOTATIONS: /home/runner/work/_temp/docker-actions-toolkit-aad2mZ/docker-metadata-action-bake-annotations.json
2026-05-26T14:52:13.0406066Z   DOCKER_METADATA_OUTPUT_BAKE_FILE: /home/runner/work/_temp/docker-actions-toolkit-aad2mZ/docker-metadata-action-bake.json
2026-05-26T14:52:13.0406537Z   ACTIONS_RUNNER_ACTION_ARCHIVE_CACHE: /opt/actionarchivecache
2026-05-26T14:52:13.0407079Z   ACTIONS_RUNTIME_URL: https://pipelinesghubeus2.actions.githubusercontent.com/VSeSJsGRiRCTiu0PRaYdcZnubUW6TSVddo0DTZpqG1wDqsIbXb/
2026-05-26T14:52:13.0495730Z   ACTIONS_RUNTIME_TOKEN: ***
2026-05-26T14:52:13.0496324Z   ACTIONS_CACHE_URL: https://acghubeus1.actions.githubusercontent.com/VSeSJsGRiRCTiu0PRaYdcZnubUW6TSVddo0DTZpqG1wDqsIbXb/
2026-05-26T14:52:13.0497201Z   ACTIONS_ID_TOKEN_REQUEST_URL: https://run-actions-3-azure-eastus.actions.githubusercontent.com/143//idtoken/75ea24ac-6102-4b81-8903-1036fb9e5205/ca0e3957-19fa-542d-a68b-f839d0a2ed0a?api-version=2.0
2026-05-26T14:52:13.0585921Z   ACTIONS_ID_TOKEN_REQUEST_TOKEN: ***
2026-05-26T14:52:13.0586274Z   ACTIONS_RESULTS_URL: https://results-receiver.actions.githubusercontent.com/
2026-05-26T14:52:13.0586597Z   ACTIONS_CACHE_SERVICE_V2: True
2026-05-26T14:52:13.0587026Z   ACTIONS_ORCHESTRATION_ID: 75ea24ac-6102-4b81-8903-1036fb9e5205.image.mainline_docker_dockerfil.build._4_linux_mips_ubuntu-24_0
2026-05-26T14:52:13.0587456Z ##[endgroup]
2026-05-26T14:52:13.2075130Z Logging into docker.io...
2026-05-26T14:52:13.4052544Z Login Succeeded!
2026-05-26T14:52:13.4186317Z ##[group]Run docker/bake-action@a66e1c87e2eca0503c343edf1d208c716d54b8a8
2026-05-26T14:52:13.4186649Z with:
2026-05-26T14:52:13.4187091Z   source: https://github.com/moby/buildkit.git?ref=refs/heads/master&checksum=efd9efcd052646f36bc5681952d72ef6cf00c50c&fetch-by-commit=true
2026-05-26T14:52:13.4188089Z   files: docker-bake.hcl
cwd:///home/runner/work/_temp/docker-actions-toolkit-aad2mZ/docker-metadata-action-bake-tags.json
cwd:///home/runner/work/_temp/docker-actions-toolkit-aad2mZ/docker-metadata-action-bake-annotations.json
2026-05-26T14:52:13.4188958Z   targets: frontend-image-cross
2026-05-26T14:52:13.4189208Z   sbom: generator=docker/buildkit-syft-scanner:1.11.0
2026-05-26T14:52:13.4190481Z   set: *.output=type=image,"name=docker/dockerfile-upstream",oci-artifact=true,push-by-digest=true,name-canonical=true,push=true
*.tags=
*.attest=type=provenance,mode=max,version=v1,builder-id=https://github.com/moby/buildkit/actions/runs/26454808703/attempts/1
*.platform=linux/mips
*.cache-from=type=gha,scope=frontend-mainline-linux-mips
*.cache-to=type=gha,ignore-error=true,scope=frontend-mainline-linux-mips,mode=min
2026-05-26T14:52:13.4191630Z   no-cache: false
2026-05-26T14:52:13.4191794Z   pull: false
2026-05-26T14:52:13.4191944Z   load: false
2026-05-26T14:52:13.4192086Z   push: false
2026-05-26T14:52:13.4192368Z   github-token: ***
2026-05-26T14:52:13.4192538Z env:
2026-05-26T14:52:13.4192687Z   BUILDX_VERSION: v0.34.1
2026-05-26T14:52:13.4192892Z   BUILDKIT_IMAGE: moby/buildkit:v0.30.0
2026-05-26T14:52:13.4193136Z   SBOM_IMAGE: docker/buildkit-syft-scanner:1.11.0
2026-05-26T14:52:13.4193391Z   BINFMT_IMAGE: tonistiigi/binfmt:qemu-v10.2.1-65
2026-05-26T14:52:13.4193671Z   DOCKER_ACTIONS_TOOLKIT_MODULE: @docker/actions-toolkit@0.90.0
2026-05-26T14:52:13.4193932Z   COSIGN_VERSION: v3.0.6
2026-05-26T14:52:13.4194131Z   LOCAL_EXPORT_DIR: /tmp/buildx-output
2026-05-26T14:52:13.4194334Z   MATRIX_SIZE_LIMIT: 20
2026-05-26T14:52:13.4194515Z   BUILDX_SEND_GIT_QUERY_AS_INPUT: true
2026-05-26T14:52:13.4194724Z   NPM_CONFIG_FETCH_RETRIES: 5
2026-05-26T14:52:13.4194929Z   DOCKER_METADATA_OUTPUT_VERSION: master
2026-05-26T14:52:13.4195200Z   DOCKER_METADATA_OUTPUT_TAGS: docker/dockerfile-upstream:master
2026-05-26T14:52:13.4195496Z   DOCKER_METADATA_OUTPUT_TAG_NAMES: master
2026-05-26T14:52:13.4197252Z   DOCKER_METADATA_OUTPUT_LABELS: org.opencontainers.image.created=2026-05-26T14:51:49.817Z
org.opencontainers.image.description=concurrent, cache-efficient, and Dockerfile-agnostic builder toolkit
org.opencontainers.image.licenses=Apache-2.0
org.opencontainers.image.revision=efd9efcd052646f36bc5681952d72ef6cf00c50c
org.opencontainers.image.source=https://github.com/moby/buildkit
org.opencontainers.image.title=buildkit
org.opencontainers.image.url=https://github.com/moby/buildkit
org.opencontainers.image.version=master
2026-05-26T14:52:13.4200362Z   DOCKER_METADATA_OUTPUT_ANNOTATIONS: manifest:org.opencontainers.image.created=2026-05-26T14:51:49.817Z
manifest:org.opencontainers.image.description=concurrent, cache-efficient, and Dockerfile-agnostic builder toolkit
manifest:org.opencontainers.image.licenses=Apache-2.0
manifest:org.opencontainers.image.revision=efd9efcd052646f36bc5681952d72ef6cf00c50c
manifest:org.opencontainers.image.source=https://github.com/moby/buildkit
manifest:org.opencontainers.image.title=Dockerfile Frontend
manifest:org.opencontainers.image.url=https://github.com/moby/buildkit
manifest:org.opencontainers.image.vendor=Moby
manifest:org.opencontainers.image.version=master
2026-05-26T14:52:13.4205499Z   DOCKER_METADATA_OUTPUT_JSON: {"tags":["docker/dockerfile-upstream:master"],"tag-names":["master"],"labels":{"org.opencontainers.image.created":"2026-05-26T14:51:49.817Z","org.opencontainers.image.description":"concurrent, cache-efficient, and Dockerfile-agnostic builder toolkit","org.opencontainers.image.licenses":"Apache-2.0","org.opencontainers.image.revision":"efd9efcd052646f36bc5681952d72ef6cf00c50c","org.opencontainers.image.source":"https://github.com/moby/buildkit","org.opencontainers.image.title":"buildkit","org.opencontainers.image.url":"https://github.com/moby/buildkit","org.opencontainers.image.version":"master"},"annotations":["manifest:org.opencontainers.image.created=2026-05-26T14:51:49.817Z","manifest:org.opencontainers.image.description=concurrent, cache-efficient, and Dockerfile-agnostic builder toolkit","manifest:org.opencontainers.image.licenses=Apache-2.0","manifest:org.opencontainers.image.revision=efd9efcd052646f36bc5681952d72ef6cf00c50c","manifest:org.opencontainers.image.source=https://github.com/moby/buildkit","manifest:org.opencontainers.image.title=Dockerfile Frontend","manifest:org.opencontainers.image.url=https://github.com/moby/buildkit","manifest:org.opencontainers.image.vendor=Moby","manifest:org.opencontainers.image.version=master"]}
2026-05-26T14:52:13.4209559Z   DOCKER_METADATA_OUTPUT_BAKE_FILE_TAGS: /home/runner/work/_temp/docker-actions-toolkit-aad2mZ/docker-metadata-action-bake-tags.json
2026-05-26T14:52:13.4210255Z   DOCKER_METADATA_OUTPUT_BAKE_FILE_LABELS: /home/runner/work/_temp/docker-actions-toolkit-aad2mZ/docker-metadata-action-bake-labels.json
2026-05-26T14:52:13.4210970Z   DOCKER_METADATA_OUTPUT_BAKE_FILE_ANNOTATIONS: /home/runner/work/_temp/docker-actions-toolkit-aad2mZ/docker-metadata-action-bake-annotations.json
2026-05-26T14:52:13.4211646Z   DOCKER_METADATA_OUTPUT_BAKE_FILE: /home/runner/work/_temp/docker-actions-toolkit-aad2mZ/docker-metadata-action-bake.json
2026-05-26T14:52:13.4212120Z   ACTIONS_RUNNER_ACTION_ARCHIVE_CACHE: /opt/actionarchivecache
2026-05-26T14:52:13.4212672Z   ACTIONS_RUNTIME_URL: https://pipelinesghubeus2.actions.githubusercontent.com/VSeSJsGRiRCTiu0PRaYdcZnubUW6TSVddo0DTZpqG1wDqsIbXb/
2026-05-26T14:52:13.4301710Z   ACTIONS_RUNTIME_TOKEN: ***
2026-05-26T14:52:13.4302188Z   ACTIONS_CACHE_URL: https://acghubeus1.actions.githubusercontent.com/VSeSJsGRiRCTiu0PRaYdcZnubUW6TSVddo0DTZpqG1wDqsIbXb/
2026-05-26T14:52:13.4303074Z   ACTIONS_ID_TOKEN_REQUEST_URL: https://run-actions-3-azure-eastus.actions.githubusercontent.com/143//idtoken/75ea24ac-6102-4b81-8903-1036fb9e5205/ca0e3957-19fa-542d-a68b-f839d0a2ed0a?api-version=2.0
2026-05-26T14:52:13.4391301Z   ACTIONS_ID_TOKEN_REQUEST_TOKEN: ***
2026-05-26T14:52:13.4391635Z   ACTIONS_RESULTS_URL: https://results-receiver.actions.githubusercontent.com/
2026-05-26T14:52:13.4391960Z   ACTIONS_CACHE_SERVICE_V2: True
2026-05-26T14:52:13.4392388Z   ACTIONS_ORCHESTRATION_ID: 75ea24ac-6102-4b81-8903-1036fb9e5205.image.mainline_docker_dockerfil.build._4_linux_mips_ubuntu-24_0
2026-05-26T14:52:13.4392836Z   FRONTEND_CHANNEL: mainline
2026-05-26T14:52:13.4393029Z   BUILDKIT_MULTI_PLATFORM: 1
2026-05-26T14:52:13.4393309Z   BUILDX_BAKE_GIT_AUTH_TOKEN: ***
2026-05-26T14:52:13.4393503Z ##[endgroup]
2026-05-26T14:52:13.7039532Z ##[group]GitHub Actions runtime token ACs
2026-05-26T14:52:13.7048809Z refs/heads/master: read/write
2026-05-26T14:52:13.7049871Z ##[endgroup]
2026-05-26T14:52:13.7050362Z ##[group]Docker info
2026-05-26T14:52:13.7166519Z [command]/usr/bin/docker version
2026-05-26T14:52:13.7326305Z Client: Docker Engine - Community
2026-05-26T14:52:13.7326726Z  Version:           28.0.4
2026-05-26T14:52:13.7327025Z  API version:       1.48
2026-05-26T14:52:13.7327872Z  Go version:        go1.23.7
2026-05-26T14:52:13.7328262Z  Git commit:        b8034c0
2026-05-26T14:52:13.7328800Z  Built:             Tue Mar 25 15:07:16 2025
2026-05-26T14:52:13.7329196Z  OS/Arch:           linux/amd64
2026-05-26T14:52:13.7329588Z  Context:           default
2026-05-26T14:52:13.7329887Z 
2026-05-26T14:52:13.7330097Z Server: Docker Engine - Community
2026-05-26T14:52:13.7330512Z  Engine:
2026-05-26T14:52:13.7330840Z   Version:          28.0.4
2026-05-26T14:52:13.7331341Z   API version:      1.48 (minimum version 1.24)
2026-05-26T14:52:13.7331802Z   Go version:       go1.23.7
2026-05-26T14:52:13.7332228Z   Git commit:       6430e49
2026-05-26T14:52:13.7332691Z   Built:            Tue Mar 25 15:07:16 2025
2026-05-26T14:52:13.7333122Z   OS/Arch:          linux/amd64
2026-05-26T14:52:13.7345022Z   Experimental:     false
2026-05-26T14:52:13.7345678Z  containerd:
2026-05-26T14:52:13.7346151Z   Version:          v2.2.3
2026-05-26T14:52:13.7346415Z   GitCommit:        77c84241c7cbdd9b4eca2591793e3d4f4317c590
2026-05-26T14:52:13.7346677Z  runc:
2026-05-26T14:52:13.7346842Z   Version:          1.3.5
2026-05-26T14:52:13.7347049Z   GitCommit:        v1.3.5-0-g488fc13e
2026-05-26T14:52:13.7347266Z  docker-init:
2026-05-26T14:52:13.7347437Z   Version:          0.19.0
2026-05-26T14:52:13.7347795Z   GitCommit:        de40ad0
2026-05-26T14:52:13.7361076Z [command]/usr/bin/docker info
2026-05-26T14:52:13.7736195Z Client: Docker Engine - Community
2026-05-26T14:52:13.7736620Z  Version:    28.0.4
2026-05-26T14:52:13.7736890Z  Context:    default
2026-05-26T14:52:13.7737162Z  Debug Mode: false
2026-05-26T14:52:13.7737423Z  Plugins:
2026-05-26T14:52:13.7737687Z   buildx: Docker Buildx (Docker Inc.)
2026-05-26T14:52:13.7738018Z     Version:  v0.34.1
2026-05-26T14:52:13.7738370Z     Path:     /home/runner/.docker/cli-plugins/docker-buildx
2026-05-26T14:52:13.7738834Z   compose: Docker Compose (Docker Inc.)
2026-05-26T14:52:13.7739167Z     Version:  v2.38.2
2026-05-26T14:52:13.7739493Z     Path:     /usr/libexec/docker/cli-plugins/docker-compose
2026-05-26T14:52:13.7739735Z 
2026-05-26T14:52:13.7739807Z Server:
2026-05-26T14:52:13.7739972Z  Containers: 1
2026-05-26T14:52:13.7740150Z   Running: 1
2026-05-26T14:52:13.7740317Z   Paused: 0
2026-05-26T14:52:13.7740485Z   Stopped: 0
2026-05-26T14:52:13.7740645Z  Images: 8
2026-05-26T14:52:13.7740825Z  Server Version: 28.0.4
2026-05-26T14:52:13.7741026Z  Storage Driver: overlay2
2026-05-26T14:52:13.7741228Z   Backing Filesystem: extfs
2026-05-26T14:52:13.7741444Z   Supports d_type: true
2026-05-26T14:52:13.7741641Z   Using metacopy: false
2026-05-26T14:52:13.7741833Z   Native Overlay Diff: false
2026-05-26T14:52:13.7742036Z   userxattr: false
2026-05-26T14:52:13.7742211Z  Logging Driver: json-file
2026-05-26T14:52:13.7742437Z  Cgroup Driver: systemd
2026-05-26T14:52:13.7742621Z  Cgroup Version: 2
2026-05-26T14:52:13.7742785Z  Plugins:
2026-05-26T14:52:13.7742951Z   Volume: local
2026-05-26T14:52:13.7743153Z   Network: bridge host ipvlan macvlan null overlay
2026-05-26T14:52:13.7743489Z   Log: awslogs fluentd gcplogs gelf journald json-file local splunk syslog
2026-05-26T14:52:13.7743790Z  Swarm: inactive
2026-05-26T14:52:13.7743988Z  Runtimes: runc io.containerd.runc.v2
2026-05-26T14:52:13.7744214Z  Default Runtime: runc
2026-05-26T14:52:13.7744452Z  Init Binary: docker-init
2026-05-26T14:52:13.7744713Z  containerd version: 77c84241c7cbdd9b4eca2591793e3d4f4317c590
2026-05-26T14:52:13.7745000Z  runc version: v1.3.5-0-g488fc13e
2026-05-26T14:52:13.7745228Z  init version: de40ad0
2026-05-26T14:52:13.7745417Z  Security Options:
2026-05-26T14:52:13.7745587Z   apparmor
2026-05-26T14:52:13.7745749Z   seccomp
2026-05-26T14:52:13.7746114Z    Profile: builtin
2026-05-26T14:52:13.7746281Z   cgroupns
2026-05-26T14:52:13.7746450Z  Kernel Version: 6.17.0-1013-azure
2026-05-26T14:52:13.7746675Z  Operating System: Ubuntu 24.04.4 LTS
2026-05-26T14:52:13.7746998Z  OSType: linux
2026-05-26T14:52:13.7747240Z  Architecture: x86_64
2026-05-26T14:52:13.7747426Z  CPUs: 4
2026-05-26T14:52:13.7747589Z  Total Memory: 15.61GiB
2026-05-26T14:52:13.7747775Z  Name: runnervmg397c
2026-05-26T14:52:13.7748015Z  ID: 030b3de5-f6f5-43f2-8bdc-0a866a274328
2026-05-26T14:52:13.7748298Z  Docker Root Dir: /var/lib/docker
2026-05-26T14:52:13.7748512Z  Debug Mode: false
2026-05-26T14:52:13.7748697Z  Username: gordontheturtle
2026-05-26T14:52:13.7748904Z  Experimental: false
2026-05-26T14:52:13.7749084Z  Insecure Registries:
2026-05-26T14:52:13.7749288Z   ::1/128
2026-05-26T14:52:13.7749441Z   127.0.0.0/8
2026-05-26T14:52:13.7749704Z  Live Restore Enabled: false
2026-05-26T14:52:13.7749908Z 
2026-05-26T14:52:13.7751921Z ##[endgroup]
2026-05-26T14:52:13.7752241Z ##[group]Proxy configuration
2026-05-26T14:52:13.7755050Z No proxy configuration found
2026-05-26T14:52:13.7755512Z ##[endgroup]
2026-05-26T14:52:13.8191497Z ##[group]Buildx version
2026-05-26T14:52:13.8211322Z [command]/usr/bin/docker buildx version
2026-05-26T14:52:13.8608053Z github.com/docker/buildx v0.34.1 e0b0e77d18d3379bc1e0d55f3b37de288d36fe47
2026-05-26T14:52:13.8629531Z ##[endgroup]
2026-05-26T14:52:13.8629946Z ##[group]Builder info
2026-05-26T14:52:13.9334582Z {
2026-05-26T14:52:13.9334895Z   "nodes": [
2026-05-26T14:52:13.9335129Z     {
2026-05-26T14:52:13.9335471Z       "name": "builder-55e5b171-6c2a-4f10-beea-1303c6fb66df0",
2026-05-26T14:52:13.9336502Z       "endpoint": "unix:///var/run/docker.sock",
2026-05-26T14:52:13.9336863Z       "driver-opts": [
2026-05-26T14:52:13.9443795Z         "env.ACTIONS_ID_TOKEN_REQUEST_TOKEN=***",
2026-05-26T14:52:13.9444870Z         "env.ACTIONS_ID_TOKEN_REQUEST_URL=https://run-actions-3-azure-eastus.actions.githubusercontent.com/143//idtoken/75ea24ac-6102-4b81-8903-1036fb9e5205/ca0e3957-19fa-542d-a68b-f839d0a2ed0a?api-version=2.0",
2026-05-26T14:52:13.9445896Z         "image=moby/buildkit:v0.30.0"
2026-05-26T14:52:13.9446161Z       ],
2026-05-26T14:52:13.9446370Z       "status": "running",
2026-05-26T14:52:13.9446718Z       "buildkitd-flags": "--debug --allow-insecure-entitlement=network.host",
2026-05-26T14:52:13.9447082Z       "buildkit": "v0.30.0",
2026-05-26T14:52:13.9447696Z       "platforms": "linux/amd64,linux/amd64/v2,linux/amd64/v3,linux/amd64/v4,linux/arm64,linux/riscv64,linux/ppc64le,linux/s390x,linux/386,linux/mips64le,linux/mips64,linux/loong64,linux/arm/v7,linux/arm/v6",
2026-05-26T14:52:13.9448293Z       "features": {
2026-05-26T14:52:13.9448554Z         "Automatically load images to the Docker Engine image store": true,
2026-05-26T14:52:13.9448847Z         "Cache export": true,
2026-05-26T14:52:13.9449047Z         "Direct push": true,
2026-05-26T14:52:13.9449272Z         "Docker exporter": true,
2026-05-26T14:52:13.9449488Z         "Multi-platform build": true,
2026-05-26T14:52:13.9449704Z         "OCI exporter": true
2026-05-26T14:52:13.9449877Z       },
2026-05-26T14:52:13.9450022Z       "labels": {
2026-05-26T14:52:13.9450241Z         "org.mobyproject.buildkit.worker.executor": "oci",
2026-05-26T14:52:13.9450560Z         "org.mobyproject.buildkit.worker.hostname": "05e1d1275a1e",
2026-05-26T14:52:13.9450870Z         "org.mobyproject.buildkit.worker.network": "host",
2026-05-26T14:52:13.9451265Z         "org.mobyproject.buildkit.worker.oci.process-mode": "sandbox",
2026-05-26T14:52:13.9451820Z         "org.mobyproject.buildkit.worker.selinux.enabled": "false",
2026-05-26T14:52:13.9452396Z         "org.mobyproject.buildkit.worker.snapshotter": "overlayfs"
2026-05-26T14:52:13.9452817Z       },
2026-05-26T14:52:13.9453020Z       "gcPolicy": [
2026-05-26T14:52:13.9453260Z         {
2026-05-26T14:52:13.9453481Z           "all": false,
2026-05-26T14:52:13.9453746Z           "filter": [
2026-05-26T14:52:13.9454015Z             "type==source.local",
2026-05-26T14:52:13.9454339Z             "type==exec.cachemount",
2026-05-26T14:52:13.9454676Z             "type==source.git.checkout"
2026-05-26T14:52:13.9454991Z           ],
2026-05-26T14:52:13.9455241Z           "keepDuration": "48h0m0s",
2026-05-26T14:52:13.9455568Z           "maxUsedSpace": "488.3MiB"
2026-05-26T14:52:13.9455973Z         },
2026-05-26T14:52:13.9456194Z         {
2026-05-26T14:52:13.9456433Z           "all": false,
2026-05-26T14:52:13.9456745Z           "keepDuration": "1440h0m0s",
2026-05-26T14:52:13.9457072Z           "reservedSpace": "9.313GiB",
2026-05-26T14:52:13.9457401Z           "maxUsedSpace": "93.13GiB",
2026-05-26T14:52:13.9457730Z           "minFreeSpace": "27.01GiB"
2026-05-26T14:52:13.9458044Z         },
2026-05-26T14:52:13.9458260Z         {
2026-05-26T14:52:13.9458481Z           "all": false,
2026-05-26T14:52:13.9458752Z           "reservedSpace": "9.313GiB",
2026-05-26T14:52:13.9459086Z           "maxUsedSpace": "93.13GiB",
2026-05-26T14:52:13.9459402Z           "minFreeSpace": "27.01GiB"
2026-05-26T14:52:13.9459705Z         },
2026-05-26T14:52:13.9459917Z         {
2026-05-26T14:52:13.9460132Z           "all": true,
2026-05-26T14:52:13.9460843Z           "reservedSpace": "9.313GiB",
2026-05-26T14:52:13.9461168Z           "maxUsedSpace": "93.13GiB",
2026-05-26T14:52:13.9461461Z           "minFreeSpace": "27.01GiB"
2026-05-26T14:52:13.9461748Z         }
2026-05-26T14:52:13.9461952Z       ],
2026-05-26T14:52:13.9462175Z       "files": {
2026-05-26T14:52:13.9463794Z         "buildkitd.toml": "[cache]\n[cache.gha]\n[cache.gha.sign]\ncommand = ['ghacache-sign-script.sh']\n\n[cache.gha.verify]\nrequired = true\n\n[cache.gha.verify.policy]\ngithubWorkflowRepository = 'moby/buildkit'\nissuer = 'https://token.actions.githubusercontent.com'\nrunnerEnvironment = 'github-hosted'\nsourceRepositoryURI = 'https://github.com/moby/buildkit'\nsubjectAlternativeName = 'https://github.com/docker/github-builder/.github/workflows/bake.yml*'\ntimestampThreshold = 1\ntlogThreshold = 1\n"
2026-05-26T14:52:13.9465357Z       }
2026-05-26T14:52:13.9465505Z     }
2026-05-26T14:52:13.9465640Z   ],
2026-05-26T14:52:13.9466007Z   "name": "builder-55e5b171-6c2a-4f10-beea-1303c6fb66df",
2026-05-26T14:52:13.9466285Z   "driver": "docker-container",
2026-05-26T14:52:13.9466499Z   "lastActivity": "2026-05-26T14:52:01.000Z"
2026-05-26T14:52:13.9466783Z }
2026-05-26T14:52:13.9467151Z ##[endgroup]
2026-05-26T14:52:13.9467462Z ##[group]Parsing raw definition
2026-05-26T14:52:13.9470518Z [command]/usr/bin/docker buildx bake https://github.com/moby/buildkit.git?ref=refs/heads/master&checksum=efd9efcd052646f36bc5681952d72ef6cf00c50c&fetch-by-commit=true --file docker-bake.hcl --file cwd:///home/runner/work/_temp/docker-actions-toolkit-aad2mZ/docker-metadata-action-bake-tags.json --file cwd:///home/runner/work/_temp/docker-actions-toolkit-aad2mZ/docker-metadata-action-bake-annotations.json --set *.output=type=image,"name=docker/dockerfile-upstream",oci-artifact=true,push-by-digest=true,name-canonical=true,push=true --set *.tags= --set *.attest=type=provenance,mode=max,version=v1,builder-id=https://github.com/moby/buildkit/actions/runs/26454808703/attempts/1 --set *.platform=linux/mips --set *.cache-from=type=gha,scope=frontend-mainline-linux-mips --set *.cache-to=type=gha,ignore-error=true,scope=frontend-mainline-linux-mips,mode=min --sbom generator=docker/buildkit-syft-scanner:1.11.0 --print frontend-image-cross
2026-05-26T14:52:14.1729306Z #0 building with "builder-55e5b171-6c2a-4f10-beea-1303c6fb66df" instance using docker-container driver
2026-05-26T14:52:14.1729679Z 
2026-05-26T14:52:14.1730087Z #1 [internal] load git source https://github.com/moby/buildkit.git?ref=refs/heads/master&checksum=efd9efcd052646f36bc5681952d72ef6cf00c50c&fetch-by-commit=true
2026-05-26T14:52:14.1730795Z #1 0.011 Initialized empty Git repository in /var/lib/buildkit/runc-overlayfs/snapshots/snapshots/1/fs/
2026-05-26T14:52:14.1731298Z #1 0.014 fatal: Not a valid object name efd9efcd052646f36bc5681952d72ef6cf00c50c^{commit}
2026-05-26T14:52:15.0495418Z #1 1.041 From https://github.com/moby/buildkit
2026-05-26T14:52:15.0496185Z #1 1.041  * [new ref]         efd9efcd052646f36bc5681952d72ef6cf00c50c -> refs/heads/master
2026-05-26T14:52:15.2041136Z #1 1.044 efd9efcd052646f36bc5681952d72ef6cf00c50c
2026-05-26T14:52:15.2041606Z #1 1.045 efd9efcd052646f36bc5681952d72ef6cf00c50c
2026-05-26T14:52:15.6920362Z #1 DONE 1.7s
2026-05-26T14:52:15.7627599Z 
2026-05-26T14:52:15.7628142Z #2 [internal] load local bake definitions
2026-05-26T14:52:15.7628930Z #2 reading /home/runner/work/_temp/docker-actions-toolkit-aad2mZ/docker-metadata-action-bake-tags.json 250B / 250B done
2026-05-26T14:52:15.7630029Z #2 reading /home/runner/work/_temp/docker-actions-toolkit-aad2mZ/docker-metadata-action-bake-annotations.json 806B / 806B done
2026-05-26T14:52:15.7630788Z #2 DONE 0.0s
2026-05-26T14:52:15.7631040Z {
2026-05-26T14:52:15.7631242Z   "group": {
2026-05-26T14:52:15.7631467Z     "default": {
2026-05-26T14:52:15.7631702Z       "targets": [
2026-05-26T14:52:15.7631976Z         "frontend-image-cross"
2026-05-26T14:52:15.7632258Z       ]
2026-05-26T14:52:15.7632461Z     }
2026-05-26T14:52:15.7632661Z   },
2026-05-26T14:52:15.7632874Z   "target": {
2026-05-26T14:52:15.7633602Z     "frontend-image-cross": {
2026-05-26T14:52:15.7633919Z       "annotations": [
2026-05-26T14:52:15.7634377Z         "manifest:org.opencontainers.image.created=2026-05-26T14:51:49.817Z",
2026-05-26T14:52:15.7635251Z         "manifest:org.opencontainers.image.description=concurrent, cache-efficient, and Dockerfile-agnostic builder toolkit",
2026-05-26T14:52:15.7636241Z         "manifest:org.opencontainers.image.licenses=Apache-2.0",
2026-05-26T14:52:15.7636891Z         "manifest:org.opencontainers.image.revision=efd9efcd052646f36bc5681952d72ef6cf00c50c",
2026-05-26T14:52:15.7637862Z         "manifest:org.opencontainers.image.source=https://github.com/moby/buildkit",
2026-05-26T14:52:15.7638488Z         "manifest:org.opencontainers.image.title=Dockerfile Frontend",
2026-05-26T14:52:15.7639137Z         "manifest:org.opencontainers.image.url=https://github.com/moby/buildkit",
2026-05-26T14:52:15.7639693Z         "manifest:org.opencontainers.image.vendor=Moby",
2026-05-26T14:52:15.7640140Z         "manifest:org.opencontainers.image.version=master"
2026-05-26T14:52:15.7640472Z       ],
2026-05-26T14:52:15.7640673Z       "attest": [
2026-05-26T14:52:15.7640902Z         {
2026-05-26T14:52:15.7641327Z           "builder-id": "https://github.com/moby/buildkit/actions/runs/26454808703/attempts/1",
2026-05-26T14:52:15.7641845Z           "mode": "max",
2026-05-26T14:52:15.7642123Z           "type": "provenance",
2026-05-26T14:52:15.7642412Z           "version": "v1"
2026-05-26T14:52:15.7642673Z         },
2026-05-26T14:52:15.7642878Z         {
2026-05-26T14:52:15.7643147Z           "generator": "docker/buildkit-syft-scanner:1.11.0",
2026-05-26T14:52:15.7643491Z           "type": "sbom"
2026-05-26T14:52:15.7643715Z         }
2026-05-26T14:52:15.7643894Z       ],
2026-05-26T14:52:15.7644551Z       "context": "https://github.com/moby/buildkit.git?ref=refs/heads/master\u0026checksum=efd9efcd052646f36bc5681952d72ef6cf00c50c\u0026fetch-by-commit=true",
2026-05-26T14:52:15.7645512Z       "dockerfile": "./frontend/dockerfile/cmd/dockerfile-frontend/Dockerfile",
2026-05-26T14:52:15.7646132Z       "args": {
2026-05-26T14:52:15.7646399Z         "BUILDKIT_CONTEXT_KEEP_GIT_DIR": "1",
2026-05-26T14:52:15.7646748Z         "CHANNEL": "mainline",
2026-05-26T14:52:15.7647110Z         "DOCKER_META_IMAGES": "docker/dockerfile-upstream",
2026-05-26T14:52:15.7647518Z         "DOCKER_META_VERSION": "master"
2026-05-26T14:52:15.7647821Z       },
2026-05-26T14:52:15.7648035Z       "cache-from": [
2026-05-26T14:52:15.7648288Z         {
2026-05-26T14:52:15.7648549Z           "scope": "frontend-mainline-linux-mips",
2026-05-26T14:52:15.7648896Z           "type": "gha"
2026-05-26T14:52:15.7649121Z         }
2026-05-26T14:52:15.7649314Z       ],
2026-05-26T14:52:15.7649504Z       "cache-to": [
2026-05-26T14:52:15.7649716Z         {
2026-05-26T14:52:15.7650081Z           "ignore-error": "true",
2026-05-26T14:52:15.7650375Z           "mode": "min",
2026-05-26T14:52:15.7650661Z           "scope": "frontend-mainline-linux-mips",
2026-05-26T14:52:15.7651013Z           "type": "gha"
2026-05-26T14:52:15.7651248Z         }
2026-05-26T14:52:15.7651481Z       ],
2026-05-26T14:52:15.7651699Z       "platforms": [
2026-05-26T14:52:15.7651946Z         "linux/mips"
2026-05-26T14:52:15.7652173Z       ],
2026-05-26T14:52:15.7652379Z       "output": [
2026-05-26T14:52:15.7652599Z         {
2026-05-26T14:52:15.7652840Z           "name": "docker/dockerfile-upstream",
2026-05-26T14:52:15.7653163Z           "name-canonical": "true",
2026-05-26T14:52:15.7653474Z           "oci-artifact": "true",
2026-05-26T14:52:15.7653739Z           "push": "true",
2026-05-26T14:52:15.7653990Z           "push-by-digest": "true",
2026-05-26T14:52:15.7654267Z           "type": "image"
2026-05-26T14:52:15.7654534Z         }
2026-05-26T14:52:15.7654715Z       ]
2026-05-26T14:52:15.7654922Z     }
2026-05-26T14:52:15.7655108Z   }
2026-05-26T14:52:15.7655287Z }
2026-05-26T14:52:15.7679313Z ##[endgroup]
2026-05-26T14:52:15.8890481Z ##[group]Bake definition
2026-05-26T14:52:15.8905671Z [command]/usr/bin/docker buildx bake https://github.com/moby/buildkit.git?ref=refs/heads/master&checksum=efd9efcd052646f36bc5681952d72ef6cf00c50c&fetch-by-commit=true --allow fs=* --file docker-bake.hcl --file cwd:///home/runner/work/_temp/docker-actions-toolkit-aad2mZ/docker-metadata-action-bake-tags.json --file cwd:///home/runner/work/_temp/docker-actions-toolkit-aad2mZ/docker-metadata-action-bake-annotations.json --set *.output=type=image,"name=docker/dockerfile-upstream",oci-artifact=true,push-by-digest=true,name-canonical=true,push=true --set *.tags= --set *.attest=type=provenance,mode=max,version=v1,builder-id=https://github.com/moby/buildkit/actions/runs/26454808703/attempts/1 --set *.platform=linux/mips --set *.cache-from=type=gha,scope=frontend-mainline-linux-mips --set *.cache-to=type=gha,ignore-error=true,scope=frontend-mainline-linux-mips,mode=min --metadata-file /home/runner/work/_temp/docker-actions-toolkit-7xRxqf/bake-metadata-f913dbd653.json --sbom generator=docker/buildkit-syft-scanner:1.11.0 frontend-image-cross --print
2026-05-26T14:52:15.9755343Z #0 building with "builder-55e5b171-6c2a-4f10-beea-1303c6fb66df" instance using docker-container driver
2026-05-26T14:52:15.9756291Z 
2026-05-26T14:52:15.9758157Z #1 [internal] load git source https://github.com/moby/buildkit.git?ref=refs/heads/master&checksum=efd9efcd052646f36bc5681952d72ef6cf00c50c&fetch-by-commit=true
2026-05-26T14:52:15.9759000Z #1 CACHED
2026-05-26T14:52:15.9759281Z 
2026-05-26T14:52:15.9759532Z #2 [internal] load local bake definitions
2026-05-26T14:52:15.9760336Z #2 reading /home/runner/work/_temp/docker-actions-toolkit-aad2mZ/docker-metadata-action-bake-tags.json 250B / 250B done
2026-05-26T14:52:15.9761513Z #2 reading /home/runner/work/_temp/docker-actions-toolkit-aad2mZ/docker-metadata-action-bake-annotations.json 806B / 806B done
2026-05-26T14:52:15.9762211Z #2 DONE 0.0s
2026-05-26T14:52:15.9762440Z {
2026-05-26T14:52:15.9762636Z   "group": {
2026-05-26T14:52:15.9762997Z     "default": {
2026-05-26T14:52:15.9763246Z       "targets": [
2026-05-26T14:52:15.9763487Z         "frontend-image-cross"
2026-05-26T14:52:15.9763799Z       ]
2026-05-26T14:52:15.9764001Z     }
2026-05-26T14:52:15.9764210Z   },
2026-05-26T14:52:15.9764435Z   "target": {
2026-05-26T14:52:15.9764780Z     "frontend-image-cross": {
2026-05-26T14:52:15.9765072Z       "annotations": [
2026-05-26T14:52:15.9765675Z         "manifest:org.opencontainers.image.created=2026-05-26T14:51:49.817Z",
2026-05-26T14:52:15.9766441Z         "manifest:org.opencontainers.image.description=concurrent, cache-efficient, and Dockerfile-agnostic builder toolkit",
2026-05-26T14:52:15.9767069Z         "manifest:org.opencontainers.image.licenses=Apache-2.0",
2026-05-26T14:52:15.9767728Z         "manifest:org.opencontainers.image.revision=efd9efcd052646f36bc5681952d72ef6cf00c50c",
2026-05-26T14:52:15.9768855Z         "manifest:org.opencontainers.image.source=https://github.com/moby/buildkit",
2026-05-26T14:52:15.9769551Z         "manifest:org.opencontainers.image.title=Dockerfile Frontend",
2026-05-26T14:52:15.9770380Z         "manifest:org.opencontainers.image.url=https://github.com/moby/buildkit",
2026-05-26T14:52:15.9771072Z         "manifest:org.opencontainers.image.vendor=Moby",
2026-05-26T14:52:15.9771562Z         "manifest:org.opencontainers.image.version=master"
2026-05-26T14:52:15.9772203Z       ],
2026-05-26T14:52:15.9772427Z       "attest": [
2026-05-26T14:52:15.9772664Z         {
2026-05-26T14:52:15.9773058Z           "builder-id": "https://github.com/moby/buildkit/actions/runs/26454808703/attempts/1",
2026-05-26T14:52:15.9773621Z           "mode": "max",
2026-05-26T14:52:15.9774246Z           "type": "provenance",
2026-05-26T14:52:15.9774550Z           "version": "v1"
2026-05-26T14:52:15.9774829Z         },
2026-05-26T14:52:15.9775011Z         {
2026-05-26T14:52:15.9775266Z           "generator": "docker/buildkit-syft-scanner:1.11.0",
2026-05-26T14:52:15.9775584Z           "type": "sbom"
2026-05-26T14:52:15.9775949Z         }
2026-05-26T14:52:15.9776147Z       ],
2026-05-26T14:52:15.9777220Z       "context": "https://github.com/moby/buildkit.git?ref=refs/heads/master\u0026checksum=efd9efcd052646f36bc5681952d72ef6cf00c50c\u0026fetch-by-commit=true",
2026-05-26T14:52:15.9778172Z       "dockerfile": "./frontend/dockerfile/cmd/dockerfile-frontend/Dockerfile",
2026-05-26T14:52:15.9778630Z       "args": {
2026-05-26T14:52:15.9778896Z         "BUILDKIT_CONTEXT_KEEP_GIT_DIR": "1",
2026-05-26T14:52:15.9779387Z         "CHANNEL": "mainline",
2026-05-26T14:52:15.9779745Z         "DOCKER_META_IMAGES": "docker/dockerfile-upstream",
2026-05-26T14:52:15.9780391Z         "DOCKER_META_VERSION": "master"
2026-05-26T14:52:15.9780670Z       },
2026-05-26T14:52:15.9780859Z       "cache-from": [
2026-05-26T14:52:15.9781083Z         {
2026-05-26T14:52:15.9781325Z           "scope": "frontend-mainline-linux-mips",
2026-05-26T14:52:15.9781629Z           "type": "gha"
2026-05-26T14:52:15.9781857Z         }
2026-05-26T14:52:15.9782054Z       ],
2026-05-26T14:52:15.9782270Z       "cache-to": [
2026-05-26T14:52:15.9782485Z         {
2026-05-26T14:52:15.9782716Z           "ignore-error": "true",
2026-05-26T14:52:15.9783022Z           "mode": "min",
2026-05-26T14:52:15.9783312Z           "scope": "frontend-mainline-linux-mips",
2026-05-26T14:52:15.9783638Z           "type": "gha"
2026-05-26T14:52:15.9783865Z         }
2026-05-26T14:52:15.9784059Z       ],
2026-05-26T14:52:15.9784253Z       "platforms": [
2026-05-26T14:52:15.9784488Z         "linux/mips"
2026-05-26T14:52:15.9784704Z       ],
2026-05-26T14:52:15.9784960Z       "output": [
2026-05-26T14:52:15.9785193Z         {
2026-05-26T14:52:15.9785454Z           "name": "docker/dockerfile-upstream",
2026-05-26T14:52:15.9785968Z           "name-canonical": "true",
2026-05-26T14:52:15.9786280Z           "oci-artifact": "true",
2026-05-26T14:52:15.9786579Z           "push": "true",
2026-05-26T14:52:15.9786860Z           "push-by-digest": "true",
2026-05-26T14:52:15.9787160Z           "type": "image"
2026-05-26T14:52:15.9787390Z         }
2026-05-26T14:52:15.9787568Z       ]
2026-05-26T14:52:15.9787761Z     }
2026-05-26T14:52:15.9787936Z   }
2026-05-26T14:52:15.9788133Z }
2026-05-26T14:52:15.9812451Z ##[endgroup]
2026-05-26T14:52:15.9824813Z [command]/usr/bin/docker buildx bake https://github.com/moby/buildkit.git?ref=refs/heads/master&checksum=efd9efcd052646f36bc5681952d72ef6cf00c50c&fetch-by-commit=true --allow fs=* --file docker-bake.hcl --file cwd:///home/runner/work/_temp/docker-actions-toolkit-aad2mZ/docker-metadata-action-bake-tags.json --file cwd:///home/runner/work/_temp/docker-actions-toolkit-aad2mZ/docker-metadata-action-bake-annotations.json --set *.output=type=image,"name=docker/dockerfile-upstream",oci-artifact=true,push-by-digest=true,name-canonical=true,push=true --set *.tags= --set *.attest=type=provenance,mode=max,version=v1,builder-id=https://github.com/moby/buildkit/actions/runs/26454808703/attempts/1 --set *.platform=linux/mips --set *.cache-from=type=gha,scope=frontend-mainline-linux-mips --set *.cache-to=type=gha,ignore-error=true,scope=frontend-mainline-linux-mips,mode=min --metadata-file /home/runner/work/_temp/docker-actions-toolkit-7xRxqf/bake-metadata-f913dbd653.json --sbom generator=docker/buildkit-syft-scanner:1.11.0 frontend-image-cross
2026-05-26T14:52:16.2429600Z #0 building with "builder-55e5b171-6c2a-4f10-beea-1303c6fb66df" instance using docker-container driver
2026-05-26T14:52:16.2430185Z 
2026-05-26T14:52:16.2430832Z #1 [internal] load git source https://github.com/moby/buildkit.git?ref=refs/heads/master&checksum=efd9efcd052646f36bc5681952d72ef6cf00c50c&fetch-by-commit=true
2026-05-26T14:52:16.2431692Z #1 CACHED
2026-05-26T14:52:16.2431827Z 
2026-05-26T14:52:16.2431945Z #2 [internal] load local bake definitions
2026-05-26T14:52:16.2432599Z #2 reading /home/runner/work/_temp/docker-actions-toolkit-aad2mZ/docker-metadata-action-bake-tags.json 250B / 250B done
2026-05-26T14:52:16.2433288Z #2 reading /home/runner/work/_temp/docker-actions-toolkit-aad2mZ/docker-metadata-action-bake-annotations.json 806B / 806B done
2026-05-26T14:52:16.2433717Z #2 DONE 0.0s
2026-05-26T14:52:16.2434078Z 
2026-05-26T14:52:16.2434477Z #3 [internal] load git source https://github.com/moby/buildkit.git?ref=refs/heads/master&checksum=efd9efcd052646f36bc5681952d72ef6cf00c50c&fetch-by-commit=true
2026-05-26T14:52:16.2435039Z #3 0.004 efd9efcd052646f36bc5681952d72ef6cf00c50c
2026-05-26T14:52:16.2435447Z #3 0.010 Initialized empty Git repository in /var/lib/buildkit/runc-overlayfs/snapshots/snapshots/3/fs/.git/
2026-05-26T14:52:16.2436059Z #3 0.012 commit
2026-05-26T14:52:16.6950429Z #3 0.615 From file:///var/lib/buildkit/runc-overlayfs/snapshots/snapshots/1/fs
2026-05-26T14:52:16.6951162Z #3 0.615  * [new ref]         efd9efcd052646f36bc5681952d72ef6cf00c50c -> master
2026-05-26T14:52:16.6951566Z #3 0.615  * [new tag]         refs/heads/master                        -> refs/heads/master
2026-05-26T14:52:17.3221083Z #3 1.242 Note: switching to 'FETCH_HEAD'.
2026-05-26T14:52:17.3221989Z #3 1.242 
2026-05-26T14:52:17.3222431Z #3 1.242 You are in 'detached HEAD' state. You can look around, make experimental
2026-05-26T14:52:17.3223132Z #3 1.242 changes and commit them, and you can discard any commits you make in this
2026-05-26T14:52:17.3223590Z #3 1.242 state without impacting any branches by switching back to a branch.
2026-05-26T14:52:17.3224018Z #3 1.242 
2026-05-26T14:52:17.3224259Z #3 1.242 If you want to create a new branch to retain commits you create, you may
2026-05-26T14:52:17.3224739Z #3 1.242 do so (now or later) by using -c with the switch command. Example:
2026-05-26T14:52:17.3225035Z #3 1.242 
2026-05-26T14:52:17.3225206Z #3 1.242   git switch -c <new-branch-name>
2026-05-26T14:52:17.3225494Z #3 1.242 
2026-05-26T14:52:17.3225659Z #3 1.242 Or undo this operation with:
2026-05-26T14:52:17.3226034Z #3 1.242 
2026-05-26T14:52:17.3226234Z #3 1.242   git switch -
2026-05-26T14:52:17.3226450Z #3 1.242 
2026-05-26T14:52:17.3226703Z #3 1.242 Turn off this advice by setting config variable advice.detachedHead to false
2026-05-26T14:52:17.3227049Z #3 1.242 
2026-05-26T14:52:17.3227459Z #3 1.242 HEAD is now at efd9efc Merge pull request #6789 from moby/dependabot/github_actions/codecov/codecov-action-6.0.1
2026-05-26T14:52:17.4923029Z #3 DONE 2.5s
2026-05-26T14:52:17.4923229Z 
2026-05-26T14:52:17.4923706Z #4 [auth] docker/dockerfile-upstream:pull token for registry-1.docker.io
2026-05-26T14:52:17.6431737Z #4 DONE 0.0s
2026-05-26T14:52:17.6431907Z 
2026-05-26T14:52:17.6432159Z #5 resolve image config for docker-image://docker.io/docker/dockerfile-upstream:master
2026-05-26T14:52:17.9233361Z #5 DONE 0.5s
2026-05-26T14:52:18.0887211Z 
2026-05-26T14:52:18.0887963Z #6 docker-image://docker.io/docker/dockerfile-upstream:master@sha256:462a71a970b56a75671e91db77f9a045f276fd9757e3a2ef1f553704a6b52437
2026-05-26T14:52:18.0888746Z #6 resolve docker.io/docker/dockerfile-upstream:master@sha256:462a71a970b56a75671e91db77f9a045f276fd9757e3a2ef1f553704a6b52437 done
2026-05-26T14:52:18.0913931Z #6 sha256:e17ba534466cb986fa0989d8ec5cbb5da58552361373cd1019221a7742fa203d 14.37MB / 14.37MB 0.2s
2026-05-26T14:52:18.2266311Z #6 sha256:e17ba534466cb986fa0989d8ec5cbb5da58552361373cd1019221a7742fa203d 14.37MB / 14.37MB 0.2s done
2026-05-26T14:52:18.2267106Z #6 extracting sha256:e17ba534466cb986fa0989d8ec5cbb5da58552361373cd1019221a7742fa203d 0.1s done
2026-05-26T14:52:18.2267472Z #6 DONE 0.3s
2026-05-26T14:52:18.4570832Z 
2026-05-26T14:52:18.4571462Z #7 [auth] docker/buildkit-syft-scanner:pull token for registry-1.docker.io
2026-05-26T14:52:18.4571808Z #7 DONE 0.0s
2026-05-26T14:52:18.4571906Z 
2026-05-26T14:52:18.4572170Z #8 resolve image config for docker-image://docker.io/docker/buildkit-syft-scanner:1.11.0
2026-05-26T14:52:18.7004694Z #8 DONE 0.4s
2026-05-26T14:52:18.9016950Z 
2026-05-26T14:52:18.9017545Z #9 [auth] tonistiigi/xx:pull token for registry-1.docker.io
2026-05-26T14:52:18.9017998Z #9 DONE 0.0s
2026-05-26T14:52:18.9018102Z 
2026-05-26T14:52:18.9018235Z #10 [auth] library/golang:pull token for registry-1.docker.io
2026-05-26T14:52:18.9018508Z #10 DONE 0.0s
2026-05-26T14:52:18.9018612Z 
2026-05-26T14:52:18.9019173Z #11 [internal] load metadata for docker.io/library/golang:1.26-alpine3.23
2026-05-26T14:52:19.0886610Z #11 DONE 0.4s
2026-05-26T14:52:19.0886828Z 
2026-05-26T14:52:19.0887058Z #12 [internal] load metadata for docker.io/tonistiigi/xx:1.9.0
2026-05-26T14:52:19.2662905Z #12 DONE 0.4s
2026-05-26T14:52:22.9733078Z 
2026-05-26T14:52:22.9734069Z #13 importing cache manifest from gha:1893881840472894332
2026-05-26T14:52:23.1348911Z #13 ...
2026-05-26T14:52:23.1349413Z 
2026-05-26T14:52:23.1350588Z #14 [base 1/4] FROM docker.io/library/golang:1.26-alpine3.23@sha256:91eda9776261207ea25fd06b5b7fed8d397dd2c0a283e77f2ab6e91bfa71079d
2026-05-26T14:52:23.1351752Z #14 resolve docker.io/library/golang:1.26-alpine3.23@sha256:91eda9776261207ea25fd06b5b7fed8d397dd2c0a283e77f2ab6e91bfa71079d done
2026-05-26T14:52:23.1352460Z #14 DONE 0.0s
2026-05-26T14:52:23.1352606Z 
2026-05-26T14:52:23.1353029Z #15 [xx 1/1] FROM docker.io/tonistiigi/xx:1.9.0@sha256:c64defb9ed5a91eacb37f96ccc3d4cd72521c4bd18d5442905b95e2226b0e707
2026-05-26T14:52:23.1354011Z #15 resolve docker.io/tonistiigi/xx:1.9.0@sha256:c64defb9ed5a91eacb37f96ccc3d4cd72521c4bd18d5442905b95e2226b0e707 done
2026-05-26T14:52:23.1354582Z #15 DONE 0.0s
2026-05-26T14:52:23.1642416Z 
2026-05-26T14:52:23.1643570Z #13 importing cache manifest from gha:1893881840472894332
2026-05-26T14:52:23.1644351Z #13 verifying signature of cache index sha256:cb477afcda474b871f25d3cab85fa8b52575dee87fd74f65b35afd21605846ee
2026-05-26T14:52:23.3771715Z #13 ...
2026-05-26T14:52:23.3771915Z 
2026-05-26T14:52:23.3772121Z #16 docker-image://docker.io/docker/buildkit-syft-scanner:1.11.0
2026-05-26T14:52:23.3772507Z #16 resolve docker.io/docker/buildkit-syft-scanner:1.11.0 0.2s done
2026-05-26T14:52:23.3772781Z #16 DONE 0.3s
2026-05-26T14:52:23.5273390Z 
2026-05-26T14:52:23.5273936Z #13 importing cache manifest from gha:1893881840472894332
2026-05-26T14:52:23.7289389Z #13 verifying signature of cache index sha256:cb477afcda474b871f25d3cab85fa8b52575dee87fd74f65b35afd21605846ee 0.6s done
2026-05-26T14:52:23.8313947Z #13 DONE 0.8s
2026-05-26T14:52:23.8314196Z 
2026-05-26T14:52:23.8314675Z #15 [xx 1/1] FROM docker.io/tonistiigi/xx:1.9.0@sha256:c64defb9ed5a91eacb37f96ccc3d4cd72521c4bd18d5442905b95e2226b0e707
2026-05-26T14:52:23.8315627Z #15 sha256:ff62ee5b594035d8ad03d05aadc05e2a73f7e0e11bf2574dc5473677a60e22b4 17.70kB / 17.70kB 0.1s done
2026-05-26T14:52:23.8316834Z #15 extracting sha256:ff62ee5b594035d8ad03d05aadc05e2a73f7e0e11bf2574dc5473677a60e22b4 done
2026-05-26T14:52:23.8317205Z #15 DONE 0.1s
2026-05-26T14:52:23.8317324Z 
2026-05-26T14:52:23.8317644Z #14 [base 1/4] FROM docker.io/library/golang:1.26-alpine3.23@sha256:91eda9776261207ea25fd06b5b7fed8d397dd2c0a283e77f2ab6e91bfa71079d
2026-05-26T14:52:23.8318186Z #14 DONE 0.0s
2026-05-26T14:52:23.8318333Z 
2026-05-26T14:52:23.8318539Z #16 docker-image://docker.io/docker/buildkit-syft-scanner:1.11.0
2026-05-26T14:52:23.9904779Z #16 sha256:8b29db3a8efc45d6eea600012e1fed5a2452fc59a5b7e703a3e643ccbf5d4509 36.70MB / 46.45MB 0.2s
2026-05-26T14:52:24.1405994Z #16 sha256:8b29db3a8efc45d6eea600012e1fed5a2452fc59a5b7e703a3e643ccbf5d4509 46.45MB / 46.45MB 0.3s
2026-05-26T14:52:24.8526948Z #16 ...
2026-05-26T14:52:24.8527290Z 
2026-05-26T14:52:24.8527990Z #14 [base 1/4] FROM docker.io/library/golang:1.26-alpine3.23@sha256:91eda9776261207ea25fd06b5b7fed8d397dd2c0a283e77f2ab6e91bfa71079d
2026-05-26T14:52:24.8529175Z #14 sha256:4f4fb700ef54461cfa02571ae0db9a0dc1e0cdb5577484a6d75e68dc38e8acc1 32B / 32B 0.0s done
2026-05-26T14:52:24.8530235Z #14 sha256:1512b43389a873b0519ae3d6c1a3c4d9b19295b8e3330b040d95d73c50ba2f9e 124B / 124B 0.0s done
2026-05-26T14:52:24.8531423Z #14 sha256:17423c887b377ec28c3923bc88337384a7a0c1f2b50b7faf4912760e8d503ebb 290.24kB / 290.24kB 0.0s done
2026-05-26T14:52:24.8532363Z #14 sha256:1a70bdedd442d430ea119cf8db8c0031b4eedeb5bde886892773876ded7629e8 67.29MB / 67.29MB 0.9s done
2026-05-26T14:52:24.8533247Z #14 sha256:6a0ac1617861a677b045b7ff88545213ec31c0ff08763195a70a4a5adda577bb 3.86MB / 3.86MB 0.9s done
2026-05-26T14:52:24.8534405Z #14 extracting sha256:6a0ac1617861a677b045b7ff88545213ec31c0ff08763195a70a4a5adda577bb 0.1s done
2026-05-26T14:52:24.8534967Z #14 DONE 1.0s
2026-05-26T14:52:24.8535109Z 
2026-05-26T14:52:24.8535371Z #16 docker-image://docker.io/docker/buildkit-syft-scanner:1.11.0
2026-05-26T14:52:24.8536271Z #16 sha256:8b29db3a8efc45d6eea600012e1fed5a2452fc59a5b7e703a3e643ccbf5d4509 46.45MB / 46.45MB 0.9s done
2026-05-26T14:52:24.8537128Z #16 extracting sha256:8b29db3a8efc45d6eea600012e1fed5a2452fc59a5b7e703a3e643ccbf5d4509
2026-05-26T14:52:25.1719361Z #16 extracting sha256:8b29db3a8efc45d6eea600012e1fed5a2452fc59a5b7e703a3e643ccbf5d4509 0.4s done
2026-05-26T14:52:25.1723610Z #16 DONE 1.7s
2026-05-26T14:52:25.1723936Z 
2026-05-26T14:52:25.1724567Z #14 [base 1/4] FROM docker.io/library/golang:1.26-alpine3.23@sha256:91eda9776261207ea25fd06b5b7fed8d397dd2c0a283e77f2ab6e91bfa71079d
2026-05-26T14:52:25.1726252Z #14 extracting sha256:17423c887b377ec28c3923bc88337384a7a0c1f2b50b7faf4912760e8d503ebb 0.1s done
2026-05-26T14:52:25.1727075Z #14 extracting sha256:1a70bdedd442d430ea119cf8db8c0031b4eedeb5bde886892773876ded7629e8
2026-05-26T14:52:27.5340372Z #14 extracting sha256:1a70bdedd442d430ea119cf8db8c0031b4eedeb5bde886892773876ded7629e8 2.6s done
2026-05-26T14:52:27.5340933Z #14 DONE 3.7s
2026-05-26T14:52:27.7561589Z 
2026-05-26T14:52:27.7562277Z #14 [base 1/4] FROM docker.io/library/golang:1.26-alpine3.23@sha256:91eda9776261207ea25fd06b5b7fed8d397dd2c0a283e77f2ab6e91bfa71079d
2026-05-26T14:52:27.7562923Z #14 extracting sha256:1512b43389a873b0519ae3d6c1a3c4d9b19295b8e3330b040d95d73c50ba2f9e done
2026-05-26T14:52:27.7563668Z #14 extracting sha256:4f4fb700ef54461cfa02571ae0db9a0dc1e0cdb5577484a6d75e68dc38e8acc1 0.1s done
2026-05-26T14:52:27.7564028Z #14 DONE 3.8s
2026-05-26T14:52:27.7564134Z 
2026-05-26T14:52:27.7564211Z #17 [base 2/4] RUN apk add git bash
2026-05-26T14:52:28.0647140Z #17 0.459 ( 1/16) Installing ncurses-terminfo-base (6.5_p20251123-r0)
2026-05-26T14:52:28.2082286Z #17 0.465 ( 2/16) Installing libncursesw (6.5_p20251123-r0)
2026-05-26T14:52:28.2082970Z #17 0.471 ( 3/16) Installing readline (8.3.1-r0)
2026-05-26T14:52:28.2083466Z #17 0.476 ( 4/16) Installing bash (5.3.3-r1)
2026-05-26T14:52:28.2083715Z #17 0.488   Executing bash-5.3.3-r1.post-install
2026-05-26T14:52:28.2084090Z #17 0.492 ( 5/16) Installing brotli-libs (1.2.0-r0)
2026-05-26T14:52:28.2084395Z #17 0.501 ( 6/16) Installing c-ares (1.34.6-r0)
2026-05-26T14:52:28.2084642Z #17 0.505 ( 7/16) Installing libunistring (1.4.1-r0)
2026-05-26T14:52:28.2084884Z #17 0.516 ( 8/16) Installing libidn2 (2.3.8-r0)
2026-05-26T14:52:28.2085142Z #17 0.520 ( 9/16) Installing nghttp2-libs (1.69.0-r0)
2026-05-26T14:52:28.2085383Z #17 0.524 (10/16) Installing libpsl (0.21.5-r3)
2026-05-26T14:52:28.2085619Z #17 0.527 (11/16) Installing zstd-libs (1.5.7-r2)
2026-05-26T14:52:28.2086054Z #17 0.534 (12/16) Installing libcurl (8.19.0-r0)
2026-05-26T14:52:28.2086287Z #17 0.541 (13/16) Installing libexpat (2.7.5-r0)
2026-05-26T14:52:28.2086532Z #17 0.545 (14/16) Installing pcre2 (10.47-r0)
2026-05-26T14:52:28.2086756Z #17 0.552 (15/16) Installing git (2.52.0-r0)
2026-05-26T14:52:28.2087010Z #17 0.603 (16/16) Installing git-init-template (2.52.0-r0)
2026-05-26T14:52:28.3684385Z #17 0.606 Executing busybox-1.37.0-r30.trigger
2026-05-26T14:52:28.3684842Z #17 0.612 OK: 22.5 MiB in 33 packages
2026-05-26T14:52:31.7739132Z #17 DONE 4.2s
2026-05-26T14:52:31.9696154Z 
2026-05-26T14:52:31.9696778Z #18 [base 3/4] COPY --from=xx / /
2026-05-26T14:52:31.9697357Z #18 DONE 0.0s
2026-05-26T14:52:31.9697608Z 
2026-05-26T14:52:31.9697834Z #19 [base 4/4] WORKDIR /src
2026-05-26T14:52:31.9698145Z #19 DONE 0.0s
2026-05-26T14:52:31.9698326Z 
2026-05-26T14:52:31.9698461Z #20 [build 1/2] RUN apk add --no-cache file
2026-05-26T14:52:32.2039693Z #20 ...
2026-05-26T14:52:32.2039908Z 
2026-05-26T14:52:32.2040129Z #21 [version 1/1] RUN --mount=target=. <<EOT (set -e...)
2026-05-26T14:52:32.2040958Z #21 0.222 -X main.Version=efd9efc -X main.Revision=efd9efcd052646f36bc5681952d72ef6cf00c50c -X main.Package=github.com/moby/buildkit/frontend/dockerfile/cmd/dockerfile-frontend
2026-05-26T14:52:32.2041916Z #21 0.223  
2026-05-26T14:52:32.2042079Z #21 DONE 0.3s
2026-05-26T14:52:32.2042188Z 
2026-05-26T14:52:32.2042279Z #20 [build 1/2] RUN apk add --no-cache file
2026-05-26T14:52:32.2042618Z #20 0.385 (1/2) Installing libmagic (5.46-r2)
2026-05-26T14:52:32.3863202Z #20 0.406 (2/2) Installing file (5.46-r2)
2026-05-26T14:52:32.3863528Z #20 0.410 Executing busybox-1.37.0-r30.trigger
2026-05-26T14:52:32.3863769Z #20 0.417 OK: 32.5 MiB in 35 packages
2026-05-26T14:52:32.4582252Z #20 DONE 0.6s
2026-05-26T14:52:32.6674378Z 
2026-05-26T14:52:32.6676220Z #22 [build 2/2] RUN --mount=target=. --mount=type=cache,target=/root/.cache   --mount=target=/go/pkg/mod,type=cache   --mount=source=/tmp/.ldflags,target=/tmp/.ldflags,from=version   --mount=source=/tmp/.buildtags,target=/tmp/.buildtags,from=version <<EOT (set -e...)
2026-05-26T14:52:32.6678849Z #22 0.058 + CGO_ENABLED=0 xx-go build -o /dockerfile-frontend -ldflags '-d -X main.Version=efd9efc -X main.Revision=efd9efcd052646f36bc5681952d72ef6cf00c50c -X main.Package=github.com/moby/buildkit/frontend/dockerfile/cmd/dockerfile-frontend' -tags '  netgo static_build osusergo' ./frontend/dockerfile/cmd/dockerfile-frontend
2026-05-26T14:52:54.8353541Z #22 22.38 + xx-verify --static /dockerfile-frontend
2026-05-26T14:52:56.6953432Z #22 DONE 24.2s
2026-05-26T14:52:56.9393745Z 
2026-05-26T14:52:56.9394466Z #23 [release 1/1] COPY --from=build /dockerfile-frontend /bin/dockerfile-frontend
2026-05-26T14:52:57.0476786Z #23 DONE 0.0s
2026-05-26T14:52:57.0477627Z 
2026-05-26T14:52:57.0478325Z #24 [linux/mips] generating sbom using docker.io/docker/buildkit-syft-scanner:1.11.0
2026-05-26T14:52:57.0479254Z #24 0.054 time="2026-05-26T14:52:57Z" level=info msg="starting syft scanner for buildkit v1.11.0"
2026-05-26T14:52:58.3862275Z #24 DONE 1.4s
2026-05-26T14:52:58.5383791Z 
2026-05-26T14:52:58.5384264Z #25 exporting to image
2026-05-26T14:52:58.5384619Z #25 exporting layers
2026-05-26T14:52:59.2128884Z #25 exporting layers 0.8s done
2026-05-26T14:52:59.3550418Z #25 exporting manifest sha256:5c5334e849526cb20f76b698e1baa1e395cc7b6eeca3964ba0508cd696ad26a1 done
2026-05-26T14:52:59.3551272Z #25 exporting config sha256:5caffb26e99c27ec131e802da46ed5871732c98f7c06dc24ca490d4a44221f51 done
2026-05-26T14:52:59.3552084Z #25 exporting attestation manifest sha256:bcad94eca1c2666838d6f39e45833c04461615b8f02f95e76d86b225ff6d80e7
2026-05-26T14:52:59.6002372Z #25 ...
2026-05-26T14:52:59.6002581Z 
2026-05-26T14:52:59.6002805Z #26 [auth] docker/dockerfile-upstream:pull,push token for registry-1.docker.io
2026-05-26T14:52:59.6003168Z #26 DONE 0.0s
2026-05-26T14:52:59.6003267Z 
2026-05-26T14:52:59.6003334Z #25 exporting to image
2026-05-26T14:52:59.6003710Z #25 exporting attestation manifest sha256:bcad94eca1c2666838d6f39e45833c04461615b8f02f95e76d86b225ff6d80e7 done
2026-05-26T14:52:59.6004263Z #25 exporting manifest list sha256:6610fe8189519ddb33bccbf9fc13abe71ce4e6202a0d14d74b210ab4de492c71 done
2026-05-26T14:52:59.6004630Z #25 pushing layers
2026-05-26T14:53:00.6450260Z #25 pushing layers 1.3s done
2026-05-26T14:53:00.6450957Z #25 pushing manifest for docker.io/docker/dockerfile-upstream
2026-05-26T14:53:02.1216174Z #25 pushing manifest for docker.io/docker/dockerfile-upstream 1.5s done
2026-05-26T14:53:02.1216521Z #25 DONE 3.7s
2026-05-26T14:53:02.1216618Z 
2026-05-26T14:53:02.1216714Z #27 exporting to GitHub Actions Cache
2026-05-26T14:53:02.1216961Z #27 preparing build cache for export 0.0s done
2026-05-26T14:53:02.1217189Z #27 sending cache export
2026-05-26T14:53:02.1217563Z #27 writing layer sha256:316d91b955a8cf6cc5589516abf2a0ccec6353b4e1e727d2fbd8f79cfe7781dc 0.3s done
2026-05-26T14:53:02.1218063Z #27 writing layer sha256:e1bc2d8bd8aadb38c88a9dfd787a292b91a7705d2b29ba39e4633b391eed13e5 1.6s done
2026-05-26T14:53:02.1218547Z #27 signing cache index sha256:73232e36c617ece404ce5dfe7a38d9a4e16159b95cd2174ff2ed22271382470a
2026-05-26T14:53:23.3494297Z #27 sending cache export 24.0s done
2026-05-26T14:53:23.3495709Z #27 signing cache index sha256:73232e36c617ece404ce5dfe7a38d9a4e16159b95cd2174ff2ed22271382470a 21.4s done
2026-05-26T14:53:23.3498156Z #27 ERROR: signing command failed: + COSIGN_EXPERIMENTAL=1 cosign signing-config create '--with-default-services=true' '--out=/tmp/tmp.CHJDmh/signing-config.json'
2026-05-26T14:53:23.3500627Z + cosign sign-blob --yes --oidc-provider github-actions --new-bundle-format --signing-config /tmp/tmp.CHJDmh/signing-config.json --bundle /tmp/tmp.CHJDmh/bundle /tmp/tmp.CHJDmh/blob
2026-05-26T14:53:23.3503193Z Generating ephemeral keys...
2026-05-26T14:53:23.3503749Z Using payload from: /tmp/tmp.CHJDmh/blob
2026-05-26T14:53:23.3504088Z Signing artifact...
2026-05-26T14:53:23.3506235Z Error: signing /tmp/tmp.CHJDmh/blob: signing bundle: error signing bundle: [POST /api/v1/log/entries][409] createLogEntryConflict {"code":409,"message":"an equivalent entry already exists in the transparency log with UUID 108e9186e8c5677a9e1352a41e11bcf3d21a53ea7a4d69d7cea295808ca5ea4983b2260ad269e6f6"}
2026-05-26T14:53:23.3509679Z error during command execution: signing /tmp/tmp.CHJDmh/blob: signing bundle: error signing bundle: [POST /api/v1/log/entries][409] createLogEntryConflict {"code":409,"message":"an equivalent entry already exists in the transparency log with UUID 108e9186e8c5677a9e1352a41e11bcf3d21a53ea7a4d69d7cea295808ca5ea4983b2260ad269e6f6"}
2026-05-26T14:53:23.3511034Z + rm -rf /tmp/tmp.CHJDmh
2026-05-26T14:53:23.3511261Z : exit status 1
2026-05-26T14:53:23.4081167Z 
2026-05-26T14:53:23.4081884Z #28 resolving provenance for metadata file
2026-05-26T14:53:23.4082389Z #28 DONE 0.0s
2026-05-26T14:53:23.4082571Z ------
2026-05-26T14:53:23.4082817Z  > exporting to GitHub Actions Cache:
2026-05-26T14:53:23.4083162Z ------
2026-05-26T14:53:23.4150015Z ##[group]Metadata
2026-05-26T14:53:23.4150309Z {
2026-05-26T14:53:23.4150554Z   "frontend-image-cross": {
2026-05-26T14:53:23.4150893Z     "buildx.build.provenance": {
2026-05-26T14:53:23.4151195Z       "builder": {
2026-05-26T14:53:23.4151632Z         "id": "https://github.com/moby/buildkit/actions/runs/26454808703/attempts/1"
2026-05-26T14:53:23.4152085Z       },
2026-05-26T14:53:23.4152380Z       "buildType": "https://mobyproject.org/buildkit@v1",
2026-05-26T14:53:23.4152755Z       "materials": [
2026-05-26T14:53:23.4152996Z         {
2026-05-26T14:53:23.4153302Z           "uri": "pkg:docker/docker/buildkit-syft-scanner@1.11.0",
2026-05-26T14:53:23.4153700Z           "digest": {
2026-05-26T14:53:23.4154104Z             "sha256": "79e7b013cbec16bbb436f312819a49a4a57752b2270c1a9332ae1a10fcc82a68"
2026-05-26T14:53:23.4154596Z           }
2026-05-26T14:53:23.4154796Z         },
2026-05-26T14:53:23.4155004Z         {
2026-05-26T14:53:23.4155303Z           "uri": "pkg:docker/docker/dockerfile-upstream@master",
2026-05-26T14:53:23.4155680Z           "digest": {
2026-05-26T14:53:23.4156606Z             "sha256": "462a71a970b56a75671e91db77f9a045f276fd9757e3a2ef1f553704a6b52437"
2026-05-26T14:53:23.4157082Z           }
2026-05-26T14:53:23.4157292Z         },
2026-05-26T14:53:23.4157494Z         {
2026-05-26T14:53:23.4157834Z           "uri": "pkg:docker/golang@1.26-alpine3.23?platform=linux%2Famd64",
2026-05-26T14:53:23.4158257Z           "digest": {
2026-05-26T14:53:23.4158671Z             "sha256": "91eda9776261207ea25fd06b5b7fed8d397dd2c0a283e77f2ab6e91bfa71079d"
2026-05-26T14:53:23.4159146Z           }
2026-05-26T14:53:23.4159346Z         },
2026-05-26T14:53:23.4159541Z         {
2026-05-26T14:53:23.4159850Z           "uri": "pkg:docker/tonistiigi/xx@1.9.0?platform=linux%2Famd64",
2026-05-26T14:53:23.4160258Z           "digest": {
2026-05-26T14:53:23.4160676Z             "sha256": "c64defb9ed5a91eacb37f96ccc3d4cd72521c4bd18d5442905b95e2226b0e707"
2026-05-26T14:53:23.4161117Z           }
2026-05-26T14:53:23.4161258Z         },
2026-05-26T14:53:23.4161392Z         {
2026-05-26T14:53:23.4161612Z           "uri": "https://github.com/moby/buildkit.git#refs/heads/master",
2026-05-26T14:53:23.4162014Z           "digest": {
2026-05-26T14:53:23.4162332Z             "sha1": "efd9efcd052646f36bc5681952d72ef6cf00c50c"
2026-05-26T14:53:23.4162914Z           }
2026-05-26T14:53:23.4163056Z         }
2026-05-26T14:53:23.4163188Z       ],
2026-05-26T14:53:23.4163336Z       "invocation": {
2026-05-26T14:53:23.4163505Z         "configSource": {
2026-05-26T14:53:23.4163750Z           "uri": "https://github.com/moby/buildkit.git#refs/heads/master",
2026-05-26T14:53:23.4164008Z           "digest": {
2026-05-26T14:53:23.4164268Z             "sha1": "efd9efcd052646f36bc5681952d72ef6cf00c50c"
2026-05-26T14:53:23.4164641Z           },
2026-05-26T14:53:23.4164886Z           "entryPoint": "frontend/dockerfile/cmd/dockerfile-frontend/Dockerfile"
2026-05-26T14:53:23.4165213Z         },
2026-05-26T14:53:23.4165365Z         "parameters": {
2026-05-26T14:53:23.4165551Z           "frontend": "gateway.v0",
2026-05-26T14:53:23.4165745Z           "args": {
2026-05-26T14:53:23.4166155Z             "build-arg:BUILDKIT_CONTEXT_KEEP_GIT_DIR": "1",
2026-05-26T14:53:23.4166414Z             "build-arg:CHANNEL": "mainline",
2026-05-26T14:53:23.4166697Z             "build-arg:DOCKER_META_IMAGES": "docker/dockerfile-upstream",
2026-05-26T14:53:23.4166992Z             "build-arg:DOCKER_META_VERSION": "master",
2026-05-26T14:53:23.4167250Z             "cmdline": "docker/dockerfile-upstream:master",
2026-05-26T14:53:23.4167516Z             "source": "docker/dockerfile-upstream:master"
2026-05-26T14:53:23.4167731Z           },
2026-05-26T14:53:23.4167899Z           "secrets": [
2026-05-26T14:53:23.4168061Z             {
2026-05-26T14:53:23.4168233Z               "id": "GIT_AUTH_HEADER",
2026-05-26T14:53:23.4168459Z               "optional": true
2026-05-26T14:53:23.4168642Z             },
2026-05-26T14:53:23.4168787Z             {
2026-05-26T14:53:23.4168938Z               "id": "GIT_AUTH_TOKEN",
2026-05-26T14:53:23.4169384Z               "optional": true
2026-05-26T14:53:23.4169663Z             }
2026-05-26T14:53:23.4169845Z           ],
2026-05-26T14:53:23.4170150Z           "root": {
2026-05-26T14:53:23.4170454Z             "configSource": {
2026-05-26T14:53:23.4182888Z               "uri": "https://github.com/moby/buildkit.git#refs/heads/master",
2026-05-26T14:53:23.4183411Z               "digest": {
2026-05-26T14:53:23.4183665Z                 "sha1": "efd9efcd052646f36bc5681952d72ef6cf00c50c"
2026-05-26T14:53:23.4183933Z               },
2026-05-26T14:53:23.4184206Z               "path": "frontend/dockerfile/cmd/dockerfile-frontend/Dockerfile"
2026-05-26T14:53:23.4184495Z             },
2026-05-26T14:53:23.4184672Z             "request": {
2026-05-26T14:53:23.4184868Z               "args": {
2026-05-26T14:53:23.4185104Z                 "build-arg:BUILDKIT_CONTEXT_KEEP_GIT_DIR": "1",
2026-05-26T14:53:23.4185388Z                 "build-arg:CHANNEL": "mainline",
2026-05-26T14:53:23.4185701Z                 "build-arg:DOCKER_META_IMAGES": "docker/dockerfile-upstream",
2026-05-26T14:53:23.4186771Z                 "build-arg:DOCKER_META_VERSION": "master"
2026-05-26T14:53:23.4187000Z               }
2026-05-26T14:53:23.4187170Z             }
2026-05-26T14:53:23.4187332Z           },
2026-05-26T14:53:23.4187514Z           "compatibilityVersion": 20
2026-05-26T14:53:23.4187737Z         },
2026-05-26T14:53:23.4187912Z         "environment": {
2026-05-26T14:53:23.4188124Z           "github_actor": "crazy-max",
2026-05-26T14:53:23.4188354Z           "github_actor_id": "1951866",
2026-05-26T14:53:23.4188570Z           "github_event_name": "push",
2026-05-26T14:53:23.4188797Z           "github_event_payload": {
2026-05-26T14:53:23.4189067Z             "after": "efd9efcd052646f36bc5681952d72ef6cf00c50c",
2026-05-26T14:53:23.4189349Z             "base_ref": null,
2026-05-26T14:53:23.4189598Z             "before": "94ef923d6e0d936a6e852e982a0923fd38c067ad",
2026-05-26T14:53:23.4189857Z             "commits": [
2026-05-26T14:53:23.4190043Z               {
2026-05-26T14:53:23.4190217Z                 "author": {
2026-05-26T14:53:23.4190483Z                   "email": "49699333+dependabot[bot]@users.noreply.github.com",
2026-05-26T14:53:23.4190784Z                   "name": "dependabot[bot]",
2026-05-26T14:53:23.4191244Z                   "username": "dependabot[bot]"
2026-05-26T14:53:23.4191479Z                 },
2026-05-26T14:53:23.4191666Z                 "committer": {
2026-05-26T14:53:23.4191889Z                   "email": "noreply@github.com",
2026-05-26T14:53:23.4192121Z                   "name": "GitHub",
2026-05-26T14:53:23.4192338Z                   "username": "web-flow"
2026-05-26T14:53:23.4192541Z                 },
2026-05-26T14:53:23.4192718Z                 "distinct": false,
2026-05-26T14:53:23.4193087Z                 "id": "f89db03c4d4c790f2052bbdc00d042ddc84a37ad",
2026-05-26T14:53:23.4195262Z                 "message": "build(deps): bump codecov/codecov-action from 6.0.0 to 6.0.1\n\nBumps [codecov/codecov-action](https://github.com/codecov/codecov-action) from 6.0.0 to 6.0.1.\n- [Release notes](https://github.com/codecov/codecov-action/releases)\n- [Changelog](https://github.com/codecov/codecov-action/blob/main/CHANGELOG.md)\n- [Commits](https://github.com/codecov/codecov-action/compare/57e3a136b779b570ffcdbf80b3bdc90e7fab3de2...e79a6962e0d4c0c17b229090214935d2e33f8354)\n\n---\nupdated-dependencies:\n- dependency-name: codecov/codecov-action\n  dependency-version: 6.0.1\n  dependency-type: direct:production\n  update-type: version-update:semver-patch\n...\n\nSigned-off-by: dependabot[bot] <support@github.com>",
2026-05-26T14:53:23.4197633Z                 "timestamp": "2026-05-20T05:44:31Z",
2026-05-26T14:53:23.4197923Z                 "tree_id": "6e82fae82419645e1f0eced46fb9228e045ab6f5",
2026-05-26T14:53:23.4198349Z                 "url": "https://github.com/moby/buildkit/commit/f89db03c4d4c790f2052bbdc00d042ddc84a37ad"
2026-05-26T14:53:23.4198698Z               },
2026-05-26T14:53:23.4198880Z               {
2026-05-26T14:53:23.4199053Z                 "author": {
2026-05-26T14:53:23.4199305Z                   "email": "1951866+crazy-max@users.noreply.github.com",
2026-05-26T14:53:23.4199584Z                   "name": "CrazyMax",
2026-05-26T14:53:23.4199810Z                   "username": "crazy-max"
2026-05-26T14:53:23.4200026Z                 },
2026-05-26T14:53:23.4200202Z                 "committer": {
2026-05-26T14:53:23.4200430Z                   "email": "noreply@github.com",
2026-05-26T14:53:23.4200692Z                   "name": "GitHub",
2026-05-26T14:53:23.4200940Z                   "username": "web-flow"
2026-05-26T14:53:23.4201146Z                 },
2026-05-26T14:53:23.4201304Z                 "distinct": true,
2026-05-26T14:53:23.4201551Z                 "id": "efd9efcd052646f36bc5681952d72ef6cf00c50c",
2026-05-26T14:53:23.4202134Z                 "message": "Merge pull request #6789 from moby/dependabot/github_actions/codecov/codecov-action-6.0.1\n\nbuild(deps): bump codecov/codecov-action from 6.0.0 to 6.0.1",
2026-05-26T14:53:23.4202704Z                 "timestamp": "2026-05-26T16:34:00+02:00",
2026-05-26T14:53:23.4202997Z                 "tree_id": "cbc11dccc5cb66c8a6e8c6e4df3d7f6931bcd7b5",
2026-05-26T14:53:23.4203388Z                 "url": "https://github.com/moby/buildkit/commit/efd9efcd052646f36bc5681952d72ef6cf00c50c"
2026-05-26T14:53:23.4203749Z               }
2026-05-26T14:53:23.4203904Z             ],
2026-05-26T14:53:23.4204191Z             "compare": "https://github.com/moby/buildkit/compare/94ef923d6e0d...efd9efcd0526",
2026-05-26T14:53:23.4204617Z             "created": false,
2026-05-26T14:53:23.4206157Z             "deleted": false,
2026-05-26T14:53:23.4206407Z             "enterprise": {
2026-05-26T14:53:23.4206748Z               "avatar_url": "https://avatars.githubusercontent.com/b/208541?v=4",
2026-05-26T14:53:23.4207187Z               "created_at": "2024-08-08T20:47:18Z",
2026-05-26T14:53:23.4207595Z               "description": "An open framework to assemble specialized container systems without reinventing the wheel.",
2026-05-26T14:53:23.4208045Z               "html_url": "https://github.com/enterprises/mobyproject",
2026-05-26T14:53:23.4208310Z               "id": 208541,
2026-05-26T14:53:23.4208491Z               "name": "Moby",
2026-05-26T14:53:23.4208882Z               "node_id": "E_kgDOAAMunQ",
2026-05-26T14:53:23.4209094Z               "slug": "mobyproject",
2026-05-26T14:53:23.4209307Z               "updated_at": "2026-04-29T17:28:08Z",
2026-05-26T14:53:23.4209546Z               "website_url": "https://mobyproject.org"
2026-05-26T14:53:23.4209766Z             },
2026-05-26T14:53:23.4209922Z             "forced": false,
2026-05-26T14:53:23.4210106Z             "head_commit": {
2026-05-26T14:53:23.4210280Z               "author": {
2026-05-26T14:53:23.4210633Z                 "email": "1951866+crazy-max@users.noreply.github.com",
2026-05-26T14:53:23.4210890Z                 "name": "CrazyMax",
2026-05-26T14:53:23.4211089Z                 "username": "crazy-max"
2026-05-26T14:53:23.4211281Z               },
2026-05-26T14:53:23.4211437Z               "committer": {
2026-05-26T14:53:23.4211629Z                 "email": "noreply@github.com",
2026-05-26T14:53:23.4211844Z                 "name": "GitHub",
2026-05-26T14:53:23.4212043Z                 "username": "web-flow"
2026-05-26T14:53:23.4212233Z               },
2026-05-26T14:53:23.4212395Z               "distinct": true,
2026-05-26T14:53:23.4212614Z               "id": "efd9efcd052646f36bc5681952d72ef6cf00c50c",
2026-05-26T14:53:23.4213189Z               "message": "Merge pull request #6789 from moby/dependabot/github_actions/codecov/codecov-action-6.0.1\n\nbuild(deps): bump codecov/codecov-action from 6.0.0 to 6.0.1",
2026-05-26T14:53:23.4213731Z               "timestamp": "2026-05-26T16:34:00+02:00",
2026-05-26T14:53:23.4213991Z               "tree_id": "cbc11dccc5cb66c8a6e8c6e4df3d7f6931bcd7b5",
2026-05-26T14:53:23.4214367Z               "url": "https://github.com/moby/buildkit/commit/efd9efcd052646f36bc5681952d72ef6cf00c50c"
2026-05-26T14:53:23.4214694Z             },
2026-05-26T14:53:23.4214848Z             "organization": {
2026-05-26T14:53:23.4215117Z               "avatar_url": "https://avatars.githubusercontent.com/u/27259197?v=4",
2026-05-26T14:53:23.4215591Z               "description": "An open framework to assemble specialized container systems without reinventing the wheel.",
2026-05-26T14:53:23.4216348Z               "events_url": "https://api.github.com/orgs/moby/events",
2026-05-26T14:53:23.4216655Z               "hooks_url": "https://api.github.com/orgs/moby/hooks",
2026-05-26T14:53:23.4216908Z               "id": 27259197,
2026-05-26T14:53:23.4217141Z               "issues_url": "https://api.github.com/orgs/moby/issues",
2026-05-26T14:53:23.4217392Z               "login": "moby",
2026-05-26T14:53:23.4217659Z               "members_url": "https://api.github.com/orgs/moby/members{/member}",
2026-05-26T14:53:23.4217979Z               "node_id": "MDEyOk9yZ2FuaXphdGlvbjI3MjU5MTk3",
2026-05-26T14:53:23.4218332Z               "public_members_url": "https://api.github.com/orgs/moby/public_members{/member}",
2026-05-26T14:53:23.4218698Z               "repos_url": "https://api.github.com/orgs/moby/repos",
2026-05-26T14:53:23.4218975Z               "url": "https://api.github.com/orgs/moby"
2026-05-26T14:53:23.4219200Z             },
2026-05-26T14:53:23.4219358Z             "pusher": {
2026-05-26T14:53:23.4219573Z               "email": "1951866+crazy-max@users.noreply.github.com",
2026-05-26T14:53:23.4219820Z               "name": "crazy-max"
2026-05-26T14:53:23.4220001Z             },
2026-05-26T14:53:23.4220163Z             "ref": "refs/heads/master",
2026-05-26T14:53:23.4220359Z             "repository": {
2026-05-26T14:53:23.4220553Z               "allow_forking": true,
2026-05-26T14:53:23.4220867Z               "archive_url": "https://api.github.com/repos/moby/buildkit/{archive_format}{/ref}",
2026-05-26T14:53:23.4221188Z               "archived": false,
2026-05-26T14:53:23.4221480Z               "assignees_url": "https://api.github.com/repos/moby/buildkit/assignees{/user}",
2026-05-26T14:53:23.4221871Z               "blobs_url": "https://api.github.com/repos/moby/buildkit/git/blobs{/sha}",
2026-05-26T14:53:23.4222260Z               "branches_url": "https://api.github.com/repos/moby/buildkit/branches{/branch}",
2026-05-26T14:53:23.4222749Z               "clone_url": "https://github.com/moby/buildkit.git",
2026-05-26T14:53:23.4223145Z               "collaborators_url": "https://api.github.com/repos/moby/buildkit/collaborators{/collaborator}",
2026-05-26T14:53:23.4223595Z               "comments_url": "https://api.github.com/repos/moby/buildkit/comments{/number}",
2026-05-26T14:53:23.4224024Z               "commits_url": "https://api.github.com/repos/moby/buildkit/commits{/sha}",
2026-05-26T14:53:23.4224752Z               "compare_url": "https://api.github.com/repos/moby/buildkit/compare/{base}...{head}",
2026-05-26T14:53:23.4225292Z               "contents_url": "https://api.github.com/repos/moby/buildkit/contents/{+path}",
2026-05-26T14:53:23.4226102Z               "contributors_url": "https://api.github.com/repos/moby/buildkit/contributors",
2026-05-26T14:53:23.4226629Z               "created_at": 1496250250,
2026-05-26T14:53:23.4226954Z               "custom_properties": {},
2026-05-26T14:53:23.4227297Z               "default_branch": "master",
2026-05-26T14:53:23.4227794Z               "deployments_url": "https://api.github.com/repos/moby/buildkit/deployments",
2026-05-26T14:53:23.4228520Z               "description": "concurrent, cache-efficient, and Dockerfile-agnostic builder toolkit",
2026-05-26T14:53:23.4229076Z               "disabled": false,
2026-05-26T14:53:23.4229515Z               "downloads_url": "https://api.github.com/repos/moby/buildkit/downloads",
2026-05-26T14:53:23.4230125Z               "events_url": "https://api.github.com/repos/moby/buildkit/events",
2026-05-26T14:53:23.4230567Z               "fork": false,
2026-05-26T14:53:23.4230844Z               "forks": 1420,
2026-05-26T14:53:23.4231120Z               "forks_count": 1420,
2026-05-26T14:53:23.4231532Z               "forks_url": "https://api.github.com/repos/moby/buildkit/forks",
2026-05-26T14:53:23.4231986Z               "full_name": "moby/buildkit",
2026-05-26T14:53:23.4232492Z               "git_commits_url": "https://api.github.com/repos/moby/buildkit/git/commits{/sha}",
2026-05-26T14:53:23.4233164Z               "git_refs_url": "https://api.github.com/repos/moby/buildkit/git/refs{/sha}",
2026-05-26T14:53:23.4233804Z               "git_tags_url": "https://api.github.com/repos/moby/buildkit/git/tags{/sha}",
2026-05-26T14:53:23.4234342Z               "git_url": "git://github.com/moby/buildkit.git",
2026-05-26T14:53:23.4234731Z               "has_discussions": true,
2026-05-26T14:53:23.4235047Z               "has_downloads": true,
2026-05-26T14:53:23.4235364Z               "has_issues": true,
2026-05-26T14:53:23.4235661Z               "has_pages": false,
2026-05-26T14:53:23.4236109Z               "has_projects": true,
2026-05-26T14:53:23.4236436Z               "has_pull_requests": true,
2026-05-26T14:53:23.4236747Z               "has_wiki": false,
2026-05-26T14:53:23.4237137Z               "homepage": "https://github.com/moby/moby/issues/34227",
2026-05-26T14:53:23.4237660Z               "hooks_url": "https://api.github.com/repos/moby/buildkit/hooks",
2026-05-26T14:53:23.4238157Z               "html_url": "https://github.com/moby/buildkit",
2026-05-26T14:53:23.4238521Z               "id": 92969352,
2026-05-26T14:53:23.4238790Z               "is_template": false,
2026-05-26T14:53:23.4239314Z               "issue_comment_url": "https://api.github.com/repos/moby/buildkit/issues/comments{/number}",
2026-05-26T14:53:23.4240086Z               "issue_events_url": "https://api.github.com/repos/moby/buildkit/issues/events{/number}",
2026-05-26T14:53:23.4240752Z               "issues_url": "https://api.github.com/repos/moby/buildkit/issues{/number}",
2026-05-26T14:53:23.4241312Z               "keys_url": "https://api.github.com/repos/moby/buildkit/keys{/key_id}",
2026-05-26T14:53:23.4241857Z               "labels_url": "https://api.github.com/repos/moby/buildkit/labels{/name}",
2026-05-26T14:53:23.4242278Z               "language": "Go",
2026-05-26T14:53:23.4242658Z               "languages_url": "https://api.github.com/repos/moby/buildkit/languages",
2026-05-26T14:53:23.4243270Z               "license": {
2026-05-26T14:53:23.4243536Z                 "key": "apache-2.0",
2026-05-26T14:53:23.4243832Z                 "name": "Apache License 2.0",
2026-05-26T14:53:23.4244154Z                 "node_id": "MDc6TGljZW5zZTI=",
2026-05-26T14:53:23.4244464Z                 "spdx_id": "Apache-2.0",
2026-05-26T14:53:23.4244817Z                 "url": "https://api.github.com/licenses/apache-2.0"
2026-05-26T14:53:23.4245170Z               },
2026-05-26T14:53:23.4245531Z               "master_branch": "master",
2026-05-26T14:53:23.4246059Z               "merges_url": "https://api.github.com/repos/moby/buildkit/merges",
2026-05-26T14:53:23.4246684Z               "milestones_url": "https://api.github.com/repos/moby/buildkit/milestones{/number}",
2026-05-26T14:53:23.4247173Z               "mirror_url": null,
2026-05-26T14:53:23.4247433Z               "name": "buildkit",
2026-05-26T14:53:23.4247749Z               "node_id": "MDEwOlJlcG9zaXRvcnk5Mjk2OTM1Mg==",
2026-05-26T14:53:23.4248377Z               "notifications_url": "https://api.github.com/repos/moby/buildkit/notifications{?since,all,participating}",
2026-05-26T14:53:23.4248953Z               "open_issues": 901,
2026-05-26T14:53:23.4249219Z               "open_issues_count": 901,
2026-05-26T14:53:23.4249540Z               "organization": "moby",
2026-05-26T14:53:23.4249840Z               "owner": {
2026-05-26T14:53:23.4250217Z                 "avatar_url": "https://avatars.githubusercontent.com/u/27259197?v=4",
2026-05-26T14:53:23.4250667Z                 "email": null,
2026-05-26T14:53:23.4251105Z                 "events_url": "https://api.github.com/users/moby/events{/privacy}",
2026-05-26T14:53:23.4251667Z                 "followers_url": "https://api.github.com/users/moby/followers",
2026-05-26T14:53:23.4252264Z                 "following_url": "https://api.github.com/users/moby/following{/other_user}",
2026-05-26T14:53:23.4252856Z                 "gists_url": "https://api.github.com/users/moby/gists{/gist_id}",
2026-05-26T14:53:23.4253292Z                 "gravatar_id": "",
2026-05-26T14:53:23.4253669Z                 "html_url": "https://github.com/moby",
2026-05-26T14:53:23.4254008Z                 "id": 27259197,
2026-05-26T14:53:23.4254275Z                 "login": "moby",
2026-05-26T14:53:23.4254544Z                 "name": "moby",
2026-05-26T14:53:23.4254878Z                 "node_id": "MDEyOk9yZ2FuaXphdGlvbjI3MjU5MTk3",
2026-05-26T14:53:23.4255370Z                 "organizations_url": "https://api.github.com/users/moby/orgs",
2026-05-26T14:53:23.4256087Z                 "received_events_url": "https://api.github.com/users/moby/received_events",
2026-05-26T14:53:23.4256656Z                 "repos_url": "https://api.github.com/users/moby/repos",
2026-05-26T14:53:23.4257061Z                 "site_admin": false,
2026-05-26T14:53:23.4257514Z                 "starred_url": "https://api.github.com/users/moby/starred{/owner}{/repo}",
2026-05-26T14:53:23.4258146Z                 "subscriptions_url": "https://api.github.com/users/moby/subscriptions",
2026-05-26T14:53:23.4258627Z                 "type": "Organization",
2026-05-26T14:53:23.4258981Z                 "url": "https://api.github.com/users/moby",
2026-05-26T14:53:23.4259352Z                 "user_view_type": "public"
2026-05-26T14:53:23.4259650Z               },
2026-05-26T14:53:23.4259877Z               "private": false,
2026-05-26T14:53:23.4260187Z               "pull_request_creation_policy": "all",
2026-05-26T14:53:23.4260681Z               "pulls_url": "https://api.github.com/repos/moby/buildkit/pulls{/number}",
2026-05-26T14:53:23.4261165Z               "pushed_at": 1779806040,
2026-05-26T14:53:23.4261629Z               "releases_url": "https://api.github.com/repos/moby/buildkit/releases{/id}",
2026-05-26T14:53:23.4262105Z               "size": 60352,
2026-05-26T14:53:23.4262427Z               "ssh_url": "git@github.com:moby/buildkit.git",
2026-05-26T14:53:23.4262790Z               "stargazers": 9989,
2026-05-26T14:53:23.4263086Z               "stargazers_count": 9989,
2026-05-26T14:53:23.4263719Z               "stargazers_url": "https://api.github.com/repos/moby/buildkit/stargazers",
2026-05-26T14:53:23.4264387Z               "statuses_url": "https://api.github.com/repos/moby/buildkit/statuses/{sha}",
2026-05-26T14:53:23.4265015Z               "subscribers_url": "https://api.github.com/repos/moby/buildkit/subscribers",
2026-05-26T14:53:23.4265672Z               "subscription_url": "https://api.github.com/repos/moby/buildkit/subscription",
2026-05-26T14:53:23.4266633Z               "svn_url": "https://github.com/moby/buildkit",
2026-05-26T14:53:23.4267053Z               "tags_url": "https://api.github.com/repos/moby/buildkit/tags",
2026-05-26T14:53:23.4267542Z               "teams_url": "https://api.github.com/repos/moby/buildkit/teams",
2026-05-26T14:53:23.4267809Z               "topics": [
2026-05-26T14:53:23.4267977Z                 "builder",
2026-05-26T14:53:23.4268150Z                 "buildkit",
2026-05-26T14:53:23.4268326Z                 "cloud-native",
2026-05-26T14:53:23.4268515Z                 "containers",
2026-05-26T14:53:23.4268692Z                 "docker",
2026-05-26T14:53:23.4268852Z                 "dockerfile",
2026-05-26T14:53:23.4269015Z                 "go",
2026-05-26T14:53:23.4269168Z                 "golang",
2026-05-26T14:53:23.4269335Z                 "oci",
2026-05-26T14:53:23.4269501Z                 "oci-image"
2026-05-26T14:53:23.4269667Z               ],
2026-05-26T14:53:23.4269908Z               "trees_url": "https://api.github.com/repos/moby/buildkit/git/trees{/sha}",
2026-05-26T14:53:23.4270221Z               "updated_at": "2026-05-26T14:04:45Z",
2026-05-26T14:53:23.4270473Z               "url": "https://api.github.com/repos/moby/buildkit",
2026-05-26T14:53:23.4270720Z               "visibility": "public",
2026-05-26T14:53:23.4270912Z               "watchers": 9989,
2026-05-26T14:53:23.4271089Z               "watchers_count": 9989,
2026-05-26T14:53:23.4271292Z               "web_commit_signoff_required": true
2026-05-26T14:53:23.4271500Z             },
2026-05-26T14:53:23.4271648Z             "sender": {
2026-05-26T14:53:23.4271898Z               "avatar_url": "https://avatars.githubusercontent.com/u/1951866?v=4",
2026-05-26T14:53:23.4272258Z               "events_url": "https://api.github.com/users/crazy-max/events{/privacy}",
2026-05-26T14:53:23.4272615Z               "followers_url": "https://api.github.com/users/crazy-max/followers",
2026-05-26T14:53:23.4272990Z               "following_url": "https://api.github.com/users/crazy-max/following{/other_user}",
2026-05-26T14:53:23.4273373Z               "gists_url": "https://api.github.com/users/crazy-max/gists{/gist_id}",
2026-05-26T14:53:23.4273652Z               "gravatar_id": "",
2026-05-26T14:53:23.4273869Z               "html_url": "https://github.com/crazy-max",
2026-05-26T14:53:23.4274090Z               "id": 1951866,
2026-05-26T14:53:23.4274271Z               "login": "crazy-max",
2026-05-26T14:53:23.4274477Z               "node_id": "MDQ6VXNlcjE5NTE4NjY=",
2026-05-26T14:53:23.4274765Z               "organizations_url": "https://api.github.com/users/crazy-max/orgs",
2026-05-26T14:53:23.4275146Z               "received_events_url": "https://api.github.com/users/crazy-max/received_events",
2026-05-26T14:53:23.4275508Z               "repos_url": "https://api.github.com/users/crazy-max/repos",
2026-05-26T14:53:23.4275925Z               "site_admin": false,
2026-05-26T14:53:23.4276264Z               "starred_url": "https://api.github.com/users/crazy-max/starred{/owner}{/repo}",
2026-05-26T14:53:23.4276668Z               "subscriptions_url": "https://api.github.com/users/crazy-max/subscriptions",
2026-05-26T14:53:23.4276966Z               "type": "User",
2026-05-26T14:53:23.4277182Z               "url": "https://api.github.com/users/crazy-max",
2026-05-26T14:53:23.4277419Z               "user_view_type": "public"
2026-05-26T14:53:23.4277602Z             }
2026-05-26T14:53:23.4277744Z           },
2026-05-26T14:53:23.4277895Z           "github_job": "build",
2026-05-26T14:53:23.4278221Z           "github_ref": "refs/heads/master",
2026-05-26T14:53:23.4278436Z           "github_ref_name": "master",
2026-05-26T14:53:23.4278641Z           "github_ref_protected": "true",
2026-05-26T14:53:23.4278839Z           "github_ref_type": "branch",
2026-05-26T14:53:23.4279045Z           "github_repository": "moby/buildkit",
2026-05-26T14:53:23.4279264Z           "github_repository_id": "92969352",
2026-05-26T14:53:23.4279477Z           "github_repository_owner": "moby",
2026-05-26T14:53:23.4279794Z           "github_repository_owner_id": "27259197",
2026-05-26T14:53:23.4280014Z           "github_run_attempt": "1",
2026-05-26T14:53:23.4280210Z           "github_run_id": "26454808703",
2026-05-26T14:53:23.4280411Z           "github_run_number": "8123",
2026-05-26T14:53:23.4280604Z           "github_runner_arch": "X64",
2026-05-26T14:53:23.4280826Z           "github_runner_environment": "github-hosted",
2026-05-26T14:53:23.4281065Z           "github_runner_image_os": "ubuntu24",
2026-05-26T14:53:23.4281300Z           "github_runner_image_version": "20260518.149.1",
2026-05-26T14:53:23.4281560Z           "github_runner_name": "GitHub Actions 1001452720",
2026-05-26T14:53:23.4281790Z           "github_runner_os": "Linux",
2026-05-26T14:53:23.4282068Z           "github_runner_tracking_id": "github_9ca72281-52d8-42fc-a940-e7476d649a72",
2026-05-26T14:53:23.4282386Z           "github_server_url": "https://github.com",
2026-05-26T14:53:23.4282622Z           "github_triggering_actor": "crazy-max",
2026-05-26T14:53:23.4282845Z           "github_workflow": "frontend",
2026-05-26T14:53:23.4283166Z           "github_workflow_ref": "moby/buildkit/.github/workflows/frontend.yml@refs/heads/master",
2026-05-26T14:53:23.4283552Z           "github_workflow_sha": "efd9efcd052646f36bc5681952d72ef6cf00c50c",
2026-05-26T14:53:23.4283823Z           "platform": "linux/amd64"
2026-05-26T14:53:23.4284007Z         }
2026-05-26T14:53:23.4284139Z       }
2026-05-26T14:53:23.4284274Z     },
2026-05-26T14:53:23.4284702Z     "buildx.build.ref": "builder-55e5b171-6c2a-4f10-beea-1303c6fb66df/builder-55e5b171-6c2a-4f10-beea-1303c6fb66df0/qn6ymym44cvt4wi4vcry5nqu0",
2026-05-26T14:53:23.4285179Z     "containerimage.descriptor": {
2026-05-26T14:53:23.4285432Z       "mediaType": "application/vnd.oci.image.index.v1+json",
2026-05-26T14:53:23.4286119Z       "digest": "sha256:6610fe8189519ddb33bccbf9fc13abe71ce4e6202a0d14d74b210ab4de492c71",
2026-05-26T14:53:23.4286441Z       "size": 856
2026-05-26T14:53:23.4286591Z     },
2026-05-26T14:53:23.4286901Z     "containerimage.digest": "sha256:6610fe8189519ddb33bccbf9fc13abe71ce4e6202a0d14d74b210ab4de492c71",
2026-05-26T14:53:23.4287282Z     "image.name": "docker/dockerfile-upstream"
2026-05-26T14:53:23.4287483Z   }
2026-05-26T14:53:23.4287615Z }
2026-05-26T14:53:23.4287978Z ##[endgroup]
2026-05-26T14:53:23.4288256Z ##[group]Build references
2026-05-26T14:53:23.4288657Z builder-55e5b171-6c2a-4f10-beea-1303c6fb66df/builder-55e5b171-6c2a-4f10-beea-1303c6fb66df0/qn6ymym44cvt4wi4vcry5nqu0
2026-05-26T14:53:23.4289163Z ##[endgroup]
2026-05-26T14:53:23.4289431Z ##[group]Check build summary support
2026-05-26T14:53:23.4289753Z Build summary supported!
2026-05-26T14:53:23.4290031Z ##[endgroup]
2026-05-26T14:53:23.4330694Z ##[group]Run actions/github-script@3a2844b7e9c422d3c10d287c895573f7108da1b3
2026-05-26T14:53:23.4330996Z with:
2026-05-26T14:53:23.4331656Z   script: const inpTarget = core.getInput('target');
const inpMetadata = JSON.parse(core.getInput('metadata'));
const imageDigest = inpMetadata[inpTarget]['containerimage.digest'];
core.info(imageDigest);
core.setOutput('digest', imageDigest);

2026-05-26T14:53:23.4332461Z   github-token: ***
2026-05-26T14:53:23.4332636Z   debug: false
2026-05-26T14:53:23.4332807Z   user-agent: actions/github-script
2026-05-26T14:53:23.4333025Z   result-encoding: json
2026-05-26T14:53:23.4333197Z   retries: 0
2026-05-26T14:53:23.4333384Z   retry-exempt-status-codes: 400,401,403,404,422
2026-05-26T14:53:23.4333603Z env:
2026-05-26T14:53:23.4333751Z   BUILDX_VERSION: v0.34.1
2026-05-26T14:53:23.4333949Z   BUILDKIT_IMAGE: moby/buildkit:v0.30.0
2026-05-26T14:53:23.4334188Z   SBOM_IMAGE: docker/buildkit-syft-scanner:1.11.0
2026-05-26T14:53:23.4334475Z   BINFMT_IMAGE: tonistiigi/binfmt:qemu-v10.2.1-65
2026-05-26T14:53:23.4334754Z   DOCKER_ACTIONS_TOOLKIT_MODULE: @docker/actions-toolkit@0.90.0
2026-05-26T14:53:23.4335013Z   COSIGN_VERSION: v3.0.6
2026-05-26T14:53:23.4335205Z   LOCAL_EXPORT_DIR: /tmp/buildx-output
2026-05-26T14:53:23.4335413Z   MATRIX_SIZE_LIMIT: 20
2026-05-26T14:53:23.4335745Z   BUILDX_SEND_GIT_QUERY_AS_INPUT: true
2026-05-26T14:53:23.4336208Z   NPM_CONFIG_FETCH_RETRIES: 5
2026-05-26T14:53:23.4336415Z   DOCKER_METADATA_OUTPUT_VERSION: master
2026-05-26T14:53:23.4336689Z   DOCKER_METADATA_OUTPUT_TAGS: docker/dockerfile-upstream:master
2026-05-26T14:53:23.4336969Z   DOCKER_METADATA_OUTPUT_TAG_NAMES: master
2026-05-26T14:53:23.4338506Z   DOCKER_METADATA_OUTPUT_LABELS: org.opencontainers.image.created=2026-05-26T14:51:49.817Z
org.opencontainers.image.description=concurrent, cache-efficient, and Dockerfile-agnostic builder toolkit
org.opencontainers.image.licenses=Apache-2.0
org.opencontainers.image.revision=efd9efcd052646f36bc5681952d72ef6cf00c50c
org.opencontainers.image.source=https://github.com/moby/buildkit
org.opencontainers.image.title=buildkit
org.opencontainers.image.url=https://github.com/moby/buildkit
org.opencontainers.image.version=master
2026-05-26T14:53:23.4341602Z   DOCKER_METADATA_OUTPUT_ANNOTATIONS: manifest:org.opencontainers.image.created=2026-05-26T14:51:49.817Z
manifest:org.opencontainers.image.description=concurrent, cache-efficient, and Dockerfile-agnostic builder toolkit
manifest:org.opencontainers.image.licenses=Apache-2.0
manifest:org.opencontainers.image.revision=efd9efcd052646f36bc5681952d72ef6cf00c50c
manifest:org.opencontainers.image.source=https://github.com/moby/buildkit
manifest:org.opencontainers.image.title=Dockerfile Frontend
manifest:org.opencontainers.image.url=https://github.com/moby/buildkit
manifest:org.opencontainers.image.vendor=Moby
manifest:org.opencontainers.image.version=master
2026-05-26T14:53:23.4346924Z   DOCKER_METADATA_OUTPUT_JSON: {"tags":["docker/dockerfile-upstream:master"],"tag-names":["master"],"labels":{"org.opencontainers.image.created":"2026-05-26T14:51:49.817Z","org.opencontainers.image.description":"concurrent, cache-efficient, and Dockerfile-agnostic builder toolkit","org.opencontainers.image.licenses":"Apache-2.0","org.opencontainers.image.revision":"efd9efcd052646f36bc5681952d72ef6cf00c50c","org.opencontainers.image.source":"https://github.com/moby/buildkit","org.opencontainers.image.title":"buildkit","org.opencontainers.image.url":"https://github.com/moby/buildkit","org.opencontainers.image.version":"master"},"annotations":["manifest:org.opencontainers.image.created=2026-05-26T14:51:49.817Z","manifest:org.opencontainers.image.description=concurrent, cache-efficient, and Dockerfile-agnostic builder toolkit","manifest:org.opencontainers.image.licenses=Apache-2.0","manifest:org.opencontainers.image.revision=efd9efcd052646f36bc5681952d72ef6cf00c50c","manifest:org.opencontainers.image.source=https://github.com/moby/buildkit","manifest:org.opencontainers.image.title=Dockerfile Frontend","manifest:org.opencontainers.image.url=https://github.com/moby/buildkit","manifest:org.opencontainers.image.vendor=Moby","manifest:org.opencontainers.image.version=master"]}
2026-05-26T14:53:23.4350801Z   DOCKER_METADATA_OUTPUT_BAKE_FILE_TAGS: /home/runner/work/_temp/docker-actions-toolkit-aad2mZ/docker-metadata-action-bake-tags.json
2026-05-26T14:53:23.4351490Z   DOCKER_METADATA_OUTPUT_BAKE_FILE_LABELS: /home/runner/work/_temp/docker-actions-toolkit-aad2mZ/docker-metadata-action-bake-labels.json
2026-05-26T14:53:23.4352206Z   DOCKER_METADATA_OUTPUT_BAKE_FILE_ANNOTATIONS: /home/runner/work/_temp/docker-actions-toolkit-aad2mZ/docker-metadata-action-bake-annotations.json
2026-05-26T14:53:23.4352883Z   DOCKER_METADATA_OUTPUT_BAKE_FILE: /home/runner/work/_temp/docker-actions-toolkit-aad2mZ/docker-metadata-action-bake.json
2026-05-26T14:53:23.4353358Z   ACTIONS_RUNNER_ACTION_ARCHIVE_CACHE: /opt/actionarchivecache
2026-05-26T14:53:23.4353897Z   ACTIONS_RUNTIME_URL: https://pipelinesghubeus2.actions.githubusercontent.com/VSeSJsGRiRCTiu0PRaYdcZnubUW6TSVddo0DTZpqG1wDqsIbXb/
2026-05-26T14:53:23.4442708Z   ACTIONS_RUNTIME_TOKEN: ***
2026-05-26T14:53:23.4443155Z   ACTIONS_CACHE_URL: https://acghubeus1.actions.githubusercontent.com/VSeSJsGRiRCTiu0PRaYdcZnubUW6TSVddo0DTZpqG1wDqsIbXb/
2026-05-26T14:53:23.4444060Z   ACTIONS_ID_TOKEN_REQUEST_URL: https://run-actions-3-azure-eastus.actions.githubusercontent.com/143//idtoken/75ea24ac-6102-4b81-8903-1036fb9e5205/ca0e3957-19fa-542d-a68b-f839d0a2ed0a?api-version=2.0
2026-05-26T14:53:23.4532953Z   ACTIONS_ID_TOKEN_REQUEST_TOKEN: ***
2026-05-26T14:53:23.4533293Z   ACTIONS_RESULTS_URL: https://results-receiver.actions.githubusercontent.com/
2026-05-26T14:53:23.4533621Z   ACTIONS_CACHE_SERVICE_V2: True
2026-05-26T14:53:23.4534051Z   ACTIONS_ORCHESTRATION_ID: 75ea24ac-6102-4b81-8903-1036fb9e5205.image.mainline_docker_dockerfil.build._4_linux_mips_ubuntu-24_0
2026-05-26T14:53:23.4534498Z   INPUT_TARGET: frontend-image-cross
2026-05-26T14:53:23.4573616Z   INPUT_METADATA: {
  "frontend-image-cross": {
    "buildx.build.provenance": {
      "builder": {
        "id": "https://github.com/moby/buildkit/actions/runs/26454808703/attempts/1"
      },
      "buildType": "https://mobyproject.org/buildkit@v1",
      "materials": [
        {
          "uri": "pkg:docker/docker/buildkit-syft-scanner@1.11.0",
          "digest": {
            "sha256": "79e7b013cbec16bbb436f312819a49a4a57752b2270c1a9332ae1a10fcc82a68"
          }
        },
        {
          "uri": "pkg:docker/docker/dockerfile-upstream@master",
          "digest": {
            "sha256": "462a71a970b56a75671e91db77f9a045f276fd9757e3a2ef1f553704a6b52437"
          }
        },
        {
          "uri": "pkg:docker/golang@1.26-alpine3.23?platform=linux%2Famd64",
          "digest": {
            "sha256": "91eda9776261207ea25fd06b5b7fed8d397dd2c0a283e77f2ab6e91bfa71079d"
          }
        },
        {
          "uri": "pkg:docker/tonistiigi/xx@1.9.0?platform=linux%2Famd64",
          "digest": {
            "sha256": "c64defb9ed5a91eacb37f96ccc3d4cd72521c4bd18d5442905b95e2226b0e707"
          }
        },
        {
          "uri": "https://github.com/moby/buildkit.git#refs/heads/master",
          "digest": {
            "sha1": "efd9efcd052646f36bc5681952d72ef6cf00c50c"
          }
        }
      ],
      "invocation": {
        "configSource": {
          "uri": "https://github.com/moby/buildkit.git#refs/heads/master",
          "digest": {
            "sha1": "efd9efcd052646f36bc5681952d72ef6cf00c50c"
          },
          "entryPoint": "frontend/dockerfile/cmd/dockerfile-frontend/Dockerfile"
        },
        "parameters": {
          "frontend": "gateway.v0",
          "args": {
            "build-arg:BUILDKIT_CONTEXT_KEEP_GIT_DIR": "1",
            "build-arg:CHANNEL": "mainline",
            "build-arg:DOCKER_META_IMAGES": "docker/dockerfile-upstream",
            "build-arg:DOCKER_META_VERSION": "master",
            "cmdline": "docker/dockerfile-upstream:master",
            "source": "docker/dockerfile-upstream:master"
          },
          "secrets": [
            {
              "id": "GIT_AUTH_HEADER",
              "optional": true
            },
            {
              "id": "GIT_AUTH_TOKEN",
              "optional": true
            }
          ],
          "root": {
            "configSource": {
              "uri": "https://github.com/moby/buildkit.git#refs/heads/master",
              "digest": {
                "sha1": "efd9efcd052646f36bc5681952d72ef6cf00c50c"
              },
              "path": "frontend/dockerfile/cmd/dockerfile-frontend/Dockerfile"
            },
            "request": {
              "args": {
                "build-arg:BUILDKIT_CONTEXT_KEEP_GIT_DIR": "1",
                "build-arg:CHANNEL": "mainline",
                "build-arg:DOCKER_META_IMAGES": "docker/dockerfile-upstream",
                "build-arg:DOCKER_META_VERSION": "master"
              }
            }
          },
          "compatibilityVersion": 20
        },
        "environment": {
          "github_actor": "crazy-max",
          "github_actor_id": "1951866",
          "github_event_name": "push",
          "github_event_payload": {
            "after": "efd9efcd052646f36bc5681952d72ef6cf00c50c",
            "base_ref": null,
            "before": "94ef923d6e0d936a6e852e982a0923fd38c067ad",
            "commits": [
              {
                "author": {
                  "email": "49699333+dependabot[bot]@users.noreply.github.com",
                  "name": "dependabot[bot]",
                  "username": "dependabot[bot]"
                },
                "committer": {
                  "email": "noreply@github.com",
                  "name": "GitHub",
                  "username": "web-flow"
                },
                "distinct": false,
                "id": "f89db03c4d4c790f2052bbdc00d042ddc84a37ad",
                "message": "build(deps): bump codecov/codecov-action from 6.0.0 to 6.0.1\n\nBumps [codecov/codecov-action](https://github.com/codecov/codecov-action) from 6.0.0 to 6.0.1.\n- [Release notes](https://github.com/codecov/codecov-action/releases)\n- [Changelog](https://github.com/codecov/codecov-action/blob/main/CHANGELOG.md)\n- [Commits](https://github.com/codecov/codecov-action/compare/57e3a136b779b570ffcdbf80b3bdc90e7fab3de2...e79a6962e0d4c0c17b229090214935d2e33f8354)\n\n---\nupdated-dependencies:\n- dependency-name: codecov/codecov-action\n  dependency-version: 6.0.1\n  dependency-type: direct:production\n  update-type: version-update:semver-patch\n...\n\nSigned-off-by: dependabot[bot] <support@github.com>",
                "timestamp": "2026-05-20T05:44:31Z",
                "tree_id": "6e82fae82419645e1f0eced46fb9228e045ab6f5",
                "url": "https://github.com/moby/buildkit/commit/f89db03c4d4c790f2052bbdc00d042ddc84a37ad"
              },
              {
                "author": {
                  "email": "1951866+crazy-max@users.noreply.github.com",
                  "name": "CrazyMax",
                  "username": "crazy-max"
                },
                "committer": {
                  "email": "noreply@github.com",
                  "name": "GitHub",
                  "username": "web-flow"
                },
                "distinct": true,
                "id": "efd9efcd052646f36bc5681952d72ef6cf00c50c",
                "message": "Merge pull request #6789 from moby/dependabot/github_actions/codecov/codecov-action-6.0.1\n\nbuild(deps): bump codecov/codecov-action from 6.0.0 to 6.0.1",
                "timestamp": "2026-05-26T16:34:00+02:00",
                "tree_id": "cbc11dccc5cb66c8a6e8c6e4df3d7f6931bcd7b5",
                "url": "https://github.com/moby/buildkit/commit/efd9efcd052646f36bc5681952d72ef6cf00c50c"
              }
            ],
            "compare": "https://github.com/moby/buildkit/compare/94ef923d6e0d...efd9efcd0526",
            "created": false,
            "deleted": false,
            "enterprise": {
              "avatar_url": "https://avatars.githubusercontent.com/b/208541?v=4",
              "created_at": "2024-08-08T20:47:18Z",
              "description": "An open framework to assemble specialized container systems without reinventing the wheel.",
              "html_url": "https://github.com/enterprises/mobyproject",
              "id": 208541,
              "name": "Moby",
              "node_id": "E_kgDOAAMunQ",
              "slug": "mobyproject",
              "updated_at": "2026-04-29T17:28:08Z",
              "website_url": "https://mobyproject.org"
            },
            "forced": false,
            "head_commit": {
              "author": {
                "email": "1951866+crazy-max@users.noreply.github.com",
                "name": "CrazyMax",
                "username": "crazy-max"
              },
              "committer": {
                "email": "noreply@github.com",
                "name": "GitHub",
                "username": "web-flow"
              },
              "distinct": true,
              "id": "efd9efcd052646f36bc5681952d72ef6cf00c50c",
              "message": "Merge pull request #6789 from moby/dependabot/github_actions/codecov/codecov-action-6.0.1\n\nbuild(deps): bump codecov/codecov-action from 6.0.0 to 6.0.1",
              "timestamp": "2026-05-26T16:34:00+02:00",
              "tree_id": "cbc11dccc5cb66c8a6e8c6e4df3d7f6931bcd7b5",
              "url": "https://github.com/moby/buildkit/commit/efd9efcd052646f36bc5681952d72ef6cf00c50c"
            },
            "organization": {
              "avatar_url": "https://avatars.githubusercontent.com/u/27259197?v=4",
              "description": "An open framework to assemble specialized container systems without reinventing the wheel.",
              "events_url": "https://api.github.com/orgs/moby/events",
              "hooks_url": "https://api.github.com/orgs/moby/hooks",
              "id": 27259197,
              "issues_url": "https://api.github.com/orgs/moby/issues",
              "login": "moby",
              "members_url": "https://api.github.com/orgs/moby/members{/member}",
              "node_id": "MDEyOk9yZ2FuaXphdGlvbjI3MjU5MTk3",
              "public_members_url": "https://api.github.com/orgs/moby/public_members{/member}",
              "repos_url": "https://api.github.com/orgs/moby/repos",
              "url": "https://api.github.com/orgs/moby"
            },
            "pusher": {
              "email": "1951866+crazy-max@users.noreply.github.com",
              "name": "crazy-max"
            },
            "ref": "refs/heads/master",
            "repository": {
              "allow_forking": true,
              "archive_url": "https://api.github.com/repos/moby/buildkit/{archive_format}{/ref}",
              "archived": false,
              "assignees_url": "https://api.github.com/repos/moby/buildkit/assignees{/user}",
              "blobs_url": "https://api.github.com/repos/moby/buildkit/git/blobs{/sha}",
              "branches_url": "https://api.github.com/repos/moby/buildkit/branches{/branch}",
              "clone_url": "https://github.com/moby/buildkit.git",
              "collaborators_url": "https://api.github.com/repos/moby/buildkit/collaborators{/collaborator}",
              "comments_url": "https://api.github.com/repos/moby/buildkit/comments{/number}",
              "commits_url": "https://api.github.com/repos/moby/buildkit/commits{/sha}",
              "compare_url": "https://api.github.com/repos/moby/buildkit/compare/{base}...{head}",
              "contents_url": "https://api.github.com/repos/moby/buildkit/contents/{+path}",
              "contributors_url": "https://api.github.com/repos/moby/buildkit/contributors",
              "created_at": 1496250250,
              "custom_properties": {},
              "default_branch": "master",
              "deployments_url": "https://api.github.com/repos/moby/buildkit/deployments",
              "description": "concurrent, cache-efficient, and Dockerfile-agnostic builder toolkit",
              "disabled": false,
              "downloads_url": "https://api.github.com/repos/moby/buildkit/downloads",
              "events_url": "https://api.github.com/repos/moby/buildkit/events",
              "fork": false,
              "forks": 1420,
              "forks_count": 1420,
              "forks_url": "https://api.github.com/repos/moby/buildkit/forks",
              "full_name": "moby/buildkit",
              "git_commits_url": "https://api.github.com/repos/moby/buildkit/git/commits{/sha}",
              "git_refs_url": "https://api.github.com/repos/moby/buildkit/git/refs{/sha}",
              "git_tags_url": "https://api.github.com/repos/moby/buildkit/git/tags{/sha}",
              "git_url": "git://github.com/moby/buildkit.git",
              "has_discussions": true,
              "has_downloads": true,
              "has_issues": true,
              "has_pages": false,
              "has_projects": true,
              "has_pull_requests": true,
              "has_wiki": false,
              "homepage": "https://github.com/moby/moby/issues/34227",
              "hooks_url": "https://api.github.com/repos/moby/buildkit/hooks",
              "html_url": "https://github.com/moby/buildkit",
              "id": 92969352,
              "is_template": false,
              "issue_comment_url": "https://api.github.com/repos/moby/buildkit/issues/comments{/number}",
              "issue_events_url": "https://api.github.com/repos/moby/buildkit/issues/events{/number}",
              "issues_url": "https://api.github.com/repos/moby/buildkit/issues{/number}",
              "keys_url": "https://api.github.com/repos/moby/buildkit/keys{/key_id}",
              "labels_url": "https://api.github.com/repos/moby/buildkit/labels{/name}",
              "language": "Go",
              "languages_url": "https://api.github.com/repos/moby/buildkit/languages",
              "license": {
                "key": "apache-2.0",
                "name": "Apache License 2.0",
                "node_id": "MDc6TGljZW5zZTI=",
                "spdx_id": "Apache-2.0",
                "url": "https://api.github.com/licenses/apache-2.0"
              },
              "master_branch": "master",
              "merges_url": "https://api.github.com/repos/moby/buildkit/merges",
              "milestones_url": "https://api.github.com/repos/moby/buildkit/milestones{/number}",
              "mirror_url": null,
              "name": "buildkit",
              "node_id": "MDEwOlJlcG9zaXRvcnk5Mjk2OTM1Mg==",
              "notifications_url": "https://api.github.com/repos/moby/buildkit/notifications{?since,all,participating}",
              "open_issues": 901,
              "open_issues_count": 901,
              "organization": "moby",
              "owner": {
                "avatar_url": "https://avatars.githubusercontent.com/u/27259197?v=4",
                "email": null,
                "events_url": "https://api.github.com/users/moby/events{/privacy}",
                "followers_url": "https://api.github.com/users/moby/followers",
                "following_url": "https://api.github.com/users/moby/following{/other_user}",
                "gists_url": "https://api.github.com/users/moby/gists{/gist_id}",
                "gravatar_id": "",
                "html_url": "https://github.com/moby",
                "id": 27259197,
                "login": "moby",
                "name": "moby",
                "node_id": "MDEyOk9yZ2FuaXphdGlvbjI3MjU5MTk3",
                "organizations_url": "https://api.github.com/users/moby/orgs",
                "received_events_url": "https://api.github.com/users/moby/received_events",
                "repos_url": "https://api.github.com/users/moby/repos",
                "site_admin": false,
                "starred_url": "https://api.github.com/users/moby/starred{/owner}{/repo}",
                "subscriptions_url": "https://api.github.com/users/moby/subscriptions",
                "type": "Organization",
                "url": "https://api.github.com/users/moby",
                "user_view_type": "public"
              },
              "private": false,
              "pull_request_creation_policy": "all",
              "pulls_url": "https://api.github.com/repos/moby/buildkit/pulls{/number}",
              "pushed_at": 1779806040,
              "releases_url": "https://api.github.com/repos/moby/buildkit/releases{/id}",
              "size": 60352,
              "ssh_url": "git@github.com:moby/buildkit.git",
              "stargazers": 9989,
              "stargazers_count": 9989,
              "stargazers_url": "https://api.github.com/repos/moby/buildkit/stargazers",
              "statuses_url": "https://api.github.com/repos/moby/buildkit/statuses/{sha}",
              "subscribers_url": "https://api.github.com/repos/moby/buildkit/subscribers",
              "subscription_url": "https://api.github.com/repos/moby/buildkit/subscription",
              "svn_url": "https://github.com/moby/buildkit",
              "tags_url": "https://api.github.com/repos/moby/buildkit/tags",
              "teams_url": "https://api.github.com/repos/moby/buildkit/teams",
              "topics": [
                "builder",
                "buildkit",
                "cloud-native",
                "containers",
                "docker",
                "dockerfile",
                "go",
                "golang",
                "oci",
                "oci-image"
              ],
              "trees_url": "https://api.github.com/repos/moby/buildkit/git/trees{/sha}",
              "updated_at": "2026-05-26T14:04:45Z",
              "url": "https://api.github.com/repos/moby/buildkit",
              "visibility": "public",
              "watchers": 9989,
              "watchers_count": 9989,
              "web_commit_signoff_required": true
            },
            "sender": {
              "avatar_url": "https://avatars.githubusercontent.com/u/1951866?v=4",
              "events_url": "https://api.github.com/users/crazy-max/events{/privacy}",
              "followers_url": "https://api.github.com/users/crazy-max/followers",
              "following_url": "https://api.github.com/users/crazy-max/following{/other_user}",
              "gists_url": "https://api.github.com/users/crazy-max/gists{/gist_id}",
              "gravatar_id": "",
              "html_url": "https://github.com/crazy-max",
              "id": 1951866,
              "login": "crazy-max",
              "node_id": "MDQ6VXNlcjE5NTE4NjY=",
              "organizations_url": "https://api.github.com/users/crazy-max/orgs",
              "received_events_url": "https://api.github.com/users/crazy-max/received_events",
              "repos_url": "https://api.github.com/users/crazy-max/repos",
              "site_admin": false,
              "starred_url": "https://api.github.com/users/crazy-max/starred{/owner}{/repo}",
              "subscriptions_url": "https://api.github.com/users/crazy-max/subscriptions",
              "type": "User",
              "url": "https://api.github.com/users/crazy-max",
              "user_view_type": "public"
            }
          },
          "github_job": "build",
          "github_ref": "refs/heads/master",
          "github_ref_name": "master",
          "github_ref_protected": "true",
          "github_ref_type": "branch",
          "github_repository": "moby/buildkit",
          "github_repository_id": "92969352",
          "github_repository_owner": "moby",
          "github_repository_owner_id": "27259197",
          "github_run_attempt": "1",
          "github_run_id": "26454808703",
          "github_run_number": "8123",
          "github_runner_arch": "X64",
          "github_runner_environment": "github-hosted",
          "github_runner_image_os": "ubuntu24",
          "github_runner_image_version": "20260518.149.1",
          "github_runner_name": "GitHub Actions 1001452720",
          "github_runner_os": "Linux",
          "github_runner_tracking_id": "github_9ca72281-52d8-42fc-a940-e7476d649a72",
          "github_server_url": "https://github.com",
          "github_triggering_actor": "crazy-max",
          "github_workflow": "frontend",
          "github_workflow_ref": "moby/buildkit/.github/workflows/frontend.yml@refs/heads/master",
          "github_workflow_sha": "efd9efcd052646f36bc5681952d72ef6cf00c50c",
          "platform": "linux/amd64"
        }
      }
    },
    "buildx.build.ref": "builder-55e5b171-6c2a-4f10-beea-1303c6fb66df/builder-55e5b171-6c2a-4f10-beea-1303c6fb66df0/qn6ymym44cvt4wi4vcry5nqu0",
    "containerimage.descriptor": {
      "mediaType": "application/vnd.oci.image.index.v1+json",
      "digest": "sha256:6610fe8189519ddb33bccbf9fc13abe71ce4e6202a0d14d74b210ab4de492c71",
      "size": 856
    },
    "containerimage.digest": "sha256:6610fe8189519ddb33bccbf9fc13abe71ce4e6202a0d14d74b210ab4de492c71",
    "image.name": "docker/dockerfile-upstream"
  }
}
2026-05-26T14:53:23.4612531Z ##[endgroup]
2026-05-26T14:53:23.5404211Z sha256:6610fe8189519ddb33bccbf9fc13abe71ce4e6202a0d14d74b210ab4de492c71
2026-05-26T14:53:23.5507528Z ##[group]Run docker/login-action@4907a6ddec9925e35a0a9e82d7399ccc52663121
2026-05-26T14:53:23.5507841Z with:
2026-05-26T14:53:23.5508266Z   registry-auth: ***

2026-05-26T14:53:23.5508454Z   logout: true
2026-05-26T14:53:23.5508607Z env:
2026-05-26T14:53:23.5508756Z   BUILDX_VERSION: v0.34.1
2026-05-26T14:53:23.5508955Z   BUILDKIT_IMAGE: moby/buildkit:v0.30.0
2026-05-26T14:53:23.5509201Z   SBOM_IMAGE: docker/buildkit-syft-scanner:1.11.0
2026-05-26T14:53:23.5509456Z   BINFMT_IMAGE: tonistiigi/binfmt:qemu-v10.2.1-65
2026-05-26T14:53:23.5509742Z   DOCKER_ACTIONS_TOOLKIT_MODULE: @docker/actions-toolkit@0.90.0
2026-05-26T14:53:23.5510012Z   COSIGN_VERSION: v3.0.6
2026-05-26T14:53:23.5510362Z   LOCAL_EXPORT_DIR: /tmp/buildx-output
2026-05-26T14:53:23.5510578Z   MATRIX_SIZE_LIMIT: 20
2026-05-26T14:53:23.5510765Z   BUILDX_SEND_GIT_QUERY_AS_INPUT: true
2026-05-26T14:53:23.5510974Z   NPM_CONFIG_FETCH_RETRIES: 5
2026-05-26T14:53:23.5511181Z   DOCKER_METADATA_OUTPUT_VERSION: master
2026-05-26T14:53:23.5511483Z   DOCKER_METADATA_OUTPUT_TAGS: docker/dockerfile-upstream:master
2026-05-26T14:53:23.5511767Z   DOCKER_METADATA_OUTPUT_TAG_NAMES: master
2026-05-26T14:53:23.5513309Z   DOCKER_METADATA_OUTPUT_LABELS: org.opencontainers.image.created=2026-05-26T14:51:49.817Z
org.opencontainers.image.description=concurrent, cache-efficient, and Dockerfile-agnostic builder toolkit
org.opencontainers.image.licenses=Apache-2.0
org.opencontainers.image.revision=efd9efcd052646f36bc5681952d72ef6cf00c50c
org.opencontainers.image.source=https://github.com/moby/buildkit
org.opencontainers.image.title=buildkit
org.opencontainers.image.url=https://github.com/moby/buildkit
org.opencontainers.image.version=master
2026-05-26T14:53:23.5516628Z   DOCKER_METADATA_OUTPUT_ANNOTATIONS: manifest:org.opencontainers.image.created=2026-05-26T14:51:49.817Z
manifest:org.opencontainers.image.description=concurrent, cache-efficient, and Dockerfile-agnostic builder toolkit
manifest:org.opencontainers.image.licenses=Apache-2.0
manifest:org.opencontainers.image.revision=efd9efcd052646f36bc5681952d72ef6cf00c50c
manifest:org.opencontainers.image.source=https://github.com/moby/buildkit
manifest:org.opencontainers.image.title=Dockerfile Frontend
manifest:org.opencontainers.image.url=https://github.com/moby/buildkit
manifest:org.opencontainers.image.vendor=Moby
manifest:org.opencontainers.image.version=master
2026-05-26T14:53:23.5521759Z   DOCKER_METADATA_OUTPUT_JSON: {"tags":["docker/dockerfile-upstream:master"],"tag-names":["master"],"labels":{"org.opencontainers.image.created":"2026-05-26T14:51:49.817Z","org.opencontainers.image.description":"concurrent, cache-efficient, and Dockerfile-agnostic builder toolkit","org.opencontainers.image.licenses":"Apache-2.0","org.opencontainers.image.revision":"efd9efcd052646f36bc5681952d72ef6cf00c50c","org.opencontainers.image.source":"https://github.com/moby/buildkit","org.opencontainers.image.title":"buildkit","org.opencontainers.image.url":"https://github.com/moby/buildkit","org.opencontainers.image.version":"master"},"annotations":["manifest:org.opencontainers.image.created=2026-05-26T14:51:49.817Z","manifest:org.opencontainers.image.description=concurrent, cache-efficient, and Dockerfile-agnostic builder toolkit","manifest:org.opencontainers.image.licenses=Apache-2.0","manifest:org.opencontainers.image.revision=efd9efcd052646f36bc5681952d72ef6cf00c50c","manifest:org.opencontainers.image.source=https://github.com/moby/buildkit","manifest:org.opencontainers.image.title=Dockerfile Frontend","manifest:org.opencontainers.image.url=https://github.com/moby/buildkit","manifest:org.opencontainers.image.vendor=Moby","manifest:org.opencontainers.image.version=master"]}
2026-05-26T14:53:23.5525551Z   DOCKER_METADATA_OUTPUT_BAKE_FILE_TAGS: /home/runner/work/_temp/docker-actions-toolkit-aad2mZ/docker-metadata-action-bake-tags.json
2026-05-26T14:53:23.5526462Z   DOCKER_METADATA_OUTPUT_BAKE_FILE_LABELS: /home/runner/work/_temp/docker-actions-toolkit-aad2mZ/docker-metadata-action-bake-labels.json
2026-05-26T14:53:23.5527330Z   DOCKER_METADATA_OUTPUT_BAKE_FILE_ANNOTATIONS: /home/runner/work/_temp/docker-actions-toolkit-aad2mZ/docker-metadata-action-bake-annotations.json
2026-05-26T14:53:23.5528025Z   DOCKER_METADATA_OUTPUT_BAKE_FILE: /home/runner/work/_temp/docker-actions-toolkit-aad2mZ/docker-metadata-action-bake.json
2026-05-26T14:53:23.5528505Z   ACTIONS_RUNNER_ACTION_ARCHIVE_CACHE: /opt/actionarchivecache
2026-05-26T14:53:23.5529049Z   ACTIONS_RUNTIME_URL: https://pipelinesghubeus2.actions.githubusercontent.com/VSeSJsGRiRCTiu0PRaYdcZnubUW6TSVddo0DTZpqG1wDqsIbXb/
2026-05-26T14:53:23.5617699Z   ACTIONS_RUNTIME_TOKEN: ***
2026-05-26T14:53:23.5618180Z   ACTIONS_CACHE_URL: https://acghubeus1.actions.githubusercontent.com/VSeSJsGRiRCTiu0PRaYdcZnubUW6TSVddo0DTZpqG1wDqsIbXb/
2026-05-26T14:53:23.5619217Z   ACTIONS_ID_TOKEN_REQUEST_URL: https://run-actions-3-azure-eastus.actions.githubusercontent.com/143//idtoken/75ea24ac-6102-4b81-8903-1036fb9e5205/ca0e3957-19fa-542d-a68b-f839d0a2ed0a?api-version=2.0
2026-05-26T14:53:23.5707844Z   ACTIONS_ID_TOKEN_REQUEST_TOKEN: ***
2026-05-26T14:53:23.5708190Z   ACTIONS_RESULTS_URL: https://results-receiver.actions.githubusercontent.com/
2026-05-26T14:53:23.5708517Z   ACTIONS_CACHE_SERVICE_V2: True
2026-05-26T14:53:23.5708953Z   ACTIONS_ORCHESTRATION_ID: 75ea24ac-6102-4b81-8903-1036fb9e5205.image.mainline_docker_dockerfil.build._4_linux_mips_ubuntu-24_0
2026-05-26T14:53:23.5709424Z   DOCKER_LOGIN_SCOPE_DISABLED: true
2026-05-26T14:53:23.5709632Z ##[endgroup]
2026-05-26T14:53:23.7145324Z Logging into docker.io...
2026-05-26T14:53:23.9144555Z Login Succeeded!
2026-05-26T14:53:23.9273852Z ##[group]Run actions/github-script@3a2844b7e9c422d3c10d287c895573f7108da1b3
2026-05-26T14:53:23.9274167Z with:
2026-05-26T14:53:23.9276919Z   script: const { Sigstore } = require('@docker/actions-toolkit/lib/sigstore/sigstore');

const inpImageNames = core.getMultilineInput('image-names');
const inpImageDigest = core.getInput('image-digest');

const sigstore = new Sigstore();
const signResults = await sigstore.signAttestationManifests({
  imageNames: inpImageNames,
  imageDigest: inpImageDigest,
  retryOnManifestUnknown: true
});

const verifyResults = await sigstore.verifySignedManifests(signResults, {
  certificateIdentityRegexp: `^https://github.com/docker/github-builder/.github/workflows/bake.yml.*$`,
  retryOnManifestUnknown: true
});

await core.group(`Verify commands`, async () => {
  const verifyCommands = [];
  for (const [attestationRef, verifyResult] of Object.entries(verifyResults)) {
    const cmd = `cosign ${verifyResult.cosignArgs.join(' ')} ${attestationRef}`;
    core.info(cmd);
    verifyCommands.push(cmd);
  }
  core.setOutput('verify-commands', verifyCommands.join('\n'));
});

2026-05-26T14:53:23.9279492Z   github-token: ***
2026-05-26T14:53:23.9279663Z   debug: false
2026-05-26T14:53:23.9279832Z   user-agent: actions/github-script
2026-05-26T14:53:23.9280042Z   result-encoding: json
2026-05-26T14:53:23.9280211Z   retries: 0
2026-05-26T14:53:23.9280461Z   retry-exempt-status-codes: 400,401,403,404,422
2026-05-26T14:53:23.9280743Z env:
2026-05-26T14:53:23.9280892Z   BUILDX_VERSION: v0.34.1
2026-05-26T14:53:23.9281089Z   BUILDKIT_IMAGE: moby/buildkit:v0.30.0
2026-05-26T14:53:23.9281343Z   SBOM_IMAGE: docker/buildkit-syft-scanner:1.11.0
2026-05-26T14:53:23.9281598Z   BINFMT_IMAGE: tonistiigi/binfmt:qemu-v10.2.1-65
2026-05-26T14:53:23.9281871Z   DOCKER_ACTIONS_TOOLKIT_MODULE: @docker/actions-toolkit@0.90.0
2026-05-26T14:53:23.9282127Z   COSIGN_VERSION: v3.0.6
2026-05-26T14:53:23.9282318Z   LOCAL_EXPORT_DIR: /tmp/buildx-output
2026-05-26T14:53:23.9282526Z   MATRIX_SIZE_LIMIT: 20
2026-05-26T14:53:23.9282699Z   BUILDX_SEND_GIT_QUERY_AS_INPUT: true
2026-05-26T14:53:23.9282899Z   NPM_CONFIG_FETCH_RETRIES: 5
2026-05-26T14:53:23.9283110Z   DOCKER_METADATA_OUTPUT_VERSION: master
2026-05-26T14:53:23.9283381Z   DOCKER_METADATA_OUTPUT_TAGS: docker/dockerfile-upstream:master
2026-05-26T14:53:23.9283656Z   DOCKER_METADATA_OUTPUT_TAG_NAMES: master
2026-05-26T14:53:23.9285184Z   DOCKER_METADATA_OUTPUT_LABELS: org.opencontainers.image.created=2026-05-26T14:51:49.817Z
org.opencontainers.image.description=concurrent, cache-efficient, and Dockerfile-agnostic builder toolkit
org.opencontainers.image.licenses=Apache-2.0
org.opencontainers.image.revision=efd9efcd052646f36bc5681952d72ef6cf00c50c
org.opencontainers.image.source=https://github.com/moby/buildkit
org.opencontainers.image.title=buildkit
org.opencontainers.image.url=https://github.com/moby/buildkit
org.opencontainers.image.version=master
2026-05-26T14:53:23.9288702Z   DOCKER_METADATA_OUTPUT_ANNOTATIONS: manifest:org.opencontainers.image.created=2026-05-26T14:51:49.817Z
manifest:org.opencontainers.image.description=concurrent, cache-efficient, and Dockerfile-agnostic builder toolkit
manifest:org.opencontainers.image.licenses=Apache-2.0
manifest:org.opencontainers.image.revision=efd9efcd052646f36bc5681952d72ef6cf00c50c
manifest:org.opencontainers.image.source=https://github.com/moby/buildkit
manifest:org.opencontainers.image.title=Dockerfile Frontend
manifest:org.opencontainers.image.url=https://github.com/moby/buildkit
manifest:org.opencontainers.image.vendor=Moby
manifest:org.opencontainers.image.version=master
2026-05-26T14:53:23.9294122Z   DOCKER_METADATA_OUTPUT_JSON: {"tags":["docker/dockerfile-upstream:master"],"tag-names":["master"],"labels":{"org.opencontainers.image.created":"2026-05-26T14:51:49.817Z","org.opencontainers.image.description":"concurrent, cache-efficient, and Dockerfile-agnostic builder toolkit","org.opencontainers.image.licenses":"Apache-2.0","org.opencontainers.image.revision":"efd9efcd052646f36bc5681952d72ef6cf00c50c","org.opencontainers.image.source":"https://github.com/moby/buildkit","org.opencontainers.image.title":"buildkit","org.opencontainers.image.url":"https://github.com/moby/buildkit","org.opencontainers.image.version":"master"},"annotations":["manifest:org.opencontainers.image.created=2026-05-26T14:51:49.817Z","manifest:org.opencontainers.image.description=concurrent, cache-efficient, and Dockerfile-agnostic builder toolkit","manifest:org.opencontainers.image.licenses=Apache-2.0","manifest:org.opencontainers.image.revision=efd9efcd052646f36bc5681952d72ef6cf00c50c","manifest:org.opencontainers.image.source=https://github.com/moby/buildkit","manifest:org.opencontainers.image.title=Dockerfile Frontend","manifest:org.opencontainers.image.url=https://github.com/moby/buildkit","manifest:org.opencontainers.image.vendor=Moby","manifest:org.opencontainers.image.version=master"]}
2026-05-26T14:53:23.9298430Z   DOCKER_METADATA_OUTPUT_BAKE_FILE_TAGS: /home/runner/work/_temp/docker-actions-toolkit-aad2mZ/docker-metadata-action-bake-tags.json
2026-05-26T14:53:23.9299129Z   DOCKER_METADATA_OUTPUT_BAKE_FILE_LABELS: /home/runner/work/_temp/docker-actions-toolkit-aad2mZ/docker-metadata-action-bake-labels.json
2026-05-26T14:53:23.9299846Z   DOCKER_METADATA_OUTPUT_BAKE_FILE_ANNOTATIONS: /home/runner/work/_temp/docker-actions-toolkit-aad2mZ/docker-metadata-action-bake-annotations.json
2026-05-26T14:53:23.9300520Z   DOCKER_METADATA_OUTPUT_BAKE_FILE: /home/runner/work/_temp/docker-actions-toolkit-aad2mZ/docker-metadata-action-bake.json
2026-05-26T14:53:23.9300984Z   ACTIONS_RUNNER_ACTION_ARCHIVE_CACHE: /opt/actionarchivecache
2026-05-26T14:53:23.9301521Z   ACTIONS_RUNTIME_URL: https://pipelinesghubeus2.actions.githubusercontent.com/VSeSJsGRiRCTiu0PRaYdcZnubUW6TSVddo0DTZpqG1wDqsIbXb/
2026-05-26T14:53:23.9390108Z   ACTIONS_RUNTIME_TOKEN: ***
2026-05-26T14:53:23.9390553Z   ACTIONS_CACHE_URL: https://acghubeus1.actions.githubusercontent.com/VSeSJsGRiRCTiu0PRaYdcZnubUW6TSVddo0DTZpqG1wDqsIbXb/
2026-05-26T14:53:23.9391435Z   ACTIONS_ID_TOKEN_REQUEST_URL: https://run-actions-3-azure-eastus.actions.githubusercontent.com/143//idtoken/75ea24ac-6102-4b81-8903-1036fb9e5205/ca0e3957-19fa-542d-a68b-f839d0a2ed0a?api-version=2.0
2026-05-26T14:53:23.9480081Z   ACTIONS_ID_TOKEN_REQUEST_TOKEN: ***
2026-05-26T14:53:23.9480409Z   ACTIONS_RESULTS_URL: https://results-receiver.actions.githubusercontent.com/
2026-05-26T14:53:23.9480730Z   ACTIONS_CACHE_SERVICE_V2: True
2026-05-26T14:53:23.9481152Z   ACTIONS_ORCHESTRATION_ID: 75ea24ac-6102-4b81-8903-1036fb9e5205.image.mainline_docker_dockerfil.build._4_linux_mips_ubuntu-24_0
2026-05-26T14:53:23.9481606Z   INPUT_IMAGE-NAMES: docker/dockerfile-upstream
2026-05-26T14:53:23.9481965Z   INPUT_IMAGE-DIGEST: sha256:6610fe8189519ddb33bccbf9fc13abe71ce4e6202a0d14d74b210ab4de492c71
2026-05-26T14:53:23.9482296Z ##[endgroup]
2026-05-26T14:53:24.3336850Z Upload to transparency log: enabled
2026-05-26T14:53:24.3337370Z Using Sigstore signing endpoint: https://fulcio.sigstore.dev
2026-05-26T14:53:24.3535530Z ##[group]Creating Sigstore protobuf signing config
2026-05-26T14:53:24.3556356Z [command]/home/runner/work/_temp/docker-actions-toolkit-y34nY2/cosign-bin/cosign signing-config create --with-default-services=true --out=/home/runner/work/_temp/docker-actions-toolkit-z6Mhqq/signing-config-ytQWwM.json
2026-05-26T14:53:24.6037493Z {
2026-05-26T14:53:24.6037975Z   "mediaType": "application/vnd.dev.sigstore.signingconfig.v0.2+json",
2026-05-26T14:53:24.6038436Z   "caUrls": [
2026-05-26T14:53:24.6038657Z     {
2026-05-26T14:53:24.6038875Z       "url": "https://fulcio.sigstore.dev",
2026-05-26T14:53:24.6039113Z       "majorApiVersion": 1,
2026-05-26T14:53:24.6039305Z       "validFor": {
2026-05-26T14:53:24.6039480Z         "start": "2022-04-13T20:06:15Z"
2026-05-26T14:53:24.6039677Z       },
2026-05-26T14:53:24.6039832Z       "operator": "sigstore.dev"
2026-05-26T14:53:24.6040016Z     }
2026-05-26T14:53:24.6040159Z   ],
2026-05-26T14:53:24.6040300Z   "oidcUrls": [
2026-05-26T14:53:24.6040444Z     {
2026-05-26T14:53:24.6040859Z       "url": "https://oauth2.sigstore.dev/auth",
2026-05-26T14:53:24.6041092Z       "majorApiVersion": 1,
2026-05-26T14:53:24.6041260Z       "validFor": {
2026-05-26T14:53:24.6041435Z         "start": "2022-04-13T20:06:15Z"
2026-05-26T14:53:24.6041617Z       },
2026-05-26T14:53:24.6041763Z       "operator": "sigstore.dev"
2026-05-26T14:53:24.6041948Z     }
2026-05-26T14:53:24.6042085Z   ],
2026-05-26T14:53:24.6042229Z   "rekorTlogUrls": [
2026-05-26T14:53:24.6042480Z     {
2026-05-26T14:53:24.6042704Z       "url": "https://rekor.sigstore.dev",
2026-05-26T14:53:24.6042929Z       "majorApiVersion": 1,
2026-05-26T14:53:24.6043111Z       "validFor": {
2026-05-26T14:53:24.6043277Z         "start": "2021-01-12T11:53:27Z"
2026-05-26T14:53:24.6043470Z       },
2026-05-26T14:53:24.6043622Z       "operator": "sigstore.dev"
2026-05-26T14:53:24.6043803Z     }
2026-05-26T14:53:24.6043932Z   ],
2026-05-26T14:53:24.6044160Z   "rekorTlogConfig": {
2026-05-26T14:53:24.6044397Z     "selector": "ANY"
2026-05-26T14:53:24.6044562Z   },
2026-05-26T14:53:24.6044706Z   "tsaUrls": [
2026-05-26T14:53:24.6044857Z     {
2026-05-26T14:53:24.6045061Z       "url": "https://timestamp.sigstore.dev/api/v1/timestamp",
2026-05-26T14:53:24.6045417Z       "majorApiVersion": 1,
2026-05-26T14:53:24.6045597Z       "validFor": {
2026-05-26T14:53:24.6045936Z         "start": "2025-07-04T00:00:00Z"
2026-05-26T14:53:24.6046162Z       },
2026-05-26T14:53:24.6046390Z       "operator": "sigstore.dev"
2026-05-26T14:53:24.6046584Z     }
2026-05-26T14:53:24.6046714Z   ],
2026-05-26T14:53:24.6046854Z   "tsaConfig": {
2026-05-26T14:53:24.6047007Z     "selector": "ANY"
2026-05-26T14:53:24.6047216Z   }
2026-05-26T14:53:24.6047386Z }
2026-05-26T14:53:24.6047770Z ##[endgroup]
2026-05-26T14:53:25.3965019Z ##[group]Signing attestation manifest docker/dockerfile-upstream@sha256:bcad94eca1c2666838d6f39e45833c04461615b8f02f95e76d86b225ff6d80e7
2026-05-26T14:53:25.3966619Z [command]cosign sign --yes --oidc-provider github-actions --registry-referrers-mode oci-1-1 --new-bundle-format --signing-config=/home/runner/work/_temp/docker-actions-toolkit-z6Mhqq/signing-config-ytQWwM.json docker/dockerfile-upstream@sha256:bcad94eca1c2666838d6f39e45833c04461615b8f02f95e76d86b225ff6d80e7
2026-05-26T14:54:04.3176864Z ##[endgroup]
2026-05-26T14:54:04.3204482Z Error: Signing BuildKit attestation manifests failed: Cosign sign command failed with errors:
2026-05-26T14:54:04.3204876Z - [UNAUTHORIZED] authentication required : null
2026-05-26T14:54:04.3205452Z     at Sigstore.signAttestationManifests (file:///home/runner/work/buildkit/buildkit/node_modules/@docker/actions-toolkit/lib/sigstore/sigstore.js:134:19)
2026-05-26T14:54:04.3206468Z     at process.processTicksAndRejections (node:internal/process/task_queues:104:5)
2026-05-26T14:54:04.3207534Z     at async eval (eval at callAsyncFunction (/home/runner/work/_actions/actions/github-script/3a2844b7e9c422d3c10d287c895573f7108da1b3/dist/index.js:64949:16), <anonymous>:9:21)
2026-05-26T14:54:04.3208469Z     at async main (/home/runner/work/_actions/actions/github-script/3a2844b7e9c422d3c10d287c895573f7108da1b3/dist/index.js:65100:20)
2026-05-26T14:54:04.3228314Z ##[error]Unhandled error: Error: Signing BuildKit attestation manifests failed: Cosign sign command failed with errors:
- [UNAUTHORIZED] authentication required : null
2026-05-26T14:54:04.3384267Z Post job cleanup.
2026-05-26T14:54:04.4736751Z ##[group]Logout from docker.io
2026-05-26T14:54:04.4765250Z [command]/usr/bin/docker logout docker.io
2026-05-26T14:54:04.4874366Z Removing login credentials for docker.io
2026-05-26T14:54:04.4894358Z ##[endgroup]
2026-05-26T14:54:04.4894809Z ##[group]Post cache
2026-05-26T14:54:04.4895204Z State not set
2026-05-26T14:54:04.4895609Z ##[endgroup]
2026-05-26T14:54:04.5017040Z Post job cleanup.
2026-05-26T14:54:04.7085401Z ##[group]Generating build summary
2026-05-26T14:54:04.7559487Z exporting build record to /home/runner/work/_temp/docker-actions-toolkit-GisgWO/export
2026-05-26T14:54:04.8603768Z [command]/usr/bin/docker buildx history export --builder builder-55e5b171-6c2a-4f10-beea-1303c6fb66df --output /home/runner/work/_temp/docker-actions-toolkit-GisgWO/export/moby~buildkit~QN6YMY.dockerbuild qn6ymym44cvt4wi4vcry5nqu0 --finalize
2026-05-26T14:54:05.0348201Z Build records written to /home/runner/work/_temp/docker-actions-toolkit-GisgWO/export/moby~buildkit~QN6YMY.dockerbuild (64.18 KB)
2026-05-26T14:54:05.0349251Z Uploading moby~buildkit~QN6YMY.dockerbuild as an artifact
2026-05-26T14:54:05.0352490Z Artifact name is valid!
2026-05-26T14:54:05.0352806Z Root directory input is valid!
2026-05-26T14:54:05.2371810Z Uploading artifact: moby~buildkit~QN6YMY.dockerbuild
2026-05-26T14:54:05.2400071Z Beginning upload of artifact content to blob storage
2026-05-26T14:54:05.3763433Z Uploaded bytes 65723
2026-05-26T14:54:05.4044116Z Finished uploading artifact content to blob storage!
2026-05-26T14:54:05.4044966Z SHA256 digest of uploaded artifact is 9159d561168910a54ed7c834fd6227e34a4593dae84199f29cada8e606134788
2026-05-26T14:54:05.4045614Z Finalizing artifact upload
2026-05-26T14:54:05.6474665Z Artifact moby~buildkit~QN6YMY.dockerbuild successfully finalized. Artifact ID 7217974074
2026-05-26T14:54:05.6475569Z Artifact download URL: https://github.com/moby/buildkit/actions/runs/26454808703/artifacts/7217974074
2026-05-26T14:54:05.6498745Z Writing summary
2026-05-26T14:54:05.6509223Z ##[endgroup]
2026-05-26T14:54:05.6509812Z ##[group]Removing temp folder /home/runner/work/_temp/docker-actions-toolkit-7xRxqf
2026-05-26T14:54:05.6511691Z ##[endgroup]
2026-05-26T14:54:05.6512134Z ##[group]Post cache
2026-05-26T14:54:05.6512548Z State not set
2026-05-26T14:54:05.6512936Z ##[endgroup]
2026-05-26T14:54:05.6665687Z Post job cleanup.
2026-05-26T14:54:05.8001218Z ##[group]Logout from docker.io
2026-05-26T14:54:05.8030203Z [command]/usr/bin/docker logout docker.io
2026-05-26T14:54:05.8142938Z Removing login credentials for docker.io
2026-05-26T14:54:05.8164469Z ##[endgroup]
2026-05-26T14:54:05.8164838Z ##[group]Post cache
2026-05-26T14:54:05.8165419Z State not set
2026-05-26T14:54:05.8166182Z ##[endgroup]
2026-05-26T14:54:05.8283026Z Post job cleanup.
2026-05-26T14:54:05.9959497Z ##[group]BuildKit container logs
2026-05-26T14:54:05.9989219Z [command]/usr/bin/docker logs buildx_buildkit_builder-55e5b171-6c2a-4f10-beea-1303c6fb66df0
2026-05-26T14:54:06.0120476Z time="2026-05-26T14:52:07Z" level=info msg="auto snapshotter: using overlayfs"
2026-05-26T14:54:06.0122067Z time="2026-05-26T14:52:07Z" level=warning msg="using host network as the default"
2026-05-26T14:54:06.0128294Z time="2026-05-26T14:52:07Z" level=info msg="found worker \"1lvelogu3mljjttno81zoc0gz\", labels=map[org.mobyproject.buildkit.worker.executor:oci org.mobyproject.buildkit.worker.hostname:05e1d1275a1e org.mobyproject.buildkit.worker.network:host org.mobyproject.buildkit.worker.oci.process-mode:sandbox org.mobyproject.buildkit.worker.selinux.enabled:false org.mobyproject.buildkit.worker.snapshotter:overlayfs], platforms=[linux/amd64 linux/amd64/v2 linux/amd64/v3 linux/amd64/v4 linux/arm64 linux/riscv64 linux/ppc64le linux/s390x linux/386 linux/mips64le linux/mips64 linux/loong64 linux/arm/v7 linux/arm/v6]"
2026-05-26T14:54:06.0131980Z time="2026-05-26T14:52:07Z" level=warning msg="skipping containerd worker, as \"/run/containerd/containerd.sock\" does not exist"
2026-05-26T14:54:06.0133420Z time="2026-05-26T14:52:07Z" level=info msg="found 1 workers, default=\"1lvelogu3mljjttno81zoc0gz\""
2026-05-26T14:54:06.0134327Z time="2026-05-26T14:52:07Z" level=warning msg="currently, only the default worker can be used."
2026-05-26T14:54:06.0135245Z time="2026-05-26T14:52:07Z" level=info msg="running server on /run/buildkit/buildkitd.sock"
2026-05-26T14:54:06.0137163Z time="2026-05-26T14:52:14Z" level=debug msg="session started" spanID=1fbd9d9122c9f2c2 traceID=d317ed1c2cf58011840442511ef22992
2026-05-26T14:54:06.0138433Z time="2026-05-26T14:52:15Z" level=debug msg="session finished: <nil>" spanID=1fbd9d9122c9f2c2 traceID=d317ed1c2cf58011840442511ef22992
2026-05-26T14:54:06.0139581Z time="2026-05-26T14:52:15Z" level=debug msg="session started" spanID=8bf0c30597ad324f traceID=5882549d011c69b212a098896252454b
2026-05-26T14:54:06.0141478Z time="2026-05-26T14:52:15Z" level=debug msg="load cache for [internal] load git source https://github.com/moby/buildkit.git?ref=refs/heads/master&checksum=efd9efcd052646f36bc5681952d72ef6cf00c50c&fetch-by-commit=true with 1lvelogu3mljjttno81zoc0gz::s2mrfg4l64ldcg0w57k5vk4ns"
2026-05-26T14:54:06.0142912Z time="2026-05-26T14:52:15Z" level=debug msg="session finished: <nil>" spanID=8bf0c30597ad324f traceID=5882549d011c69b212a098896252454b
2026-05-26T14:54:06.0143515Z time="2026-05-26T14:52:16Z" level=debug msg="session started" spanID=c3b2afcc8e5490f5 traceID=d596d9497f81c99cfcf3026fa8664303
2026-05-26T14:54:06.0144501Z time="2026-05-26T14:52:16Z" level=debug msg="load cache for [internal] load git source https://github.com/moby/buildkit.git?ref=refs/heads/master&checksum=efd9efcd052646f36bc5681952d72ef6cf00c50c&fetch-by-commit=true with 1lvelogu3mljjttno81zoc0gz::s2mrfg4l64ldcg0w57k5vk4ns"
2026-05-26T14:54:06.0145528Z time="2026-05-26T14:52:16Z" level=debug msg="session finished: <nil>" spanID=c3b2afcc8e5490f5 traceID=d596d9497f81c99cfcf3026fa8664303
2026-05-26T14:54:06.0146386Z time="2026-05-26T14:52:16Z" level=debug msg="session started" spanID=96e993ebf64f1330 traceID=d596d9497f81c99cfcf3026fa8664303
2026-05-26T14:54:06.0146970Z time="2026-05-26T14:52:16Z" level=debug msg="session finished: <nil>" spanID=96e993ebf64f1330 traceID=d596d9497f81c99cfcf3026fa8664303
2026-05-26T14:54:06.0147553Z time="2026-05-26T14:52:16Z" level=debug msg="session started" spanID=f9ba730e2b3bfb8a traceID=c600bb50a2245e33a14fef19275f2008
2026-05-26T14:54:06.0148611Z time="2026-05-26T14:52:17Z" level=error msg="/moby.buildkit.v1.frontend.LLBBridge/StatFile returned error: rpc error: code = Unknown desc = lstat frontend/dockerfile/cmd/dockerfile-frontend/Dockerfile.rego: no such file or directory" spanID=51e32b83663df17b traceID=d596d9497f81c99cfcf3026fa8664303
2026-05-26T14:54:06.0149824Z lstat frontend/dockerfile/cmd/dockerfile-frontend/Dockerfile.rego: no such file or directory
2026-05-26T14:54:06.0150403Z 7 v0.30.0 /usr/bin/buildkitd --config /etc/buildkit/buildkitd.toml --debug --allow-insecure-entitlement=network.host
2026-05-26T14:54:06.0150829Z github.com/tonistiigi/fsutil.Stat
2026-05-26T14:54:06.0151083Z 	/src/vendor/github.com/tonistiigi/fsutil/stat.go:61
2026-05-26T14:54:06.0151353Z github.com/moby/buildkit/cache/util.StatFile
2026-05-26T14:54:06.0151583Z 	/src/cache/util/fsutil.go:99
2026-05-26T14:54:06.0151865Z github.com/moby/buildkit/frontend/gateway.(*llbBridgeForwarder).StatFile
2026-05-26T14:54:06.0152172Z 	/src/frontend/gateway/gateway.go:986
2026-05-26T14:54:06.0152451Z github.com/moby/buildkit/control/gateway.(*GatewayForwarder).StatFile
2026-05-26T14:54:06.0152742Z 	/src/control/gateway/gateway.go:135
2026-05-26T14:54:06.0153071Z github.com/moby/buildkit/frontend/gateway/pb._LLBBridge_StatFile_Handler.func1
2026-05-26T14:54:06.0153423Z 	/src/frontend/gateway/pb/gateway_grpc.pb.go:469
2026-05-26T14:54:06.0153701Z google.golang.org/grpc.getChainUnaryHandler.func1
2026-05-26T14:54:06.0153964Z 	/src/vendor/google.golang.org/grpc/server.go:1243
2026-05-26T14:54:06.0154313Z main.unaryInterceptor
2026-05-26T14:54:06.0154502Z 	/src/cmd/buildkitd/main.go:775
2026-05-26T14:54:06.0154864Z google.golang.org/grpc.NewServer.chainUnaryServerInterceptors.chainUnaryInterceptors.func1
2026-05-26T14:54:06.0155271Z 	/src/vendor/google.golang.org/grpc/server.go:1234
2026-05-26T14:54:06.0155590Z github.com/moby/buildkit/frontend/gateway/pb._LLBBridge_StatFile_Handler
2026-05-26T14:54:06.0156124Z 	/src/frontend/gateway/pb/gateway_grpc.pb.go:471
2026-05-26T14:54:06.0156376Z google.golang.org/grpc.(*Server).processUnaryRPC
2026-05-26T14:54:06.0156621Z 	/src/vendor/google.golang.org/grpc/server.go:1430
2026-05-26T14:54:06.0156867Z google.golang.org/grpc.(*Server).handleStream
2026-05-26T14:54:06.0157107Z 	/src/vendor/google.golang.org/grpc/server.go:1856
2026-05-26T14:54:06.0157368Z google.golang.org/grpc.(*Server).serveStreams.func2.1
2026-05-26T14:54:06.0157634Z 	/src/vendor/google.golang.org/grpc/server.go:1065
2026-05-26T14:54:06.0157853Z runtime.goexit
2026-05-26T14:54:06.0158032Z 	/usr/local/go/src/runtime/asm_amd64.s:1771
2026-05-26T14:54:06.0158181Z 
2026-05-26T14:54:06.0158461Z 7 v0.30.0 /usr/bin/buildkitd --config /etc/buildkit/buildkitd.toml --debug --allow-insecure-entitlement=network.host
2026-05-26T14:54:06.0158859Z main.unaryInterceptor
2026-05-26T14:54:06.0159044Z 	/src/cmd/buildkitd/main.go:779
2026-05-26T14:54:06.0159402Z google.golang.org/grpc.NewServer.chainUnaryServerInterceptors.chainUnaryInterceptors.func1
2026-05-26T14:54:06.0159798Z 	/src/vendor/google.golang.org/grpc/server.go:1234
2026-05-26T14:54:06.0159956Z 
2026-05-26T14:54:06.0160206Z 7 v0.30.0 /usr/bin/buildkitd --config /etc/buildkit/buildkitd.toml --debug --allow-insecure-entitlement=network.host
2026-05-26T14:54:06.0160615Z github.com/moby/buildkit/cache/util.StatFile
2026-05-26T14:54:06.0160834Z 	/src/cache/util/fsutil.go:105
2026-05-26T14:54:06.0161118Z github.com/moby/buildkit/frontend/gateway.(*llbBridgeForwarder).StatFile
2026-05-26T14:54:06.0161426Z 	/src/frontend/gateway/gateway.go:986
2026-05-26T14:54:06.0161570Z 
2026-05-26T14:54:06.0161844Z time="2026-05-26T14:52:17Z" level=debug msg="session started" spanID=a7b2147e914c5787 traceID=d596d9497f81c99cfcf3026fa8664303
2026-05-26T14:54:06.0164994Z time="2026-05-26T14:52:17Z" level=debug msg="resolve exporter image with map[annotation-manifest.org.opencontainers.image.created:2026-05-26T14:51:49.817Z annotation-manifest.org.opencontainers.image.description:concurrent, cache-efficient, and Dockerfile-agnostic builder toolkit annotation-manifest.org.opencontainers.image.licenses:Apache-2.0 annotation-manifest.org.opencontainers.image.revision:efd9efcd052646f36bc5681952d72ef6cf00c50c annotation-manifest.org.opencontainers.image.source:https://github.com/moby/buildkit annotation-manifest.org.opencontainers.image.title:Dockerfile Frontend annotation-manifest.org.opencontainers.image.url:https://github.com/moby/buildkit annotation-manifest.org.opencontainers.image.vendor:Moby annotation-manifest.org.opencontainers.image.version:master name:docker/dockerfile-upstream name-canonical:true oci-artifact:true push:true push-by-digest:true]" spanID=9b0cd74b6f6a264c traceID=d596d9497f81c99cfcf3026fa8664303
2026-05-26T14:54:06.0169484Z time="2026-05-26T14:52:17Z" level=warning msg="forcibly turning on oci-mediatype mode for oci-artifact" spanID=9b0cd74b6f6a264c traceID=d596d9497f81c99cfcf3026fa8664303
2026-05-26T14:54:06.0170463Z time="2026-05-26T14:52:17Z" level=debug msg="parsed token: scopes: [{Scope:refs/heads/master Permission:Read|Write}], issued: 2026-05-26 14:46:34 +0000 UTC, expires: 2026-05-26 21:01:34 +0000 UTC"
2026-05-26T14:54:06.0172071Z time="2026-05-26T14:52:17Z" level=debug msg="checked for cached auth handler namespace" cached=false key="docker.io/docker/dockerfile-upstream::pull" name=docker.io/docker/dockerfile-upstream scope=pull
2026-05-26T14:54:06.0173769Z time="2026-05-26T14:52:17Z" level=debug msg=resolving span="resolving docker.io/docker/dockerfile-upstream:master" spanID=96a7ae258dc9ad49 traceID=d596d9497f81c99cfcf3026fa8664303
2026-05-26T14:54:06.0176881Z time="2026-05-26T14:52:17Z" level=debug msg="do request" request.header.accept="application/vnd.docker.distribution.manifest.v2+json, application/vnd.docker.distribution.manifest.list.v2+json, application/vnd.oci.image.manifest.v1+json, application/vnd.oci.image.index.v1+json, */*" request.header.user-agent=buildkit/v0.30 request.method=HEAD span="resolving docker.io/docker/dockerfile-upstream:master" spanID=96a7ae258dc9ad49 traceID=d596d9497f81c99cfcf3026fa8664303
2026-05-26T14:54:06.0182406Z time="2026-05-26T14:52:17Z" level=debug msg="fetch response received" response.header.connection=keep-alive response.header.content-length=169 response.header.content-type=application/json response.header.date="Tue, 26 May 2026 14:52:17 GMT" response.header.docker-distribution-api-version=registry/2.0 response.header.docker-ratelimit-source=172.214.156.88 response.header.strict-transport-security="max-age=31536000" response.header.www-authenticate="***"https://auth.docker.io/token\",service=\"registry.docker.io\",scope=\"repository:docker/dockerfile-upstream:pull\"" response.status="401 Unauthorized" span="resolving docker.io/docker/dockerfile-upstream:master" spanID=96a7ae258dc9ad49 traceID=d596d9497f81c99cfcf3026fa8664303
2026-05-26T14:54:06.0187189Z time="2026-05-26T14:52:17Z" level=debug msg=Unauthorized header="***"https://auth.docker.io/token\",service=\"registry.docker.io\",scope=\"repository:docker/dockerfile-upstream:pull\"" span="resolving docker.io/docker/dockerfile-upstream:master" spanID=96a7ae258dc9ad49 traceID=d596d9497f81c99cfcf3026fa8664303
2026-05-26T14:54:06.0190302Z time="2026-05-26T14:52:17Z" level=debug msg="do request" request.header.accept="application/vnd.docker.distribution.manifest.v2+json, application/vnd.docker.distribution.manifest.list.v2+json, application/vnd.oci.image.manifest.v1+json, application/vnd.oci.image.index.v1+json, */*" request.header.user-agent=buildkit/v0.30 request.method=HEAD span="resolving docker.io/docker/dockerfile-upstream:master" spanID=96a7ae258dc9ad49 traceID=d596d9497f81c99cfcf3026fa8664303
2026-05-26T14:54:06.0193722Z time="2026-05-26T14:52:17Z" level=debug msg="fetch response received" response.header.connection=keep-alive response.header.content-length=9078 response.header.content-type=application/vnd.oci.image.index.v1+json response.header.date="Tue, 26 May 2026 14:52:17 GMT" response.header.docker-content-digest="sha256:462a71a970b56a75671e91db77f9a045f276fd9757e3a2ef1f553704a6b52437" response.header.docker-distribution-api-version=registry/2.0 response.header.docker-ratelimit-source=db5d0262-fa15-45b4-b769-37d76cd8d66d response.header.etag="\"sha256:462a71a970b56a75671e91db77f9a045f276fd9757e3a2ef1f553704a6b52437\"" response.header.strict-transport-security="max-age=31536000" response.status="200 OK" span="resolving docker.io/docker/dockerfile-upstream:master" spanID=96a7ae258dc9ad49 traceID=d596d9497f81c99cfcf3026fa8664303
2026-05-26T14:54:06.0196856Z time="2026-05-26T14:52:17Z" level=debug msg=resolved desc.digest="sha256:462a71a970b56a75671e91db77f9a045f276fd9757e3a2ef1f553704a6b52437" span="resolving docker.io/docker/dockerfile-upstream:master" spanID=96a7ae258dc9ad49 traceID=d596d9497f81c99cfcf3026fa8664303
2026-05-26T14:54:06.0197951Z time="2026-05-26T14:52:17Z" level=debug msg=fetch span="resolving docker.io/docker/dockerfile-upstream:master" spanID=96a7ae258dc9ad49 traceID=d596d9497f81c99cfcf3026fa8664303
2026-05-26T14:54:06.0198959Z time="2026-05-26T14:52:17Z" level=debug msg="fetching layer" chunk_size=0 initial_parallelism=0 offset=0 parallelism=1 span="resolving docker.io/docker/dockerfile-upstream:master" spanID=96a7ae258dc9ad49 traceID=d596d9497f81c99cfcf3026fa8664303
2026-05-26T14:54:06.0200485Z time="2026-05-26T14:52:17Z" level=debug msg="do request" request.header.accept="application/vnd.oci.image.index.v1+json, */*" request.header.accept-encoding="zstd;q=1.0, gzip;q=0.8, deflate;q=0.5" request.header.user-agent=buildkit/v0.30 request.method=GET span="resolving docker.io/docker/dockerfile-upstream:master" spanID=96a7ae258dc9ad49 traceID=d596d9497f81c99cfcf3026fa8664303
2026-05-26T14:54:06.0204697Z time="2026-05-26T14:52:17Z" level=debug msg="fetch response received" response.header.connection=keep-alive response.header.content-length=9078 response.header.content-type=application/vnd.oci.image.index.v1+json response.header.date="Tue, 26 May 2026 14:52:17 GMT" response.header.docker-content-digest="sha256:462a71a970b56a75671e91db77f9a045f276fd9757e3a2ef1f553704a6b52437" response.header.docker-distribution-api-version=registry/2.0 response.header.docker-ratelimit-source=172.214.156.88 response.header.etag="\"sha256:462a71a970b56a75671e91db77f9a045f276fd9757e3a2ef1f553704a6b52437\"" response.header.strict-transport-security="max-age=31536000" response.status="200 OK" span="resolving docker.io/docker/dockerfile-upstream:master" spanID=96a7ae258dc9ad49 traceID=d596d9497f81c99cfcf3026fa8664303
2026-05-26T14:54:06.0208760Z time="2026-05-26T14:52:17Z" level=debug msg=fetch span="resolving docker.io/docker/dockerfile-upstream:master" spanID=96a7ae258dc9ad49 traceID=d596d9497f81c99cfcf3026fa8664303
2026-05-26T14:54:06.0210277Z time="2026-05-26T14:52:17Z" level=debug msg="fetching layer" chunk_size=0 initial_parallelism=0 offset=0 parallelism=1 span="resolving docker.io/docker/dockerfile-upstream:master" spanID=96a7ae258dc9ad49 traceID=d596d9497f81c99cfcf3026fa8664303
2026-05-26T14:54:06.0212687Z time="2026-05-26T14:52:17Z" level=debug msg="do request" request.header.accept="application/vnd.oci.image.manifest.v1+json, */*" request.header.accept-encoding="zstd;q=1.0, gzip;q=0.8, deflate;q=0.5" request.header.user-agent=buildkit/v0.30 request.method=GET span="resolving docker.io/docker/dockerfile-upstream:master" spanID=96a7ae258dc9ad49 traceID=d596d9497f81c99cfcf3026fa8664303
2026-05-26T14:54:06.0217531Z time="2026-05-26T14:52:17Z" level=debug msg="fetch response received" response.header.connection=keep-alive response.header.content-length=1134 response.header.content-type=application/vnd.oci.image.manifest.v1+json response.header.date="Tue, 26 May 2026 14:52:17 GMT" response.header.docker-content-digest="sha256:4b68beb3e412212d8c5609ebd9703c798e0fe98e7989097c723efc6c9c238f89" response.header.docker-distribution-api-version=registry/2.0 response.header.docker-ratelimit-source=172.214.156.88 response.header.etag="\"sha256:4b68beb3e412212d8c5609ebd9703c798e0fe98e7989097c723efc6c9c238f89\"" response.header.strict-transport-security="max-age=31536000" response.status="200 OK" span="resolving docker.io/docker/dockerfile-upstream:master" spanID=96a7ae258dc9ad49 traceID=d596d9497f81c99cfcf3026fa8664303
2026-05-26T14:54:06.0221910Z time="2026-05-26T14:52:17Z" level=debug msg=fetch span="resolving docker.io/docker/dockerfile-upstream:master" spanID=96a7ae258dc9ad49 traceID=d596d9497f81c99cfcf3026fa8664303
2026-05-26T14:54:06.0223866Z time="2026-05-26T14:52:17Z" level=debug msg="fetching layer" chunk_size=0 initial_parallelism=0 offset=0 parallelism=1 span="resolving docker.io/docker/dockerfile-upstream:master" spanID=96a7ae258dc9ad49 traceID=d596d9497f81c99cfcf3026fa8664303
2026-05-26T14:54:06.0226754Z time="2026-05-26T14:52:17Z" level=debug msg="do request" request.header.accept="application/vnd.oci.image.config.v1+json, */*" request.header.accept-encoding="zstd;q=1.0, gzip;q=0.8, deflate;q=0.5" request.header.user-agent=buildkit/v0.30 request.method=GET span="resolving docker.io/docker/dockerfile-upstream:master" spanID=96a7ae258dc9ad49 traceID=d596d9497f81c99cfcf3026fa8664303
2026-05-26T14:54:06.0233065Z time="2026-05-26T14:52:17Z" level=debug msg="fetch response received" response.header.accept-ranges=bytes response.header.age=3156 response.header.alt-svc="h3=\":443\"; ma=86400" response.header.connection=keep-alive response.header.content-length=1332 response.header.content-type=application/octet-stream response.header.date="Tue, 26 May 2026 13:59:42 GMT" response.header.etag="\"80585bffcbbb24797ec12d06e923a628\"" response.header.last-modified="Tue, 26 May 2026 13:58:12 GMT" response.header.server=AmazonS3 response.header.via="1.1 eb382ff675fc4a4551773e2e1657c302.cloudfront.net (CloudFront)" response.header.x-amz-cf-id="pAOGKdVdTJ5gS24Z8GGOV-kDe2iJfi44aKMOX313IMwU5ZtdI04YkA==" response.header.x-amz-cf-pop=ORD58-P13 response.header.x-amz-server-side-encryption=AES256 response.header.x-amz-version-id=Dwje5gSwMFqDVSZH7zboBgsP9DP3tYUk response.header.x-cache="Hit from cloudfront" response.status="200 OK" span="resolving docker.io/docker/dockerfile-upstream:master" spanID=96a7ae258dc9ad49 traceID=d596d9497f81c99cfcf3026fa8664303
2026-05-26T14:54:06.0238905Z time="2026-05-26T14:52:17Z" level=debug msg="checked for cached auth handler namespace" cached=true key="docker.io/docker/dockerfile-upstream::pull" name=docker.io/docker/dockerfile-upstream scope=pull
2026-05-26T14:54:06.0240735Z time="2026-05-26T14:52:17Z" level=debug msg=fetch digest="sha256:462a71a970b56a75671e91db77f9a045f276fd9757e3a2ef1f553704a6b52437" mediatype=application/vnd.oci.image.index.v1+json size=9078 spanID=f0b87a7e01cb127d traceID=d596d9497f81c99cfcf3026fa8664303
2026-05-26T14:54:06.0242961Z time="2026-05-26T14:52:17Z" level=debug msg=fetch digest="sha256:4b68beb3e412212d8c5609ebd9703c798e0fe98e7989097c723efc6c9c238f89" mediatype=application/vnd.oci.image.manifest.v1+json size=1134 spanID=f0b87a7e01cb127d traceID=d596d9497f81c99cfcf3026fa8664303
2026-05-26T14:54:06.0245266Z time="2026-05-26T14:52:17Z" level=debug msg=fetch digest="sha256:85f5e75e00f75982a4fc56f1a5b72f8c4955fa07676a99aeade742a4acfb4c00" mediatype=application/vnd.oci.image.config.v1+json size=1332 spanID=f0b87a7e01cb127d traceID=d596d9497f81c99cfcf3026fa8664303
2026-05-26T14:54:06.0246880Z time="2026-05-26T14:52:17Z" level=debug msg="checked for cached auth handler namespace" cached=true key="docker.io/docker/dockerfile-upstream::pull" name=docker.io/docker/dockerfile-upstream scope=pull
2026-05-26T14:54:06.0247862Z time="2026-05-26T14:52:17Z" level=debug msg="checked for cached auth handler namespace" cached=true key="docker.io/docker/dockerfile-upstream::pull" name=docker.io/docker/dockerfile-upstream scope=pull
2026-05-26T14:54:06.0249024Z time="2026-05-26T14:52:17Z" level=debug msg=fetch digest="sha256:e17ba534466cb986fa0989d8ec5cbb5da58552361373cd1019221a7742fa203d" mediatype=application/vnd.oci.image.layer.v1.tar+gzip size=14365874 spanID=f0b87a7e01cb127d traceID=d596d9497f81c99cfcf3026fa8664303
2026-05-26T14:54:06.0250537Z time="2026-05-26T14:52:17Z" level=debug msg="fetching layer" chunk_size=0 digest="sha256:e17ba534466cb986fa0989d8ec5cbb5da58552361373cd1019221a7742fa203d" initial_parallelism=0 mediatype=application/vnd.oci.image.layer.v1.tar+gzip offset=0 parallelism=1 size=14365874 spanID=f0b87a7e01cb127d traceID=d596d9497f81c99cfcf3026fa8664303
2026-05-26T14:54:06.0253177Z time="2026-05-26T14:52:17Z" level=debug msg="do request" digest="sha256:e17ba534466cb986fa0989d8ec5cbb5da58552361373cd1019221a7742fa203d" mediatype=application/vnd.oci.image.layer.v1.tar+gzip request.header.accept="application/vnd.oci.image.layer.v1.tar+gzip, */*" request.header.accept-encoding="zstd;q=1.0, gzip;q=0.8, deflate;q=0.5" request.header.user-agent=buildkit/v0.30 request.method=GET size=14365874 spanID=f0b87a7e01cb127d traceID=d596d9497f81c99cfcf3026fa8664303 url="https://registry-1.docker.io/v2/docker/dockerfile-upstream/blobs/sha256:e17ba534466cb986fa0989d8ec5cbb5da58552361373cd1019221a7742fa203d"
2026-05-26T14:54:06.0258303Z time="2026-05-26T14:52:17Z" level=debug msg="fetch response received" digest="sha256:e17ba534466cb986fa0989d8ec5cbb5da58552361373cd1019221a7742fa203d" mediatype=application/vnd.oci.image.layer.v1.tar+gzip response.header.accept-ranges=bytes response.header.age=3152 response.header.alt-svc="h3=\":443\"; ma=86400" response.header.connection=keep-alive response.header.content-length=14365874 response.header.content-type=application/octet-stream response.header.date="Tue, 26 May 2026 13:59:46 GMT" response.header.etag="\"edb09ccd2994a2e9718f7242a186c1ec\"" response.header.last-modified="Tue, 26 May 2026 13:58:13 GMT" response.header.server=AmazonS3 response.header.via="1.1 eb382ff675fc4a4551773e2e1657c302.cloudfront.net (CloudFront)" response.header.x-amz-cf-id="zdIeQT57_3jmyUWsdh1Brzut1hv_6WClel1bKKzJk6SX-CCK4ly-3A==" response.header.x-amz-cf-pop=ORD58-P13 response.header.x-amz-server-side-encryption=AES256 response.header.x-amz-version-id=HaSOmRy3Lfd.BpuroFjV13XsoHLHTYFX response.header.x-cache="Hit from cloudfront" response.status="200 OK" size=14365874 spanID=f0b87a7e01cb127d traceID=d596d9497f81c99cfcf3026fa8664303 url="https://registry-1.docker.io/v2/docker/dockerfile-upstream/blobs/sha256:e17ba534466cb986fa0989d8ec5cbb5da58552361373cd1019221a7742fa203d"
2026-05-26T14:54:06.0262078Z time="2026-05-26T14:52:18Z" level=debug msg=" not found" error="exec: \"igzip\": executable file not found in $PATH"
2026-05-26T14:54:06.0262529Z time="2026-05-26T14:52:18Z" level=debug msg="using unpigz for decompression"
2026-05-26T14:54:06.0263453Z time="2026-05-26T14:52:18Z" level=debug msg="diff applied" d=92.484831ms digest="sha256:e17ba534466cb986fa0989d8ec5cbb5da58552361373cd1019221a7742fa203d" media=application/vnd.oci.image.layer.v1.tar+gzip size=14365874 span=extract spanID=982a139f0d325ea8 traceID=d596d9497f81c99cfcf3026fa8664303
2026-05-26T14:54:06.0264508Z time="2026-05-26T14:52:18Z" level=debug msg="serving grpc connection" spanID=f0b87a7e01cb127d traceID=d596d9497f81c99cfcf3026fa8664303
2026-05-26T14:54:06.0265248Z time="2026-05-26T14:52:18Z" level=debug msg="> creating s9vujcqbghvgf75aqx4fttkcn [/bin/dockerfile-frontend]" spanID=f0b87a7e01cb127d traceID=d596d9497f81c99cfcf3026fa8664303
2026-05-26T14:54:06.0266420Z time="2026-05-26T14:52:18Z" level=debug msg="checked for cached auth handler namespace" cached=false key="docker.io/docker/buildkit-syft-scanner::pull" name=docker.io/docker/buildkit-syft-scanner scope=pull
2026-05-26T14:54:06.0267888Z time="2026-05-26T14:52:18Z" level=debug msg=resolving span="resolving docker.io/docker/buildkit-syft-scanner:1.11.0" spanID=d893199652612de5 traceID=d596d9497f81c99cfcf3026fa8664303
2026-05-26T14:54:06.0269777Z time="2026-05-26T14:52:18Z" level=debug msg="do request" request.header.accept="application/vnd.docker.distribution.manifest.v2+json, application/vnd.docker.distribution.manifest.list.v2+json, application/vnd.oci.image.manifest.v1+json, application/vnd.oci.image.index.v1+json, */*" request.header.user-agent=buildkit/v0.30 request.method=HEAD span="resolving docker.io/docker/buildkit-syft-scanner:1.11.0" spanID=d893199652612de5 traceID=d596d9497f81c99cfcf3026fa8664303
2026-05-26T14:54:06.0273285Z time="2026-05-26T14:52:18Z" level=debug msg="fetch response received" response.header.connection=keep-alive response.header.content-length=171 response.header.content-type=application/json response.header.date="Tue, 26 May 2026 14:52:18 GMT" response.header.docker-distribution-api-version=registry/2.0 response.header.docker-ratelimit-source=172.214.156.88 response.header.strict-transport-security="max-age=31536000" response.header.www-authenticate="***"https://auth.docker.io/token\",service=\"registry.docker.io\",scope=\"repository:docker/buildkit-syft-scanner:pull\"" response.status="401 Unauthorized" span="resolving docker.io/docker/buildkit-syft-scanner:1.11.0" spanID=d893199652612de5 traceID=d596d9497f81c99cfcf3026fa8664303
2026-05-26T14:54:06.0276181Z time="2026-05-26T14:52:18Z" level=debug msg=Unauthorized header="***"https://auth.docker.io/token\",service=\"registry.docker.io\",scope=\"repository:docker/buildkit-syft-scanner:pull\"" span="resolving docker.io/docker/buildkit-syft-scanner:1.11.0" spanID=d893199652612de5 traceID=d596d9497f81c99cfcf3026fa8664303
2026-05-26T14:54:06.0278141Z time="2026-05-26T14:52:18Z" level=debug msg="do request" request.header.accept="application/vnd.docker.distribution.manifest.v2+json, application/vnd.docker.distribution.manifest.list.v2+json, application/vnd.oci.image.manifest.v1+json, application/vnd.oci.image.index.v1+json, */*" request.header.user-agent=buildkit/v0.30 request.method=HEAD span="resolving docker.io/docker/buildkit-syft-scanner:1.11.0" spanID=d893199652612de5 traceID=d596d9497f81c99cfcf3026fa8664303
2026-05-26T14:54:06.0281494Z time="2026-05-26T14:52:18Z" level=debug msg="fetch response received" response.header.connection=keep-alive response.header.content-length=4648 response.header.content-type=application/vnd.oci.image.index.v1+json response.header.date="Tue, 26 May 2026 14:52:18 GMT" response.header.docker-content-digest="sha256:79e7b013cbec16bbb436f312819a49a4a57752b2270c1a9332ae1a10fcc82a68" response.header.docker-distribution-api-version=registry/2.0 response.header.docker-ratelimit-source=db5d0262-fa15-45b4-b769-37d76cd8d66d response.header.etag="\"sha256:79e7b013cbec16bbb436f312819a49a4a57752b2270c1a9332ae1a10fcc82a68\"" response.header.strict-transport-security="max-age=31536000" response.status="200 OK" span="resolving docker.io/docker/buildkit-syft-scanner:1.11.0" spanID=d893199652612de5 traceID=d596d9497f81c99cfcf3026fa8664303
2026-05-26T14:54:06.0284430Z time="2026-05-26T14:52:18Z" level=debug msg=resolved desc.digest="sha256:79e7b013cbec16bbb436f312819a49a4a57752b2270c1a9332ae1a10fcc82a68" span="resolving docker.io/docker/buildkit-syft-scanner:1.11.0" spanID=d893199652612de5 traceID=d596d9497f81c99cfcf3026fa8664303
2026-05-26T14:54:06.0285492Z time="2026-05-26T14:52:18Z" level=debug msg=fetch span="resolving docker.io/docker/buildkit-syft-scanner:1.11.0" spanID=d893199652612de5 traceID=d596d9497f81c99cfcf3026fa8664303
2026-05-26T14:54:06.0286646Z time="2026-05-26T14:52:18Z" level=debug msg="fetching layer" chunk_size=0 initial_parallelism=0 offset=0 parallelism=1 span="resolving docker.io/docker/buildkit-syft-scanner:1.11.0" spanID=d893199652612de5 traceID=d596d9497f81c99cfcf3026fa8664303
2026-05-26T14:54:06.0288260Z time="2026-05-26T14:52:18Z" level=debug msg="do request" request.header.accept="application/vnd.oci.image.index.v1+json, */*" request.header.accept-encoding="zstd;q=1.0, gzip;q=0.8, deflate;q=0.5" request.header.user-agent=buildkit/v0.30 request.method=GET span="resolving docker.io/docker/buildkit-syft-scanner:1.11.0" spanID=d893199652612de5 traceID=d596d9497f81c99cfcf3026fa8664303
2026-05-26T14:54:06.0291531Z time="2026-05-26T14:52:18Z" level=debug msg="fetch response received" response.header.connection=keep-alive response.header.content-length=4648 response.header.content-type=application/vnd.oci.image.index.v1+json response.header.date="Tue, 26 May 2026 14:52:18 GMT" response.header.docker-content-digest="sha256:79e7b013cbec16bbb436f312819a49a4a57752b2270c1a9332ae1a10fcc82a68" response.header.docker-distribution-api-version=registry/2.0 response.header.docker-ratelimit-source=172.214.156.88 response.header.etag="\"sha256:79e7b013cbec16bbb436f312819a49a4a57752b2270c1a9332ae1a10fcc82a68\"" response.header.strict-transport-security="max-age=31536000" response.status="200 OK" span="resolving docker.io/docker/buildkit-syft-scanner:1.11.0" spanID=d893199652612de5 traceID=d596d9497f81c99cfcf3026fa8664303
2026-05-26T14:54:06.0294685Z time="2026-05-26T14:52:18Z" level=debug msg=fetch span="resolving docker.io/docker/buildkit-syft-scanner:1.11.0" spanID=d893199652612de5 traceID=d596d9497f81c99cfcf3026fa8664303
2026-05-26T14:54:06.0295706Z time="2026-05-26T14:52:18Z" level=debug msg="fetching layer" chunk_size=0 initial_parallelism=0 offset=0 parallelism=1 span="resolving docker.io/docker/buildkit-syft-scanner:1.11.0" spanID=d893199652612de5 traceID=d596d9497f81c99cfcf3026fa8664303
2026-05-26T14:54:06.0297459Z time="2026-05-26T14:52:18Z" level=debug msg="do request" request.header.accept="application/vnd.oci.image.manifest.v1+json, */*" request.header.accept-encoding="zstd;q=1.0, gzip;q=0.8, deflate;q=0.5" request.header.user-agent=buildkit/v0.30 request.method=GET span="resolving docker.io/docker/buildkit-syft-scanner:1.11.0" spanID=d893199652612de5 traceID=d596d9497f81c99cfcf3026fa8664303
2026-05-26T14:54:06.0300832Z time="2026-05-26T14:52:18Z" level=debug msg="fetch response received" response.header.connection=keep-alive response.header.content-length=481 response.header.content-type=application/vnd.oci.image.manifest.v1+json response.header.date="Tue, 26 May 2026 14:52:18 GMT" response.header.docker-content-digest="sha256:13864237fb990943433f89d698590aad1de38d4a7e13d38e7b12f2488c1952e7" response.header.docker-distribution-api-version=registry/2.0 response.header.docker-ratelimit-source=172.214.156.88 response.header.etag="\"sha256:13864237fb990943433f89d698590aad1de38d4a7e13d38e7b12f2488c1952e7\"" response.header.strict-transport-security="max-age=31536000" response.status="200 OK" span="resolving docker.io/docker/buildkit-syft-scanner:1.11.0" spanID=d893199652612de5 traceID=d596d9497f81c99cfcf3026fa8664303
2026-05-26T14:54:06.0304048Z time="2026-05-26T14:52:18Z" level=debug msg=fetch span="resolving docker.io/docker/buildkit-syft-scanner:1.11.0" spanID=d893199652612de5 traceID=d596d9497f81c99cfcf3026fa8664303
2026-05-26T14:54:06.0305067Z time="2026-05-26T14:52:18Z" level=debug msg="fetching layer" chunk_size=0 initial_parallelism=0 offset=0 parallelism=1 span="resolving docker.io/docker/buildkit-syft-scanner:1.11.0" spanID=d893199652612de5 traceID=d596d9497f81c99cfcf3026fa8664303
2026-05-26T14:54:06.0306758Z time="2026-05-26T14:52:18Z" level=debug msg="do request" request.header.accept="application/vnd.oci.image.config.v1+json, */*" request.header.accept-encoding="zstd;q=1.0, gzip;q=0.8, deflate;q=0.5" request.header.user-agent=buildkit/v0.30 request.method=GET span="resolving docker.io/docker/buildkit-syft-scanner:1.11.0" spanID=d893199652612de5 traceID=d596d9497f81c99cfcf3026fa8664303
2026-05-26T14:54:06.0312779Z time="2026-05-26T14:52:18Z" level=debug msg="fetch response received" response.header.accept-ranges=bytes response.header.age=11785 response.header.alt-svc="h3=\":443\"; ma=86400" response.header.connection=keep-alive response.header.content-length=801 response.header.content-type=application/octet-stream response.header.date="Tue, 26 May 2026 11:35:54 GMT" response.header.etag="\"e86b5dedc8debaa070c094dc3c0636a2\"" response.header.last-modified="Thu, 09 Apr 2026 08:11:40 GMT" response.header.server=AmazonS3 response.header.vary=Accept-Encoding response.header.via="1.1 eb382ff675fc4a4551773e2e1657c302.cloudfront.net (CloudFront)" response.header.x-amz-cf-id="vI_rLg58KDfyruM1U1Qq9l59_4nXbyDJKMJOn8tqEaHZZ2Fpxpq2gw==" response.header.x-amz-cf-pop=ORD58-P13 response.header.x-amz-server-side-encryption=AES256 response.header.x-amz-version-id=tIcjXnJK7qWo8pqh.EwM44FjbdNEW5Om response.header.x-cache="Hit from cloudfront" response.status="200 OK" span="resolving docker.io/docker/buildkit-syft-scanner:1.11.0" spanID=d893199652612de5 traceID=d596d9497f81c99cfcf3026fa8664303
2026-05-26T14:54:06.0317295Z time="2026-05-26T14:52:18Z" level=debug msg="checked for cached auth handler namespace" cached=false key="docker.io/library/golang::pull" name=docker.io/library/golang scope=pull
2026-05-26T14:54:06.0318769Z time="2026-05-26T14:52:18Z" level=debug msg="checked for cached auth handler namespace" cached=false key="docker.io/tonistiigi/xx::pull" name=docker.io/tonistiigi/xx scope=pull
2026-05-26T14:54:06.0320441Z time="2026-05-26T14:52:18Z" level=debug msg=resolving span="resolving docker.io/tonistiigi/xx:1.9.0" spanID=cb945dee877602b6 traceID=d596d9497f81c99cfcf3026fa8664303
2026-05-26T14:54:06.0323114Z time="2026-05-26T14:52:18Z" level=debug msg="do request" request.header.accept="application/vnd.docker.distribution.manifest.v2+json, application/vnd.docker.distribution.manifest.list.v2+json, application/vnd.oci.image.manifest.v1+json, application/vnd.oci.image.index.v1+json, */*" request.header.user-agent=buildkit/v0.30 request.method=HEAD span="resolving docker.io/tonistiigi/xx:1.9.0" spanID=cb945dee877602b6 traceID=d596d9497f81c99cfcf3026fa8664303
2026-05-26T14:54:06.0325558Z time="2026-05-26T14:52:18Z" level=debug msg=resolving span="resolving docker.io/library/golang:1.26-alpine3.23" spanID=66132b73d0fe40f1 traceID=d596d9497f81c99cfcf3026fa8664303
2026-05-26T14:54:06.0327943Z time="2026-05-26T14:52:18Z" level=debug msg="do request" request.header.accept="application/vnd.docker.distribution.manifest.v2+json, application/vnd.docker.distribution.manifest.list.v2+json, application/vnd.oci.image.manifest.v1+json, application/vnd.oci.image.index.v1+json, */*" request.header.user-agent=buildkit/v0.30 request.method=HEAD span="resolving docker.io/library/golang:1.26-alpine3.23" spanID=66132b73d0fe40f1 traceID=d596d9497f81c99cfcf3026fa8664303
2026-05-26T14:54:06.0331291Z time="2026-05-26T14:52:18Z" level=debug msg="fetch response received" response.header.connection=keep-alive response.header.content-length=156 response.header.content-type=application/json response.header.date="Tue, 26 May 2026 14:52:18 GMT" response.header.docker-distribution-api-version=registry/2.0 response.header.docker-ratelimit-source=172.214.156.88 response.header.strict-transport-security="max-age=31536000" response.header.www-authenticate="***"https://auth.docker.io/token\",service=\"registry.docker.io\",scope=\"repository:tonistiigi/xx:pull\"" response.status="401 Unauthorized" span="resolving docker.io/tonistiigi/xx:1.9.0" spanID=cb945dee877602b6 traceID=d596d9497f81c99cfcf3026fa8664303
2026-05-26T14:54:06.0333827Z time="2026-05-26T14:52:18Z" level=debug msg=Unauthorized header="***"https://auth.docker.io/token\",service=\"registry.docker.io\",scope=\"repository:tonistiigi/xx:pull\"" span="resolving docker.io/tonistiigi/xx:1.9.0" spanID=cb945dee877602b6 traceID=d596d9497f81c99cfcf3026fa8664303
2026-05-26T14:54:06.0335649Z time="2026-05-26T14:52:18Z" level=debug msg="do request" request.header.accept="application/vnd.docker.distribution.manifest.v2+json, application/vnd.docker.distribution.manifest.list.v2+json, application/vnd.oci.image.manifest.v1+json, application/vnd.oci.image.index.v1+json, */*" request.header.user-agent=buildkit/v0.30 request.method=HEAD span="resolving docker.io/tonistiigi/xx:1.9.0" spanID=cb945dee877602b6 traceID=d596d9497f81c99cfcf3026fa8664303
2026-05-26T14:54:06.0338964Z time="2026-05-26T14:52:18Z" level=debug msg="fetch response received" response.header.connection=keep-alive response.header.content-length=157 response.header.content-type=application/json response.header.date="Tue, 26 May 2026 14:52:18 GMT" response.header.docker-distribution-api-version=registry/2.0 response.header.docker-ratelimit-source=172.214.156.88 response.header.strict-transport-security="max-age=31536000" response.header.www-authenticate="***"https://auth.docker.io/token\",service=\"registry.docker.io\",scope=\"repository:library/golang:pull\"" response.status="401 Unauthorized" span="resolving docker.io/library/golang:1.26-alpine3.23" spanID=66132b73d0fe40f1 traceID=d596d9497f81c99cfcf3026fa8664303
2026-05-26T14:54:06.0342051Z time="2026-05-26T14:52:18Z" level=debug msg=Unauthorized header="***"https://auth.docker.io/token\",service=\"registry.docker.io\",scope=\"repository:library/golang:pull\"" span="resolving docker.io/library/golang:1.26-alpine3.23" spanID=66132b73d0fe40f1 traceID=d596d9497f81c99cfcf3026fa8664303
2026-05-26T14:54:06.0344075Z time="2026-05-26T14:52:18Z" level=debug msg="do request" request.header.accept="application/vnd.docker.distribution.manifest.v2+json, application/vnd.docker.distribution.manifest.list.v2+json, application/vnd.oci.image.manifest.v1+json, application/vnd.oci.image.index.v1+json, */*" request.header.user-agent=buildkit/v0.30 request.method=HEAD span="resolving docker.io/library/golang:1.26-alpine3.23" spanID=66132b73d0fe40f1 traceID=d596d9497f81c99cfcf3026fa8664303
2026-05-26T14:54:06.0347741Z time="2026-05-26T14:52:18Z" level=debug msg="fetch response received" response.header.connection=keep-alive response.header.content-length=10708 response.header.content-type=application/vnd.oci.image.index.v1+json response.header.date="Tue, 26 May 2026 14:52:18 GMT" response.header.docker-content-digest="sha256:c64defb9ed5a91eacb37f96ccc3d4cd72521c4bd18d5442905b95e2226b0e707" response.header.docker-distribution-api-version=registry/2.0 response.header.docker-ratelimit-source=db5d0262-fa15-45b4-b769-37d76cd8d66d response.header.etag="\"sha256:c64defb9ed5a91eacb37f96ccc3d4cd72521c4bd18d5442905b95e2226b0e707\"" response.header.strict-transport-security="max-age=31536000" response.status="200 OK" span="resolving docker.io/tonistiigi/xx:1.9.0" spanID=cb945dee877602b6 traceID=d596d9497f81c99cfcf3026fa8664303
2026-05-26T14:54:06.0350620Z time="2026-05-26T14:52:18Z" level=debug msg=resolved desc.digest="sha256:c64defb9ed5a91eacb37f96ccc3d4cd72521c4bd18d5442905b95e2226b0e707" span="resolving docker.io/tonistiigi/xx:1.9.0" spanID=cb945dee877602b6 traceID=d596d9497f81c99cfcf3026fa8664303
2026-05-26T14:54:06.0351618Z time="2026-05-26T14:52:18Z" level=debug msg=fetch span="resolving docker.io/tonistiigi/xx:1.9.0" spanID=cb945dee877602b6 traceID=d596d9497f81c99cfcf3026fa8664303
2026-05-26T14:54:06.0352536Z time="2026-05-26T14:52:18Z" level=debug msg="fetching layer" chunk_size=0 initial_parallelism=0 offset=0 parallelism=1 span="resolving docker.io/tonistiigi/xx:1.9.0" spanID=cb945dee877602b6 traceID=d596d9497f81c99cfcf3026fa8664303
2026-05-26T14:54:06.0354002Z time="2026-05-26T14:52:18Z" level=debug msg="do request" request.header.accept="application/vnd.oci.image.index.v1+json, */*" request.header.accept-encoding="zstd;q=1.0, gzip;q=0.8, deflate;q=0.5" request.header.user-agent=buildkit/v0.30 request.method=GET span="resolving docker.io/tonistiigi/xx:1.9.0" spanID=cb945dee877602b6 traceID=d596d9497f81c99cfcf3026fa8664303
2026-05-26T14:54:06.0357195Z time="2026-05-26T14:52:18Z" level=debug msg="fetch response received" response.header.connection=keep-alive response.header.content-length=10293 response.header.content-type=application/vnd.oci.image.index.v1+json response.header.date="Tue, 26 May 2026 14:52:18 GMT" response.header.docker-content-digest="sha256:91eda9776261207ea25fd06b5b7fed8d397dd2c0a283e77f2ab6e91bfa71079d" response.header.docker-distribution-api-version=registry/2.0 response.header.docker-ratelimit-source=db5d0262-fa15-45b4-b769-37d76cd8d66d response.header.etag="\"sha256:91eda9776261207ea25fd06b5b7fed8d397dd2c0a283e77f2ab6e91bfa71079d\"" response.header.strict-transport-security="max-age=31536000" response.status="200 OK" span="resolving docker.io/library/golang:1.26-alpine3.23" spanID=66132b73d0fe40f1 traceID=d596d9497f81c99cfcf3026fa8664303
2026-05-26T14:54:06.0360005Z time="2026-05-26T14:52:18Z" level=debug msg=resolved desc.digest="sha256:91eda9776261207ea25fd06b5b7fed8d397dd2c0a283e77f2ab6e91bfa71079d" span="resolving docker.io/library/golang:1.26-alpine3.23" spanID=66132b73d0fe40f1 traceID=d596d9497f81c99cfcf3026fa8664303
2026-05-26T14:54:06.0361042Z time="2026-05-26T14:52:18Z" level=debug msg=fetch span="resolving docker.io/library/golang:1.26-alpine3.23" spanID=66132b73d0fe40f1 traceID=d596d9497f81c99cfcf3026fa8664303
2026-05-26T14:54:06.0362003Z time="2026-05-26T14:52:18Z" level=debug msg="fetching layer" chunk_size=0 initial_parallelism=0 offset=0 parallelism=1 span="resolving docker.io/library/golang:1.26-alpine3.23" spanID=66132b73d0fe40f1 traceID=d596d9497f81c99cfcf3026fa8664303
2026-05-26T14:54:06.0363590Z time="2026-05-26T14:52:18Z" level=debug msg="do request" request.header.accept="application/vnd.oci.image.index.v1+json, */*" request.header.accept-encoding="zstd;q=1.0, gzip;q=0.8, deflate;q=0.5" request.header.user-agent=buildkit/v0.30 request.method=GET span="resolving docker.io/library/golang:1.26-alpine3.23" spanID=66132b73d0fe40f1 traceID=d596d9497f81c99cfcf3026fa8664303
2026-05-26T14:54:06.0366919Z time="2026-05-26T14:52:18Z" level=debug msg="fetch response received" response.header.connection=keep-alive response.header.content-length=10293 response.header.content-type=application/vnd.oci.image.index.v1+json response.header.date="Tue, 26 May 2026 14:52:18 GMT" response.header.docker-content-digest="sha256:91eda9776261207ea25fd06b5b7fed8d397dd2c0a283e77f2ab6e91bfa71079d" response.header.docker-distribution-api-version=registry/2.0 response.header.docker-ratelimit-source=db5d0262-fa15-45b4-b769-37d76cd8d66d response.header.etag="\"sha256:91eda9776261207ea25fd06b5b7fed8d397dd2c0a283e77f2ab6e91bfa71079d\"" response.header.strict-transport-security="max-age=31536000" response.status="200 OK" span="resolving docker.io/library/golang:1.26-alpine3.23" spanID=66132b73d0fe40f1 traceID=d596d9497f81c99cfcf3026fa8664303
2026-05-26T14:54:06.0369615Z time="2026-05-26T14:52:18Z" level=debug msg=fetch span="resolving docker.io/library/golang:1.26-alpine3.23" spanID=66132b73d0fe40f1 traceID=d596d9497f81c99cfcf3026fa8664303
2026-05-26T14:54:06.0370748Z time="2026-05-26T14:52:18Z" level=debug msg="fetching layer" chunk_size=0 initial_parallelism=0 offset=0 parallelism=1 span="resolving docker.io/library/golang:1.26-alpine3.23" spanID=66132b73d0fe40f1 traceID=d596d9497f81c99cfcf3026fa8664303
2026-05-26T14:54:06.0372253Z time="2026-05-26T14:52:18Z" level=debug msg="do request" request.header.accept="application/vnd.oci.image.manifest.v1+json, */*" request.header.accept-encoding="zstd;q=1.0, gzip;q=0.8, deflate;q=0.5" request.header.user-agent=buildkit/v0.30 request.method=GET span="resolving docker.io/library/golang:1.26-alpine3.23" spanID=66132b73d0fe40f1 traceID=d596d9497f81c99cfcf3026fa8664303
2026-05-26T14:54:06.0375312Z time="2026-05-26T14:52:18Z" level=debug msg="fetch response received" response.header.connection=keep-alive response.header.content-length=10708 response.header.content-type=application/vnd.oci.image.index.v1+json response.header.date="Tue, 26 May 2026 14:52:18 GMT" response.header.docker-content-digest="sha256:c64defb9ed5a91eacb37f96ccc3d4cd72521c4bd18d5442905b95e2226b0e707" response.header.docker-distribution-api-version=registry/2.0 response.header.docker-ratelimit-source=db5d0262-fa15-45b4-b769-37d76cd8d66d response.header.etag="\"sha256:c64defb9ed5a91eacb37f96ccc3d4cd72521c4bd18d5442905b95e2226b0e707\"" response.header.strict-transport-security="max-age=31536000" response.status="200 OK" span="resolving docker.io/tonistiigi/xx:1.9.0" spanID=cb945dee877602b6 traceID=d596d9497f81c99cfcf3026fa8664303
2026-05-26T14:54:06.0377993Z time="2026-05-26T14:52:18Z" level=debug msg=fetch span="resolving docker.io/tonistiigi/xx:1.9.0" spanID=cb945dee877602b6 traceID=d596d9497f81c99cfcf3026fa8664303
2026-05-26T14:54:06.0379103Z time="2026-05-26T14:52:18Z" level=debug msg="fetching layer" chunk_size=0 initial_parallelism=0 offset=0 parallelism=1 span="resolving docker.io/tonistiigi/xx:1.9.0" spanID=cb945dee877602b6 traceID=d596d9497f81c99cfcf3026fa8664303
2026-05-26T14:54:06.0380542Z time="2026-05-26T14:52:18Z" level=debug msg="do request" request.header.accept="application/vnd.oci.image.manifest.v1+json, */*" request.header.accept-encoding="zstd;q=1.0, gzip;q=0.8, deflate;q=0.5" request.header.user-agent=buildkit/v0.30 request.method=GET span="resolving docker.io/tonistiigi/xx:1.9.0" spanID=cb945dee877602b6 traceID=d596d9497f81c99cfcf3026fa8664303
2026-05-26T14:54:06.0384702Z time="2026-05-26T14:52:19Z" level=debug msg="fetch response received" response.header.connection=keep-alive response.header.content-length=478 response.header.content-type=application/vnd.oci.image.manifest.v1+json response.header.date="Tue, 26 May 2026 14:52:19 GMT" response.header.docker-content-digest="sha256:50f4a46e93c5f7e8679f5a14222395a3ee5c65e406e16c96d987f6c911f55f90" response.header.docker-distribution-api-version=registry/2.0 response.header.docker-ratelimit-source=db5d0262-fa15-45b4-b769-37d76cd8d66d response.header.etag="\"sha256:50f4a46e93c5f7e8679f5a14222395a3ee5c65e406e16c96d987f6c911f55f90\"" response.header.strict-transport-security="max-age=31536000" response.status="200 OK" span="resolving docker.io/tonistiigi/xx:1.9.0" spanID=cb945dee877602b6 traceID=d596d9497f81c99cfcf3026fa8664303
2026-05-26T14:54:06.0388617Z time="2026-05-26T14:52:19Z" level=debug msg=fetch span="resolving docker.io/tonistiigi/xx:1.9.0" spanID=cb945dee877602b6 traceID=d596d9497f81c99cfcf3026fa8664303
2026-05-26T14:54:06.0389550Z time="2026-05-26T14:52:19Z" level=debug msg="fetching layer" chunk_size=0 initial_parallelism=0 offset=0 parallelism=1 span="resolving docker.io/tonistiigi/xx:1.9.0" spanID=cb945dee877602b6 traceID=d596d9497f81c99cfcf3026fa8664303
2026-05-26T14:54:06.0391001Z time="2026-05-26T14:52:19Z" level=debug msg="do request" request.header.accept="application/vnd.oci.image.config.v1+json, */*" request.header.accept-encoding="zstd;q=1.0, gzip;q=0.8, deflate;q=0.5" request.header.user-agent=buildkit/v0.30 request.method=GET span="resolving docker.io/tonistiigi/xx:1.9.0" spanID=cb945dee877602b6 traceID=d596d9497f81c99cfcf3026fa8664303
2026-05-26T14:54:06.0394216Z time="2026-05-26T14:52:19Z" level=debug msg="fetch response received" response.header.connection=keep-alive response.header.content-length=1921 response.header.content-type=application/vnd.oci.image.manifest.v1+json response.header.date="Tue, 26 May 2026 14:52:19 GMT" response.header.docker-content-digest="sha256:f44b851aa23dfa219d18db6eab743203245429d355cb619cf96a2ffe2a84ba7a" response.header.docker-distribution-api-version=registry/2.0 response.header.docker-ratelimit-source=db5d0262-fa15-45b4-b769-37d76cd8d66d response.header.etag="\"sha256:f44b851aa23dfa219d18db6eab743203245429d355cb619cf96a2ffe2a84ba7a\"" response.header.strict-transport-security="max-age=31536000" response.status="200 OK" span="resolving docker.io/library/golang:1.26-alpine3.23" spanID=66132b73d0fe40f1 traceID=d596d9497f81c99cfcf3026fa8664303
2026-05-26T14:54:06.0397035Z time="2026-05-26T14:52:19Z" level=debug msg=fetch span="resolving docker.io/library/golang:1.26-alpine3.23" spanID=66132b73d0fe40f1 traceID=d596d9497f81c99cfcf3026fa8664303
2026-05-26T14:54:06.0398010Z time="2026-05-26T14:52:19Z" level=debug msg="fetching layer" chunk_size=0 initial_parallelism=0 offset=0 parallelism=1 span="resolving docker.io/library/golang:1.26-alpine3.23" spanID=66132b73d0fe40f1 traceID=d596d9497f81c99cfcf3026fa8664303
2026-05-26T14:54:06.0399483Z time="2026-05-26T14:52:19Z" level=debug msg="do request" request.header.accept="application/vnd.oci.image.config.v1+json, */*" request.header.accept-encoding="zstd;q=1.0, gzip;q=0.8, deflate;q=0.5" request.header.user-agent=buildkit/v0.30 request.method=GET span="resolving docker.io/library/golang:1.26-alpine3.23" spanID=66132b73d0fe40f1 traceID=d596d9497f81c99cfcf3026fa8664303
2026-05-26T14:54:06.0403301Z time="2026-05-26T14:52:19Z" level=debug msg="fetch response received" response.header.accept-ranges=bytes response.header.age=11790 response.header.alt-svc="h3=\":443\"; ma=86400" response.header.connection=keep-alive response.header.content-length=2193 response.header.content-type=application/octet-stream response.header.date="Tue, 26 May 2026 11:35:50 GMT" response.header.etag="\"9c1a62029b56f4a969e2899b527b643c\"" response.header.last-modified="Thu, 07 May 2026 17:37:52 GMT" response.header.server=AmazonS3 response.header.vary=Accept-Encoding response.header.via="1.1 eb382ff675fc4a4551773e2e1657c302.cloudfront.net (CloudFront)" response.header.x-amz-cf-id="w66Z8WSrgjBqJd_iDfijgbvwq8P5A_gUWYFerZK-IH9BnCPKXtgg1g==" response.header.x-amz-cf-pop=ORD58-P13 response.header.x-amz-server-side-encryption=AES256 response.header.x-amz-version-id=FYadm_1_iHieVVsHtNJnX9Suzcc.R0S3 response.header.x-cache="Hit from cloudfront" response.status="200 OK" span="resolving docker.io/library/golang:1.26-alpine3.23" spanID=66132b73d0fe40f1 traceID=d596d9497f81c99cfcf3026fa8664303
2026-05-26T14:54:06.0410414Z time="2026-05-26T14:52:19Z" level=debug msg="fetch response received" response.header.accept-ranges=bytes response.header.age=1627516 response.header.cache-control="public, max-age=14400" response.header.cf-cache-status=HIT response.header.cf-ray=a01d9a5b5b26141c-ORD response.header.connection=keep-alive response.header.content-length=919 response.header.content-type=application/octet-stream response.header.date="Tue, 26 May 2026 14:52:19 GMT" response.header.etag="\"ce6985b0b2d07968f8d48065e6bc6441\"" response.header.expires="Tue, 26 May 2026 18:52:19 GMT" response.header.last-modified="Fri, 05 Dec 2025 10:16:58 GMT" response.header.server=cloudflare response.header.set-cookie="__cf_bm=cPURGhq4oKyCvBXjjY9rsEzNC_mQmAzEStpXMeBVcJc-1779807139.0958683-1.0.1.1-PfMnBzGpE6LP4HVf9DMMD01oAXmyULJ3bVvFz2D1BjWPI7yYAMCnNvFpXRCXNDzM1AnTfACpB9eVserl3FzlfnIh0JKP1lahwIrnAFJLMLa5QfUExozoP.tr2QjaHZSs; HttpOnly; SameSite=None; Secure; Path=/; Domain=production.cloudflare.docker.com; Expires=Tue, 26 May 2026 15:22:19 GMT" response.header.vary=Accept-Encoding response.header.x-amz-id-2="61uwQGTeHImnCvTzVOeoTDh9N1UAqKy6Jwz5ADUc/isL0eDcye2Yd9JSn8REZe7btb/gNPKWQUU=" response.header.x-amz-request-id=FHFEMCTFMWJNC7WQ response.header.x-amz-server-side-encryption=AES256 response.header.x-amz-version-id=iTUB1EROJWp74RzgONjk9ojAKe3._67c response.status="200 OK" span="resolving docker.io/tonistiigi/xx:1.9.0" spanID=cb945dee877602b6 traceID=d596d9497f81c99cfcf3026fa8664303
2026-05-26T14:54:06.0416037Z time="2026-05-26T14:52:21Z" level=debug msg="reset healthcheck failure" actualDuration="997.841µs" spanID=f9ba730e2b3bfb8a timeout=15s traceID=c600bb50a2245e33a14fef19275f2008
2026-05-26T14:54:06.0417028Z time="2026-05-26T14:52:22Z" level=debug msg="reset healthcheck failure" actualDuration="977.024µs" spanID=a7b2147e914c5787 timeout=15s traceID=d596d9497f81c99cfcf3026fa8664303
2026-05-26T14:54:06.0417904Z time="2026-05-26T14:52:22Z" level=debug msg="parsed token: scopes: [{Scope:refs/heads/master Permission:Read|Write}], issued: 2026-05-26 14:46:34 +0000 UTC, expires: 2026-05-26 21:01:34 +0000 UTC"
2026-05-26T14:54:06.0418792Z time="2026-05-26T14:52:22Z" level=debug msg="checked for cached auth handler namespace" cached=true key="docker.io/tonistiigi/xx::pull" name=docker.io/tonistiigi/xx scope=pull
2026-05-26T14:54:06.0419944Z time="2026-05-26T14:52:22Z" level=debug msg="checked for cached auth handler namespace" cached=true key="docker.io/library/golang::pull" name=docker.io/library/golang scope=pull
2026-05-26T14:54:06.0420868Z time="2026-05-26T14:52:22Z" level=debug msg="checked for cached auth handler namespace" cached=true key="docker.io/docker/buildkit-syft-scanner::pull" name=docker.io/docker/buildkit-syft-scanner scope=pull
2026-05-26T14:54:06.0422017Z time="2026-05-26T14:52:22Z" level=debug msg=fetch digest="sha256:c64defb9ed5a91eacb37f96ccc3d4cd72521c4bd18d5442905b95e2226b0e707" mediatype=application/vnd.oci.image.index.v1+json size=10708 spanID=9b0cd74b6f6a264c traceID=d596d9497f81c99cfcf3026fa8664303
2026-05-26T14:54:06.0423807Z time="2026-05-26T14:52:22Z" level=debug msg=fetch digest="sha256:91eda9776261207ea25fd06b5b7fed8d397dd2c0a283e77f2ab6e91bfa71079d" mediatype=application/vnd.oci.image.index.v1+json size=10293 spanID=9b0cd74b6f6a264c traceID=d596d9497f81c99cfcf3026fa8664303
2026-05-26T14:54:06.0425074Z time="2026-05-26T14:52:22Z" level=debug msg=resolving host=registry-1.docker.io spanID=9b0cd74b6f6a264c traceID=d596d9497f81c99cfcf3026fa8664303
2026-05-26T14:54:06.0426983Z time="2026-05-26T14:52:22Z" level=debug msg="do request" host=registry-1.docker.io request.header.accept="application/vnd.docker.distribution.manifest.v2+json, application/vnd.docker.distribution.manifest.list.v2+json, application/vnd.oci.image.manifest.v1+json, application/vnd.oci.image.index.v1+json, */*" request.header.user-agent=buildkit/v0.30 request.method=HEAD spanID=9b0cd74b6f6a264c traceID=d596d9497f81c99cfcf3026fa8664303 url="https://registry-1.docker.io/v2/docker/buildkit-syft-scanner/manifests/1.11.0"
2026-05-26T14:54:06.0429161Z time="2026-05-26T14:52:22Z" level=debug msg=fetch digest="sha256:50f4a46e93c5f7e8679f5a14222395a3ee5c65e406e16c96d987f6c911f55f90" mediatype=application/vnd.oci.image.manifest.v1+json size=478 spanID=9b0cd74b6f6a264c traceID=d596d9497f81c99cfcf3026fa8664303
2026-05-26T14:54:06.0430458Z time="2026-05-26T14:52:22Z" level=debug msg=fetch digest="sha256:f44b851aa23dfa219d18db6eab743203245429d355cb619cf96a2ffe2a84ba7a" mediatype=application/vnd.oci.image.manifest.v1+json size=1921 spanID=9b0cd74b6f6a264c traceID=d596d9497f81c99cfcf3026fa8664303
2026-05-26T14:54:06.0431723Z time="2026-05-26T14:52:22Z" level=debug msg=fetch digest="sha256:b8fbd9862b05789bb9e5462bf7d67300660e2ab5217aeb637b8db103ac45ea21" mediatype=application/vnd.oci.image.config.v1+json size=2193 spanID=9b0cd74b6f6a264c traceID=d596d9497f81c99cfcf3026fa8664303
2026-05-26T14:54:06.0432975Z time="2026-05-26T14:52:22Z" level=debug msg=fetch digest="sha256:166b249494acf77ae1b27c2b7e6867c50d16a5265c710e16aa5e3447ec1cd1ef" mediatype=application/vnd.oci.image.config.v1+json size=919 spanID=9b0cd74b6f6a264c traceID=d596d9497f81c99cfcf3026fa8664303
2026-05-26T14:54:06.0436221Z time="2026-05-26T14:52:23Z" level=debug msg="fetch response received" host=registry-1.docker.io response.header.connection=keep-alive response.header.content-length=4648 response.header.content-type=application/vnd.oci.image.index.v1+json response.header.date="Tue, 26 May 2026 14:52:23 GMT" response.header.docker-content-digest="sha256:79e7b013cbec16bbb436f312819a49a4a57752b2270c1a9332ae1a10fcc82a68" response.header.docker-distribution-api-version=registry/2.0 response.header.docker-ratelimit-source=db5d0262-fa15-45b4-b769-37d76cd8d66d response.header.etag="\"sha256:79e7b013cbec16bbb436f312819a49a4a57752b2270c1a9332ae1a10fcc82a68\"" response.header.strict-transport-security="max-age=31536000" response.status="200 OK" spanID=9b0cd74b6f6a264c traceID=d596d9497f81c99cfcf3026fa8664303 url="https://registry-1.docker.io/v2/docker/buildkit-syft-scanner/manifests/1.11.0"
2026-05-26T14:54:06.0439527Z time="2026-05-26T14:52:23Z" level=debug msg=resolved desc.digest="sha256:79e7b013cbec16bbb436f312819a49a4a57752b2270c1a9332ae1a10fcc82a68" host=registry-1.docker.io spanID=9b0cd74b6f6a264c traceID=d596d9497f81c99cfcf3026fa8664303
2026-05-26T14:54:06.0440844Z time="2026-05-26T14:52:23Z" level=debug msg=fetch digest="sha256:79e7b013cbec16bbb436f312819a49a4a57752b2270c1a9332ae1a10fcc82a68" mediatype=application/vnd.oci.image.index.v1+json size=4648 spanID=9b0cd74b6f6a264c traceID=d596d9497f81c99cfcf3026fa8664303
2026-05-26T14:54:06.0442109Z time="2026-05-26T14:52:23Z" level=debug msg=fetch digest="sha256:13864237fb990943433f89d698590aad1de38d4a7e13d38e7b12f2488c1952e7" mediatype=application/vnd.oci.image.manifest.v1+json size=481 spanID=9b0cd74b6f6a264c traceID=d596d9497f81c99cfcf3026fa8664303
2026-05-26T14:54:06.0443371Z time="2026-05-26T14:52:23Z" level=debug msg=fetch digest="sha256:55fd6c27a7c8333ae354d4be01e4b54e576b4e1a6ddbd6735fa0faa5b1277852" mediatype=application/vnd.oci.image.config.v1+json size=801 spanID=9b0cd74b6f6a264c traceID=d596d9497f81c99cfcf3026fa8664303
2026-05-26T14:54:06.0445106Z time="2026-05-26T14:52:23Z" level=debug msg="signature verification: &{Kind:Docker GitHub Builder SignatureType:Sigstore Bundle Signer:0x17240c4b2160 Timestamps:[{Type:Tlog URI:https://rekor.sigstore.dev Timestamp:2026-05-26 13:58:30 +0000 UTC} {Type:TimestampAuthority URI:https://timestamp.sigstore.dev/api/v1/timestamp Timestamp:2026-05-26 13:58:30 +0000 UTC}] DockerReference: TrustRootStatus:{Error: LastUpdated:<nil>} IsDHI:false}"
2026-05-26T14:54:06.0451866Z time="2026-05-26T14:52:23Z" level=debug msg="signer: &{CertificateIssuer:CN=sigstore-intermediate,O=sigstore.dev SubjectAlternativeName:https://github.com/docker/github-builder/.github/workflows/bake.yml@c2782c55efa56a01b9c30021db8f5ec3993228a3 Extensions:{Issuer:https://token.actions.githubusercontent.com GithubWorkflowTrigger:push GithubWorkflowSHA:5e0eba165b5c2d25c24e1132e48a9a1397922227 GithubWorkflowName:frontend GithubWorkflowRepository:moby/buildkit GithubWorkflowRef:refs/heads/master BuildSignerURI:https://github.com/docker/github-builder/.github/workflows/bake.yml@c2782c55efa56a01b9c30021db8f5ec3993228a3 BuildSignerDigest:c2782c55efa56a01b9c30021db8f5ec3993228a3 RunnerEnvironment:github-hosted SourceRepositoryURI:https://github.com/moby/buildkit SourceRepositoryDigest:5e0eba165b5c2d25c24e1132e48a9a1397922227 SourceRepositoryRef:refs/heads/master SourceRepositoryIdentifier:92969352 SourceRepositoryOwnerURI:https://github.com/moby SourceRepositoryOwnerIdentifier:27259197 BuildConfigURI:https://github.com/moby/buildkit/.github/workflows/frontend.yml@refs/heads/master BuildConfigDigest:5e0eba165b5c2d25c24e1132e48a9a1397922227 BuildTrigger:push RunInvocationURI:https://github.com/moby/buildkit/actions/runs/26451778081/attempts/1 SourceRepositoryVisibilityAtSigning:public}}"
2026-05-26T14:54:06.0458544Z time="2026-05-26T14:52:23Z" level=debug msg="certificate field \"sourceRepositoryURI\" matches policy (\"https://github.com/moby/buildkit\")"
2026-05-26T14:54:06.0460084Z time="2026-05-26T14:52:23Z" level=debug msg="certificate field \"subjectAlternativeName\" matches policy (\"https://github.com/docker/github-builder/.github/workflows/bake.yml@c2782c55efa56a01b9c30021db8f5ec3993228a3\")"
2026-05-26T14:54:06.0461792Z time="2026-05-26T14:52:23Z" level=debug msg="certificate field \"issuer\" matches policy (\"https://token.actions.githubusercontent.com\")"
2026-05-26T14:54:06.0462608Z time="2026-05-26T14:52:23Z" level=debug msg="certificate field \"githubWorkflowRepository\" matches policy (\"moby/buildkit\")"
2026-05-26T14:54:06.0463557Z time="2026-05-26T14:52:23Z" level=debug msg="certificate field \"runnerEnvironment\" matches policy (\"github-hosted\")"
2026-05-26T14:54:06.0464796Z time="2026-05-26T14:52:23Z" level=debug msg="checked for cached auth handler namespace" cached=true key="docker.io/docker/buildkit-syft-scanner::pull" name=docker.io/docker/buildkit-syft-scanner scope=pull
2026-05-26T14:54:06.0466068Z time="2026-05-26T14:52:23Z" level=debug msg="checked for cached auth handler namespace" cached=true key="docker.io/docker/buildkit-syft-scanner::pull" name=docker.io/docker/buildkit-syft-scanner scope=pull
2026-05-26T14:54:06.0467023Z time="2026-05-26T14:52:23Z" level=debug msg="checked for cached auth handler namespace" cached=true key="docker.io/tonistiigi/xx::pull" name=docker.io/tonistiigi/xx scope=pull
2026-05-26T14:54:06.0467842Z time="2026-05-26T14:52:23Z" level=debug msg="checked for cached auth handler namespace" cached=true key="docker.io/tonistiigi/xx::pull" name=docker.io/tonistiigi/xx scope=pull
2026-05-26T14:54:06.0468929Z time="2026-05-26T14:52:23Z" level=debug msg=fetch digest="sha256:8b29db3a8efc45d6eea600012e1fed5a2452fc59a5b7e703a3e643ccbf5d4509" mediatype=application/vnd.oci.image.layer.v1.tar+gzip size=46451423 spanID=3fe2f9455cf1e5f0 traceID=d596d9497f81c99cfcf3026fa8664303
2026-05-26T14:54:06.0470441Z time="2026-05-26T14:52:23Z" level=debug msg="fetching layer" chunk_size=0 digest="sha256:8b29db3a8efc45d6eea600012e1fed5a2452fc59a5b7e703a3e643ccbf5d4509" initial_parallelism=0 mediatype=application/vnd.oci.image.layer.v1.tar+gzip offset=0 parallelism=1 size=46451423 spanID=3fe2f9455cf1e5f0 traceID=d596d9497f81c99cfcf3026fa8664303
2026-05-26T14:54:06.0473117Z time="2026-05-26T14:52:23Z" level=debug msg="do request" digest="sha256:8b29db3a8efc45d6eea600012e1fed5a2452fc59a5b7e703a3e643ccbf5d4509" mediatype=application/vnd.oci.image.layer.v1.tar+gzip request.header.accept="application/vnd.oci.image.layer.v1.tar+gzip, */*" request.header.accept-encoding="zstd;q=1.0, gzip;q=0.8, deflate;q=0.5" request.header.user-agent=buildkit/v0.30 request.method=GET size=46451423 spanID=3fe2f9455cf1e5f0 traceID=d596d9497f81c99cfcf3026fa8664303 url="https://registry-1.docker.io/v2/docker/buildkit-syft-scanner/blobs/sha256:8b29db3a8efc45d6eea600012e1fed5a2452fc59a5b7e703a3e643ccbf5d4509"
2026-05-26T14:54:06.0475469Z time="2026-05-26T14:52:23Z" level=debug msg=fetch digest="sha256:ff62ee5b594035d8ad03d05aadc05e2a73f7e0e11bf2574dc5473677a60e22b4" mediatype=application/vnd.oci.image.layer.v1.tar+gzip size=17700 spanID=b1c58e18b591549a traceID=d596d9497f81c99cfcf3026fa8664303
2026-05-26T14:54:06.0477675Z time="2026-05-26T14:52:23Z" level=debug msg="fetching layer" chunk_size=0 digest="sha256:ff62ee5b594035d8ad03d05aadc05e2a73f7e0e11bf2574dc5473677a60e22b4" initial_parallelism=0 mediatype=application/vnd.oci.image.layer.v1.tar+gzip offset=0 parallelism=1 size=17700 spanID=b1c58e18b591549a traceID=d596d9497f81c99cfcf3026fa8664303
2026-05-26T14:54:06.0481313Z time="2026-05-26T14:52:23Z" level=debug msg="do request" digest="sha256:ff62ee5b594035d8ad03d05aadc05e2a73f7e0e11bf2574dc5473677a60e22b4" mediatype=application/vnd.oci.image.layer.v1.tar+gzip request.header.accept="application/vnd.oci.image.layer.v1.tar+gzip, */*" request.header.accept-encoding="zstd;q=1.0, gzip;q=0.8, deflate;q=0.5" request.header.user-agent=buildkit/v0.30 request.method=GET size=17700 spanID=b1c58e18b591549a traceID=d596d9497f81c99cfcf3026fa8664303 url="https://registry-1.docker.io/v2/tonistiigi/xx/blobs/sha256:ff62ee5b594035d8ad03d05aadc05e2a73f7e0e11bf2574dc5473677a60e22b4"
2026-05-26T14:54:06.0486992Z time="2026-05-26T14:52:23Z" level=debug msg="fetch response received" digest="sha256:8b29db3a8efc45d6eea600012e1fed5a2452fc59a5b7e703a3e643ccbf5d4509" mediatype=application/vnd.oci.image.layer.v1.tar+gzip response.header.accept-ranges=bytes response.header.age=25619 response.header.alt-svc="h3=\":443\"; ma=86400" response.header.connection=keep-alive response.header.content-length=46451423 response.header.content-type=application/octet-stream response.header.date="Tue, 26 May 2026 10:11:43 GMT" response.header.etag="\"943e6bbb3a3b60dad8a2dbc1681456a4-2\"" response.header.last-modified="Thu, 09 Apr 2026 08:11:41 GMT" response.header.server=AmazonS3 response.header.vary=Accept-Encoding response.header.via="1.1 eb382ff675fc4a4551773e2e1657c302.cloudfront.net (CloudFront)" response.header.x-amz-cf-id="OVAgu8HsL1qySDv_Oc1M5lf6DUO1kyWC_CbJlRssfDo3NOg0YYAusw==" response.header.x-amz-cf-pop=ORD58-P13 response.header.x-amz-server-side-encryption=AES256 response.header.x-amz-storage-class=INTELLIGENT_TIERING response.header.x-amz-version-id=CA9WIGYjoOSx648nWfx4Gm7wyIUy1fvR response.header.x-cache="Hit from cloudfront" response.status="200 OK" size=46451423 spanID=3fe2f9455cf1e5f0 traceID=d596d9497f81c99cfcf3026fa8664303 url="https://registry-1.docker.io/v2/docker/buildkit-syft-scanner/blobs/sha256:8b29db3a8efc45d6eea600012e1fed5a2452fc59a5b7e703a3e643ccbf5d4509"
2026-05-26T14:54:06.0495881Z time="2026-05-26T14:52:23Z" level=debug msg="fetch response received" digest="sha256:ff62ee5b594035d8ad03d05aadc05e2a73f7e0e11bf2574dc5473677a60e22b4" mediatype=application/vnd.oci.image.layer.v1.tar+gzip response.header.accept-ranges=bytes response.header.age=1585271 response.header.cache-control="public, max-age=14400" response.header.cf-cache-status=HIT response.header.cf-ray=a01d9a789803141c-ORD response.header.connection=keep-alive response.header.content-length=17700 response.header.content-type=application/octet-stream response.header.date="Tue, 26 May 2026 14:52:23 GMT" response.header.etag="\"10a6f1a3455c3fd44efa8f0a00409c87\"" response.header.expires="Tue, 26 May 2026 18:52:23 GMT" response.header.last-modified="Fri, 05 Dec 2025 10:16:58 GMT" response.header.server=cloudflare response.header.set-cookie="__cf_bm=pnJYFiCBBTRS7qW8NxwXEGtWiX6oCiGt4ZSR71XMZ7k-1779807143.7731223-1.0.1.1-I49MSBTMYRZlCznXEEpkX4pGYSJCVnO0vdYm4TNB_eM2iFHwg_VBHBFWmpSn1BuTsaThKDFJXm.cpJfJav0tZ.f8NdavdHqx8NQdYfCnH8qoOItDoxvGHSou7zARaGPX; HttpOnly; SameSite=None; Secure; Path=/; Domain=production.cloudflare.docker.com; Expires=Tue, 26 May 2026 15:22:23 GMT" response.header.vary=Accept-Encoding response.header.x-amz-id-2="VNWAqKVAPW/zJvCP9uvF9OC/+15teRCNwK4cFHMHkWdmTfECyXxj4ekbbUQIHPRcYz9yPrNtMKM=" response.header.x-amz-request-id=EPKH35TKH2BX24V0 response.header.x-amz-server-side-encryption=AES256 response.header.x-amz-version-id=ZI9WOFNyva6HK.uXLDFlT1g5T7A7086b response.status="200 OK" size=17700 spanID=b1c58e18b591549a traceID=d596d9497f81c99cfcf3026fa8664303 url="https://registry-1.docker.io/v2/tonistiigi/xx/blobs/sha256:ff62ee5b594035d8ad03d05aadc05e2a73f7e0e11bf2574dc5473677a60e22b4"
2026-05-26T14:54:06.0502328Z time="2026-05-26T14:52:23Z" level=debug msg="diff applied" d=2.436827ms digest="sha256:ff62ee5b594035d8ad03d05aadc05e2a73f7e0e11bf2574dc5473677a60e22b4" media=application/vnd.oci.image.layer.v1.tar+gzip size=17700 span=extract spanID=59790303980cc798 traceID=d596d9497f81c99cfcf3026fa8664303
2026-05-26T14:54:06.0503689Z time="2026-05-26T14:52:23Z" level=debug msg="checked for cached auth handler namespace" cached=true key="docker.io/library/golang::pull" name=docker.io/library/golang scope=pull
2026-05-26T14:54:06.0504617Z time="2026-05-26T14:52:23Z" level=debug msg="checked for cached auth handler namespace" cached=true key="docker.io/library/golang::pull" name=docker.io/library/golang scope=pull
2026-05-26T14:54:06.0506088Z time="2026-05-26T14:52:23Z" level=debug msg=fetch digest="sha256:4f4fb700ef54461cfa02571ae0db9a0dc1e0cdb5577484a6d75e68dc38e8acc1" mediatype=application/vnd.oci.image.layer.v1.tar+gzip size=32 spanID=82178d6789f21447 traceID=d596d9497f81c99cfcf3026fa8664303
2026-05-26T14:54:06.0507707Z time="2026-05-26T14:52:23Z" level=debug msg=fetch digest="sha256:1512b43389a873b0519ae3d6c1a3c4d9b19295b8e3330b040d95d73c50ba2f9e" mediatype=application/vnd.oci.image.layer.v1.tar+gzip size=124 spanID=82178d6789f21447 traceID=d596d9497f81c99cfcf3026fa8664303
2026-05-26T14:54:06.0509214Z time="2026-05-26T14:52:23Z" level=debug msg=fetch digest="sha256:1a70bdedd442d430ea119cf8db8c0031b4eedeb5bde886892773876ded7629e8" mediatype=application/vnd.oci.image.layer.v1.tar+gzip size=67285082 spanID=82178d6789f21447 traceID=d596d9497f81c99cfcf3026fa8664303
2026-05-26T14:54:06.0511505Z time="2026-05-26T14:52:23Z" level=debug msg=fetch digest="sha256:17423c887b377ec28c3923bc88337384a7a0c1f2b50b7faf4912760e8d503ebb" mediatype=application/vnd.oci.image.layer.v1.tar+gzip size=290240 spanID=82178d6789f21447 traceID=d596d9497f81c99cfcf3026fa8664303
2026-05-26T14:54:06.0513363Z time="2026-05-26T14:52:23Z" level=debug msg=fetch digest="sha256:6a0ac1617861a677b045b7ff88545213ec31c0ff08763195a70a4a5adda577bb" mediatype=application/vnd.oci.image.layer.v1.tar+gzip size=3864189 spanID=82178d6789f21447 traceID=d596d9497f81c99cfcf3026fa8664303
2026-05-26T14:54:06.0515601Z time="2026-05-26T14:52:23Z" level=debug msg="fetching layer" chunk_size=0 digest="sha256:4f4fb700ef54461cfa02571ae0db9a0dc1e0cdb5577484a6d75e68dc38e8acc1" initial_parallelism=0 mediatype=application/vnd.oci.image.layer.v1.tar+gzip offset=0 parallelism=1 size=32 spanID=82178d6789f21447 traceID=d596d9497f81c99cfcf3026fa8664303
2026-05-26T14:54:06.0519481Z time="2026-05-26T14:52:23Z" level=debug msg="do request" digest="sha256:4f4fb700ef54461cfa02571ae0db9a0dc1e0cdb5577484a6d75e68dc38e8acc1" mediatype=application/vnd.oci.image.layer.v1.tar+gzip request.header.accept="application/vnd.oci.image.layer.v1.tar+gzip, */*" request.header.accept-encoding="zstd;q=1.0, gzip;q=0.8, deflate;q=0.5" request.header.user-agent=buildkit/v0.30 request.method=GET size=32 spanID=82178d6789f21447 traceID=d596d9497f81c99cfcf3026fa8664303 url="https://registry-1.docker.io/v2/library/golang/blobs/sha256:4f4fb700ef54461cfa02571ae0db9a0dc1e0cdb5577484a6d75e68dc38e8acc1"
2026-05-26T14:54:06.0523487Z time="2026-05-26T14:52:23Z" level=debug msg="fetching layer" chunk_size=0 digest="sha256:1512b43389a873b0519ae3d6c1a3c4d9b19295b8e3330b040d95d73c50ba2f9e" initial_parallelism=0 mediatype=application/vnd.oci.image.layer.v1.tar+gzip offset=0 parallelism=1 size=124 spanID=82178d6789f21447 traceID=d596d9497f81c99cfcf3026fa8664303
2026-05-26T14:54:06.0527413Z time="2026-05-26T14:52:23Z" level=debug msg="do request" digest="sha256:1512b43389a873b0519ae3d6c1a3c4d9b19295b8e3330b040d95d73c50ba2f9e" mediatype=application/vnd.oci.image.layer.v1.tar+gzip request.header.accept="application/vnd.oci.image.layer.v1.tar+gzip, */*" request.header.accept-encoding="zstd;q=1.0, gzip;q=0.8, deflate;q=0.5" request.header.user-agent=buildkit/v0.30 request.method=GET size=124 spanID=82178d6789f21447 traceID=d596d9497f81c99cfcf3026fa8664303 url="https://registry-1.docker.io/v2/library/golang/blobs/sha256:1512b43389a873b0519ae3d6c1a3c4d9b19295b8e3330b040d95d73c50ba2f9e"
2026-05-26T14:54:06.0531215Z time="2026-05-26T14:52:23Z" level=debug msg="fetching layer" chunk_size=0 digest="sha256:1a70bdedd442d430ea119cf8db8c0031b4eedeb5bde886892773876ded7629e8" initial_parallelism=0 mediatype=application/vnd.oci.image.layer.v1.tar+gzip offset=0 parallelism=1 size=67285082 spanID=82178d6789f21447 traceID=d596d9497f81c99cfcf3026fa8664303
2026-05-26T14:54:06.0535448Z time="2026-05-26T14:52:23Z" level=debug msg="do request" digest="sha256:1a70bdedd442d430ea119cf8db8c0031b4eedeb5bde886892773876ded7629e8" mediatype=application/vnd.oci.image.layer.v1.tar+gzip request.header.accept="application/vnd.oci.image.layer.v1.tar+gzip, */*" request.header.accept-encoding="zstd;q=1.0, gzip;q=0.8, deflate;q=0.5" request.header.user-agent=buildkit/v0.30 request.method=GET size=67285082 spanID=82178d6789f21447 traceID=d596d9497f81c99cfcf3026fa8664303 url="https://registry-1.docker.io/v2/library/golang/blobs/sha256:1a70bdedd442d430ea119cf8db8c0031b4eedeb5bde886892773876ded7629e8"
2026-05-26T14:54:06.0543974Z time="2026-05-26T14:52:23Z" level=debug msg="fetch response received" digest="sha256:4f4fb700ef54461cfa02571ae0db9a0dc1e0cdb5577484a6d75e68dc38e8acc1" mediatype=application/vnd.oci.image.layer.v1.tar+gzip response.header.accept-ranges=bytes response.header.age=20512 response.header.alt-svc="h3=\":443\"; ma=86400" response.header.connection=keep-alive response.header.content-length=32 response.header.content-type=application/octet-stream response.header.date="Tue, 26 May 2026 09:10:32 GMT" response.header.etag="\"0c981b7b1e0a1ffa5aa2e85ce10addf7\"" response.header.last-modified="Tue, 07 Mar 2017 15:01:14 GMT" response.header.server=AmazonS3 response.header.vary=Accept-Encoding response.header.via="1.1 713041d22f2aa4c7f5ed7c21c1b4fa88.cloudfront.net (CloudFront)" response.header.x-amz-cf-id="xXbMCNCG2LUqVJqkyNSqq-faU6AmHsnsLzk2Llz5p1-DL-oo9wtwug==" response.header.x-amz-cf-pop=ORD58-P13 response.header.x-amz-version-id=LAYyCSQew06o7Ea1PuAbExWijcT8O9Ci response.header.x-cache="Hit from cloudfront" response.status="200 OK" size=32 spanID=82178d6789f21447 traceID=d596d9497f81c99cfcf3026fa8664303 url="https://registry-1.docker.io/v2/library/golang/blobs/sha256:4f4fb700ef54461cfa02571ae0db9a0dc1e0cdb5577484a6d75e68dc38e8acc1"
2026-05-26T14:54:06.0551040Z time="2026-05-26T14:52:23Z" level=debug msg="fetch response received" digest="sha256:1512b43389a873b0519ae3d6c1a3c4d9b19295b8e3330b040d95d73c50ba2f9e" mediatype=application/vnd.oci.image.layer.v1.tar+gzip response.header.accept-ranges=bytes response.header.age=22585 response.header.alt-svc="h3=\":443\"; ma=86400" response.header.connection=keep-alive response.header.content-length=124 response.header.content-type=application/octet-stream response.header.date="Tue, 26 May 2026 08:35:59 GMT" response.header.etag="\"ada065af1f70d65a34aadde146ec7d56\"" response.header.last-modified="Thu, 07 May 2026 17:37:52 GMT" response.header.server=AmazonS3 response.header.vary=Accept-Encoding response.header.via="1.1 f649a7c6e5fc5f853b7307be97ce7892.cloudfront.net (CloudFront)" response.header.x-amz-cf-id="Rtd8iqMGrXRHW0XeCdewQewRKx_475lflLqIjfqA18rR3w5oLUW0AA==" response.header.x-amz-cf-pop=ORD58-P13 response.header.x-amz-server-side-encryption=AES256 response.header.x-amz-version-id=vljqYu74DFTRim5l4qVCV7_Oyi3Jn3aV response.header.x-cache="Hit from cloudfront" response.status="200 OK" size=124 spanID=82178d6789f21447 traceID=d596d9497f81c99cfcf3026fa8664303 url="https://registry-1.docker.io/v2/library/golang/blobs/sha256:1512b43389a873b0519ae3d6c1a3c4d9b19295b8e3330b040d95d73c50ba2f9e"
2026-05-26T14:54:06.0555564Z time="2026-05-26T14:52:23Z" level=debug msg="fetching layer" chunk_size=0 digest="sha256:17423c887b377ec28c3923bc88337384a7a0c1f2b50b7faf4912760e8d503ebb" initial_parallelism=0 mediatype=application/vnd.oci.image.layer.v1.tar+gzip offset=0 parallelism=1 size=290240 spanID=82178d6789f21447 traceID=d596d9497f81c99cfcf3026fa8664303
2026-05-26T14:54:06.0558114Z time="2026-05-26T14:52:23Z" level=debug msg="do request" digest="sha256:17423c887b377ec28c3923bc88337384a7a0c1f2b50b7faf4912760e8d503ebb" mediatype=application/vnd.oci.image.layer.v1.tar+gzip request.header.accept="application/vnd.oci.image.layer.v1.tar+gzip, */*" request.header.accept-encoding="zstd;q=1.0, gzip;q=0.8, deflate;q=0.5" request.header.user-agent=buildkit/v0.30 request.method=GET size=290240 spanID=82178d6789f21447 traceID=d596d9497f81c99cfcf3026fa8664303 url="https://registry-1.docker.io/v2/library/golang/blobs/sha256:17423c887b377ec28c3923bc88337384a7a0c1f2b50b7faf4912760e8d503ebb"
2026-05-26T14:54:06.0560456Z time="2026-05-26T14:52:23Z" level=debug msg="fetching layer" chunk_size=0 digest="sha256:6a0ac1617861a677b045b7ff88545213ec31c0ff08763195a70a4a5adda577bb" initial_parallelism=0 mediatype=application/vnd.oci.image.layer.v1.tar+gzip offset=0 parallelism=1 size=3864189 spanID=82178d6789f21447 traceID=d596d9497f81c99cfcf3026fa8664303
2026-05-26T14:54:06.0562773Z time="2026-05-26T14:52:23Z" level=debug msg="do request" digest="sha256:6a0ac1617861a677b045b7ff88545213ec31c0ff08763195a70a4a5adda577bb" mediatype=application/vnd.oci.image.layer.v1.tar+gzip request.header.accept="application/vnd.oci.image.layer.v1.tar+gzip, */*" request.header.accept-encoding="zstd;q=1.0, gzip;q=0.8, deflate;q=0.5" request.header.user-agent=buildkit/v0.30 request.method=GET size=3864189 spanID=82178d6789f21447 traceID=d596d9497f81c99cfcf3026fa8664303 url="https://registry-1.docker.io/v2/library/golang/blobs/sha256:6a0ac1617861a677b045b7ff88545213ec31c0ff08763195a70a4a5adda577bb"
2026-05-26T14:54:06.0568195Z time="2026-05-26T14:52:23Z" level=debug msg="fetch response received" digest="sha256:1a70bdedd442d430ea119cf8db8c0031b4eedeb5bde886892773876ded7629e8" mediatype=application/vnd.oci.image.layer.v1.tar+gzip response.header.accept-ranges=bytes response.header.age=25616 response.header.alt-svc="h3=\":443\"; ma=86400" response.header.connection=keep-alive response.header.content-length=67285082 response.header.content-type=application/octet-stream response.header.date="Tue, 26 May 2026 14:43:33 GMT" response.header.etag="\"674131856c6a9ee857afd83f6e92b4d5-3\"" response.header.last-modified="Thu, 07 May 2026 17:37:31 GMT" response.header.server=AmazonS3 response.header.vary=Accept-Encoding response.header.via="1.1 f649a7c6e5fc5f853b7307be97ce7892.cloudfront.net (CloudFront)" response.header.x-amz-cf-id="x3PLpmQOjdLQUnQZGyVztCG3j1sm3H0s2Xz6UsYik2Ati1yfdCJ81Q==" response.header.x-amz-cf-pop=ORD58-P13 response.header.x-amz-server-side-encryption=AES256 response.header.x-amz-storage-class=INTELLIGENT_TIERING response.header.x-amz-version-id=4QtzOaGUevyvS1yzOct5cEbS5u4OYqS1 response.header.x-cache="Hit from cloudfront" response.status="200 OK" size=67285082 spanID=82178d6789f21447 traceID=d596d9497f81c99cfcf3026fa8664303 url="https://registry-1.docker.io/v2/library/golang/blobs/sha256:1a70bdedd442d430ea119cf8db8c0031b4eedeb5bde886892773876ded7629e8"
2026-05-26T14:54:06.0575615Z time="2026-05-26T14:52:23Z" level=debug msg="fetch response received" digest="sha256:17423c887b377ec28c3923bc88337384a7a0c1f2b50b7faf4912760e8d503ebb" mediatype=application/vnd.oci.image.layer.v1.tar+gzip response.header.accept-ranges=bytes response.header.age=11803 response.header.alt-svc="h3=\":443\"; ma=86400" response.header.connection=keep-alive response.header.content-length=290240 response.header.content-type=application/octet-stream response.header.date="Tue, 26 May 2026 11:35:49 GMT" response.header.etag="\"cd3b441db1fbaaa1d484ffd8fb81f44a\"" response.header.last-modified="Thu, 07 May 2026 17:37:52 GMT" response.header.server=AmazonS3 response.header.vary=Accept-Encoding response.header.via="1.1 713041d22f2aa4c7f5ed7c21c1b4fa88.cloudfront.net (CloudFront)" response.header.x-amz-cf-id="cj7GT6aFvyjWmR5tI8tBeUCzDHtZcsoSUloODrbHT4Bp4NmqxG-GoA==" response.header.x-amz-cf-pop=ORD58-P13 response.header.x-amz-server-side-encryption=AES256 response.header.x-amz-storage-class=INTELLIGENT_TIERING response.header.x-amz-version-id=PU5OmdnmNIetKdHwPQsSnIgXHEpzRvph response.header.x-cache="Hit from cloudfront" response.status="200 OK" size=290240 spanID=82178d6789f21447 traceID=d596d9497f81c99cfcf3026fa8664303 url="https://registry-1.docker.io/v2/library/golang/blobs/sha256:17423c887b377ec28c3923bc88337384a7a0c1f2b50b7faf4912760e8d503ebb"
2026-05-26T14:54:06.0584084Z time="2026-05-26T14:52:23Z" level=debug msg="fetch response received" digest="sha256:6a0ac1617861a677b045b7ff88545213ec31c0ff08763195a70a4a5adda577bb" mediatype=application/vnd.oci.image.layer.v1.tar+gzip response.header.accept-ranges=bytes response.header.age=25628 response.header.alt-svc="h3=\":443\"; ma=86400" response.header.connection=keep-alive response.header.content-length=3864189 response.header.content-type=application/octet-stream response.header.date="Tue, 26 May 2026 08:23:00 GMT" response.header.etag="\"d562645d2c2c56f884f4f6d0b912cf89\"" response.header.last-modified="Wed, 15 Apr 2026 20:01:46 GMT" response.header.server=AmazonS3 response.header.vary=Accept-Encoding response.header.via="1.1 713041d22f2aa4c7f5ed7c21c1b4fa88.cloudfront.net (CloudFront)" response.header.x-amz-cf-id="Le64xYX_aft8GPF-kvjeATOg-FHVi78iSCfcfScueckNGpdw95yXVw==" response.header.x-amz-cf-pop=ORD58-P13 response.header.x-amz-server-side-encryption=AES256 response.header.x-amz-storage-class=INTELLIGENT_TIERING response.header.x-amz-version-id=Z3RYCs8a5qC8Kg._X.YUKwyVB99EtbP4 response.header.x-cache="Hit from cloudfront" response.status="200 OK" size=3864189 spanID=82178d6789f21447 traceID=d596d9497f81c99cfcf3026fa8664303 url="https://registry-1.docker.io/v2/library/golang/blobs/sha256:6a0ac1617861a677b045b7ff88545213ec31c0ff08763195a70a4a5adda577bb"
2026-05-26T14:54:06.0589413Z time="2026-05-26T14:52:24Z" level=debug msg="diff applied" d=69.360963ms digest="sha256:6a0ac1617861a677b045b7ff88545213ec31c0ff08763195a70a4a5adda577bb" media=application/vnd.oci.image.layer.v1.tar+gzip size=3864189 span=extract spanID=d429b1c95a29a478 traceID=d596d9497f81c99cfcf3026fa8664303
2026-05-26T14:54:06.0590846Z time="2026-05-26T14:52:24Z" level=debug msg="diff applied" d=41.340835ms digest="sha256:17423c887b377ec28c3923bc88337384a7a0c1f2b50b7faf4912760e8d503ebb" media=application/vnd.oci.image.layer.v1.tar+gzip size=290240 span=extract spanID=7f700ff1a3765426 traceID=d596d9497f81c99cfcf3026fa8664303
2026-05-26T14:54:06.0592285Z time="2026-05-26T14:52:25Z" level=debug msg="diff applied" d=391.111801ms digest="sha256:8b29db3a8efc45d6eea600012e1fed5a2452fc59a5b7e703a3e643ccbf5d4509" media=application/vnd.oci.image.layer.v1.tar+gzip size=46451423 span=extract spanID=bcc610d2f5595cf5 traceID=d596d9497f81c99cfcf3026fa8664303
2026-05-26T14:54:06.0593758Z time="2026-05-26T14:52:26Z" level=debug msg="reset healthcheck failure" actualDuration="782.111µs" spanID=f9ba730e2b3bfb8a timeout=15s traceID=c600bb50a2245e33a14fef19275f2008
2026-05-26T14:54:06.0594959Z time="2026-05-26T14:52:27Z" level=debug msg="diff applied" d=2.264815378s digest="sha256:1a70bdedd442d430ea119cf8db8c0031b4eedeb5bde886892773876ded7629e8" media=application/vnd.oci.image.layer.v1.tar+gzip size=67285082 span=extract spanID=877f5547d2fd2fbd traceID=d596d9497f81c99cfcf3026fa8664303
2026-05-26T14:54:06.0596540Z time="2026-05-26T14:52:27Z" level=debug msg="reset healthcheck failure" actualDuration="923.759µs" spanID=a7b2147e914c5787 timeout=15s traceID=d596d9497f81c99cfcf3026fa8664303
2026-05-26T14:54:06.0597848Z time="2026-05-26T14:52:27Z" level=debug msg="diff applied" d=1.618043ms digest="sha256:1512b43389a873b0519ae3d6c1a3c4d9b19295b8e3330b040d95d73c50ba2f9e" media=application/vnd.oci.image.layer.v1.tar+gzip size=124 span=extract spanID=0e3b0ff69dbed48f traceID=d596d9497f81c99cfcf3026fa8664303
2026-05-26T14:54:06.0599373Z time="2026-05-26T14:52:27Z" level=debug msg="diff applied" d=1.129365ms digest="sha256:4f4fb700ef54461cfa02571ae0db9a0dc1e0cdb5577484a6d75e68dc38e8acc1" media=application/vnd.oci.image.layer.v1.tar+gzip size=32 span=extract spanID=7333622a17026f6a traceID=d596d9497f81c99cfcf3026fa8664303
2026-05-26T14:54:06.0600727Z time="2026-05-26T14:52:27Z" level=debug msg="> creating rqtthsdpzww81waa1qz6h8z9s [/bin/sh -c apk add git bash]" span="[base 2/4] RUN apk add git bash" spanID=cb653b79674eb04f traceID=d596d9497f81c99cfcf3026fa8664303
2026-05-26T14:54:06.0601765Z time="2026-05-26T14:52:31Z" level=debug msg="reset healthcheck failure" actualDuration="852.347µs" spanID=f9ba730e2b3bfb8a timeout=15s traceID=c600bb50a2245e33a14fef19275f2008
2026-05-26T14:54:06.0602756Z time="2026-05-26T14:52:31Z" level=debug msg="> creating x8irqe9q51whlmdy8dyv2dayu [/bin/sh -c apk add --no-cache file]" span="[build 1/2] RUN apk add --no-cache file" spanID=d3d98b08b901d829 traceID=d596d9497f81c99cfcf3026fa8664303
2026-05-26T14:54:06.0608570Z time="2026-05-26T14:52:31Z" level=debug msg="> creating mlbam71z23rtv5rlj8s33yxrr [/bin/sh -c   set -e\n  tagsFile=\"./frontend/dockerfile/release/$CHANNEL/tags\"\n  if [ ! -f \"$tagsFile\" ]; then\n    echo \"No build tags found for $CHANNEL.\"\n    exit 1\n  fi\n  if [ \"$CHANNEL\" = \"mainline\" ]; then\n    VERSION=$(git describe --always --tags --match \"dockerfile/[0-9]*\")\n    EXACT_TAG=$(git describe --exact-match --tags --match \"dockerfile/[0-9]*\" 2>/dev/null || true)\n  else\n    VERSION=$(git describe --always --tags --match \"dockerfile/[0-9]*-$CHANNEL\")\n    EXACT_TAG=$(git describe --exact-match --tags --match \"dockerfile/[0-9]*-$CHANNEL\" 2>/dev/null || true)\n  fi\n  BUILTIN_VERSION=$(sed -n 's/^const version = \"\\(.*\\)\"$/\\1/p' ./frontend/dockerfile/version/version.go)\n  case \"$BUILTIN_VERSION\" in\n    *.*.*) EXPECTED_VERSION=\"$BUILTIN_VERSION\" ;;\n    *.*) EXPECTED_VERSION=\"$BUILTIN_VERSION.0\" ;;\n    *)\n      echo \"invalid frontend/dockerfile/version/version.go version: $BUILTIN_VERSION\"\n      exit 1\n      ;;\n  esac\n  case \"$EXACT_TAG\" in\n    dockerfile/*)\n      ACTUAL_VERSION=${EXACT_TAG#dockerfile/}\n      ACTUAL_VERSION=${ACTUAL_VERSION%%-*}\n      if [ \"$ACTUAL_VERSION\" != \"$EXPECTED_VERSION\" ]; then\n        echo \"frontend/dockerfile/version/version.go version $BUILTIN_VERSION does not match external frontend version $EXACT_TAG\"\n        exit 1\n      fi\n      ;;\n  esac\n  PKG=github.com/moby/buildkit/frontend/dockerfile/cmd/dockerfile-frontend\n  REVISION=$(git rev-parse HEAD)$(if ! git diff --no-ext-diff --quiet --exit-code; then echo .m; fi)\n  echo \"-X main.Version=${VERSION} -X main.Revision=${REVISION} -X main.Package=${PKG}\" | tee /tmp/.ldflags\n  echo -n \"$BUILDTAGS $(cat $tagsFile)\" | tee /tmp/.buildtags\n]" span="[version 1/1] RUN --mount=target=. <<EOT (set -e...)" spanID=68bf3823e3d3d382 traceID=d596d9497f81c99cfcf3026fa8664303
2026-05-26T14:54:06.0617338Z time="2026-05-26T14:52:32Z" level=debug msg="reset healthcheck failure" actualDuration="935.497µs" spanID=a7b2147e914c5787 timeout=15s traceID=d596d9497f81c99cfcf3026fa8664303
2026-05-26T14:54:06.0618971Z time="2026-05-26T14:52:32Z" level=debug msg="created new ref for cache dir \"//go/pkg/mod\": n1agno5pay22wv15gjstkvz2u" span="[build 2/2] RUN --mount=target=. --mount=type=cache,target=/root/.cache   --mount=target=/go/pkg/mod,type=cache   --mount=source=/tmp/.ldflags,target=/tmp/.ldflags,from=version   --mount=source=/tmp/.buildtags,target=/tmp/.buildtags,from=version <<EOT (set -e...)" spanID=973a63df705dbbe0 traceID=d596d9497f81c99cfcf3026fa8664303
2026-05-26T14:54:06.0621835Z time="2026-05-26T14:52:32Z" level=debug msg="created new ref for cache dir \"//root/.cache\": vd2e8c3ewc13k1h7wssmgghkl" span="[build 2/2] RUN --mount=target=. --mount=type=cache,target=/root/.cache   --mount=target=/go/pkg/mod,type=cache   --mount=source=/tmp/.ldflags,target=/tmp/.ldflags,from=version   --mount=source=/tmp/.buildtags,target=/tmp/.buildtags,from=version <<EOT (set -e...)" spanID=973a63df705dbbe0 traceID=d596d9497f81c99cfcf3026fa8664303
2026-05-26T14:54:06.0625366Z time="2026-05-26T14:52:32Z" level=debug msg="> creating tz6r7cy4csgzoaz4ssm4knm9p [/bin/sh -c   set -e\n  ldflags=$(cat /tmp/.ldflags)\n  buildtags=$(cat /tmp/.buildtags)\n  set -x\n  CGO_ENABLED=0 xx-go build -o /dockerfile-frontend -ldflags \"-d $ldflags\" -tags \"$buildtags netgo static_build osusergo\" ./frontend/dockerfile/cmd/dockerfile-frontend\n  xx-verify --static /dockerfile-frontend\n]" span="[build 2/2] RUN --mount=target=. --mount=type=cache,target=/root/.cache   --mount=target=/go/pkg/mod,type=cache   --mount=source=/tmp/.ldflags,target=/tmp/.ldflags,from=version   --mount=source=/tmp/.buildtags,target=/tmp/.buildtags,from=version <<EOT (set -e...)" spanID=973a63df705dbbe0 traceID=d596d9497f81c99cfcf3026fa8664303
2026-05-26T14:54:06.0629066Z time="2026-05-26T14:52:36Z" level=debug msg="reset healthcheck failure" actualDuration=1.237589ms spanID=f9ba730e2b3bfb8a timeout=15s traceID=c600bb50a2245e33a14fef19275f2008
2026-05-26T14:54:06.0630226Z time="2026-05-26T14:52:37Z" level=debug msg="reset healthcheck failure" actualDuration="926.069µs" spanID=a7b2147e914c5787 timeout=15s traceID=d596d9497f81c99cfcf3026fa8664303
2026-05-26T14:54:06.0631594Z time="2026-05-26T14:52:41Z" level=debug msg="reset healthcheck failure" actualDuration=1.0758ms spanID=f9ba730e2b3bfb8a timeout=15s traceID=c600bb50a2245e33a14fef19275f2008
2026-05-26T14:54:06.0633088Z time="2026-05-26T14:52:42Z" level=debug msg="reset healthcheck failure" actualDuration=1.200944ms spanID=a7b2147e914c5787 timeout=15s traceID=d596d9497f81c99cfcf3026fa8664303
2026-05-26T14:54:06.0634012Z time="2026-05-26T14:52:46Z" level=debug msg="reset healthcheck failure" actualDuration=1.313457ms spanID=f9ba730e2b3bfb8a timeout=15s traceID=c600bb50a2245e33a14fef19275f2008
2026-05-26T14:54:06.0634998Z time="2026-05-26T14:52:47Z" level=debug msg="reset healthcheck failure" actualDuration=1.268655ms spanID=a7b2147e914c5787 timeout=15s traceID=d596d9497f81c99cfcf3026fa8664303
2026-05-26T14:54:06.0636075Z time="2026-05-26T14:52:51Z" level=debug msg="reset healthcheck failure" actualDuration=1.432674ms spanID=f9ba730e2b3bfb8a timeout=15s traceID=c600bb50a2245e33a14fef19275f2008
2026-05-26T14:54:06.0637080Z time="2026-05-26T14:52:52Z" level=debug msg="reset healthcheck failure" actualDuration=1.16857ms spanID=a7b2147e914c5787 timeout=15s traceID=d596d9497f81c99cfcf3026fa8664303
2026-05-26T14:54:06.0638237Z time="2026-05-26T14:52:56Z" level=debug msg="reset healthcheck failure" actualDuration="892.964µs" spanID=f9ba730e2b3bfb8a timeout=15s traceID=c600bb50a2245e33a14fef19275f2008
2026-05-26T14:54:06.0639301Z time="2026-05-26T14:52:57Z" level=debug msg="> creating b34yf8n2503ec2o3ki5o5mhe3 [/bin/syft-scanner]" span="[linux/mips] generating sbom using docker.io/docker/buildkit-syft-scanner:1.11.0" spanID=468e6c0fb4ad7499 traceID=d596d9497f81c99cfcf3026fa8664303
2026-05-26T14:54:06.0640424Z time="2026-05-26T14:52:57Z" level=debug msg="reset healthcheck failure" actualDuration="935.328µs" spanID=a7b2147e914c5787 timeout=15s traceID=d596d9497f81c99cfcf3026fa8664303
2026-05-26T14:54:06.0641507Z time="2026-05-26T14:52:59Z" level=debug msg="checked for cached auth handler namespace" cached=false key="a9svalkuf0286kbmx7qnwc9vp::docker.io/docker/dockerfile-upstream::push" name=docker.io/docker/dockerfile-upstream scope=push
2026-05-26T14:54:06.0643319Z time="2026-05-26T14:52:59Z" level=debug msg=push digest="sha256:9f717a000d278571b8c5e7e71cdc76a4f5d74624d80b2747e6e7d8638feb236d" mediatype=application/vnd.in-toto+json size=29251 spanID=9b0cd74b6f6a264c traceID=d596d9497f81c99cfcf3026fa8664303
2026-05-26T14:54:06.0645694Z time="2026-05-26T14:52:59Z" level=debug msg="checking and pushing to" digest="sha256:9f717a000d278571b8c5e7e71cdc76a4f5d74624d80b2747e6e7d8638feb236d" mediatype=application/vnd.in-toto+json size=29251 spanID=9b0cd74b6f6a264c traceID=d596d9497f81c99cfcf3026fa8664303 url="https://registry-1.docker.io/v2/docker/dockerfile-upstream/blobs/sha256:9f717a000d278571b8c5e7e71cdc76a4f5d74624d80b2747e6e7d8638feb236d"
2026-05-26T14:54:06.0649287Z time="2026-05-26T14:52:59Z" level=debug msg="do request" digest="sha256:9f717a000d278571b8c5e7e71cdc76a4f5d74624d80b2747e6e7d8638feb236d" mediatype=application/vnd.in-toto+json request.header.accept="application/vnd.in-toto+json, */*" request.header.user-agent=buildkit/v0.30 request.method=HEAD size=29251 spanID=9b0cd74b6f6a264c traceID=d596d9497f81c99cfcf3026fa8664303 url="https://registry-1.docker.io/v2/docker/dockerfile-upstream/blobs/sha256:9f717a000d278571b8c5e7e71cdc76a4f5d74624d80b2747e6e7d8638feb236d"
2026-05-26T14:54:06.0654283Z time="2026-05-26T14:52:59Z" level=debug msg=push digest="sha256:e1bc2d8bd8aadb38c88a9dfd787a292b91a7705d2b29ba39e4633b391eed13e5" mediatype=application/vnd.oci.image.layer.v1.tar+gzip size=13287089 spanID=9b0cd74b6f6a264c traceID=d596d9497f81c99cfcf3026fa8664303
2026-05-26T14:54:06.0660703Z time="2026-05-26T14:52:59Z" level=debug msg="checking and pushing to" digest="sha256:e1bc2d8bd8aadb38c88a9dfd787a292b91a7705d2b29ba39e4633b391eed13e5" mediatype=application/vnd.oci.image.layer.v1.tar+gzip size=13287089 spanID=9b0cd74b6f6a264c traceID=d596d9497f81c99cfcf3026fa8664303 url="https://registry-1.docker.io/v2/docker/dockerfile-upstream/blobs/sha256:e1bc2d8bd8aadb38c88a9dfd787a292b91a7705d2b29ba39e4633b391eed13e5"
2026-05-26T14:54:06.0665271Z time="2026-05-26T14:52:59Z" level=debug msg="do request" digest="sha256:e1bc2d8bd8aadb38c88a9dfd787a292b91a7705d2b29ba39e4633b391eed13e5" mediatype=application/vnd.oci.image.layer.v1.tar+gzip request.header.accept="application/vnd.oci.image.layer.v1.tar+gzip, */*" request.header.user-agent=buildkit/v0.30 request.method=HEAD size=13287089 spanID=9b0cd74b6f6a264c traceID=d596d9497f81c99cfcf3026fa8664303 url="https://registry-1.docker.io/v2/docker/dockerfile-upstream/blobs/sha256:e1bc2d8bd8aadb38c88a9dfd787a292b91a7705d2b29ba39e4633b391eed13e5"
2026-05-26T14:54:06.0669836Z time="2026-05-26T14:52:59Z" level=warning msg="encountered unknown type application/vnd.oci.empty.v1+json; children may not be fetched" spanID=9b0cd74b6f6a264c traceID=d596d9497f81c99cfcf3026fa8664303
2026-05-26T14:54:06.0671502Z time="2026-05-26T14:52:59Z" level=debug msg=push digest="sha256:44136fa355b3678a1146ad16f7e8649e94fb4fc21fe77e8310c060f61caaff8a" mediatype=application/vnd.oci.empty.v1+json size=2 spanID=9b0cd74b6f6a264c traceID=d596d9497f81c99cfcf3026fa8664303
2026-05-26T14:54:06.0675265Z time="2026-05-26T14:52:59Z" level=warning msg="reference for unknown type: application/vnd.oci.empty.v1+json" digest="sha256:44136fa355b3678a1146ad16f7e8649e94fb4fc21fe77e8310c060f61caaff8a" mediatype=application/vnd.oci.empty.v1+json size=2 spanID=9b0cd74b6f6a264c traceID=d596d9497f81c99cfcf3026fa8664303
2026-05-26T14:54:06.0677781Z time="2026-05-26T14:52:59Z" level=debug msg="checking and pushing to" digest="sha256:44136fa355b3678a1146ad16f7e8649e94fb4fc21fe77e8310c060f61caaff8a" mediatype=application/vnd.oci.empty.v1+json size=2 spanID=9b0cd74b6f6a264c traceID=d596d9497f81c99cfcf3026fa8664303 url="https://registry-1.docker.io/v2/docker/dockerfile-upstream/blobs/sha256:44136fa355b3678a1146ad16f7e8649e94fb4fc21fe77e8310c060f61caaff8a"
2026-05-26T14:54:06.0681500Z time="2026-05-26T14:52:59Z" level=debug msg="do request" digest="sha256:44136fa355b3678a1146ad16f7e8649e94fb4fc21fe77e8310c060f61caaff8a" mediatype=application/vnd.oci.empty.v1+json request.header.accept="application/vnd.oci.empty.v1+json, */*" request.header.user-agent=buildkit/v0.30 request.method=HEAD size=2 spanID=9b0cd74b6f6a264c traceID=d596d9497f81c99cfcf3026fa8664303 url="https://registry-1.docker.io/v2/docker/dockerfile-upstream/blobs/sha256:44136fa355b3678a1146ad16f7e8649e94fb4fc21fe77e8310c060f61caaff8a"
2026-05-26T14:54:06.0684886Z time="2026-05-26T14:52:59Z" level=debug msg=push digest="sha256:5caffb26e99c27ec131e802da46ed5871732c98f7c06dc24ca490d4a44221f51" mediatype=application/vnd.oci.image.config.v1+json size=1331 spanID=9b0cd74b6f6a264c traceID=d596d9497f81c99cfcf3026fa8664303
2026-05-26T14:54:06.0688199Z time="2026-05-26T14:52:59Z" level=debug msg="checking and pushing to" digest="sha256:5caffb26e99c27ec131e802da46ed5871732c98f7c06dc24ca490d4a44221f51" mediatype=application/vnd.oci.image.config.v1+json size=1331 spanID=9b0cd74b6f6a264c traceID=d596d9497f81c99cfcf3026fa8664303 url="https://registry-1.docker.io/v2/docker/dockerfile-upstream/blobs/sha256:5caffb26e99c27ec131e802da46ed5871732c98f7c06dc24ca490d4a44221f51"
2026-05-26T14:54:06.0692127Z time="2026-05-26T14:52:59Z" level=debug msg="do request" digest="sha256:5caffb26e99c27ec131e802da46ed5871732c98f7c06dc24ca490d4a44221f51" mediatype=application/vnd.oci.image.config.v1+json request.header.accept="application/vnd.oci.image.config.v1+json, */*" request.header.user-agent=buildkit/v0.30 request.method=HEAD size=1331 spanID=9b0cd74b6f6a264c traceID=d596d9497f81c99cfcf3026fa8664303 url="https://registry-1.docker.io/v2/docker/dockerfile-upstream/blobs/sha256:5caffb26e99c27ec131e802da46ed5871732c98f7c06dc24ca490d4a44221f51"
2026-05-26T14:54:06.0694393Z time="2026-05-26T14:52:59Z" level=debug msg=push digest="sha256:f310a588beeca142074db765170f7480b7061afc912bfcef42c02f5b3432efcf" mediatype=application/vnd.in-toto+json size=102615 spanID=9b0cd74b6f6a264c traceID=d596d9497f81c99cfcf3026fa8664303
2026-05-26T14:54:06.0696325Z time="2026-05-26T14:52:59Z" level=debug msg="checking and pushing to" digest="sha256:f310a588beeca142074db765170f7480b7061afc912bfcef42c02f5b3432efcf" mediatype=application/vnd.in-toto+json size=102615 spanID=9b0cd74b6f6a264c traceID=d596d9497f81c99cfcf3026fa8664303 url="https://registry-1.docker.io/v2/docker/dockerfile-upstream/blobs/sha256:f310a588beeca142074db765170f7480b7061afc912bfcef42c02f5b3432efcf"
2026-05-26T14:54:06.0698844Z time="2026-05-26T14:52:59Z" level=debug msg="do request" digest="sha256:f310a588beeca142074db765170f7480b7061afc912bfcef42c02f5b3432efcf" mediatype=application/vnd.in-toto+json request.header.accept="application/vnd.in-toto+json, */*" request.header.user-agent=buildkit/v0.30 request.method=HEAD size=102615 spanID=9b0cd74b6f6a264c traceID=d596d9497f81c99cfcf3026fa8664303 url="https://registry-1.docker.io/v2/docker/dockerfile-upstream/blobs/sha256:f310a588beeca142074db765170f7480b7061afc912bfcef42c02f5b3432efcf"
2026-05-26T14:54:06.0702723Z time="2026-05-26T14:52:59Z" level=debug msg="fetch response received" digest="sha256:e1bc2d8bd8aadb38c88a9dfd787a292b91a7705d2b29ba39e4633b391eed13e5" mediatype=application/vnd.oci.image.layer.v1.tar+gzip response.header.connection=keep-alive response.header.content-length=169 response.header.content-type=application/json response.header.date="Tue, 26 May 2026 14:52:59 GMT" response.header.docker-distribution-api-version=registry/2.0 response.header.strict-transport-security="max-age=31536000" response.header.www-authenticate="***"https://auth.docker.io/token\",service=\"registry.docker.io\",scope=\"repository:docker/dockerfile-upstream:pull\"" response.status="401 Unauthorized" size=13287089 spanID=9b0cd74b6f6a264c traceID=d596d9497f81c99cfcf3026fa8664303 url="https://registry-1.docker.io/v2/docker/dockerfile-upstream/blobs/sha256:e1bc2d8bd8aadb38c88a9dfd787a292b91a7705d2b29ba39e4633b391eed13e5"
2026-05-26T14:54:06.0706285Z time="2026-05-26T14:52:59Z" level=debug msg=Unauthorized digest="sha256:e1bc2d8bd8aadb38c88a9dfd787a292b91a7705d2b29ba39e4633b391eed13e5" header="***"https://auth.docker.io/token\",service=\"registry.docker.io\",scope=\"repository:docker/dockerfile-upstream:pull\"" mediatype=application/vnd.oci.image.layer.v1.tar+gzip size=13287089 spanID=9b0cd74b6f6a264c traceID=d596d9497f81c99cfcf3026fa8664303
2026-05-26T14:54:06.0709842Z time="2026-05-26T14:52:59Z" level=debug msg="fetch response received" digest="sha256:44136fa355b3678a1146ad16f7e8649e94fb4fc21fe77e8310c060f61caaff8a" mediatype=application/vnd.oci.empty.v1+json response.header.connection=keep-alive response.header.content-length=169 response.header.content-type=application/json response.header.date="Tue, 26 May 2026 14:52:59 GMT" response.header.docker-distribution-api-version=registry/2.0 response.header.strict-transport-security="max-age=31536000" response.header.www-authenticate="***"https://auth.docker.io/token\",service=\"registry.docker.io\",scope=\"repository:docker/dockerfile-upstream:pull\"" response.status="401 Unauthorized" size=2 spanID=9b0cd74b6f6a264c traceID=d596d9497f81c99cfcf3026fa8664303 url="https://registry-1.docker.io/v2/docker/dockerfile-upstream/blobs/sha256:44136fa355b3678a1146ad16f7e8649e94fb4fc21fe77e8310c060f61caaff8a"
2026-05-26T14:54:06.0713209Z time="2026-05-26T14:52:59Z" level=debug msg=Unauthorized digest="sha256:44136fa355b3678a1146ad16f7e8649e94fb4fc21fe77e8310c060f61caaff8a" header="***"https://auth.docker.io/token\",service=\"registry.docker.io\",scope=\"repository:docker/dockerfile-upstream:pull\"" mediatype=application/vnd.oci.empty.v1+json size=2 spanID=9b0cd74b6f6a264c traceID=d596d9497f81c99cfcf3026fa8664303
2026-05-26T14:54:06.0715892Z time="2026-05-26T14:52:59Z" level=debug msg="do request" digest="sha256:e1bc2d8bd8aadb38c88a9dfd787a292b91a7705d2b29ba39e4633b391eed13e5" mediatype=application/vnd.oci.image.layer.v1.tar+gzip request.header.accept="application/vnd.oci.image.layer.v1.tar+gzip, */*" request.header.user-agent=buildkit/v0.30 request.method=HEAD size=13287089 spanID=9b0cd74b6f6a264c traceID=d596d9497f81c99cfcf3026fa8664303 url="https://registry-1.docker.io/v2/docker/dockerfile-upstream/blobs/sha256:e1bc2d8bd8aadb38c88a9dfd787a292b91a7705d2b29ba39e4633b391eed13e5"
2026-05-26T14:54:06.0720228Z time="2026-05-26T14:52:59Z" level=debug msg="fetch response received" digest="sha256:9f717a000d278571b8c5e7e71cdc76a4f5d74624d80b2747e6e7d8638feb236d" mediatype=application/vnd.in-toto+json response.header.connection=keep-alive response.header.content-length=169 response.header.content-type=application/json response.header.date="Tue, 26 May 2026 14:52:59 GMT" response.header.docker-distribution-api-version=registry/2.0 response.header.strict-transport-security="max-age=31536000" response.header.www-authenticate="***"https://auth.docker.io/token\",service=\"registry.docker.io\",scope=\"repository:docker/dockerfile-upstream:pull\"" response.status="401 Unauthorized" size=29251 spanID=9b0cd74b6f6a264c traceID=d596d9497f81c99cfcf3026fa8664303 url="https://registry-1.docker.io/v2/docker/dockerfile-upstream/blobs/sha256:9f717a000d278571b8c5e7e71cdc76a4f5d74624d80b2747e6e7d8638feb236d"
2026-05-26T14:54:06.0723840Z time="2026-05-26T14:52:59Z" level=debug msg=Unauthorized digest="sha256:9f717a000d278571b8c5e7e71cdc76a4f5d74624d80b2747e6e7d8638feb236d" header="***"https://auth.docker.io/token\",service=\"registry.docker.io\",scope=\"repository:docker/dockerfile-upstream:pull\"" mediatype=application/vnd.in-toto+json size=29251 spanID=9b0cd74b6f6a264c traceID=d596d9497f81c99cfcf3026fa8664303
2026-05-26T14:54:06.0727387Z time="2026-05-26T14:52:59Z" level=debug msg="fetch response received" digest="sha256:5caffb26e99c27ec131e802da46ed5871732c98f7c06dc24ca490d4a44221f51" mediatype=application/vnd.oci.image.config.v1+json response.header.connection=keep-alive response.header.content-length=169 response.header.content-type=application/json response.header.date="Tue, 26 May 2026 14:52:59 GMT" response.header.docker-distribution-api-version=registry/2.0 response.header.strict-transport-security="max-age=31536000" response.header.www-authenticate="***"https://auth.docker.io/token\",service=\"registry.docker.io\",scope=\"repository:docker/dockerfile-upstream:pull\"" response.status="401 Unauthorized" size=1331 spanID=9b0cd74b6f6a264c traceID=d596d9497f81c99cfcf3026fa8664303 url="https://registry-1.docker.io/v2/docker/dockerfile-upstream/blobs/sha256:5caffb26e99c27ec131e802da46ed5871732c98f7c06dc24ca490d4a44221f51"
2026-05-26T14:54:06.0730745Z time="2026-05-26T14:52:59Z" level=debug msg=Unauthorized digest="sha256:5caffb26e99c27ec131e802da46ed5871732c98f7c06dc24ca490d4a44221f51" header="***"https://auth.docker.io/token\",service=\"registry.docker.io\",scope=\"repository:docker/dockerfile-upstream:pull\"" mediatype=application/vnd.oci.image.config.v1+json size=1331 spanID=9b0cd74b6f6a264c traceID=d596d9497f81c99cfcf3026fa8664303
2026-05-26T14:54:06.0734183Z time="2026-05-26T14:52:59Z" level=debug msg="fetch response received" digest="sha256:f310a588beeca142074db765170f7480b7061afc912bfcef42c02f5b3432efcf" mediatype=application/vnd.in-toto+json response.header.connection=keep-alive response.header.content-length=169 response.header.content-type=application/json response.header.date="Tue, 26 May 2026 14:52:59 GMT" response.header.docker-distribution-api-version=registry/2.0 response.header.strict-transport-security="max-age=31536000" response.header.www-authenticate="***"https://auth.docker.io/token\",service=\"registry.docker.io\",scope=\"repository:docker/dockerfile-upstream:pull\"" response.status="401 Unauthorized" size=102615 spanID=9b0cd74b6f6a264c traceID=d596d9497f81c99cfcf3026fa8664303 url="https://registry-1.docker.io/v2/docker/dockerfile-upstream/blobs/sha256:f310a588beeca142074db765170f7480b7061afc912bfcef42c02f5b3432efcf"
2026-05-26T14:54:06.0738178Z time="2026-05-26T14:52:59Z" level=debug msg=Unauthorized digest="sha256:f310a588beeca142074db765170f7480b7061afc912bfcef42c02f5b3432efcf" header="***"https://auth.docker.io/token\",service=\"registry.docker.io\",scope=\"repository:docker/dockerfile-upstream:pull\"" mediatype=application/vnd.in-toto+json size=102615 spanID=9b0cd74b6f6a264c traceID=d596d9497f81c99cfcf3026fa8664303
2026-05-26T14:54:06.0742199Z time="2026-05-26T14:52:59Z" level=debug msg="do request" digest="sha256:44136fa355b3678a1146ad16f7e8649e94fb4fc21fe77e8310c060f61caaff8a" mediatype=application/vnd.oci.empty.v1+json request.header.accept="application/vnd.oci.empty.v1+json, */*" request.header.user-agent=buildkit/v0.30 request.method=HEAD size=2 spanID=9b0cd74b6f6a264c traceID=d596d9497f81c99cfcf3026fa8664303 url="https://registry-1.docker.io/v2/docker/dockerfile-upstream/blobs/sha256:44136fa355b3678a1146ad16f7e8649e94fb4fc21fe77e8310c060f61caaff8a"
2026-05-26T14:54:06.0747151Z time="2026-05-26T14:52:59Z" level=debug msg="do request" digest="sha256:9f717a000d278571b8c5e7e71cdc76a4f5d74624d80b2747e6e7d8638feb236d" mediatype=application/vnd.in-toto+json request.header.accept="application/vnd.in-toto+json, */*" request.header.user-agent=buildkit/v0.30 request.method=HEAD size=29251 spanID=9b0cd74b6f6a264c traceID=d596d9497f81c99cfcf3026fa8664303 url="https://registry-1.docker.io/v2/docker/dockerfile-upstream/blobs/sha256:9f717a000d278571b8c5e7e71cdc76a4f5d74624d80b2747e6e7d8638feb236d"
2026-05-26T14:54:06.0750336Z time="2026-05-26T14:52:59Z" level=debug msg="do request" digest="sha256:5caffb26e99c27ec131e802da46ed5871732c98f7c06dc24ca490d4a44221f51" mediatype=application/vnd.oci.image.config.v1+json request.header.accept="application/vnd.oci.image.config.v1+json, */*" request.header.user-agent=buildkit/v0.30 request.method=HEAD size=1331 spanID=9b0cd74b6f6a264c traceID=d596d9497f81c99cfcf3026fa8664303 url="https://registry-1.docker.io/v2/docker/dockerfile-upstream/blobs/sha256:5caffb26e99c27ec131e802da46ed5871732c98f7c06dc24ca490d4a44221f51"
2026-05-26T14:54:06.0753042Z time="2026-05-26T14:52:59Z" level=debug msg="do request" digest="sha256:f310a588beeca142074db765170f7480b7061afc912bfcef42c02f5b3432efcf" mediatype=application/vnd.in-toto+json request.header.accept="application/vnd.in-toto+json, */*" request.header.user-agent=buildkit/v0.30 request.method=HEAD size=102615 spanID=9b0cd74b6f6a264c traceID=d596d9497f81c99cfcf3026fa8664303 url="https://registry-1.docker.io/v2/docker/dockerfile-upstream/blobs/sha256:f310a588beeca142074db765170f7480b7061afc912bfcef42c02f5b3432efcf"
2026-05-26T14:54:06.0755382Z time="2026-05-26T14:52:59Z" level=debug msg="save cache req https://results-receiver.actions.githubusercontent.com/twirp/github.actions.results.api.v1.CacheService/CreateCacheEntry body={\"key\":\"buildkit-blob-1-sha256:316d91b955a8cf6cc5589516abf2a0ccec6353b4e1e727d2fbd8f79cfe7781dc\",\"version\":\"693bb7016429d80366022f036f84856888c9f13e00145f5f6f4dce303a38d6f2\"}"
2026-05-26T14:54:06.0759485Z time="2026-05-26T14:52:59Z" level=debug msg="fetch response received" digest="sha256:44136fa355b3678a1146ad16f7e8649e94fb4fc21fe77e8310c060f61caaff8a" mediatype=application/vnd.oci.empty.v1+json response.header.accept-ranges=bytes response.header.cache-control="max-age=31536000" response.header.connection=keep-alive response.header.content-length=2 response.header.content-type=application/octet-stream response.header.date="Tue, 26 May 2026 14:52:59 GMT" response.header.docker-content-digest="sha256:44136fa355b3678a1146ad16f7e8649e94fb4fc21fe77e8310c060f61caaff8a" response.header.docker-distribution-api-version=registry/2.0 response.header.etag="\"sha256:44136fa355b3678a1146ad16f7e8649e94fb4fc21fe77e8310c060f61caaff8a\"" response.header.strict-transport-security="max-age=31536000" response.status="200 OK" size=2 spanID=9b0cd74b6f6a264c traceID=d596d9497f81c99cfcf3026fa8664303 url="https://registry-1.docker.io/v2/docker/dockerfile-upstream/blobs/sha256:44136fa355b3678a1146ad16f7e8649e94fb4fc21fe77e8310c060f61caaff8a"
2026-05-26T14:54:06.0764453Z time="2026-05-26T14:52:59Z" level=debug msg="fetch response received" digest="sha256:5caffb26e99c27ec131e802da46ed5871732c98f7c06dc24ca490d4a44221f51" mediatype=application/vnd.oci.image.config.v1+json response.header.connection=keep-alive response.header.content-length=157 response.header.content-type=application/json response.header.date="Tue, 26 May 2026 14:52:59 GMT" response.header.docker-distribution-api-version=registry/2.0 response.header.strict-transport-security="max-age=31536000" response.status="404 Not Found" size=1331 spanID=9b0cd74b6f6a264c traceID=d596d9497f81c99cfcf3026fa8664303 url="https://registry-1.docker.io/v2/docker/dockerfile-upstream/blobs/sha256:5caffb26e99c27ec131e802da46ed5871732c98f7c06dc24ca490d4a44221f51"
2026-05-26T14:54:06.0768462Z time="2026-05-26T14:52:59Z" level=debug msg="do request" digest="sha256:5caffb26e99c27ec131e802da46ed5871732c98f7c06dc24ca490d4a44221f51" mediatype=application/vnd.oci.image.config.v1+json request.header.user-agent=buildkit/v0.30 request.method=POST size=1331 spanID=9b0cd74b6f6a264c traceID=d596d9497f81c99cfcf3026fa8664303 url="https://registry-1.docker.io/v2/docker/dockerfile-upstream/blobs/uploads/"
2026-05-26T14:54:06.0771769Z time="2026-05-26T14:52:59Z" level=debug msg="fetch response received" digest="sha256:e1bc2d8bd8aadb38c88a9dfd787a292b91a7705d2b29ba39e4633b391eed13e5" mediatype=application/vnd.oci.image.layer.v1.tar+gzip response.header.connection=keep-alive response.header.content-length=157 response.header.content-type=application/json response.header.date="Tue, 26 May 2026 14:52:59 GMT" response.header.docker-distribution-api-version=registry/2.0 response.header.strict-transport-security="max-age=31536000" response.status="404 Not Found" size=13287089 spanID=9b0cd74b6f6a264c traceID=d596d9497f81c99cfcf3026fa8664303 url="https://registry-1.docker.io/v2/docker/dockerfile-upstream/blobs/sha256:e1bc2d8bd8aadb38c88a9dfd787a292b91a7705d2b29ba39e4633b391eed13e5"
2026-05-26T14:54:06.0774859Z time="2026-05-26T14:52:59Z" level=debug msg="do request" digest="sha256:e1bc2d8bd8aadb38c88a9dfd787a292b91a7705d2b29ba39e4633b391eed13e5" mediatype=application/vnd.oci.image.layer.v1.tar+gzip request.header.user-agent=buildkit/v0.30 request.method=POST size=13287089 spanID=9b0cd74b6f6a264c traceID=d596d9497f81c99cfcf3026fa8664303 url="https://registry-1.docker.io/v2/docker/dockerfile-upstream/blobs/uploads/"
2026-05-26T14:54:06.0778021Z time="2026-05-26T14:52:59Z" level=debug msg="fetch response received" digest="sha256:9f717a000d278571b8c5e7e71cdc76a4f5d74624d80b2747e6e7d8638feb236d" mediatype=application/vnd.in-toto+json response.header.connection=keep-alive response.header.content-length=157 response.header.content-type=application/json response.header.date="Tue, 26 May 2026 14:52:59 GMT" response.header.docker-distribution-api-version=registry/2.0 response.header.strict-transport-security="max-age=31536000" response.status="404 Not Found" size=29251 spanID=9b0cd74b6f6a264c traceID=d596d9497f81c99cfcf3026fa8664303 url="https://registry-1.docker.io/v2/docker/dockerfile-upstream/blobs/sha256:9f717a000d278571b8c5e7e71cdc76a4f5d74624d80b2747e6e7d8638feb236d"
2026-05-26T14:54:06.0781061Z time="2026-05-26T14:52:59Z" level=debug msg="do request" digest="sha256:9f717a000d278571b8c5e7e71cdc76a4f5d74624d80b2747e6e7d8638feb236d" mediatype=application/vnd.in-toto+json request.header.user-agent=buildkit/v0.30 request.method=POST size=29251 spanID=9b0cd74b6f6a264c traceID=d596d9497f81c99cfcf3026fa8664303 url="https://registry-1.docker.io/v2/docker/dockerfile-upstream/blobs/uploads/"
2026-05-26T14:54:06.0783976Z time="2026-05-26T14:52:59Z" level=debug msg="fetch response received" digest="sha256:f310a588beeca142074db765170f7480b7061afc912bfcef42c02f5b3432efcf" mediatype=application/vnd.in-toto+json response.header.connection=keep-alive response.header.content-length=157 response.header.content-type=application/json response.header.date="Tue, 26 May 2026 14:52:59 GMT" response.header.docker-distribution-api-version=registry/2.0 response.header.strict-transport-security="max-age=31536000" response.status="404 Not Found" size=102615 spanID=9b0cd74b6f6a264c traceID=d596d9497f81c99cfcf3026fa8664303 url="https://registry-1.docker.io/v2/docker/dockerfile-upstream/blobs/sha256:f310a588beeca142074db765170f7480b7061afc912bfcef42c02f5b3432efcf"
2026-05-26T14:54:06.0787014Z time="2026-05-26T14:52:59Z" level=debug msg="do request" digest="sha256:f310a588beeca142074db765170f7480b7061afc912bfcef42c02f5b3432efcf" mediatype=application/vnd.in-toto+json request.header.user-agent=buildkit/v0.30 request.method=POST size=102615 spanID=9b0cd74b6f6a264c traceID=d596d9497f81c99cfcf3026fa8664303 url="https://registry-1.docker.io/v2/docker/dockerfile-upstream/blobs/uploads/"
2026-05-26T14:54:06.0789823Z time="2026-05-26T14:52:59Z" level=debug msg="save cache resp https://results-receiver.actions.githubusercontent.com/twirp/github.actions.results.api.v1.CacheService/CreateCacheEntry body={\"ok\":true,\"signed_upload_url\":\"https://productionresultssa15.blob.core.windows.net/actions-cache/a66-4585033715?se=2026-05-26T15%3A52%3A59Z&sig=1IIusfF2fW1XgSF94Sfee8p4tDMYKXE1aRIaZe5FHxs%3D&ske=2026-05-26T18%3A25%3A39Z&skoid=ca7593d4-ee42-46cd-af88-8b886a2f84eb&sks=b&skt=2026-05-26T14%3A25%3A39Z&sktid=398a6654-997b-47e9-b12b-9515b896b4de&skv=2025-11-05&sp=cw&spr=https&sr=b&st=2026-05-26T14%3A52%3A54Z&sv=2025-11-05\",\"message\":\"\"}"
2026-05-26T14:54:06.0796555Z time="2026-05-26T14:52:59Z" level=debug msg="fetch response received" digest="sha256:e1bc2d8bd8aadb38c88a9dfd787a292b91a7705d2b29ba39e4633b391eed13e5" mediatype=application/vnd.oci.image.layer.v1.tar+gzip response.header.connection=keep-alive response.header.content-length=0 response.header.date="Tue, 26 May 2026 14:52:59 GMT" response.header.docker-distribution-api-version=registry/2.0 response.header.docker-upload-uuid=5cd27dae-e6fd-44bb-85a8-1ecf0a8e2987 response.header.location="https://registry-1.docker.io/v2/docker/dockerfile-upstream/blobs/uploads/5cd27dae-e6fd-44bb-85a8-1ecf0a8e2987?_state=-YXZD3gg6JpXaR5NN3UBAS0SCB4H89Eq6Pja7ubYuUZ7Ik5hbWUiOiJkb2NrZXIvZG9ja2VyZmlsZS11cHN0cmVhbSIsIlVVSUQiOiI1Y2QyN2RhZS1lNmZkLTQ0YmItODVhOC0xZWNmMGE4ZTI5ODciLCJPZmZzZXQiOjAsIlN0YXJ0ZWRBdCI6IjIwMjYtMDUtMjZUMTQ6NTI6NTkuNDgyNzA5NzcxWiIsIkV4cGlyZXNBdCI6IjIwMjYtMDUtMjZUMTU6MjI6NTkuNTYwNDc1NjdaIiwiVXNlcm5hbWUiOiJnb3Jkb250aGV0dXJ0bGUiLCJVc2VyVVVJRCI6ImRiNWQwMjYyLWZhMTUtNDViNC1iNzY5LTM3ZDc2Y2Q4ZDY2ZCIsIlNlc3Npb25JRCI6ImRja3JfanRpX2MxdUZZbUVET3F0Wmw3aFBkc2hOWHN1U0czUT0ifQ%3D%3D" response.header.range=0-0 response.header.strict-transport-security="max-age=31536000" response.status="202 Accepted" size=13287089 spanID=9b0cd74b6f6a264c traceID=d596d9497f81c99cfcf3026fa8664303 url="https://registry-1.docker.io/v2/docker/dockerfile-upstream/blobs/uploads/"
2026-05-26T14:54:06.0806041Z time="2026-05-26T14:52:59Z" level=debug msg="do request" digest="sha256:e1bc2d8bd8aadb38c88a9dfd787a292b91a7705d2b29ba39e4633b391eed13e5" mediatype=application/vnd.oci.image.layer.v1.tar+gzip request.header.content-type=application/octet-stream request.header.user-agent=buildkit/v0.30 request.method=PUT size=13287089 spanID=9b0cd74b6f6a264c traceID=d596d9497f81c99cfcf3026fa8664303 url="https://registry-1.docker.io/v2/docker/dockerfile-upstream/blobs/uploads/5cd27dae-e6fd-44bb-85a8-1ecf0a8e2987?_state=-YXZD3gg6JpXaR5NN3UBAS0SCB4H89Eq6Pja7ubYuUZ7Ik5hbWUiOiJkb2NrZXIvZG9ja2VyZmlsZS11cHN0cmVhbSIsIlVVSUQiOiI1Y2QyN2RhZS1lNmZkLTQ0YmItODVhOC0xZWNmMGE4ZTI5ODciLCJPZmZzZXQiOjAsIlN0YXJ0ZWRBdCI6IjIwMjYtMDUtMjZUMTQ6NTI6NTkuNDgyNzA5NzcxWiIsIkV4cGlyZXNBdCI6IjIwMjYtMDUtMjZUMTU6MjI6NTkuNTYwNDc1NjdaIiwiVXNlcm5hbWUiOiJnb3Jkb250aGV0dXJ0bGUiLCJVc2VyVVVJRCI6ImRiNWQwMjYyLWZhMTUtNDViNC1iNzY5LTM3ZDc2Y2Q4ZDY2ZCIsIlNlc3Npb25JRCI6ImRja3JfanRpX2MxdUZZbUVET3F0Wmw3aFBkc2hOWHN1U0czUT0ifQ%3D%3D&digest=sha256%3Ae1bc2d8bd8aadb38c88a9dfd787a292b91a7705d2b29ba39e4633b391eed13e5"
2026-05-26T14:54:06.0816115Z time="2026-05-26T14:52:59Z" level=debug msg="fetch response received" digest="sha256:9f717a000d278571b8c5e7e71cdc76a4f5d74624d80b2747e6e7d8638feb236d" mediatype=application/vnd.in-toto+json response.header.connection=keep-alive response.header.content-length=0 response.header.date="Tue, 26 May 2026 14:52:59 GMT" response.header.docker-distribution-api-version=registry/2.0 response.header.docker-upload-uuid=45d373a7-4068-4e0a-aad7-fa42d9e82cbd response.header.location="https://registry-1.docker.io/v2/docker/dockerfile-upstream/blobs/uploads/45d373a7-4068-4e0a-aad7-fa42d9e82cbd?_state=Dtds_xuxnhk2fpS_SZYcLHbHP6g--8d0d5Z8OGjp1aR7Ik5hbWUiOiJkb2NrZXIvZG9ja2VyZmlsZS11cHN0cmVhbSIsIlVVSUQiOiI0NWQzNzNhNy00MDY4LTRlMGEtYWFkNy1mYTQyZDllODJjYmQiLCJPZmZzZXQiOjAsIlN0YXJ0ZWRBdCI6IjIwMjYtMDUtMjZUMTQ6NTI6NTkuNDg5ODMyODMzWiIsIkV4cGlyZXNBdCI6IjIwMjYtMDUtMjZUMTU6MjI6NTkuNTU4OTk3NDYxWiIsIlVzZXJuYW1lIjoiZ29yZG9udGhldHVydGxlIiwiVXNlclVVSUQiOiJkYjVkMDI2Mi1mYTE1LTQ1YjQtYjc2OS0zN2Q3NmNkOGQ2NmQiLCJTZXNzaW9uSUQiOiJkY2tyX2p0aV9jMXVGWW1FRE9xdFpsN2hQZHNoTlhzdVNHM1E9In0%3D" response.header.range=0-0 response.header.strict-transport-security="max-age=31536000" response.status="202 Accepted" size=29251 spanID=9b0cd74b6f6a264c traceID=d596d9497f81c99cfcf3026fa8664303 url="https://registry-1.docker.io/v2/docker/dockerfile-upstream/blobs/uploads/"
2026-05-26T14:54:06.0832479Z time="2026-05-26T14:52:59Z" level=debug msg="do request" digest="sha256:9f717a000d278571b8c5e7e71cdc76a4f5d74624d80b2747e6e7d8638feb236d" mediatype=application/vnd.in-toto+json request.header.content-type=application/octet-stream request.header.user-agent=buildkit/v0.30 request.method=PUT size=29251 spanID=9b0cd74b6f6a264c traceID=d596d9497f81c99cfcf3026fa8664303 url="https://registry-1.docker.io/v2/docker/dockerfile-upstream/blobs/uploads/45d373a7-4068-4e0a-aad7-fa42d9e82cbd?_state=Dtds_xuxnhk2fpS_SZYcLHbHP6g--8d0d5Z8OGjp1aR7Ik5hbWUiOiJkb2NrZXIvZG9ja2VyZmlsZS11cHN0cmVhbSIsIlVVSUQiOiI0NWQzNzNhNy00MDY4LTRlMGEtYWFkNy1mYTQyZDllODJjYmQiLCJPZmZzZXQiOjAsIlN0YXJ0ZWRBdCI6IjIwMjYtMDUtMjZUMTQ6NTI6NTkuNDg5ODMyODMzWiIsIkV4cGlyZXNBdCI6IjIwMjYtMDUtMjZUMTU6MjI6NTkuNTU4OTk3NDYxWiIsIlVzZXJuYW1lIjoiZ29yZG9udGhldHVydGxlIiwiVXNlclVVSUQiOiJkYjVkMDI2Mi1mYTE1LTQ1YjQtYjc2OS0zN2Q3NmNkOGQ2NmQiLCJTZXNzaW9uSUQiOiJkY2tyX2p0aV9jMXVGWW1FRE9xdFpsN2hQZHNoTlhzdVNHM1E9In0%3D&digest=sha256%3A9f717a000d278571b8c5e7e71cdc76a4f5d74624d80b2747e6e7d8638feb236d"
2026-05-26T14:54:06.0848765Z time="2026-05-26T14:52:59Z" level=debug msg="fetch response received" digest="sha256:5caffb26e99c27ec131e802da46ed5871732c98f7c06dc24ca490d4a44221f51" mediatype=application/vnd.oci.image.config.v1+json response.header.connection=keep-alive response.header.content-length=0 response.header.date="Tue, 26 May 2026 14:52:59 GMT" response.header.docker-distribution-api-version=registry/2.0 response.header.docker-upload-uuid=bbc5e665-1880-4b36-830d-8a872a6e3fe7 response.header.location="https://registry-1.docker.io/v2/docker/dockerfile-upstream/blobs/uploads/bbc5e665-1880-4b36-830d-8a872a6e3fe7?_state=Uyzx9MhC76l2W6sDbV-19zwCucjs6sIdVDC9rHmVifV7Ik5hbWUiOiJkb2NrZXIvZG9ja2VyZmlsZS11cHN0cmVhbSIsIlVVSUQiOiJiYmM1ZTY2NS0xODgwLTRiMzYtODMwZC04YTg3MmE2ZTNmZTciLCJPZmZzZXQiOjAsIlN0YXJ0ZWRBdCI6IjIwMjYtMDUtMjZUMTQ6NTI6NTkuNDgwNzM4MzY0WiIsIkV4cGlyZXNBdCI6IjIwMjYtMDUtMjZUMTU6MjI6NTkuNTY3NjM0MDg5WiIsIlVzZXJuYW1lIjoiZ29yZG9udGhldHVydGxlIiwiVXNlclVVSUQiOiJkYjVkMDI2Mi1mYTE1LTQ1YjQtYjc2OS0zN2Q3NmNkOGQ2NmQiLCJTZXNzaW9uSUQiOiJkY2tyX2p0aV9jMXVGWW1FRE9xdFpsN2hQZHNoTlhzdVNHM1E9In0%3D" response.header.range=0-0 response.header.strict-transport-security="max-age=31536000" response.status="202 Accepted" size=1331 spanID=9b0cd74b6f6a264c traceID=d596d9497f81c99cfcf3026fa8664303 url="https://registry-1.docker.io/v2/docker/dockerfile-upstream/blobs/uploads/"
2026-05-26T14:54:06.0865424Z time="2026-05-26T14:52:59Z" level=debug msg="do request" digest="sha256:5caffb26e99c27ec131e802da46ed5871732c98f7c06dc24ca490d4a44221f51" mediatype=application/vnd.oci.image.config.v1+json request.header.content-type=application/octet-stream request.header.user-agent=buildkit/v0.30 request.method=PUT size=1331 spanID=9b0cd74b6f6a264c traceID=d596d9497f81c99cfcf3026fa8664303 url="https://registry-1.docker.io/v2/docker/dockerfile-upstream/blobs/uploads/bbc5e665-1880-4b36-830d-8a872a6e3fe7?_state=Uyzx9MhC76l2W6sDbV-19zwCucjs6sIdVDC9rHmVifV7Ik5hbWUiOiJkb2NrZXIvZG9ja2VyZmlsZS11cHN0cmVhbSIsIlVVSUQiOiJiYmM1ZTY2NS0xODgwLTRiMzYtODMwZC04YTg3MmE2ZTNmZTciLCJPZmZzZXQiOjAsIlN0YXJ0ZWRBdCI6IjIwMjYtMDUtMjZUMTQ6NTI6NTkuNDgwNzM4MzY0WiIsIkV4cGlyZXNBdCI6IjIwMjYtMDUtMjZUMTU6MjI6NTkuNTY3NjM0MDg5WiIsIlVzZXJuYW1lIjoiZ29yZG9udGhldHVydGxlIiwiVXNlclVVSUQiOiJkYjVkMDI2Mi1mYTE1LTQ1YjQtYjc2OS0zN2Q3NmNkOGQ2NmQiLCJTZXNzaW9uSUQiOiJkY2tyX2p0aV9jMXVGWW1FRE9xdFpsN2hQZHNoTlhzdVNHM1E9In0%3D&digest=sha256%3A5caffb26e99c27ec131e802da46ed5871732c98f7c06dc24ca490d4a44221f51"
2026-05-26T14:54:06.0881976Z time="2026-05-26T14:52:59Z" level=debug msg="fetch response received" digest="sha256:f310a588beeca142074db765170f7480b7061afc912bfcef42c02f5b3432efcf" mediatype=application/vnd.in-toto+json response.header.connection=keep-alive response.header.content-length=0 response.header.date="Tue, 26 May 2026 14:52:59 GMT" response.header.docker-distribution-api-version=registry/2.0 response.header.docker-upload-uuid=a353c0e3-343a-4121-86b0-bb7d11d7beee response.header.location="https://registry-1.docker.io/v2/docker/dockerfile-upstream/blobs/uploads/a353c0e3-343a-4121-86b0-bb7d11d7beee?_state=DuN8mmSlJ2ZuspuLa9hGLh8VhdfY7ZhfALa0E-DnLpp7Ik5hbWUiOiJkb2NrZXIvZG9ja2VyZmlsZS11cHN0cmVhbSIsIlVVSUQiOiJhMzUzYzBlMy0zNDNhLTQxMjEtODZiMC1iYjdkMTFkN2JlZWUiLCJPZmZzZXQiOjAsIlN0YXJ0ZWRBdCI6IjIwMjYtMDUtMjZUMTQ6NTI6NTkuNTE1Njc1Nzg0WiIsIkV4cGlyZXNBdCI6IjIwMjYtMDUtMjZUMTU6MjI6NTkuNTkyOTk2MDU4WiIsIlVzZXJuYW1lIjoiZ29yZG9udGhldHVydGxlIiwiVXNlclVVSUQiOiJkYjVkMDI2Mi1mYTE1LTQ1YjQtYjc2OS0zN2Q3NmNkOGQ2NmQiLCJTZXNzaW9uSUQiOiJkY2tyX2p0aV9jMXVGWW1FRE9xdFpsN2hQZHNoTlhzdVNHM1E9In0%3D" response.header.range=0-0 response.header.strict-transport-security="max-age=31536000" response.status="202 Accepted" size=102615 spanID=9b0cd74b6f6a264c traceID=d596d9497f81c99cfcf3026fa8664303 url="https://registry-1.docker.io/v2/docker/dockerfile-upstream/blobs/uploads/"
2026-05-26T14:54:06.0898322Z time="2026-05-26T14:52:59Z" level=debug msg="do request" digest="sha256:f310a588beeca142074db765170f7480b7061afc912bfcef42c02f5b3432efcf" mediatype=application/vnd.in-toto+json request.header.content-type=application/octet-stream request.header.user-agent=buildkit/v0.30 request.method=PUT size=102615 spanID=9b0cd74b6f6a264c traceID=d596d9497f81c99cfcf3026fa8664303 url="https://registry-1.docker.io/v2/docker/dockerfile-upstream/blobs/uploads/a353c0e3-343a-4121-86b0-bb7d11d7beee?_state=DuN8mmSlJ2ZuspuLa9hGLh8VhdfY7ZhfALa0E-DnLpp7Ik5hbWUiOiJkb2NrZXIvZG9ja2VyZmlsZS11cHN0cmVhbSIsIlVVSUQiOiJhMzUzYzBlMy0zNDNhLTQxMjEtODZiMC1iYjdkMTFkN2JlZWUiLCJPZmZzZXQiOjAsIlN0YXJ0ZWRBdCI6IjIwMjYtMDUtMjZUMTQ6NTI6NTkuNTE1Njc1Nzg0WiIsIkV4cGlyZXNBdCI6IjIwMjYtMDUtMjZUMTU6MjI6NTkuNTkyOTk2MDU4WiIsIlVzZXJuYW1lIjoiZ29yZG9udGhldHVydGxlIiwiVXNlclVVSUQiOiJkYjVkMDI2Mi1mYTE1LTQ1YjQtYjc2OS0zN2Q3NmNkOGQ2NmQiLCJTZXNzaW9uSUQiOiJkY2tyX2p0aV9jMXVGWW1FRE9xdFpsN2hQZHNoTlhzdVNHM1E9In0%3D&digest=sha256%3Af310a588beeca142074db765170f7480b7061afc912bfcef42c02f5b3432efcf"
2026-05-26T14:54:06.0907578Z time="2026-05-26T14:52:59Z" level=debug msg="upload cache https://productionresultssa15.blob.core.windows.net/actions-cache/a66-4585033715?se=2026-05-26T15%3A52%3A59Z&sig=1IIusfF2fW1XgSF94Sfee8p4tDMYKXE1aRIaZe5FHxs%3D&ske=2026-05-26T18%3A25%3A39Z&skoid=ca7593d4-ee42-46cd-af88-8b886a2f84eb&sks=b&skt=2026-05-26T14%3A25%3A39Z&sktid=398a6654-997b-47e9-b12b-9515b896b4de&skv=2025-11-05&sp=cw&spr=https&sr=b&st=2026-05-26T14%3A52%3A54Z&sv=2025-11-05 0f1ae8e6-201e-00c2-0f1f-eddd6c000000"
2026-05-26T14:54:06.0911651Z time="2026-05-26T14:52:59Z" level=debug msg="commit cache req https://results-receiver.actions.githubusercontent.com/twirp/github.actions.results.api.v1.CacheService/FinalizeCacheEntryUpload body={\"key\":\"buildkit-blob-1-sha256:316d91b955a8cf6cc5589516abf2a0ccec6353b4e1e727d2fbd8f79cfe7781dc\",\"size_bytes\":6904,\"version\":\"693bb7016429d80366022f036f84856888c9f13e00145f5f6f4dce303a38d6f2\"}"
2026-05-26T14:54:06.0913425Z time="2026-05-26T14:52:59Z" level=debug msg="commit cache resp https://results-receiver.actions.githubusercontent.com/twirp/github.actions.results.api.v1.CacheService/FinalizeCacheEntryUpload 4585033715"
2026-05-26T14:54:06.0914978Z time="2026-05-26T14:52:59Z" level=debug msg="save cache req https://results-receiver.actions.githubusercontent.com/twirp/github.actions.results.api.v1.CacheService/CreateCacheEntry body={\"key\":\"buildkit-blob-1-sha256:e1bc2d8bd8aadb38c88a9dfd787a292b91a7705d2b29ba39e4633b391eed13e5\",\"version\":\"693bb7016429d80366022f036f84856888c9f13e00145f5f6f4dce303a38d6f2\"}"
2026-05-26T14:54:06.0918523Z time="2026-05-26T14:53:00Z" level=debug msg="save cache resp https://results-receiver.actions.githubusercontent.com/twirp/github.actions.results.api.v1.CacheService/CreateCacheEntry body={\"ok\":true,\"signed_upload_url\":\"https://productionresultssa2.blob.core.windows.net/actions-cache/a02-4585033895?se=2026-05-26T15%3A53%3A00Z&sig=IyC2Djol1le5Jnxgco%2Bvp6x4i1tRQSMXnbEu54byyrY%3D&ske=2026-05-26T18%3A25%3A29Z&skoid=ca7593d4-ee42-46cd-af88-8b886a2f84eb&sks=b&skt=2026-05-26T14%3A25%3A29Z&sktid=398a6654-997b-47e9-b12b-9515b896b4de&skv=2025-11-05&sp=cw&spr=https&sr=b&st=2026-05-26T14%3A52%3A55Z&sv=2025-11-05\",\"message\":\"\"}"
2026-05-26T14:54:06.0932261Z time="2026-05-26T14:53:00Z" level=debug msg="fetch response received" digest="sha256:5caffb26e99c27ec131e802da46ed5871732c98f7c06dc24ca490d4a44221f51" mediatype=application/vnd.oci.image.config.v1+json response.header.connection=keep-alive response.header.content-length=0 response.header.date="Tue, 26 May 2026 14:53:00 GMT" response.header.docker-content-digest="sha256:5caffb26e99c27ec131e802da46ed5871732c98f7c06dc24ca490d4a44221f51" response.header.docker-distribution-api-version=registry/2.0 response.header.location="https://registry-1.docker.io/v2/docker/dockerfile-upstream/blobs/sha256:5caffb26e99c27ec131e802da46ed5871732c98f7c06dc24ca490d4a44221f51" response.header.strict-transport-security="max-age=31536000" response.status="201 Created" size=1331 spanID=9b0cd74b6f6a264c traceID=d596d9497f81c99cfcf3026fa8664303 url="https://registry-1.docker.io/v2/docker/dockerfile-upstream/blobs/uploads/bbc5e665-1880-4b36-830d-8a872a6e3fe7?_state=Uyzx9MhC76l2W6sDbV-19zwCucjs6sIdVDC9rHmVifV7Ik5hbWUiOiJkb2NrZXIvZG9ja2VyZmlsZS11cHN0cmVhbSIsIlVVSUQiOiJiYmM1ZTY2NS0xODgwLTRiMzYtODMwZC04YTg3MmE2ZTNmZTciLCJPZmZzZXQiOjAsIlN0YXJ0ZWRBdCI6IjIwMjYtMDUtMjZUMTQ6NTI6NTkuNDgwNzM4MzY0WiIsIkV4cGlyZXNBdCI6IjIwMjYtMDUtMjZUMTU6MjI6NTkuNTY3NjM0MDg5WiIsIlVzZXJuYW1lIjoiZ29yZG9udGhldHVydGxlIiwiVXNlclVVSUQiOiJkYjVkMDI2Mi1mYTE1LTQ1YjQtYjc2OS0zN2Q3NmNkOGQ2NmQiLCJTZXNzaW9uSUQiOiJkY2tyX2p0aV9jMXVGWW1FRE9xdFpsN2hQZHNoTlhzdVNHM1E9In0%3D&digest=sha256%3A5caffb26e99c27ec131e802da46ed5871732c98f7c06dc24ca490d4a44221f51"
2026-05-26T14:54:06.0951915Z time="2026-05-26T14:53:00Z" level=debug msg="fetch response received" digest="sha256:9f717a000d278571b8c5e7e71cdc76a4f5d74624d80b2747e6e7d8638feb236d" mediatype=application/vnd.in-toto+json response.header.connection=keep-alive response.header.content-length=0 response.header.date="Tue, 26 May 2026 14:53:00 GMT" response.header.docker-content-digest="sha256:9f717a000d278571b8c5e7e71cdc76a4f5d74624d80b2747e6e7d8638feb236d" response.header.docker-distribution-api-version=registry/2.0 response.header.location="https://registry-1.docker.io/v2/docker/dockerfile-upstream/blobs/sha256:9f717a000d278571b8c5e7e71cdc76a4f5d74624d80b2747e6e7d8638feb236d" response.header.strict-transport-security="max-age=31536000" response.status="201 Created" size=29251 spanID=9b0cd74b6f6a264c traceID=d596d9497f81c99cfcf3026fa8664303 url="https://registry-1.docker.io/v2/docker/dockerfile-upstream/blobs/uploads/45d373a7-4068-4e0a-aad7-fa42d9e82cbd?_state=Dtds_xuxnhk2fpS_SZYcLHbHP6g--8d0d5Z8OGjp1aR7Ik5hbWUiOiJkb2NrZXIvZG9ja2VyZmlsZS11cHN0cmVhbSIsIlVVSUQiOiI0NWQzNzNhNy00MDY4LTRlMGEtYWFkNy1mYTQyZDllODJjYmQiLCJPZmZzZXQiOjAsIlN0YXJ0ZWRBdCI6IjIwMjYtMDUtMjZUMTQ6NTI6NTkuNDg5ODMyODMzWiIsIkV4cGlyZXNBdCI6IjIwMjYtMDUtMjZUMTU6MjI6NTkuNTU4OTk3NDYxWiIsIlVzZXJuYW1lIjoiZ29yZG9udGhldHVydGxlIiwiVXNlclVVSUQiOiJkYjVkMDI2Mi1mYTE1LTQ1YjQtYjc2OS0zN2Q3NmNkOGQ2NmQiLCJTZXNzaW9uSUQiOiJkY2tyX2p0aV9jMXVGWW1FRE9xdFpsN2hQZHNoTlhzdVNHM1E9In0%3D&digest=sha256%3A9f717a000d278571b8c5e7e71cdc76a4f5d74624d80b2747e6e7d8638feb236d"
2026-05-26T14:54:06.0970049Z time="2026-05-26T14:53:00Z" level=debug msg="fetch response received" digest="sha256:f310a588beeca142074db765170f7480b7061afc912bfcef42c02f5b3432efcf" mediatype=application/vnd.in-toto+json response.header.connection=keep-alive response.header.content-length=0 response.header.date="Tue, 26 May 2026 14:53:00 GMT" response.header.docker-content-digest="sha256:f310a588beeca142074db765170f7480b7061afc912bfcef42c02f5b3432efcf" response.header.docker-distribution-api-version=registry/2.0 response.header.location="https://registry-1.docker.io/v2/docker/dockerfile-upstream/blobs/sha256:f310a588beeca142074db765170f7480b7061afc912bfcef42c02f5b3432efcf" response.header.strict-transport-security="max-age=31536000" response.status="201 Created" size=102615 spanID=9b0cd74b6f6a264c traceID=d596d9497f81c99cfcf3026fa8664303 url="https://registry-1.docker.io/v2/docker/dockerfile-upstream/blobs/uploads/a353c0e3-343a-4121-86b0-bb7d11d7beee?_state=DuN8mmSlJ2ZuspuLa9hGLh8VhdfY7ZhfALa0E-DnLpp7Ik5hbWUiOiJkb2NrZXIvZG9ja2VyZmlsZS11cHN0cmVhbSIsIlVVSUQiOiJhMzUzYzBlMy0zNDNhLTQxMjEtODZiMC1iYjdkMTFkN2JlZWUiLCJPZmZzZXQiOjAsIlN0YXJ0ZWRBdCI6IjIwMjYtMDUtMjZUMTQ6NTI6NTkuNTE1Njc1Nzg0WiIsIkV4cGlyZXNBdCI6IjIwMjYtMDUtMjZUMTU6MjI6NTkuNTkyOTk2MDU4WiIsIlVzZXJuYW1lIjoiZ29yZG9udGhldHVydGxlIiwiVXNlclVVSUQiOiJkYjVkMDI2Mi1mYTE1LTQ1YjQtYjc2OS0zN2Q3NmNkOGQ2NmQiLCJTZXNzaW9uSUQiOiJkY2tyX2p0aV9jMXVGWW1FRE9xdFpsN2hQZHNoTlhzdVNHM1E9In0%3D&digest=sha256%3Af310a588beeca142074db765170f7480b7061afc912bfcef42c02f5b3432efcf"
2026-05-26T14:54:06.0983805Z time="2026-05-26T14:53:00Z" level=debug msg="fetch response received" digest="sha256:e1bc2d8bd8aadb38c88a9dfd787a292b91a7705d2b29ba39e4633b391eed13e5" mediatype=application/vnd.oci.image.layer.v1.tar+gzip response.header.connection=keep-alive response.header.content-length=0 response.header.date="Tue, 26 May 2026 14:53:00 GMT" response.header.docker-content-digest="sha256:e1bc2d8bd8aadb38c88a9dfd787a292b91a7705d2b29ba39e4633b391eed13e5" response.header.docker-distribution-api-version=registry/2.0 response.header.location="https://registry-1.docker.io/v2/docker/dockerfile-upstream/blobs/sha256:e1bc2d8bd8aadb38c88a9dfd787a292b91a7705d2b29ba39e4633b391eed13e5" response.header.strict-transport-security="max-age=31536000" response.status="201 Created" size=13287089 spanID=9b0cd74b6f6a264c traceID=d596d9497f81c99cfcf3026fa8664303 url="https://registry-1.docker.io/v2/docker/dockerfile-upstream/blobs/uploads/5cd27dae-e6fd-44bb-85a8-1ecf0a8e2987?_state=-YXZD3gg6JpXaR5NN3UBAS0SCB4H89Eq6Pja7ubYuUZ7Ik5hbWUiOiJkb2NrZXIvZG9ja2VyZmlsZS11cHN0cmVhbSIsIlVVSUQiOiI1Y2QyN2RhZS1lNmZkLTQ0YmItODVhOC0xZWNmMGE4ZTI5ODciLCJPZmZzZXQiOjAsIlN0YXJ0ZWRBdCI6IjIwMjYtMDUtMjZUMTQ6NTI6NTkuNDgyNzA5NzcxWiIsIkV4cGlyZXNBdCI6IjIwMjYtMDUtMjZUMTU6MjI6NTkuNTYwNDc1NjdaIiwiVXNlcm5hbWUiOiJnb3Jkb250aGV0dXJ0bGUiLCJVc2VyVVVJRCI6ImRiNWQwMjYyLWZhMTUtNDViNC1iNzY5LTM3ZDc2Y2Q4ZDY2ZCIsIlNlc3Npb25JRCI6ImRja3JfanRpX2MxdUZZbUVET3F0Wmw3aFBkc2hOWHN1U0czUT0ifQ%3D%3D&digest=sha256%3Ae1bc2d8bd8aadb38c88a9dfd787a292b91a7705d2b29ba39e4633b391eed13e5"
2026-05-26T14:54:06.0990237Z time="2026-05-26T14:53:00Z" level=debug msg=push digest="sha256:5c5334e849526cb20f76b698e1baa1e395cc7b6eeca3964ba0508cd696ad26a1" mediatype=application/vnd.oci.image.manifest.v1+json size=1134 spanID=9b0cd74b6f6a264c traceID=d596d9497f81c99cfcf3026fa8664303
2026-05-26T14:54:06.0992154Z time="2026-05-26T14:53:00Z" level=debug msg="checking and pushing to" digest="sha256:5c5334e849526cb20f76b698e1baa1e395cc7b6eeca3964ba0508cd696ad26a1" mediatype=application/vnd.oci.image.manifest.v1+json size=1134 spanID=9b0cd74b6f6a264c traceID=d596d9497f81c99cfcf3026fa8664303 url="https://registry-1.docker.io/v2/docker/dockerfile-upstream/manifests/sha256:5c5334e849526cb20f76b698e1baa1e395cc7b6eeca3964ba0508cd696ad26a1"
2026-05-26T14:54:06.0994676Z time="2026-05-26T14:53:00Z" level=debug msg="do request" digest="sha256:5c5334e849526cb20f76b698e1baa1e395cc7b6eeca3964ba0508cd696ad26a1" mediatype=application/vnd.oci.image.manifest.v1+json request.header.accept="application/vnd.oci.image.manifest.v1+json, */*" request.header.user-agent=buildkit/v0.30 request.method=HEAD size=1134 spanID=9b0cd74b6f6a264c traceID=d596d9497f81c99cfcf3026fa8664303 url="https://registry-1.docker.io/v2/docker/dockerfile-upstream/manifests/sha256:5c5334e849526cb20f76b698e1baa1e395cc7b6eeca3964ba0508cd696ad26a1"
2026-05-26T14:54:06.0998627Z time="2026-05-26T14:53:00Z" level=debug msg="fetch response received" digest="sha256:5c5334e849526cb20f76b698e1baa1e395cc7b6eeca3964ba0508cd696ad26a1" mediatype=application/vnd.oci.image.manifest.v1+json response.header.connection=keep-alive response.header.content-length=211 response.header.content-type=application/json response.header.date="Tue, 26 May 2026 14:53:00 GMT" response.header.docker-distribution-api-version=registry/2.0 response.header.docker-ratelimit-source=db5d0262-fa15-45b4-b769-37d76cd8d66d response.header.strict-transport-security="max-age=31536000" response.status="404 Not Found" size=1134 spanID=9b0cd74b6f6a264c traceID=d596d9497f81c99cfcf3026fa8664303 url="https://registry-1.docker.io/v2/docker/dockerfile-upstream/manifests/sha256:5c5334e849526cb20f76b698e1baa1e395cc7b6eeca3964ba0508cd696ad26a1"
2026-05-26T14:54:06.1002373Z time="2026-05-26T14:53:00Z" level=debug msg="do request" digest="sha256:5c5334e849526cb20f76b698e1baa1e395cc7b6eeca3964ba0508cd696ad26a1" mediatype=application/vnd.oci.image.manifest.v1+json request.header.content-type=application/vnd.oci.image.manifest.v1+json request.header.user-agent=buildkit/v0.30 request.method=PUT size=1134 spanID=9b0cd74b6f6a264c traceID=d596d9497f81c99cfcf3026fa8664303 url="https://registry-1.docker.io/v2/docker/dockerfile-upstream/manifests/sha256:5c5334e849526cb20f76b698e1baa1e395cc7b6eeca3964ba0508cd696ad26a1"
2026-05-26T14:54:06.1004534Z time="2026-05-26T14:53:01Z" level=debug msg="reset healthcheck failure" actualDuration="823.81µs" spanID=f9ba730e2b3bfb8a timeout=15s traceID=c600bb50a2245e33a14fef19275f2008
2026-05-26T14:54:06.1008047Z time="2026-05-26T14:53:01Z" level=debug msg="fetch response received" digest="sha256:5c5334e849526cb20f76b698e1baa1e395cc7b6eeca3964ba0508cd696ad26a1" mediatype=application/vnd.oci.image.manifest.v1+json response.header.connection=keep-alive response.header.content-length=0 response.header.date="Tue, 26 May 2026 14:53:01 GMT" response.header.docker-content-digest="sha256:5c5334e849526cb20f76b698e1baa1e395cc7b6eeca3964ba0508cd696ad26a1" response.header.docker-distribution-api-version=registry/2.0 response.header.docker-ratelimit-source=172.214.156.88 response.header.location="https://registry-1.docker.io/v2/docker/dockerfile-upstream/manifests/sha256:5c5334e849526cb20f76b698e1baa1e395cc7b6eeca3964ba0508cd696ad26a1" response.header.strict-transport-security="max-age=31536000" response.status="201 Created" size=1134 spanID=9b0cd74b6f6a264c traceID=d596d9497f81c99cfcf3026fa8664303 url="https://registry-1.docker.io/v2/docker/dockerfile-upstream/manifests/sha256:5c5334e849526cb20f76b698e1baa1e395cc7b6eeca3964ba0508cd696ad26a1"
2026-05-26T14:54:06.1011832Z time="2026-05-26T14:53:01Z" level=debug msg=push digest="sha256:bcad94eca1c2666838d6f39e45833c04461615b8f02f95e76d86b225ff6d80e7" mediatype=application/vnd.oci.image.manifest.v1+json size=1111 spanID=9b0cd74b6f6a264c traceID=d596d9497f81c99cfcf3026fa8664303
2026-05-26T14:54:06.1013812Z time="2026-05-26T14:53:01Z" level=debug msg="checking and pushing to" digest="sha256:bcad94eca1c2666838d6f39e45833c04461615b8f02f95e76d86b225ff6d80e7" mediatype=application/vnd.oci.image.manifest.v1+json size=1111 spanID=9b0cd74b6f6a264c traceID=d596d9497f81c99cfcf3026fa8664303 url="https://registry-1.docker.io/v2/docker/dockerfile-upstream/manifests/sha256:bcad94eca1c2666838d6f39e45833c04461615b8f02f95e76d86b225ff6d80e7"
2026-05-26T14:54:06.1016581Z time="2026-05-26T14:53:01Z" level=debug msg="do request" digest="sha256:bcad94eca1c2666838d6f39e45833c04461615b8f02f95e76d86b225ff6d80e7" mediatype=application/vnd.oci.image.manifest.v1+json request.header.accept="application/vnd.oci.image.manifest.v1+json, */*" request.header.user-agent=buildkit/v0.30 request.method=HEAD size=1111 spanID=9b0cd74b6f6a264c traceID=d596d9497f81c99cfcf3026fa8664303 url="https://registry-1.docker.io/v2/docker/dockerfile-upstream/manifests/sha256:bcad94eca1c2666838d6f39e45833c04461615b8f02f95e76d86b225ff6d80e7"
2026-05-26T14:54:06.1020183Z time="2026-05-26T14:53:01Z" level=debug msg="fetch response received" digest="sha256:bcad94eca1c2666838d6f39e45833c04461615b8f02f95e76d86b225ff6d80e7" mediatype=application/vnd.oci.image.manifest.v1+json response.header.connection=keep-alive response.header.content-length=211 response.header.content-type=application/json response.header.date="Tue, 26 May 2026 14:53:01 GMT" response.header.docker-distribution-api-version=registry/2.0 response.header.docker-ratelimit-source=db5d0262-fa15-45b4-b769-37d76cd8d66d response.header.strict-transport-security="max-age=31536000" response.status="404 Not Found" size=1111 spanID=9b0cd74b6f6a264c traceID=d596d9497f81c99cfcf3026fa8664303 url="https://registry-1.docker.io/v2/docker/dockerfile-upstream/manifests/sha256:bcad94eca1c2666838d6f39e45833c04461615b8f02f95e76d86b225ff6d80e7"
2026-05-26T14:54:06.1023895Z time="2026-05-26T14:53:01Z" level=debug msg="do request" digest="sha256:bcad94eca1c2666838d6f39e45833c04461615b8f02f95e76d86b225ff6d80e7" mediatype=application/vnd.oci.image.manifest.v1+json request.header.content-type=application/vnd.oci.image.manifest.v1+json request.header.user-agent=buildkit/v0.30 request.method=PUT size=1111 spanID=9b0cd74b6f6a264c traceID=d596d9497f81c99cfcf3026fa8664303 url="https://registry-1.docker.io/v2/docker/dockerfile-upstream/manifests/sha256:bcad94eca1c2666838d6f39e45833c04461615b8f02f95e76d86b225ff6d80e7"
2026-05-26T14:54:06.1026699Z time="2026-05-26T14:53:01Z" level=debug msg="upload cache https://productionresultssa2.blob.core.windows.net/actions-cache/a02-4585033895?se=2026-05-26T15%3A53%3A00Z&sig=IyC2Djol1le5Jnxgco%2Bvp6x4i1tRQSMXnbEu54byyrY%3D&ske=2026-05-26T18%3A25%3A29Z&skoid=ca7593d4-ee42-46cd-af88-8b886a2f84eb&sks=b&skt=2026-05-26T14%3A25%3A29Z&sktid=398a6654-997b-47e9-b12b-9515b896b4de&skv=2025-11-05&sp=cw&spr=https&sr=b&st=2026-05-26T14%3A52%3A55Z&sv=2025-11-05 52740b6a-e01e-0048-311f-edf780000000"
2026-05-26T14:54:06.1028951Z time="2026-05-26T14:53:01Z" level=debug msg="commit cache req https://results-receiver.actions.githubusercontent.com/twirp/github.actions.results.api.v1.CacheService/FinalizeCacheEntryUpload body={\"key\":\"buildkit-blob-1-sha256:e1bc2d8bd8aadb38c88a9dfd787a292b91a7705d2b29ba39e4633b391eed13e5\",\"size_bytes\":13287089,\"version\":\"693bb7016429d80366022f036f84856888c9f13e00145f5f6f4dce303a38d6f2\"}"
2026-05-26T14:54:06.1030674Z time="2026-05-26T14:53:01Z" level=debug msg="commit cache resp https://results-receiver.actions.githubusercontent.com/twirp/github.actions.results.api.v1.CacheService/FinalizeCacheEntryUpload 4585033895"
2026-05-26T14:54:06.1035579Z time="2026-05-26T14:53:01Z" level=debug msg="fetch response received" digest="sha256:bcad94eca1c2666838d6f39e45833c04461615b8f02f95e76d86b225ff6d80e7" mediatype=application/vnd.oci.image.manifest.v1+json response.header.connection=keep-alive response.header.content-length=0 response.header.date="Tue, 26 May 2026 14:53:01 GMT" response.header.docker-content-digest="sha256:bcad94eca1c2666838d6f39e45833c04461615b8f02f95e76d86b225ff6d80e7" response.header.docker-distribution-api-version=registry/2.0 response.header.docker-ratelimit-source=172.214.156.88 response.header.location="https://registry-1.docker.io/v2/docker/dockerfile-upstream/manifests/sha256:bcad94eca1c2666838d6f39e45833c04461615b8f02f95e76d86b225ff6d80e7" response.header.oci-subject="sha256:5c5334e849526cb20f76b698e1baa1e395cc7b6eeca3964ba0508cd696ad26a1" response.header.strict-transport-security="max-age=31536000" response.status="201 Created" size=1111 spanID=9b0cd74b6f6a264c traceID=d596d9497f81c99cfcf3026fa8664303 url="https://registry-1.docker.io/v2/docker/dockerfile-upstream/manifests/sha256:bcad94eca1c2666838d6f39e45833c04461615b8f02f95e76d86b225ff6d80e7"
2026-05-26T14:54:06.1042158Z time="2026-05-26T14:53:01Z" level=debug msg=push digest="sha256:6610fe8189519ddb33bccbf9fc13abe71ce4e6202a0d14d74b210ab4de492c71" mediatype=application/vnd.oci.image.index.v1+json size=856 spanID=9b0cd74b6f6a264c traceID=d596d9497f81c99cfcf3026fa8664303
2026-05-26T14:54:06.1044844Z time="2026-05-26T14:53:01Z" level=debug msg="checking and pushing to" digest="sha256:6610fe8189519ddb33bccbf9fc13abe71ce4e6202a0d14d74b210ab4de492c71" mediatype=application/vnd.oci.image.index.v1+json size=856 spanID=9b0cd74b6f6a264c traceID=d596d9497f81c99cfcf3026fa8664303 url="https://registry-1.docker.io/v2/docker/dockerfile-upstream/manifests/sha256:6610fe8189519ddb33bccbf9fc13abe71ce4e6202a0d14d74b210ab4de492c71"
2026-05-26T14:54:06.1047864Z time="2026-05-26T14:53:01Z" level=debug msg="do request" digest="sha256:6610fe8189519ddb33bccbf9fc13abe71ce4e6202a0d14d74b210ab4de492c71" mediatype=application/vnd.oci.image.index.v1+json request.header.accept="application/vnd.oci.image.index.v1+json, */*" request.header.user-agent=buildkit/v0.30 request.method=HEAD size=856 spanID=9b0cd74b6f6a264c traceID=d596d9497f81c99cfcf3026fa8664303 url="https://registry-1.docker.io/v2/docker/dockerfile-upstream/manifests/sha256:6610fe8189519ddb33bccbf9fc13abe71ce4e6202a0d14d74b210ab4de492c71"
2026-05-26T14:54:06.1052388Z time="2026-05-26T14:53:01Z" level=debug msg="fetch response received" digest="sha256:6610fe8189519ddb33bccbf9fc13abe71ce4e6202a0d14d74b210ab4de492c71" mediatype=application/vnd.oci.image.index.v1+json response.header.connection=keep-alive response.header.content-length=211 response.header.content-type=application/json response.header.date="Tue, 26 May 2026 14:53:01 GMT" response.header.docker-distribution-api-version=registry/2.0 response.header.docker-ratelimit-source=db5d0262-fa15-45b4-b769-37d76cd8d66d response.header.strict-transport-security="max-age=31536000" response.status="404 Not Found" size=856 spanID=9b0cd74b6f6a264c traceID=d596d9497f81c99cfcf3026fa8664303 url="https://registry-1.docker.io/v2/docker/dockerfile-upstream/manifests/sha256:6610fe8189519ddb33bccbf9fc13abe71ce4e6202a0d14d74b210ab4de492c71"
2026-05-26T14:54:06.1059025Z time="2026-05-26T14:53:01Z" level=debug msg="do request" digest="sha256:6610fe8189519ddb33bccbf9fc13abe71ce4e6202a0d14d74b210ab4de492c71" mediatype=application/vnd.oci.image.index.v1+json request.header.content-type=application/vnd.oci.image.index.v1+json request.header.user-agent=buildkit/v0.30 request.method=PUT size=856 spanID=9b0cd74b6f6a264c traceID=d596d9497f81c99cfcf3026fa8664303 url="https://registry-1.docker.io/v2/docker/dockerfile-upstream/manifests/sha256:6610fe8189519ddb33bccbf9fc13abe71ce4e6202a0d14d74b210ab4de492c71"
2026-05-26T14:54:06.1062532Z time="2026-05-26T14:53:01Z" level=debug msg="save cache req https://results-receiver.actions.githubusercontent.com/twirp/github.actions.results.api.v1.CacheService/CreateCacheEntry body={\"key\":\"index-frontend-mainline-linux-mips-1-49c8f7d5-sig#129\",\"version\":\"693bb7016429d80366022f036f84856888c9f13e00145f5f6f4dce303a38d6f2\"}"
2026-05-26T14:54:06.1066984Z time="2026-05-26T14:53:01Z" level=debug msg="save cache resp https://results-receiver.actions.githubusercontent.com/twirp/github.actions.results.api.v1.CacheService/CreateCacheEntry body={\"ok\":true,\"signed_upload_url\":\"https://productionresultssa2.blob.core.windows.net/actions-cache/583-4585035062?se=2026-05-26T15%3A53%3A01Z&sig=9SkBv4RnxwH4y2U9hHduA8jN4gytQ3H3iTs7UUo3Aok%3D&ske=2026-05-26T18%3A02%3A05Z&skoid=ca7593d4-ee42-46cd-af88-8b886a2f84eb&sks=b&skt=2026-05-26T14%3A02%3A05Z&sktid=398a6654-997b-47e9-b12b-9515b896b4de&skv=2025-11-05&sp=cw&spr=https&sr=b&st=2026-05-26T14%3A52%3A56Z&sv=2025-11-05\",\"message\":\"\"}"
2026-05-26T14:54:06.1071047Z time="2026-05-26T14:53:01Z" level=debug msg="upload cache https://productionresultssa2.blob.core.windows.net/actions-cache/583-4585035062?se=2026-05-26T15%3A53%3A01Z&sig=9SkBv4RnxwH4y2U9hHduA8jN4gytQ3H3iTs7UUo3Aok%3D&ske=2026-05-26T18%3A02%3A05Z&skoid=ca7593d4-ee42-46cd-af88-8b886a2f84eb&sks=b&skt=2026-05-26T14%3A02%3A05Z&sktid=398a6654-997b-47e9-b12b-9515b896b4de&skv=2025-11-05&sp=cw&spr=https&sr=b&st=2026-05-26T14%3A52%3A56Z&sv=2025-11-05 52740d2b-e01e-0048-511f-edf780000000"
2026-05-26T14:54:06.1073432Z time="2026-05-26T14:53:01Z" level=debug msg="commit cache req https://results-receiver.actions.githubusercontent.com/twirp/github.actions.results.api.v1.CacheService/FinalizeCacheEntryUpload body={\"key\":\"index-frontend-mainline-linux-mips-1-49c8f7d5-sig#129\",\"size_bytes\":4221,\"version\":\"693bb7016429d80366022f036f84856888c9f13e00145f5f6f4dce303a38d6f2\"}"
2026-05-26T14:54:06.1074892Z time="2026-05-26T14:53:01Z" level=debug msg="commit cache resp https://results-receiver.actions.githubusercontent.com/twirp/github.actions.results.api.v1.CacheService/FinalizeCacheEntryUpload 4585035062"
2026-05-26T14:54:06.1078685Z time="2026-05-26T14:53:02Z" level=debug msg="fetch response received" digest="sha256:6610fe8189519ddb33bccbf9fc13abe71ce4e6202a0d14d74b210ab4de492c71" mediatype=application/vnd.oci.image.index.v1+json response.header.connection=keep-alive response.header.content-length=0 response.header.date="Tue, 26 May 2026 14:53:02 GMT" response.header.docker-content-digest="sha256:6610fe8189519ddb33bccbf9fc13abe71ce4e6202a0d14d74b210ab4de492c71" response.header.docker-distribution-api-version=registry/2.0 response.header.docker-ratelimit-source=172.214.156.88 response.header.location="https://registry-1.docker.io/v2/docker/dockerfile-upstream/manifests/sha256:6610fe8189519ddb33bccbf9fc13abe71ce4e6202a0d14d74b210ab4de492c71" response.header.strict-transport-security="max-age=31536000" response.status="201 Created" size=856 spanID=9b0cd74b6f6a264c traceID=d596d9497f81c99cfcf3026fa8664303 url="https://registry-1.docker.io/v2/docker/dockerfile-upstream/manifests/sha256:6610fe8189519ddb33bccbf9fc13abe71ce4e6202a0d14d74b210ab4de492c71"
2026-05-26T14:54:06.1082231Z time="2026-05-26T14:53:02Z" level=debug msg="reset healthcheck failure" actualDuration="893.53µs" spanID=a7b2147e914c5787 timeout=15s traceID=d596d9497f81c99cfcf3026fa8664303
2026-05-26T14:54:06.1083184Z time="2026-05-26T14:53:06Z" level=debug msg="reset healthcheck failure" actualDuration="919.478µs" spanID=f9ba730e2b3bfb8a timeout=15s traceID=c600bb50a2245e33a14fef19275f2008
2026-05-26T14:54:06.1084094Z time="2026-05-26T14:53:07Z" level=debug msg="reset healthcheck failure" actualDuration="894.739µs" spanID=a7b2147e914c5787 timeout=15s traceID=d596d9497f81c99cfcf3026fa8664303
2026-05-26T14:54:06.1084784Z time="2026-05-26T14:53:08Z" level=debug msg="remove snapshot" key=fr321hrrq749relrwzq7rgpyl snapshotter=overlayfs
2026-05-26T14:54:06.1085274Z time="2026-05-26T14:53:08Z" level=debug msg="schedule snapshotter cleanup" snapshotter=overlayfs
2026-05-26T14:54:06.1086141Z time="2026-05-26T14:53:08Z" level=debug msg="removed snapshot" key=buildkit/6/fr321hrrq749relrwzq7rgpyl snapshotter=overlayfs
2026-05-26T14:54:06.1087400Z time="2026-05-26T14:53:11Z" level=debug msg="reset healthcheck failure" actualDuration="875.911µs" spanID=f9ba730e2b3bfb8a timeout=15s traceID=c600bb50a2245e33a14fef19275f2008
2026-05-26T14:54:06.1088909Z time="2026-05-26T14:53:12Z" level=debug msg="reset healthcheck failure" actualDuration="932.489µs" spanID=a7b2147e914c5787 timeout=15s traceID=d596d9497f81c99cfcf3026fa8664303
2026-05-26T14:54:06.1090384Z time="2026-05-26T14:53:16Z" level=debug msg="reset healthcheck failure" actualDuration="837.148µs" spanID=f9ba730e2b3bfb8a timeout=15s traceID=c600bb50a2245e33a14fef19275f2008
2026-05-26T14:54:06.1092061Z time="2026-05-26T14:53:17Z" level=debug msg="reset healthcheck failure" actualDuration="887.359µs" spanID=a7b2147e914c5787 timeout=15s traceID=d596d9497f81c99cfcf3026fa8664303
2026-05-26T14:54:06.1093552Z time="2026-05-26T14:53:21Z" level=debug msg="reset healthcheck failure" actualDuration="889.943µs" spanID=f9ba730e2b3bfb8a timeout=15s traceID=c600bb50a2245e33a14fef19275f2008
2026-05-26T14:54:06.1095009Z time="2026-05-26T14:53:22Z" level=debug msg="reset healthcheck failure" actualDuration="935.853µs" spanID=a7b2147e914c5787 timeout=15s traceID=d596d9497f81c99cfcf3026fa8664303
2026-05-26T14:54:06.1096376Z time="2026-05-26T14:53:23Z" level=debug msg="session finished: <nil>" spanID=a7b2147e914c5787 traceID=d596d9497f81c99cfcf3026fa8664303
2026-05-26T14:54:06.1097333Z time="2026-05-26T14:53:23Z" level=debug msg="session finished: <nil>" spanID=f9ba730e2b3bfb8a traceID=c600bb50a2245e33a14fef19275f2008
2026-05-26T14:54:06.1098699Z time="2026-05-26T14:53:23Z" level=error msg="/moby.buildkit.v1.Control/Solve returned error: rpc error: code = Canceled desc = context canceled" spanID=cae503cdf1fc2318 traceID=d02f12182417ff4619729252bf2309e3
2026-05-26T14:54:06.1099687Z Canceled: context canceled
2026-05-26T14:54:06.1100496Z 7 v0.30.0 /usr/bin/buildkitd --config /etc/buildkit/buildkitd.toml --debug --allow-insecure-entitlement=network.host
2026-05-26T14:54:06.1101136Z main.unaryInterceptor
2026-05-26T14:54:06.1101431Z 	/src/cmd/buildkitd/main.go:779
2026-05-26T14:54:06.1102021Z google.golang.org/grpc.NewServer.chainUnaryServerInterceptors.chainUnaryInterceptors.func1
2026-05-26T14:54:06.1102685Z 	/src/vendor/google.golang.org/grpc/server.go:1234
2026-05-26T14:54:06.1103178Z github.com/moby/buildkit/api/services/control._Control_Solve_Handler
2026-05-26T14:54:06.1103699Z 	/src/api/services/control/control_grpc.pb.go:289
2026-05-26T14:54:06.1104100Z google.golang.org/grpc.(*Server).processUnaryRPC
2026-05-26T14:54:06.1104498Z 	/src/vendor/google.golang.org/grpc/server.go:1430
2026-05-26T14:54:06.1104889Z google.golang.org/grpc.(*Server).handleStream
2026-05-26T14:54:06.1105294Z 	/src/vendor/google.golang.org/grpc/server.go:1856
2026-05-26T14:54:06.1105731Z google.golang.org/grpc.(*Server).serveStreams.func2.1
2026-05-26T14:54:06.1106300Z 	/src/vendor/google.golang.org/grpc/server.go:1065
2026-05-26T14:54:06.1106654Z runtime.goexit
2026-05-26T14:54:06.1106924Z 	/usr/local/go/src/runtime/asm_amd64.s:1771
2026-05-26T14:54:06.1107162Z 
2026-05-26T14:54:06.1107543Z ##[endgroup]
2026-05-26T14:54:06.1107959Z ##[group]Removing builder
2026-05-26T14:54:06.1109205Z [command]/usr/bin/docker buildx rm builder-55e5b171-6c2a-4f10-beea-1303c6fb66df
2026-05-26T14:54:07.1369557Z builder-55e5b171-6c2a-4f10-beea-1303c6fb66df removed
2026-05-26T14:54:07.1392514Z ##[endgroup]
2026-05-26T14:54:07.1392954Z ##[group]Cleaning up certificates
2026-05-26T14:54:07.1395006Z ##[endgroup]
2026-05-26T14:54:07.1395417Z ##[group]Post cache
2026-05-26T14:54:07.1396957Z State not set
2026-05-26T14:54:07.1397380Z ##[endgroup]
2026-05-26T14:54:07.1518769Z Post job cleanup.
2026-05-26T14:54:07.2562363Z ##[group]Post cache
2026-05-26T14:54:07.2563406Z State not set
2026-05-26T14:54:07.2564533Z ##[endgroup]
2026-05-26T14:54:07.2672050Z Evaluate and set job outputs
2026-05-26T14:54:07.2679125Z Cleaning up orphan processes
