2026-03-31T16:43:14.3402725Z Current runner version: '2.333.0'
2026-03-31T16:43:14.3426671Z ##[group]Runner Image Provisioner
2026-03-31T16:43:14.3427420Z Hosted Compute Agent
2026-03-31T16:43:14.3428118Z Version: 20260213.493
2026-03-31T16:43:14.3428692Z Commit: 5c115507f6dd24b8de37d8bbe0bb4509d0cc0fa3
2026-03-31T16:43:14.3429412Z Build Date: 2026-02-13T00:28:41Z
2026-03-31T16:43:14.3430142Z Worker ID: {d746fb66-cde0-4820-91da-46de5cd9039c}
2026-03-31T16:43:14.3430808Z Azure Region: centralus
2026-03-31T16:43:14.3431352Z ##[endgroup]
2026-03-31T16:43:14.3433230Z ##[group]Operating System
2026-03-31T16:43:14.3433874Z Ubuntu
2026-03-31T16:43:14.3434315Z 24.04.4
2026-03-31T16:43:14.3434878Z LTS
2026-03-31T16:43:14.3435302Z ##[endgroup]
2026-03-31T16:43:14.3436016Z ##[group]Runner Image
2026-03-31T16:43:14.3436626Z Image: ubuntu-24.04
2026-03-31T16:43:14.3437108Z Version: 20260323.65.1
2026-03-31T16:43:14.3438343Z Included Software: https://github.com/actions/runner-images/blob/ubuntu24/20260323.65/images/ubuntu/Ubuntu2404-Readme.md
2026-03-31T16:43:14.3439750Z Image Release: https://github.com/actions/runner-images/releases/tag/ubuntu24%2F20260323.65
2026-03-31T16:43:14.3440637Z ##[endgroup]
2026-03-31T16:43:14.3441656Z ##[group]GITHUB_TOKEN Permissions
2026-03-31T16:43:14.3443681Z Contents: read
2026-03-31T16:43:14.3444290Z Metadata: read
2026-03-31T16:43:14.3444784Z ##[endgroup]
2026-03-31T16:43:14.3447485Z Secret source: Actions
2026-03-31T16:43:14.3448352Z Prepare workflow directory
2026-03-31T16:43:14.3838670Z Prepare all required actions
2026-03-31T16:43:14.3877997Z Getting action download info
2026-03-31T16:43:15.0429108Z Download action repository 'actions/github-script@ed597411d8f924073f98dfc5c65a23a2325f34cd' (SHA:ed597411d8f924073f98dfc5c65a23a2325f34cd)
2026-03-31T16:43:15.7253617Z Download action repository 'docker/metadata-action@030e881283bb7a6894de51c315a6bfe6a94e05cf' (SHA:030e881283bb7a6894de51c315a6bfe6a94e05cf)
2026-03-31T16:43:16.4758804Z Download action repository 'docker/setup-qemu-action@ce360397dd3f832beb865e1373c09c0e9f86d70a' (SHA:ce360397dd3f832beb865e1373c09c0e9f86d70a)
2026-03-31T16:43:17.1480787Z Download action repository 'crazy-max/ghaction-github-runtime@04d248b84655b509d8c44dc1d6f990c879747487' (SHA:04d248b84655b509d8c44dc1d6f990c879747487)
2026-03-31T16:43:17.6158049Z Download action repository 'docker/setup-buildx-action@4d04d5d9486b7bd6fa91e7baf45bbb4f8b9deedd' (SHA:4d04d5d9486b7bd6fa91e7baf45bbb4f8b9deedd)
2026-03-31T16:43:18.2449617Z Download action repository 'docker/login-action@b45d80f862d83dbcd57f89517bcf500b2ab88fb2' (SHA:b45d80f862d83dbcd57f89517bcf500b2ab88fb2)
2026-03-31T16:43:18.8263375Z Download action repository 'docker/bake-action@82490499d2e5613fcead7e128237ef0b0ea210f7' (SHA:82490499d2e5613fcead7e128237ef0b0ea210f7)
2026-03-31T16:43:19.5817595Z Download action repository 'actions/upload-artifact@bbbca2ddaa5d8feaa63e36b76fdaad77386f024f' (SHA:bbbca2ddaa5d8feaa63e36b76fdaad77386f024f)
2026-03-31T16:43:19.7825053Z Uses: docker/github-builder/.github/workflows/bake.yml@70313223e2665c3211b454b3fea6534624e78d64
2026-03-31T16:43:19.7829460Z ##[group] Inputs
2026-03-31T16:43:19.7829855Z   runner: amd64
2026-03-31T16:43:19.7830494Z   distribute: true
2026-03-31T16:43:19.7830700Z   setup-qemu: false
2026-03-31T16:43:19.7830900Z   artifact-name: buildx
2026-03-31T16:43:19.7831118Z   artifact-upload: true
2026-03-31T16:43:19.7831319Z   cache: true
2026-03-31T16:43:19.7831495Z   cache-scope: bin-image
2026-03-31T16:43:19.7831698Z   cache-mode: min
2026-03-31T16:43:19.7831874Z   context: .
2026-03-31T16:43:19.7832030Z   files: 
2026-03-31T16:43:19.7832190Z   output: local
2026-03-31T16:43:19.7832356Z   push: false
2026-03-31T16:43:19.7832522Z   sbom: true
2026-03-31T16:43:19.7832674Z   set: 
2026-03-31T16:43:19.7832820Z   sign: true
2026-03-31T16:43:19.7832975Z   target: release
2026-03-31T16:43:19.7833139Z   vars: 
2026-03-31T16:43:19.7833305Z   set-meta-annotations: false
2026-03-31T16:43:19.7833526Z   set-meta-labels: false
2026-03-31T16:43:19.7833724Z   meta-images: 
2026-03-31T16:43:19.7834204Z   meta-tags: 
2026-03-31T16:43:19.7834501Z   meta-flavor: 
2026-03-31T16:43:19.7834667Z   meta-labels: 
2026-03-31T16:43:19.7834836Z   meta-annotations: 
2026-03-31T16:43:19.7835019Z   meta-bake-target: 
2026-03-31T16:43:19.7835215Z ##[endgroup]
2026-03-31T16:43:19.7835492Z Complete job name: binaries / build (3, freebsd/arm64, ubuntu-24.04)
2026-03-31T16:43:19.8459345Z ##[group]Run actions/github-script@ed597411d8f924073f98dfc5c65a23a2325f34cd
2026-03-31T16:43:19.8460026Z with:
2026-03-31T16:43:19.8460596Z   script: await exec.exec('npm', [
  'install',
  '--prefer-offline',
  '--ignore-scripts',
  core.getInput('dat-module'),
  core.getInput('handlebars-module')
]);

2026-03-31T16:43:19.8461401Z   github-token: ***
2026-03-31T16:43:19.8461688Z   debug: false
2026-03-31T16:43:19.8461878Z   user-agent: actions/github-script
2026-03-31T16:43:19.8462126Z   result-encoding: json
2026-03-31T16:43:19.8462314Z   retries: 0
2026-03-31T16:43:19.8462521Z   retry-exempt-status-codes: 400,401,403,404,422
2026-03-31T16:43:19.8463002Z env:
2026-03-31T16:43:19.8463188Z   BUILDX_VERSION: v0.32.1
2026-03-31T16:43:19.8463416Z   BUILDKIT_IMAGE: moby/buildkit:v0.28.0
2026-03-31T16:43:19.8463716Z   SBOM_IMAGE: docker/buildkit-syft-scanner:1.10.0
2026-03-31T16:43:19.8464040Z   BINFMT_IMAGE: tonistiigi/binfmt:qemu-v10.2.1-65
2026-03-31T16:43:19.8464420Z   DOCKER_ACTIONS_TOOLKIT_MODULE: @docker/actions-toolkit@0.83.0
2026-03-31T16:43:19.8464746Z   HANDLEBARS_MODULE: handlebars@4.7.8
2026-03-31T16:43:19.8464983Z   COSIGN_VERSION: v3.0.2
2026-03-31T16:43:19.8465196Z   LOCAL_EXPORT_DIR: /tmp/buildx-output
2026-03-31T16:43:19.8465433Z   MATRIX_SIZE_LIMIT: 20
2026-03-31T16:43:19.8465665Z   INPUT_DAT-MODULE: @docker/actions-toolkit@0.83.0
2026-03-31T16:43:19.8466234Z   INPUT_HANDLEBARS-MODULE: handlebars@4.7.8
2026-03-31T16:43:19.8466487Z ##[endgroup]
2026-03-31T16:43:19.9293530Z [command]/usr/local/bin/npm install --prefer-offline --ignore-scripts @docker/actions-toolkit@0.83.0 handlebars@4.7.8
2026-03-31T16:43:30.9296666Z npm warn deprecated glob@10.5.0: Old versions of glob are not supported, and contain widely publicized security vulnerabilities, which have been fixed in the current version. Please update. Support for old versions may be purchased (at exorbitant rates) by contacting i@izs.me
2026-03-31T16:43:32.3063212Z 
2026-03-31T16:43:32.3075670Z added 242 packages in 12s
2026-03-31T16:43:32.3076345Z 
2026-03-31T16:43:32.3076548Z 29 packages are looking for funding
2026-03-31T16:43:32.3076856Z   run `npm fund` for details
2026-03-31T16:43:32.3448078Z ##[group]Run crazy-max/ghaction-github-runtime@04d248b84655b509d8c44dc1d6f990c879747487
2026-03-31T16:43:32.3448534Z with:
2026-03-31T16:43:32.3448835Z   github-token: ***
2026-03-31T16:43:32.3449030Z env:
2026-03-31T16:43:32.3449191Z   BUILDX_VERSION: v0.32.1
2026-03-31T16:43:32.3449423Z   BUILDKIT_IMAGE: moby/buildkit:v0.28.0
2026-03-31T16:43:32.3449726Z   SBOM_IMAGE: docker/buildkit-syft-scanner:1.10.0
2026-03-31T16:43:32.3450038Z   BINFMT_IMAGE: tonistiigi/binfmt:qemu-v10.2.1-65
2026-03-31T16:43:32.3450402Z   DOCKER_ACTIONS_TOOLKIT_MODULE: @docker/actions-toolkit@0.83.0
2026-03-31T16:43:32.3450757Z   HANDLEBARS_MODULE: handlebars@4.7.8
2026-03-31T16:43:32.3451004Z   COSIGN_VERSION: v3.0.2
2026-03-31T16:43:32.3451220Z   LOCAL_EXPORT_DIR: /tmp/buildx-output
2026-03-31T16:43:32.3451469Z   MATRIX_SIZE_LIMIT: 20
2026-03-31T16:43:32.3451659Z ##[endgroup]
2026-03-31T16:43:32.4159949Z ACTIONS_RUNNER_ACTION_ARCHIVE_CACHE=/opt/actionarchivecache
2026-03-31T16:43:32.4166491Z ACTIONS_RUNTIME_URL=https://pipelinesghubeus2.actions.githubusercontent.com/WzFg38Z1binMgG0FXaKEfCohGMuS9SP2f5wETQtMYcq6LTupeE/
2026-03-31T16:43:32.4302283Z ACTIONS_RUNTIME_TOKEN=***
2026-03-31T16:43:32.4303012Z ACTIONS_CACHE_URL=https://acghubeus2.actions.githubusercontent.com/WzFg38Z1binMgG0FXaKEfCohGMuS9SP2f5wETQtMYcq6LTupeE/
2026-03-31T16:43:32.4304413Z ACTIONS_ID_TOKEN_REQUEST_URL=https://run-actions-2-azure-eastus.actions.githubusercontent.com/133//idtoken/1193ce03-d8d3-4af2-befd-82cb8c2e47a5/6a69618c-9119-5ffc-904b-02278d2e135a?api-version=2.0
2026-03-31T16:43:32.4422046Z ACTIONS_ID_TOKEN_REQUEST_TOKEN=***
2026-03-31T16:43:32.4422541Z ACTIONS_RESULTS_URL=https://results-receiver.actions.githubusercontent.com/
2026-03-31T16:43:32.4422986Z ACTIONS_CACHE_SERVICE_V2=True
2026-03-31T16:43:32.4423528Z ACTIONS_ORCHESTRATION_ID=1193ce03-d8d3-4af2-befd-82cb8c2e47a5.binaries.build._3_freebsd_arm64_ubuntu-2
2026-03-31T16:43:32.4529963Z ##[group]Run docker/setup-buildx-action@4d04d5d9486b7bd6fa91e7baf45bbb4f8b9deedd
2026-03-31T16:43:32.4530392Z with:
2026-03-31T16:43:32.4530569Z   version: v0.32.1
2026-03-31T16:43:32.4530787Z   cache-binary: false
2026-03-31T16:43:32.4531018Z   buildkitd-flags: --debug
2026-03-31T16:43:32.4644417Z   driver-opts: image=moby/buildkit:v0.28.0
env.ACTIONS_ID_TOKEN_REQUEST_TOKEN=***
env.ACTIONS_ID_TOKEN_REQUEST_URL=https://run-actions-2-azure-eastus.actions.githubusercontent.com/133//idtoken/1193ce03-d8d3-4af2-befd-82cb8c2e47a5/6a69618c-9119-5ffc-904b-02278d2e135a?api-version=2.0

2026-03-31T16:43:32.4647464Z   buildkitd-config-inline: [cache]
  [cache.gha]
    [cache.gha.sign]
      command = ["ghacache-sign-script.sh"]
    [cache.gha.verify]
      required = true
      [cache.gha.verify.policy]
        timestampThreshold = 1
        tlogThreshold = 1
        subjectAlternativeName = "https://github.com/docker/github-builder/.github/workflows/bake.yml*"
        githubWorkflowRepository = "docker/buildx"
        issuer = "https://token.actions.githubusercontent.com"
        runnerEnvironment = "github-hosted"
        sourceRepositoryURI = "https://github.com/docker/buildx"

2026-03-31T16:43:32.4649441Z   driver: docker-container
2026-03-31T16:43:32.4649650Z   use: true
2026-03-31T16:43:32.4649821Z   keep-state: false
2026-03-31T16:43:32.4650000Z   cleanup: true
2026-03-31T16:43:32.4650170Z env:
2026-03-31T16:43:32.4650328Z   BUILDX_VERSION: v0.32.1
2026-03-31T16:43:32.4650550Z   BUILDKIT_IMAGE: moby/buildkit:v0.28.0
2026-03-31T16:43:32.4650830Z   SBOM_IMAGE: docker/buildkit-syft-scanner:1.10.0
2026-03-31T16:43:32.4651137Z   BINFMT_IMAGE: tonistiigi/binfmt:qemu-v10.2.1-65
2026-03-31T16:43:32.4651487Z   DOCKER_ACTIONS_TOOLKIT_MODULE: @docker/actions-toolkit@0.83.0
2026-03-31T16:43:32.4651816Z   HANDLEBARS_MODULE: handlebars@4.7.8
2026-03-31T16:43:32.4652059Z   COSIGN_VERSION: v3.0.2
2026-03-31T16:43:32.4652272Z   LOCAL_EXPORT_DIR: /tmp/buildx-output
2026-03-31T16:43:32.4652521Z   MATRIX_SIZE_LIMIT: 20
2026-03-31T16:43:32.4652798Z   ACTIONS_RUNNER_ACTION_ARCHIVE_CACHE: /opt/actionarchivecache
2026-03-31T16:43:32.4653486Z   ACTIONS_RUNTIME_URL: https://pipelinesghubeus2.actions.githubusercontent.com/WzFg38Z1binMgG0FXaKEfCohGMuS9SP2f5wETQtMYcq6LTupeE/
2026-03-31T16:43:32.4766190Z   ACTIONS_RUNTIME_TOKEN: ***
2026-03-31T16:43:32.4766731Z   ACTIONS_CACHE_URL: https://acghubeus2.actions.githubusercontent.com/WzFg38Z1binMgG0FXaKEfCohGMuS9SP2f5wETQtMYcq6LTupeE/
2026-03-31T16:43:32.4767878Z   ACTIONS_ID_TOKEN_REQUEST_URL: https://run-actions-2-azure-eastus.actions.githubusercontent.com/133//idtoken/1193ce03-d8d3-4af2-befd-82cb8c2e47a5/6a69618c-9119-5ffc-904b-02278d2e135a?api-version=2.0
2026-03-31T16:43:32.4880889Z   ACTIONS_ID_TOKEN_REQUEST_TOKEN: ***
2026-03-31T16:43:32.4881291Z   ACTIONS_RESULTS_URL: https://results-receiver.actions.githubusercontent.com/
2026-03-31T16:43:32.4881700Z   ACTIONS_CACHE_SERVICE_V2: True
2026-03-31T16:43:32.4882150Z   ACTIONS_ORCHESTRATION_ID: 1193ce03-d8d3-4af2-befd-82cb8c2e47a5.binaries.build._3_freebsd_arm64_ubuntu-2
2026-03-31T16:43:32.4882623Z ##[endgroup]
2026-03-31T16:43:32.6966874Z ##[group]Docker info
2026-03-31T16:43:32.6977242Z [command]/usr/bin/docker version
2026-03-31T16:43:32.7364969Z Client: Docker Engine - Community
2026-03-31T16:43:32.7365332Z  Version:           28.0.4
2026-03-31T16:43:32.7365585Z  API version:       1.48
2026-03-31T16:43:32.7366146Z  Go version:        go1.23.7
2026-03-31T16:43:32.7367857Z  Git commit:        b8034c0
2026-03-31T16:43:32.7368270Z  Built:             Tue Mar 25 15:07:16 2025
2026-03-31T16:43:32.7368656Z  OS/Arch:           linux/amd64
2026-03-31T16:43:32.7369063Z  Context:           default
2026-03-31T16:43:32.7369510Z 
2026-03-31T16:43:32.7369651Z Server: Docker Engine - Community
2026-03-31T16:43:32.7369918Z  Engine:
2026-03-31T16:43:32.7370111Z   Version:          28.0.4
2026-03-31T16:43:32.7370385Z   API version:      1.48 (minimum version 1.24)
2026-03-31T16:43:32.7370699Z   Go version:       go1.23.7
2026-03-31T16:43:32.7371134Z   Git commit:       6430e49
2026-03-31T16:43:32.7371400Z   Built:            Tue Mar 25 15:07:16 2025
2026-03-31T16:43:32.7371677Z   OS/Arch:          linux/amd64
2026-03-31T16:43:32.7371935Z   Experimental:     false
2026-03-31T16:43:32.7372144Z  containerd:
2026-03-31T16:43:32.7372468Z   Version:          v2.2.2
2026-03-31T16:43:32.7372869Z   GitCommit:        301b2dac98f15c27117da5c8af12118a041a31d9
2026-03-31T16:43:32.7373175Z  runc:
2026-03-31T16:43:32.7373353Z   Version:          1.3.4
2026-03-31T16:43:32.7373591Z   GitCommit:        v1.3.4-0-gd6d73eb8
2026-03-31T16:43:32.7373834Z  docker-init:
2026-03-31T16:43:32.7374033Z   Version:          0.19.0
2026-03-31T16:43:32.7374260Z   GitCommit:        de40ad0
2026-03-31T16:43:32.7410713Z [command]/usr/bin/docker info
2026-03-31T16:43:32.8653671Z Client: Docker Engine - Community
2026-03-31T16:43:32.8654169Z  Version:    28.0.4
2026-03-31T16:43:32.8654501Z  Context:    default
2026-03-31T16:43:32.8654808Z  Debug Mode: false
2026-03-31T16:43:32.8655038Z  Plugins:
2026-03-31T16:43:32.8655261Z   buildx: Docker Buildx (Docker Inc.)
2026-03-31T16:43:32.8655535Z     Version:  v0.32.1
2026-03-31T16:43:32.8656126Z     Path:     /usr/libexec/docker/cli-plugins/docker-buildx
2026-03-31T16:43:32.8656498Z   compose: Docker Compose (Docker Inc.)
2026-03-31T16:43:32.8656760Z     Version:  v2.38.2
2026-03-31T16:43:32.8657067Z     Path:     /usr/libexec/docker/cli-plugins/docker-compose
2026-03-31T16:43:32.8657309Z 
2026-03-31T16:43:32.8657388Z Server:
2026-03-31T16:43:32.8657554Z  Containers: 0
2026-03-31T16:43:32.8657740Z   Running: 0
2026-03-31T16:43:32.8657937Z   Paused: 0
2026-03-31T16:43:32.8658112Z   Stopped: 0
2026-03-31T16:43:32.8658289Z  Images: 6
2026-03-31T16:43:32.8658473Z  Server Version: 28.0.4
2026-03-31T16:43:32.8658697Z  Storage Driver: overlay2
2026-03-31T16:43:32.8658935Z   Backing Filesystem: extfs
2026-03-31T16:43:32.8659175Z   Supports d_type: true
2026-03-31T16:43:32.8659392Z   Using metacopy: false
2026-03-31T16:43:32.8659621Z   Native Overlay Diff: false
2026-03-31T16:43:32.8659904Z   userxattr: false
2026-03-31T16:43:32.8660123Z  Logging Driver: json-file
2026-03-31T16:43:32.8660345Z  Cgroup Driver: systemd
2026-03-31T16:43:32.8660553Z  Cgroup Version: 2
2026-03-31T16:43:32.8660768Z  Plugins:
2026-03-31T16:43:32.8660948Z   Volume: local
2026-03-31T16:43:32.8661212Z   Network: bridge host ipvlan macvlan null overlay
2026-03-31T16:43:32.8661659Z   Log: awslogs fluentd gcplogs gelf journald json-file local splunk syslog
2026-03-31T16:43:32.8662019Z  Swarm: inactive
2026-03-31T16:43:32.8662241Z  Runtimes: io.containerd.runc.v2 runc
2026-03-31T16:43:32.8662601Z  Default Runtime: runc
2026-03-31T16:43:32.8662888Z  Init Binary: docker-init
2026-03-31T16:43:32.8663615Z  containerd version: 301b2dac98f15c27117da5c8af12118a041a31d9
2026-03-31T16:43:32.8664220Z  runc version: v1.3.4-0-gd6d73eb8
2026-03-31T16:43:32.8664565Z  init version: de40ad0
2026-03-31T16:43:32.8699574Z  Security Options:
2026-03-31T16:43:32.8699958Z   apparmor
2026-03-31T16:43:32.8700265Z   seccomp
2026-03-31T16:43:32.8700575Z    Profile: builtin
2026-03-31T16:43:32.8700903Z   cgroupns
2026-03-31T16:43:32.8701248Z  Kernel Version: 6.17.0-1008-azure
2026-03-31T16:43:32.8701706Z  Operating System: Ubuntu 24.04.4 LTS
2026-03-31T16:43:32.8702139Z  OSType: linux
2026-03-31T16:43:32.8702467Z  Architecture: x86_64
2026-03-31T16:43:32.8702798Z  CPUs: 4
2026-03-31T16:43:32.8703106Z  Total Memory: 15.62GiB
2026-03-31T16:43:32.8703465Z  Name: runnervmrg6be
2026-03-31T16:43:32.8703853Z  ID: 26c853c4-ebf5-403c-a446-44e39e017c08
2026-03-31T16:43:32.8704338Z  Docker Root Dir: /var/lib/docker
2026-03-31T16:43:32.8704779Z  Debug Mode: false
2026-03-31T16:43:32.8705539Z  Username: githubactions
2026-03-31T16:43:32.8706176Z  Experimental: false
2026-03-31T16:43:32.8706528Z  Insecure Registries:
2026-03-31T16:43:32.8711156Z   ::1/128
2026-03-31T16:43:32.8711473Z   127.0.0.0/8
2026-03-31T16:43:32.8711824Z  Live Restore Enabled: false
2026-03-31T16:43:32.8712089Z 
2026-03-31T16:43:32.8712794Z ##[endgroup]
2026-03-31T16:43:32.9301881Z ##[group]Download buildx from GitHub Releases
2026-03-31T16:43:33.0587137Z Use 0.32.1 version spec cache key for v0.32.1
2026-03-31T16:43:33.0596810Z GitHub Actions cache disabled
2026-03-31T16:43:33.0598172Z Downloading https://github.com/docker/buildx/releases/download/v0.32.1/buildx-v0.32.1.linux-amd64
2026-03-31T16:43:33.8113846Z Copying /home/runner/work/_temp/1a039243-1ee1-40fb-928d-9f45d5575f25 to /home/runner/.docker/buildx/.bin/0.32.1/linux-x64/docker-buildx
2026-03-31T16:43:33.8819117Z Cached to /home/runner/.docker/buildx/.bin/0.32.1/linux-x64/docker-buildx
2026-03-31T16:43:33.8820323Z ##[endgroup]
2026-03-31T16:43:33.8821125Z ##[group]Install buildx
2026-03-31T16:43:33.8821513Z Docker plugin mode
2026-03-31T16:43:33.9658244Z Fixing perms
2026-03-31T16:43:33.9659377Z Plugin path: /home/runner/.docker/cli-plugins/docker-buildx
2026-03-31T16:43:33.9660392Z ##[endgroup]
2026-03-31T16:43:33.9660968Z ##[group]Buildx version
2026-03-31T16:43:33.9694416Z [command]/usr/bin/docker buildx version
2026-03-31T16:43:34.0264851Z github.com/docker/buildx v0.32.1 d3bfb3f4e48a67dda56e957a6636f4fab6c5fcb2
2026-03-31T16:43:34.0292056Z ##[endgroup]
2026-03-31T16:43:34.0429925Z ##[group]Inspecting default docker context
2026-03-31T16:43:34.0564242Z [
2026-03-31T16:43:34.0564575Z   {
2026-03-31T16:43:34.0566526Z     "Name": "default",
2026-03-31T16:43:34.0567814Z     "Metadata": {},
2026-03-31T16:43:34.0568202Z     "Endpoints": {
2026-03-31T16:43:34.0568501Z       "docker": {
2026-03-31T16:43:34.0568724Z         "Host": "unix:///var/run/docker.sock",
2026-03-31T16:43:34.0569004Z         "SkipTLSVerify": false
2026-03-31T16:43:34.0569225Z       }
2026-03-31T16:43:34.0569406Z     },
2026-03-31T16:43:34.0569567Z     "TLSMaterial": {},
2026-03-31T16:43:34.0569757Z     "Storage": {
2026-03-31T16:43:34.0569957Z       "MetadataPath": "<IN MEMORY>",
2026-03-31T16:43:34.0570200Z       "TLSPath": "<IN MEMORY>"
2026-03-31T16:43:34.0570404Z     }
2026-03-31T16:43:34.0570549Z   }
2026-03-31T16:43:34.0570687Z ]
2026-03-31T16:43:34.0571068Z ##[endgroup]
2026-03-31T16:43:34.0571395Z ##[group]Creating a new builder instance
2026-03-31T16:43:34.1919539Z [command]/usr/bin/docker buildx create --name builder-1b09dbd3-519d-4c74-94d6-776770602b78 --driver docker-container --driver-opt image=moby/buildkit:v0.28.0 --driver-opt env.ACTIONS_ID_TOKEN_REQUEST_TOKEN=*** --driver-opt env.ACTIONS_ID_TOKEN_REQUEST_URL=https://run-actions-2-azure-eastus.actions.githubusercontent.com/133//idtoken/1193ce03-d8d3-4af2-befd-82cb8c2e47a5/6a69618c-9119-5ffc-904b-02278d2e135a?api-version=2.0 --buildkitd-flags --debug --use --config /home/runner/work/_temp/docker-actions-toolkit-GiVqhB/tmp-2235-zQ5iWBfVHOxh
2026-03-31T16:43:34.3118811Z builder-1b09dbd3-519d-4c74-94d6-776770602b78
2026-03-31T16:43:34.3138391Z ##[endgroup]
2026-03-31T16:43:34.3138937Z ##[group]Booting builder
2026-03-31T16:43:34.3197011Z [command]/usr/bin/docker buildx inspect --bootstrap --builder builder-1b09dbd3-519d-4c74-94d6-776770602b78
2026-03-31T16:43:34.3745423Z #1 [internal] booting buildkit
2026-03-31T16:43:34.5246794Z #1 pulling image moby/buildkit:v0.28.0
2026-03-31T16:43:38.3818619Z #1 pulling image moby/buildkit:v0.28.0 4.0s done
2026-03-31T16:43:38.5332961Z #1 creating container buildx_buildkit_builder-1b09dbd3-519d-4c74-94d6-776770602b780
2026-03-31T16:43:38.5953540Z #1 creating container buildx_buildkit_builder-1b09dbd3-519d-4c74-94d6-776770602b780 0.2s done
2026-03-31T16:43:38.5957985Z #1 DONE 4.2s
2026-03-31T16:43:38.6289825Z Name:          builder-1b09dbd3-519d-4c74-94d6-776770602b78
2026-03-31T16:43:38.6295392Z Driver:        docker-container
2026-03-31T16:43:38.6298159Z Last Activity: 2026-03-31 16:43:34 +0000 UTC
2026-03-31T16:43:38.6298964Z 
2026-03-31T16:43:38.6299035Z Nodes:
2026-03-31T16:43:38.6299283Z Name:                  builder-1b09dbd3-519d-4c74-94d6-776770602b780
2026-03-31T16:43:38.6299649Z Endpoint:              unix:///var/run/docker.sock
2026-03-31T16:43:38.6557051Z Driver Options:        env.ACTIONS_ID_TOKEN_REQUEST_TOKEN="***" env.ACTIONS_ID_TOKEN_REQUEST_URL="https://run-actions-2-azure-eastus.actions.githubusercontent.com/133//idtoken/1193ce03-d8d3-4af2-befd-82cb8c2e47a5/6a69618c-9119-5ffc-904b-02278d2e135a?api-version=2.0" image="moby/buildkit:v0.28.0"
2026-03-31T16:43:38.6558368Z Status:                running
2026-03-31T16:43:38.6558726Z BuildKit daemon flags: --debug --allow-insecure-entitlement=network.host
2026-03-31T16:43:38.6559100Z BuildKit version:      v0.28.0
2026-03-31T16:43:38.6559415Z Platforms:             linux/amd64, linux/amd64/v2, linux/amd64/v3, linux/386
2026-03-31T16:43:38.6559748Z Labels:
2026-03-31T16:43:38.6559977Z  org.mobyproject.buildkit.worker.executor:         oci
2026-03-31T16:43:38.6560403Z  org.mobyproject.buildkit.worker.hostname:         4f8641520fed
2026-03-31T16:43:38.6560804Z  org.mobyproject.buildkit.worker.network:          host
2026-03-31T16:43:38.6561194Z  org.mobyproject.buildkit.worker.oci.process-mode: sandbox
2026-03-31T16:43:38.6561602Z  org.mobyproject.buildkit.worker.selinux.enabled:  false
2026-03-31T16:43:38.6562303Z  org.mobyproject.buildkit.worker.snapshotter:      overlayfs
2026-03-31T16:43:38.6562854Z GC Policy rule#0:
2026-03-31T16:43:38.6563106Z  All:            false
2026-03-31T16:43:38.6563543Z  Filters:        type==source.local,type==exec.cachemount,type==source.git.checkout
2026-03-31T16:43:38.6564201Z  Keep Duration:  48h0m0s
2026-03-31T16:43:38.6564568Z  Max Used Space: 488.3MiB
2026-03-31T16:43:38.6564906Z GC Policy rule#1:
2026-03-31T16:43:38.6565213Z  All:            false
2026-03-31T16:43:38.6565536Z  Keep Duration:  1440h0m0s
2026-03-31T16:43:38.6566120Z  Reserved Space: 9.313GiB
2026-03-31T16:43:38.6566461Z  Max Used Space: 93.13GiB
2026-03-31T16:43:38.6566799Z  Min Free Space: 27.01GiB
2026-03-31T16:43:38.6567122Z GC Policy rule#2:
2026-03-31T16:43:38.6567404Z  All:            false
2026-03-31T16:43:38.6567717Z  Reserved Space: 9.313GiB
2026-03-31T16:43:38.6568054Z  Max Used Space: 93.13GiB
2026-03-31T16:43:38.6568406Z  Min Free Space: 27.01GiB
2026-03-31T16:43:38.6568742Z GC Policy rule#3:
2026-03-31T16:43:38.6569047Z  All:            true
2026-03-31T16:43:38.6569366Z  Reserved Space: 9.313GiB
2026-03-31T16:43:38.6569713Z  Max Used Space: 93.13GiB
2026-03-31T16:43:38.6570067Z  Min Free Space: 27.01GiB
2026-03-31T16:43:38.6570409Z File#buildkitd.toml:
2026-03-31T16:43:38.6570734Z  > [cache]
2026-03-31T16:43:38.6571052Z  > [cache.gha]
2026-03-31T16:43:38.6571439Z  > [cache.gha.sign]
2026-03-31T16:43:38.6571838Z  > command = ['ghacache-sign-script.sh']
2026-03-31T16:43:38.6572291Z  > 
2026-03-31T16:43:38.6572549Z  > [cache.gha.verify]
2026-03-31T16:43:38.6572864Z  > required = true
2026-03-31T16:43:38.6573138Z  > 
2026-03-31T16:43:38.6573419Z  > [cache.gha.verify.policy]
2026-03-31T16:43:38.6573841Z  > githubWorkflowRepository = 'docker/buildx'
2026-03-31T16:43:38.6574445Z  > issuer = 'https://token.actions.githubusercontent.com'
2026-03-31T16:43:38.6575019Z  > runnerEnvironment = 'github-hosted'
2026-03-31T16:43:38.6575563Z  > sourceRepositoryURI = 'https://github.com/docker/buildx'
2026-03-31T16:43:38.6576676Z  > subjectAlternativeName = 'https://github.com/docker/github-builder/.github/workflows/bake.yml*'
2026-03-31T16:43:38.6577500Z  > timestampThreshold = 1
2026-03-31T16:43:38.6577859Z  > tlogThreshold = 1
2026-03-31T16:43:38.6578157Z  > 
2026-03-31T16:43:38.6578482Z File#provenance.d/github_actions_context.json:
2026-03-31T16:43:38.6650015Z  > {"github_actor":"tonistiigi","github_actor_id":"585223","github_event_name":"push","github_event_payload":{"after":"581c232f81877cf74523166796c08c5162ea2ed3","base_ref":null,"before":"f7897eba028583e0071642db3c011e860444f8cf","commits":[{"author":{"email":"1951866+crazy-max@users.noreply.github.com","name":"CrazyMax","username":"crazy-max"},"committer":{"email":"1951866+crazy-max@users.noreply.github.com","name":"CrazyMax","username":"crazy-max"},"distinct":false,"id":"054b450ee8295cc47ecd47533319856e70336a58","message":"dockerfile: update buildkit to v0.29.0\n\nSigned-off-by: CrazyMax \u003c1951866+crazy-max@users.noreply.github.com\u003e","timestamp":"2026-03-31T18:19:33+02:00","tree_id":"db415e25821171fde09ed8b68d57d6146c825669","url":"https://github.com/docker/buildx/commit/054b450ee8295cc47ecd47533319856e70336a58"},{"author":{"email":"tonistiigi@gmail.com","name":"Tõnis Tiigi","username":"tonistiigi"},"committer":{"email":"noreply@github.com","name":"GitHub","username":"web-flow"},"distinct":true,"id":"581c232f81877cf74523166796c08c5162ea2ed3","message":"Merge pull request #3746 from crazy-max/buildkit-0.29\n\ndockerfile: update buildkit to v0.29.0","timestamp":"2026-03-31T09:42:27-07:00","tree_id":"db415e25821171fde09ed8b68d57d6146c825669","url":"https://github.com/docker/buildx/commit/581c232f81877cf74523166796c08c5162ea2ed3"}],"compare":"https://github.com/docker/buildx/compare/f7897eba0285...581c232f8187","created":false,"deleted":false,"enterprise":{"avatar_url":"https://avatars.githubusercontent.com/b/19176?v=4","created_at":"2022-12-30T23:53:17Z","description":null,"html_url":"https://github.com/enterprises/docker","id":19176,"name":"Docker","node_id":"E_kgDNSug","slug":"docker","updated_at":"2026-03-30T21:15:15Z","website_url":null},"forced":false,"head_commit":{"author":{"email":"tonistiigi@gmail.com","name":"Tõnis Tiigi","username":"tonistiigi"},"committer":{"email":"noreply@github.com","name":"GitHub","username":"web-flow"},"distinct":true,"id":"581c232f81877cf74523166796c08c5162ea2ed3","message":"Merge pull request #3746 from crazy-max/buildkit-0.29\n\ndockerfile: update buildkit to v0.29.0","timestamp":"2026-03-31T09:42:27-07:00","tree_id":"db415e25821171fde09ed8b68d57d6146c825669","url":"https://github.com/docker/buildx/commit/581c232f81877cf74523166796c08c5162ea2ed3"},"organization":{"avatar_url":"https://avatars.githubusercontent.com/u/5429470?v=4","description":"Docker helps developers bring their ideas to life by conquering the complexity of app development.","events_url":"https://api.github.com/orgs/docker/events","hooks_url":"https://api.github.com/orgs/docker/hooks","id":5429470,"issues_url":"https://api.github.com/orgs/docker/issues","login":"docker","members_url":"https://api.github.com/orgs/docker/members{/member}","node_id":"MDEyOk9yZ2FuaXphdGlvbjU0Mjk0NzA=","public_members_url":"https://api.github.com/orgs/docker/public_members{/member}","repos_url":"https://api.github.com/orgs/docker/repos","url":"https://api.github.com/orgs/docker"},"pusher":{"email":"tonistiigi@gmail.com","name":"tonistiigi"},"ref":"refs/heads/master","repository":{"allow_forking":true,"archive_url":"https://api.github.com/repos/docker/buildx/{archive_format}{/ref}","archived":false,"assignees_url":"https://api.github.com/repos/docker/buildx/assignees{/user}","blobs_url":"https://api.github.com/repos/docker/buildx/git/blobs{/sha}","branches_url":"https://api.github.com/repos/docker/buildx/branches{/branch}","clone_url":"https://github.com/docker/buildx.git","collaborators_url":"https://api.github.com/repos/docker/buildx/collaborators{/collaborator}","comments_url":"https://api.github.com/repos/docker/buildx/comments{/number}","commits_url":"https://api.github.com/repos/docker/buildx/commits{/sha}","compare_url":"https://api.github.com/repos/docker/buildx/compare/{base}...{head}","contents_url":"https://api.github.com/repos/docker/buildx/contents/{+path}","contributors_url":"https://api.github.com/repos/docker/buildx/contributors","created_at":1553289607,"custom_properties":{"Tier1":"true"},"default_branch":"master","deployments_url":"https://api.github.com/repos/docker/buildx/deployments","description":"Docker CLI plugin for extended build capabilities with BuildKit","disabled":false,"downloads_url":"https://api.github.com/repos/docker/buildx/downloads","events_url":"https://api.github.com/repos/docker/buildx/events","fork":false,"forks":630,"forks_count":630,"forks_url":"https://api.github.com/repos/docker/buildx/forks","full_name":"docker/buildx","git_commits_url":"https://api.github.com/repos/docker/buildx/git/commits{/sha}","git_refs_url":"https://api.github.com/repos/docker/buildx/git/refs{/sha}","git_tags_url":"https://api.github.com/repos/docker/buildx/git/tags{/sha}","git_url":"git://github.com/docker/buildx.git","has_discussions":true,"has_downloads":true,"has_issues":true,"has_pages":false,"has_projects":false,"has_pull_requests":true,"has_wiki":false,"homepage":"","hooks_url":"https://api.github.com/repos/docker/buildx/hooks","html_url":"https://github.com/docker/buildx","id":177210627,"is_template":false,"issue_comment_url":"https://api.github.com/repos/docker/buildx/issues/comments{/number}","issue_events_url":"https://api.github.com/repos/docker/buildx/issues/events{/number}","issues_url":"https://api.github.com/repos/docker/buildx/issues{/number}","keys_url":"https://api.github.com/repos/docker/buildx/keys{/key_id}","labels_url":"https://api.github.com/repos/docker/buildx/labels{/name}","language":"Go","languages_url":"https://api.github.com/repos/docker/buildx/languages","license":{"key":"apache-2.0","name":"Apache License 2.0","node_id":"MDc6TGljZW5zZTI=","spdx_id":"Apache-2.0","url":"https://api.github.com/licenses/apache-2.0"},"master_branch":"master","merges_url":"https://api.github.com/repos/docker/buildx/merges","milestones_url":"https://api.github.com/repos/docker/buildx/milestones{/number}","mirror_url":null,"name":"buildx","node_id":"MDEwOlJlcG9zaXRvcnkxNzcyMTA2Mjc=","notifications_url":"https://api.github.com/repos/docker/buildx/notifications{?since,all,participating}","open_issues":383,"open_issues_count":383,"organization":"docker","owner":{"avatar_url":"https://avatars.githubusercontent.com/u/5429470?v=4","email":"github@docker.com","events_url":"https://api.github.com/users/docker/events{/privacy}","followers_url":"https://api.github.com/users/docker/followers","following_url":"https://api.github.com/users/docker/following{/other_user}","gists_url":"https://api.github.com/users/docker/gists{/gist_id}","gravatar_id":"","html_url":"https://github.com/docker","id":5429470,"login":"docker","name":"docker","node_id":"MDEyOk9yZ2FuaXphdGlvbjU0Mjk0NzA=","organizations_url":"https://api.github.com/users/docker/orgs","received_events_url":"https://api.github.com/users/docker/received_events","repos_url":"https://api.github.com/users/docker/repos","site_admin":false,"starred_url":"https://api.github.com/users/docker/starred{/owner}{/repo}","subscriptions_url":"https://api.github.com/users/docker/subscriptions","type":"Organization","url":"https://api.github.com/users/docker","user_view_type":"public"},"private":false,"pull_request_creation_policy":"all","pulls_url":"https://api.github.com/repos/docker/buildx/pulls{/number}","pushed_at":1774975348,"releases_url":"https://api.github.com/repos/docker/buildx/releases{/id}","size":57556,"ssh_url":"git@github.com:docker/buildx.git","stargazers":4346,"stargazers_count":4346,"stargazers_url":"https://api.github.com/repos/docker/buildx/stargazers","statuses_url":"https://api.github.com/repos/docker/buildx/statuses/{sha}","subscribers_url":"https://api.github.com/repos/docker/buildx/subscribers","subscription_url":"https://api.github.com/repos/docker/buildx/subscription","svn_url":"https://github.com/docker/buildx","tags_url":"https://api.github.com/repos/docker/buildx/tags","teams_url":"https://api.github.com/repos/docker/buildx/teams","topics":[],"trees_url":"https://api.github.com/repos/docker/buildx/git/trees{/sha}","updated_at":"2026-03-31T14:08:09Z","url":"https://api.github.com/repos/docker/buildx","visibility":"public","watchers":4346,"watchers_count":4346,"web_commit_signoff_required":false},"sender":{"avatar_url":"https://avatars.githubusercontent.com/u/585223?v=4","events_url":"https://api.github.com/users/tonistiigi/events{/privacy}","followers_url":"https://api.github.com/users/tonistiigi/followers","following_url":"https://api.github.com/users/tonistiigi/following{/other_user}","gists_url":"https://api.github.com/users/tonistiigi/gists{/gist_id}","gravatar_id":"","html_url":"https://github.com/tonistiigi","id":585223,"login":"tonistiigi","node_id":"MDQ6VXNlcjU4NTIyMw==","organizations_url":"https://api.github.com/users/tonistiigi/orgs","received_events_url":"https://api.github.com/users/tonistiigi/received_events","repos_url":"https://api.github.com/users/tonistiigi/repos","site_admin":false,"starred_url":"https://api.github.com/users/tonistiigi/starred{/owner}{/repo}","subscriptions_url":"https://api.github.com/users/tonistiigi/subscriptions","type":"User","url":"https://api.github.com/users/tonistiigi","user_view_type":"public"}},"github_job":"build","github_ref":"refs/heads/master","github_ref_name":"master","github_ref_protected":"true","github_ref_type":"branch","github_repository":"docker/buildx","github_repository_id":"177210627","github_repository_owner":"docker","github_repository_owner_id":"5429470","github_run_attempt":"1","github_run_id":"23808803085","github_run_number":"7027","github_runner_arch":"X64","github_runner_environment":"github-hosted","github_runner_image_os":"ubuntu24","github_runner_image_version":"20260323.65.1","github_runner_name":"GitHub Actions 1006642560","github_runner_os":"Linux","github_runner_tracking_id":"github_9fcf1dd2-a04f-4b78-9f63-57bb4f954835","github_server_url":"https://github.com","github_triggering_actor":"tonistiigi","github_workflow":"build","github_workflow_ref":"docker/buildx/.github/workflows/build.yml@refs/heads/master","github_workflow_sha":"581c232f81877cf74523166796c08c5162ea2ed3"}
2026-03-31T16:43:38.6710212Z ##[endgroup]
2026-03-31T16:43:38.7316790Z ##[group]Inspect builder
2026-03-31T16:43:38.7320022Z {
2026-03-31T16:43:38.7320452Z   "nodes": [
2026-03-31T16:43:38.7320866Z     {
2026-03-31T16:43:38.7321459Z       "name": "builder-1b09dbd3-519d-4c74-94d6-776770602b780",
2026-03-31T16:43:38.7322249Z       "endpoint": "unix:///var/run/docker.sock",
2026-03-31T16:43:38.7322899Z       "driver-opts": [
2026-03-31T16:43:38.7510633Z         "env.ACTIONS_ID_TOKEN_REQUEST_TOKEN=***",
2026-03-31T16:43:38.7511640Z         "env.ACTIONS_ID_TOKEN_REQUEST_URL=https://run-actions-2-azure-eastus.actions.githubusercontent.com/133//idtoken/1193ce03-d8d3-4af2-befd-82cb8c2e47a5/6a69618c-9119-5ffc-904b-02278d2e135a?api-version=2.0",
2026-03-31T16:43:38.7512569Z         "image=moby/buildkit:v0.28.0"
2026-03-31T16:43:38.7512800Z       ],
2026-03-31T16:43:38.7512966Z       "status": "running",
2026-03-31T16:43:38.7513297Z       "buildkitd-flags": "--debug --allow-insecure-entitlement=network.host",
2026-03-31T16:43:38.7513666Z       "buildkit": "v0.28.0",
2026-03-31T16:43:38.7513965Z       "platforms": "linux/amd64,linux/amd64/v2,linux/amd64/v3,linux/386",
2026-03-31T16:43:38.7514291Z       "features": {
2026-03-31T16:43:38.7514572Z         "Automatically load images to the Docker Engine image store": true,
2026-03-31T16:43:38.7514913Z         "Cache export": true,
2026-03-31T16:43:38.7515122Z         "Direct push": true,
2026-03-31T16:43:38.7515350Z         "Docker exporter": true,
2026-03-31T16:43:38.7515584Z         "Multi-platform build": true,
2026-03-31T16:43:38.7516097Z         "OCI exporter": true
2026-03-31T16:43:38.7516298Z       },
2026-03-31T16:43:38.7516448Z       "labels": {
2026-03-31T16:43:38.7516691Z         "org.mobyproject.buildkit.worker.executor": "oci",
2026-03-31T16:43:38.7517076Z         "org.mobyproject.buildkit.worker.hostname": "4f8641520fed",
2026-03-31T16:43:38.7517458Z         "org.mobyproject.buildkit.worker.network": "host",
2026-03-31T16:43:38.7517853Z         "org.mobyproject.buildkit.worker.oci.process-mode": "sandbox",
2026-03-31T16:43:38.7518289Z         "org.mobyproject.buildkit.worker.selinux.enabled": "false",
2026-03-31T16:43:38.7518711Z         "org.mobyproject.buildkit.worker.snapshotter": "overlayfs"
2026-03-31T16:43:38.7519019Z       },
2026-03-31T16:43:38.7519178Z       "gcPolicy": [
2026-03-31T16:43:38.7519345Z         {
2026-03-31T16:43:38.7519507Z           "all": false,
2026-03-31T16:43:38.7519941Z           "filter": [
2026-03-31T16:43:38.7520139Z             "type==source.local",
2026-03-31T16:43:38.7520366Z             "type==exec.cachemount",
2026-03-31T16:43:38.7520610Z             "type==source.git.checkout"
2026-03-31T16:43:38.7520837Z           ],
2026-03-31T16:43:38.7521010Z           "keepDuration": "48h0m0s",
2026-03-31T16:43:38.7521380Z           "maxUsedSpace": "488.3MiB"
2026-03-31T16:43:38.7521591Z         },
2026-03-31T16:43:38.7521743Z         {
2026-03-31T16:43:38.7521890Z           "all": false,
2026-03-31T16:43:38.7522088Z           "keepDuration": "1440h0m0s",
2026-03-31T16:43:38.7522319Z           "reservedSpace": "9.313GiB",
2026-03-31T16:43:38.7522556Z           "maxUsedSpace": "93.13GiB",
2026-03-31T16:43:38.7522775Z           "minFreeSpace": "27.01GiB"
2026-03-31T16:43:38.7522982Z         },
2026-03-31T16:43:38.7523122Z         {
2026-03-31T16:43:38.7523275Z           "all": false,
2026-03-31T16:43:38.7523464Z           "reservedSpace": "9.313GiB",
2026-03-31T16:43:38.7523701Z           "maxUsedSpace": "93.13GiB",
2026-03-31T16:43:38.7523926Z           "minFreeSpace": "27.01GiB"
2026-03-31T16:43:38.7524128Z         },
2026-03-31T16:43:38.7524274Z         {
2026-03-31T16:43:38.7524418Z           "all": true,
2026-03-31T16:43:38.7524608Z           "reservedSpace": "9.313GiB",
2026-03-31T16:43:38.7524837Z           "maxUsedSpace": "93.13GiB",
2026-03-31T16:43:38.7525064Z           "minFreeSpace": "27.01GiB"
2026-03-31T16:43:38.7525266Z         }
2026-03-31T16:43:38.7525410Z       ],
2026-03-31T16:43:38.7525553Z       "files": {
2026-03-31T16:43:38.7527577Z         "buildkitd.toml": "[cache]\n[cache.gha]\n[cache.gha.sign]\ncommand = ['ghacache-sign-script.sh']\n\n[cache.gha.verify]\nrequired = true\n\n[cache.gha.verify.policy]\ngithubWorkflowRepository = 'docker/buildx'\nissuer = 'https://token.actions.githubusercontent.com'\nrunnerEnvironment = 'github-hosted'\nsourceRepositoryURI = 'https://github.com/docker/buildx'\nsubjectAlternativeName = 'https://github.com/docker/github-builder/.github/workflows/bake.yml*'\ntimestampThreshold = 1\ntlogThreshold = 1\n"
2026-03-31T16:43:38.7529441Z       }
2026-03-31T16:43:38.7529586Z     }
2026-03-31T16:43:38.7529721Z   ],
2026-03-31T16:43:38.7529932Z   "name": "builder-1b09dbd3-519d-4c74-94d6-776770602b78",
2026-03-31T16:43:38.7530224Z   "driver": "docker-container",
2026-03-31T16:43:38.7530470Z   "lastActivity": "2026-03-31T16:43:34.000Z"
2026-03-31T16:43:38.7530697Z }
2026-03-31T16:43:38.7531123Z ##[endgroup]
2026-03-31T16:43:38.7531433Z ##[group]BuildKit version
2026-03-31T16:43:38.7531686Z builder-1b09dbd3-519d-4c74-94d6-776770602b780: v0.28.0
2026-03-31T16:43:38.7532079Z ##[endgroup]
2026-03-31T16:43:38.7613029Z ##[group]Run actions/github-script@ed597411d8f924073f98dfc5c65a23a2325f34cd
2026-03-31T16:43:38.7613422Z with:
2026-03-31T16:43:38.7618763Z   script: const fs = require('fs');
const os = require('os');
const path = require('path');

const { Buildx } = require('@docker/actions-toolkit/lib/buildx/buildx');
const { Cosign } = require('@docker/actions-toolkit/lib/cosign/cosign');
const { Install } = require('@docker/actions-toolkit/lib/cosign/install');

const inpCosignVersion = core.getInput('cosign-version');
const inpBuilderName = core.getInput('builder-name');
const inpGHACacheSignScript = core.getInput('gha-cache-sign-script');

const cosignInstall = new Install();
const cosignBinPath = await cosignInstall.download({
  version: core.getInput('cosign-version'),
  ghaNoCache: true,
  skipState: true,
  verifySignature: true
});
const cosignPath = await cosignInstall.install(cosignBinPath);

const cosign = new Cosign();
await cosign.printVersion();

const containerName = `${Buildx.containerNamePrefix}${inpBuilderName}0`;

const ghaCacheSignScriptPath = path.join(os.tmpdir(), `ghacache-sign-script.sh`);
core.info(`Writing GitHub Actions cache sign script to ${ghaCacheSignScriptPath}`);
await fs.writeFileSync(ghaCacheSignScriptPath, inpGHACacheSignScript, {mode: 0o700});

core.info(`Copying GitHub Actions cache sign script to BuildKit container ${containerName}`);
await exec.exec('docker', [
  'cp',
  ghaCacheSignScriptPath,
  `${containerName}:/usr/bin/ghacache-sign-script.sh`
]);

core.info(`Copying cosign binary to BuildKit container ${containerName}`);
await exec.exec('docker', [
  'cp',
  cosignPath,
  `${containerName}:/usr/bin/cosign`
]);

2026-03-31T16:43:38.7624311Z   github-token: ***
2026-03-31T16:43:38.7624504Z   debug: false
2026-03-31T16:43:38.7624695Z   user-agent: actions/github-script
2026-03-31T16:43:38.7624942Z   result-encoding: json
2026-03-31T16:43:38.7625131Z   retries: 0
2026-03-31T16:43:38.7625338Z   retry-exempt-status-codes: 400,401,403,404,422
2026-03-31T16:43:38.7625608Z env:
2026-03-31T16:43:38.7626006Z   BUILDX_VERSION: v0.32.1
2026-03-31T16:43:38.7626231Z   BUILDKIT_IMAGE: moby/buildkit:v0.28.0
2026-03-31T16:43:38.7626508Z   SBOM_IMAGE: docker/buildkit-syft-scanner:1.10.0
2026-03-31T16:43:38.7626820Z   BINFMT_IMAGE: tonistiigi/binfmt:qemu-v10.2.1-65
2026-03-31T16:43:38.7627159Z   DOCKER_ACTIONS_TOOLKIT_MODULE: @docker/actions-toolkit@0.83.0
2026-03-31T16:43:38.7627494Z   HANDLEBARS_MODULE: handlebars@4.7.8
2026-03-31T16:43:38.7627729Z   COSIGN_VERSION: v3.0.2
2026-03-31T16:43:38.7627947Z   LOCAL_EXPORT_DIR: /tmp/buildx-output
2026-03-31T16:43:38.7628190Z   MATRIX_SIZE_LIMIT: 20
2026-03-31T16:43:38.7628459Z   ACTIONS_RUNNER_ACTION_ARCHIVE_CACHE: /opt/actionarchivecache
2026-03-31T16:43:38.7629142Z   ACTIONS_RUNTIME_URL: https://pipelinesghubeus2.actions.githubusercontent.com/WzFg38Z1binMgG0FXaKEfCohGMuS9SP2f5wETQtMYcq6LTupeE/
2026-03-31T16:43:38.7742921Z   ACTIONS_RUNTIME_TOKEN: ***
2026-03-31T16:43:38.7743492Z   ACTIONS_CACHE_URL: https://acghubeus2.actions.githubusercontent.com/WzFg38Z1binMgG0FXaKEfCohGMuS9SP2f5wETQtMYcq6LTupeE/
2026-03-31T16:43:38.7744646Z   ACTIONS_ID_TOKEN_REQUEST_URL: https://run-actions-2-azure-eastus.actions.githubusercontent.com/133//idtoken/1193ce03-d8d3-4af2-befd-82cb8c2e47a5/6a69618c-9119-5ffc-904b-02278d2e135a?api-version=2.0
2026-03-31T16:43:38.7858553Z   ACTIONS_ID_TOKEN_REQUEST_TOKEN: ***
2026-03-31T16:43:38.7858967Z   ACTIONS_RESULTS_URL: https://results-receiver.actions.githubusercontent.com/
2026-03-31T16:43:38.7859366Z   ACTIONS_CACHE_SERVICE_V2: True
2026-03-31T16:43:38.7859828Z   ACTIONS_ORCHESTRATION_ID: 1193ce03-d8d3-4af2-befd-82cb8c2e47a5.binaries.build._3_freebsd_arm64_ubuntu-2
2026-03-31T16:43:38.7860311Z   INPUT_COSIGN-VERSION: v3.0.2
2026-03-31T16:43:38.7860613Z   INPUT_BUILDER-NAME: builder-1b09dbd3-519d-4c74-94d6-776770602b78
2026-03-31T16:43:38.7862288Z   INPUT_GHA-CACHE-SIGN-SCRIPT: #!/bin/sh
set -e

# Create temporary files
out_file=$(mktemp)
in_file=$(mktemp)
trap 'rm -f "$in_file" "$out_file"' EXIT
cat > "$in_file"

set -x

# Sign with cosign
cosign sign-blob \
  --yes \
  --oidc-provider github-actions \
  --new-bundle-format \
  --use-signing-config \
  --bundle "$out_file" \
  --tlog-upload=false \
  "$in_file"

# Output bundle to stdout
cat "$out_file"

2026-03-31T16:43:38.7863660Z ##[endgroup]
2026-03-31T16:43:39.3104592Z Use 3.0.2 version spec cache key for v3.0.2
2026-03-31T16:43:39.3117270Z GitHub Actions cache disabled
2026-03-31T16:43:39.3119075Z Downloading https://github.com/sigstore/cosign/releases/download/v3.0.2/cosign-linux-amd64
2026-03-31T16:43:40.2502784Z Downloading keyless verification bundle at https://github.com/sigstore/cosign/releases/download/v3.0.2/cosign-linux-amd64.sigstore.json
2026-03-31T16:43:40.4926385Z Verifying keyless verification bundle signature
2026-03-31T16:43:40.4939181Z Fetching Sigstore TUF trusted root metadata
2026-03-31T16:43:40.7251234Z Verifying artifact signature
2026-03-31T16:43:40.9215052Z Cosign binary signature verified! https://search.sigstore.dev?logIndex=599900946
2026-03-31T16:43:40.9216722Z Copying /home/runner/work/_temp/f7803d03-4eae-47f3-b7a0-f9069d9106b6 to /home/runner/.bin/3.0.2/linux-x64/cosign
2026-03-31T16:43:41.0415883Z Cached to /home/runner/.bin/3.0.2/linux-x64/cosign
2026-03-31T16:43:41.2211700Z Fixing perms
2026-03-31T16:43:41.2215646Z Added Cosign to PATH
2026-03-31T16:43:41.2216846Z Binary path: /home/runner/work/_temp/docker-actions-toolkit-Li1mfj/cosign-bin/cosign
2026-03-31T16:43:41.2246470Z [command]/home/runner/work/_temp/docker-actions-toolkit-Li1mfj/cosign-bin/cosign version --json
2026-03-31T16:43:41.2506136Z {
2026-03-31T16:43:41.2506597Z   "gitVersion": "v3.0.2",
2026-03-31T16:43:41.2507250Z   "gitCommit": "84449696f0658a5ef5f2abba87fdd3f8b17ca1be",
2026-03-31T16:43:41.2507712Z   "gitTreeState": "clean",
2026-03-31T16:43:41.2508002Z   "buildDate": "2025-10-10T18:17:56Z",
2026-03-31T16:43:41.2508299Z   "goVersion": "go1.25.1",
2026-03-31T16:43:41.2508559Z   "compiler": "gc",
2026-03-31T16:43:41.2508791Z   "platform": "linux/amd64"
2026-03-31T16:43:41.2509071Z }
2026-03-31T16:43:41.2518590Z Writing GitHub Actions cache sign script to /tmp/ghacache-sign-script.sh
2026-03-31T16:43:41.2520568Z Copying GitHub Actions cache sign script to BuildKit container buildx_buildkit_builder-1b09dbd3-519d-4c74-94d6-776770602b780
2026-03-31T16:43:41.2546349Z [command]/usr/bin/docker cp /tmp/ghacache-sign-script.sh buildx_buildkit_builder-1b09dbd3-519d-4c74-94d6-776770602b780:/usr/bin/ghacache-sign-script.sh
2026-03-31T16:43:41.5207805Z Copying cosign binary to BuildKit container buildx_buildkit_builder-1b09dbd3-519d-4c74-94d6-776770602b780
2026-03-31T16:43:41.5220976Z [command]/usr/bin/docker cp /home/runner/work/_temp/docker-actions-toolkit-Li1mfj/cosign-bin/cosign buildx_buildkit_builder-1b09dbd3-519d-4c74-94d6-776770602b780:/usr/bin/cosign
2026-03-31T16:43:41.6868440Z ##[group]Run actions/github-script@ed597411d8f924073f98dfc5c65a23a2325f34cd
2026-03-31T16:43:41.6868847Z with:
2026-03-31T16:43:41.6885465Z   script: const os = require('os');
const Handlebars = require('handlebars');
const { Build } = require('@docker/actions-toolkit/lib/buildx/build');
const { GitHub } = require('@docker/actions-toolkit/lib/github/github');
const { Util } = require('@docker/actions-toolkit/lib/util');

const inpPlatform = core.getInput('platform');
const platformPairSuffix = inpPlatform ? `-${inpPlatform.replace(/\//g, '-')}` : '';
core.setOutput('platform-pair-suffix', platformPairSuffix);

const inpSbomImage = core.getInput('sbom-image');
const inpLocalExportDir = core.getInput('local-export-dir');

const inpCache = core.getBooleanInput('cache');
const inpCacheScope = core.getInput('cache-scope');
const inpCacheMode = core.getInput('cache-mode');
const inpContext = core.getInput('context');
const inpFiles = Util.getInputList('files');
const inpOutput = core.getInput('output');
const inpPush = core.getBooleanInput('push');
const inpSbom = core.getBooleanInput('sbom');
const inpSet = Util.getInputList('set', {ignoreComma: true, quote: false});
const inpTarget = core.getInput('target');
const inpVars = Util.getInputList('vars');
const inpMetaImages = core.getMultilineInput('meta-images');
const inpMetaVersion = core.getInput('meta-version');
const inpMetaTags = core.getMultilineInput('meta-tags');
const inpSetMetaAnnotations = core.getBooleanInput('set-meta-annotations');
const inpSetMetaLabels = core.getBooleanInput('set-meta-labels');
const inpBakeFileTags = core.getInput('bake-file-tags');
const inpBakeFileAnnotations = core.getInput('bake-file-annotations');
const inpBakeFileLabels = core.getInput('bake-file-labels');
const inpGitHubToken = core.getInput('github-token');

const meta = {
  version: inpMetaVersion,
  tags: inpMetaTags
};
const renderTemplate = value => Handlebars.compile(value, {noEscape: true})({meta});

const bakeSource = `${process.env.GITHUB_SERVER_URL}/${process.env.GITHUB_REPOSITORY}.git#${process.env.GITHUB_REF}:${inpContext}`;
await core.group(`Set source output`, async () => {
  core.info(bakeSource);
  core.setOutput('source', bakeSource);
});

await core.group(`Set target output`, async () => {
  core.info(inpTarget);
  core.setOutput('target', inpTarget);
});

const sbom = inpSbom ? `generator=${inpSbomImage}` : 'false';
await core.group(`Set sbom`, async () => {
  core.info(sbom);
  core.setOutput('sbom', sbom);
});

const envs = Object.assign({},
  inpVars ? inpVars.reduce((acc, curr) => {
    const idx = curr.indexOf('=');
    if (idx !== -1) {
      acc[curr.substring(0, idx)] = curr.substring(idx + 1);
    }
    return acc;
  }, {}) : {},
  {
    BUILDKIT_MULTI_PLATFORM: '1',
    BUILDX_BAKE_GIT_AUTH_TOKEN: inpGitHubToken
  }
);
await core.group(`Set envs`, async () => {
  core.info(JSON.stringify(envs, null, 2));
  core.setOutput('envs', JSON.stringify(envs));
});

let bakeFiles = inpFiles;
await core.group(`Set bake files`, async () => {
  if (bakeFiles.length === 0) {
    bakeFiles = ['docker-bake.hcl'];
  }
  if (inpBakeFileTags) {
    bakeFiles.push(`cwd://${inpBakeFileTags}`);
  }
  if (inpSetMetaAnnotations && inpBakeFileAnnotations) {
    bakeFiles.push(`cwd://${inpBakeFileAnnotations}`);
  }
  if (inpSetMetaLabels && inpBakeFileLabels) {
    bakeFiles.push(`cwd://${inpBakeFileLabels}`);
  }
  core.info(JSON.stringify(bakeFiles, null, 2));
  core.setOutput('files', bakeFiles.join(os.EOL));
});

let outputOverride = '';
switch (inpOutput) {
  case 'image':
    if (inpMetaImages.length == 0) {
      core.setFailed('meta-images is required when output is image');
      return;
    }
    outputOverride = `*.output=type=image,"name=${inpMetaImages.join(',')}",oci-artifact=true,push-by-digest=true,name-canonical=true,push=${inpPush}`;
    break;
  case 'local':
    outputOverride = `*.output=type=local,platform-split=true,dest=${inpLocalExportDir}`;
    break;
  default:
    core.setFailed(`Invalid output: ${inpOutput}`);
    return;
}

let bakeOverrides = [];
try {
  bakeOverrides = inpSet.map(override => renderTemplate(override));
} catch (err) {
  core.setFailed(`Failed to render Handlebars template: ${err.message}`);
  return;
}
await core.group(`Set bake overrides`, async () => {
  bakeOverrides.push(outputOverride);
  bakeOverrides.push('*.tags=');
  if (GitHub.context.payload.repository?.private ?? false) {
    // if this is a private repository, we set min provenance mode
    bakeOverrides.push(`*.attest=type=provenance,${Build.resolveProvenanceAttrs('mode=min,version=v1')}`);
  } else {
    // for a public repository, we set max provenance mode
    bakeOverrides.push(`*.attest=type=provenance,${Build.resolveProvenanceAttrs('mode=max,version=v1')}`);
  }
  if (inpPlatform) {
    bakeOverrides.push(`*.platform=${inpPlatform}`);
  }
  if (inpCache) {
    bakeOverrides.push(`*.cache-from=type=gha,scope=${inpCacheScope || inpTarget}${platformPairSuffix}`);
    bakeOverrides.push(`*.cache-to=type=gha,ignore-error=true,scope=${inpCacheScope || inpTarget}${platformPairSuffix},mode=${inpCacheMode}`);
  }
  core.info(JSON.stringify(bakeOverrides, null, 2));
  core.setOutput('overrides', bakeOverrides.join(os.EOL));
});

2026-03-31T16:43:41.6902382Z   github-token: ***
2026-03-31T16:43:41.6902570Z   debug: false
2026-03-31T16:43:41.6902765Z   user-agent: actions/github-script
2026-03-31T16:43:41.6903010Z   result-encoding: json
2026-03-31T16:43:41.6903197Z   retries: 0
2026-03-31T16:43:41.6903399Z   retry-exempt-status-codes: 400,401,403,404,422
2026-03-31T16:43:41.6903654Z env:
2026-03-31T16:43:41.6903822Z   BUILDX_VERSION: v0.32.1
2026-03-31T16:43:41.6904036Z   BUILDKIT_IMAGE: moby/buildkit:v0.28.0
2026-03-31T16:43:41.6904317Z   SBOM_IMAGE: docker/buildkit-syft-scanner:1.10.0
2026-03-31T16:43:41.6904616Z   BINFMT_IMAGE: tonistiigi/binfmt:qemu-v10.2.1-65
2026-03-31T16:43:41.6904955Z   DOCKER_ACTIONS_TOOLKIT_MODULE: @docker/actions-toolkit@0.83.0
2026-03-31T16:43:41.6905286Z   HANDLEBARS_MODULE: handlebars@4.7.8
2026-03-31T16:43:41.6905546Z   COSIGN_VERSION: v3.0.2
2026-03-31T16:43:41.6905885Z   LOCAL_EXPORT_DIR: /tmp/buildx-output
2026-03-31T16:43:41.6906122Z   MATRIX_SIZE_LIMIT: 20
2026-03-31T16:43:41.6906393Z   ACTIONS_RUNNER_ACTION_ARCHIVE_CACHE: /opt/actionarchivecache
2026-03-31T16:43:41.6907070Z   ACTIONS_RUNTIME_URL: https://pipelinesghubeus2.actions.githubusercontent.com/WzFg38Z1binMgG0FXaKEfCohGMuS9SP2f5wETQtMYcq6LTupeE/
2026-03-31T16:43:41.7020133Z   ACTIONS_RUNTIME_TOKEN: ***
2026-03-31T16:43:41.7020684Z   ACTIONS_CACHE_URL: https://acghubeus2.actions.githubusercontent.com/WzFg38Z1binMgG0FXaKEfCohGMuS9SP2f5wETQtMYcq6LTupeE/
2026-03-31T16:43:41.7021987Z   ACTIONS_ID_TOKEN_REQUEST_URL: https://run-actions-2-azure-eastus.actions.githubusercontent.com/133//idtoken/1193ce03-d8d3-4af2-befd-82cb8c2e47a5/6a69618c-9119-5ffc-904b-02278d2e135a?api-version=2.0
2026-03-31T16:43:41.7136215Z   ACTIONS_ID_TOKEN_REQUEST_TOKEN: ***
2026-03-31T16:43:41.7136616Z   ACTIONS_RESULTS_URL: https://results-receiver.actions.githubusercontent.com/
2026-03-31T16:43:41.7137019Z   ACTIONS_CACHE_SERVICE_V2: True
2026-03-31T16:43:41.7137465Z   ACTIONS_ORCHESTRATION_ID: 1193ce03-d8d3-4af2-befd-82cb8c2e47a5.binaries.build._3_freebsd_arm64_ubuntu-2
2026-03-31T16:43:41.7137941Z   INPUT_PLATFORM: freebsd/arm64
2026-03-31T16:43:41.7138217Z   INPUT_SBOM-IMAGE: docker/buildkit-syft-scanner:1.10.0
2026-03-31T16:43:41.7138530Z   INPUT_LOCAL-EXPORT-DIR: /tmp/buildx-output
2026-03-31T16:43:41.7138784Z   INPUT_CACHE: true
2026-03-31T16:43:41.7138977Z   INPUT_CACHE-SCOPE: bin-image
2026-03-31T16:43:41.7139186Z   INPUT_CACHE-MODE: min
2026-03-31T16:43:41.7139380Z   INPUT_CONTEXT: .
2026-03-31T16:43:41.7139549Z   INPUT_FILES: 
2026-03-31T16:43:41.7139722Z   INPUT_OUTPUT: local
2026-03-31T16:43:41.7139901Z   INPUT_PUSH: false
2026-03-31T16:43:41.7140075Z   INPUT_SBOM: true
2026-03-31T16:43:41.7140235Z   INPUT_SET: 
2026-03-31T16:43:41.7140401Z   INPUT_TARGET: release
2026-03-31T16:43:41.7140576Z   INPUT_VARS: 
2026-03-31T16:43:41.7140746Z   INPUT_META-IMAGES: 
2026-03-31T16:43:41.7141080Z   INPUT_META-VERSION: 
2026-03-31T16:43:41.7141278Z   INPUT_META-TAGS: 
2026-03-31T16:43:41.7141479Z   INPUT_SET-META-ANNOTATIONS: false
2026-03-31T16:43:41.7141716Z   INPUT_SET-META-LABELS: false
2026-03-31T16:43:41.7141937Z   INPUT_BAKE-FILE-TAGS: 
2026-03-31T16:43:41.7142143Z   INPUT_BAKE-FILE-ANNOTATIONS: 
2026-03-31T16:43:41.7142367Z   INPUT_BAKE-FILE-LABELS: 
2026-03-31T16:43:41.7142675Z   INPUT_GITHUB-TOKEN: ***
2026-03-31T16:43:41.7142869Z ##[endgroup]
2026-03-31T16:43:42.0442363Z ##[group]Set source output
2026-03-31T16:43:42.0443285Z https://github.com/docker/buildx.git#refs/heads/master:.
2026-03-31T16:43:42.0445968Z ##[endgroup]
2026-03-31T16:43:42.0446695Z ##[group]Set target output
2026-03-31T16:43:42.0447040Z release
2026-03-31T16:43:42.0447734Z ##[endgroup]
2026-03-31T16:43:42.0449059Z ##[group]Set sbom
2026-03-31T16:43:42.0449498Z generator=docker/buildkit-syft-scanner:1.10.0
2026-03-31T16:43:42.0451564Z ##[endgroup]
2026-03-31T16:43:42.0452169Z ##[group]Set envs
2026-03-31T16:43:42.0452473Z {
2026-03-31T16:43:42.0452774Z   "BUILDKIT_MULTI_PLATFORM": "1",
2026-03-31T16:43:42.0453580Z   "BUILDX_BAKE_GIT_AUTH_TOKEN": "***"
2026-03-31T16:43:42.0454005Z }
2026-03-31T16:43:42.0454377Z ##[endgroup]
2026-03-31T16:43:42.0454864Z ##[group]Set bake files
2026-03-31T16:43:42.0455147Z [
2026-03-31T16:43:42.0455364Z   "docker-bake.hcl"
2026-03-31T16:43:42.0455620Z ]
2026-03-31T16:43:42.0456294Z ##[endgroup]
2026-03-31T16:43:42.0456849Z ##[group]Set bake overrides
2026-03-31T16:43:42.0479333Z [
2026-03-31T16:43:42.0479729Z   "*.output=type=local,platform-split=true,dest=/tmp/buildx-output",
2026-03-31T16:43:42.0480210Z   "*.tags=",
2026-03-31T16:43:42.0480711Z   "*.attest=type=provenance,mode=max,version=v1,builder-id=https://github.com/docker/buildx/actions/runs/23808803085/attempts/1",
2026-03-31T16:43:42.0481270Z   "*.platform=freebsd/arm64",
2026-03-31T16:43:42.0481661Z   "*.cache-from=type=gha,scope=bin-image-freebsd-arm64",
2026-03-31T16:43:42.0482409Z   "*.cache-to=type=gha,ignore-error=true,scope=bin-image-freebsd-arm64,mode=min"
2026-03-31T16:43:42.0483033Z ]
2026-03-31T16:43:42.0483539Z ##[endgroup]
2026-03-31T16:43:42.0775654Z ##[group]Run docker/bake-action@82490499d2e5613fcead7e128237ef0b0ea210f7
2026-03-31T16:43:42.0776242Z with:
2026-03-31T16:43:42.0776524Z   source: https://github.com/docker/buildx.git#refs/heads/master:.
2026-03-31T16:43:42.0776860Z   files: docker-bake.hcl
2026-03-31T16:43:42.0777065Z   targets: release
2026-03-31T16:43:42.0777296Z   sbom: generator=docker/buildkit-syft-scanner:1.10.0
2026-03-31T16:43:42.0778701Z   set: *.output=type=local,platform-split=true,dest=/tmp/buildx-output
*.tags=
*.attest=type=provenance,mode=max,version=v1,builder-id=https://github.com/docker/buildx/actions/runs/23808803085/attempts/1
*.platform=freebsd/arm64
*.cache-from=type=gha,scope=bin-image-freebsd-arm64
*.cache-to=type=gha,ignore-error=true,scope=bin-image-freebsd-arm64,mode=min
2026-03-31T16:43:42.0780242Z   no-cache: false
2026-03-31T16:43:42.0780421Z   pull: false
2026-03-31T16:43:42.0780580Z   load: false
2026-03-31T16:43:42.0780743Z   push: false
2026-03-31T16:43:42.0781065Z   github-token: ***
2026-03-31T16:43:42.0781250Z env:
2026-03-31T16:43:42.0781420Z   BUILDX_VERSION: v0.32.1
2026-03-31T16:43:42.0781638Z   BUILDKIT_IMAGE: moby/buildkit:v0.28.0
2026-03-31T16:43:42.0781925Z   SBOM_IMAGE: docker/buildkit-syft-scanner:1.10.0
2026-03-31T16:43:42.0782235Z   BINFMT_IMAGE: tonistiigi/binfmt:qemu-v10.2.1-65
2026-03-31T16:43:42.0782575Z   DOCKER_ACTIONS_TOOLKIT_MODULE: @docker/actions-toolkit@0.83.0
2026-03-31T16:43:42.0782908Z   HANDLEBARS_MODULE: handlebars@4.7.8
2026-03-31T16:43:42.0783151Z   COSIGN_VERSION: v3.0.2
2026-03-31T16:43:42.0783371Z   LOCAL_EXPORT_DIR: /tmp/buildx-output
2026-03-31T16:43:42.0783606Z   MATRIX_SIZE_LIMIT: 20
2026-03-31T16:43:42.0783883Z   ACTIONS_RUNNER_ACTION_ARCHIVE_CACHE: /opt/actionarchivecache
2026-03-31T16:43:42.0784565Z   ACTIONS_RUNTIME_URL: https://pipelinesghubeus2.actions.githubusercontent.com/WzFg38Z1binMgG0FXaKEfCohGMuS9SP2f5wETQtMYcq6LTupeE/
2026-03-31T16:43:42.0899442Z   ACTIONS_RUNTIME_TOKEN: ***
2026-03-31T16:43:42.0900041Z   ACTIONS_CACHE_URL: https://acghubeus2.actions.githubusercontent.com/WzFg38Z1binMgG0FXaKEfCohGMuS9SP2f5wETQtMYcq6LTupeE/
2026-03-31T16:43:42.0901215Z   ACTIONS_ID_TOKEN_REQUEST_URL: https://run-actions-2-azure-eastus.actions.githubusercontent.com/133//idtoken/1193ce03-d8d3-4af2-befd-82cb8c2e47a5/6a69618c-9119-5ffc-904b-02278d2e135a?api-version=2.0
2026-03-31T16:43:42.1014146Z   ACTIONS_ID_TOKEN_REQUEST_TOKEN: ***
2026-03-31T16:43:42.1014555Z   ACTIONS_RESULTS_URL: https://results-receiver.actions.githubusercontent.com/
2026-03-31T16:43:42.1014968Z   ACTIONS_CACHE_SERVICE_V2: True
2026-03-31T16:43:42.1015434Z   ACTIONS_ORCHESTRATION_ID: 1193ce03-d8d3-4af2-befd-82cb8c2e47a5.binaries.build._3_freebsd_arm64_ubuntu-2
2026-03-31T16:43:42.1016008Z   BUILDKIT_MULTI_PLATFORM: 1
2026-03-31T16:43:42.1016357Z   BUILDX_BAKE_GIT_AUTH_TOKEN: ***
2026-03-31T16:43:42.1016588Z ##[endgroup]
2026-03-31T16:43:42.3539973Z ##[group]GitHub Actions runtime token ACs
2026-03-31T16:43:42.3550446Z refs/heads/master: read/write
2026-03-31T16:43:42.3551711Z ##[endgroup]
2026-03-31T16:43:42.3552349Z ##[group]Docker info
2026-03-31T16:43:42.3593695Z [command]/usr/bin/docker version
2026-03-31T16:43:42.3794847Z Client: Docker Engine - Community
2026-03-31T16:43:42.3797441Z  Version:           28.0.4
2026-03-31T16:43:42.3797736Z  API version:       1.48
2026-03-31T16:43:42.3797965Z  Go version:        go1.23.7
2026-03-31T16:43:42.3798174Z  Git commit:        b8034c0
2026-03-31T16:43:42.3798399Z  Built:             Tue Mar 25 15:07:16 2025
2026-03-31T16:43:42.3798673Z  OS/Arch:           linux/amd64
2026-03-31T16:43:42.3798886Z  Context:           default
2026-03-31T16:43:42.3799013Z 
2026-03-31T16:43:42.3799102Z Server: Docker Engine - Community
2026-03-31T16:43:42.3799326Z  Engine:
2026-03-31T16:43:42.3799490Z   Version:          28.0.4
2026-03-31T16:43:42.3799713Z   API version:      1.48 (minimum version 1.24)
2026-03-31T16:43:42.3799990Z   Go version:       go1.23.7
2026-03-31T16:43:42.3800196Z   Git commit:       6430e49
2026-03-31T16:43:42.3800877Z   Built:            Tue Mar 25 15:07:16 2025
2026-03-31T16:43:42.3801142Z   OS/Arch:          linux/amd64
2026-03-31T16:43:42.3801364Z   Experimental:     false
2026-03-31T16:43:42.3801559Z  containerd:
2026-03-31T16:43:42.3801726Z   Version:          v2.2.2
2026-03-31T16:43:42.3801984Z   GitCommit:        301b2dac98f15c27117da5c8af12118a041a31d9
2026-03-31T16:43:42.3802486Z  runc:
2026-03-31T16:43:42.3802846Z   Version:          1.3.4
2026-03-31T16:43:42.3803268Z   GitCommit:        v1.3.4-0-gd6d73eb8
2026-03-31T16:43:42.3803917Z  docker-init:
2026-03-31T16:43:42.3804288Z   Version:          0.19.0
2026-03-31T16:43:42.3804769Z   GitCommit:        de40ad0
2026-03-31T16:43:42.3840524Z [command]/usr/bin/docker info
2026-03-31T16:43:42.4403317Z Client: Docker Engine - Community
2026-03-31T16:43:42.4405456Z  Version:    28.0.4
2026-03-31T16:43:42.4406209Z  Context:    default
2026-03-31T16:43:42.4406562Z  Debug Mode: false
2026-03-31T16:43:42.4406878Z  Plugins:
2026-03-31T16:43:42.4407200Z   buildx: Docker Buildx (Docker Inc.)
2026-03-31T16:43:42.4407659Z     Version:  v0.32.1
2026-03-31T16:43:42.4408103Z     Path:     /home/runner/.docker/cli-plugins/docker-buildx
2026-03-31T16:43:42.4408645Z   compose: Docker Compose (Docker Inc.)
2026-03-31T16:43:42.4409059Z     Version:  v2.38.2
2026-03-31T16:43:42.4409480Z     Path:     /usr/libexec/docker/cli-plugins/docker-compose
2026-03-31T16:43:42.4409920Z 
2026-03-31T16:43:42.4410029Z Server:
2026-03-31T16:43:42.4410293Z  Containers: 1
2026-03-31T16:43:42.4410590Z   Running: 1
2026-03-31T16:43:42.4410817Z   Paused: 0
2026-03-31T16:43:42.4410980Z   Stopped: 0
2026-03-31T16:43:42.4411147Z  Images: 7
2026-03-31T16:43:42.4411306Z  Server Version: 28.0.4
2026-03-31T16:43:42.4411512Z  Storage Driver: overlay2
2026-03-31T16:43:42.4411741Z   Backing Filesystem: extfs
2026-03-31T16:43:42.4412063Z   Supports d_type: true
2026-03-31T16:43:42.4412408Z   Using metacopy: false
2026-03-31T16:43:42.4412777Z   Native Overlay Diff: false
2026-03-31T16:43:42.4413140Z   userxattr: false
2026-03-31T16:43:42.4413481Z  Logging Driver: json-file
2026-03-31T16:43:42.4413863Z  Cgroup Driver: systemd
2026-03-31T16:43:42.4414224Z  Cgroup Version: 2
2026-03-31T16:43:42.4414556Z  Plugins:
2026-03-31T16:43:42.4414848Z   Volume: local
2026-03-31T16:43:42.4415253Z   Network: bridge host ipvlan macvlan null overlay
2026-03-31T16:43:42.4416380Z   Log: awslogs fluentd gcplogs gelf journald json-file local splunk syslog
2026-03-31T16:43:42.4417014Z  Swarm: inactive
2026-03-31T16:43:42.4417417Z  Runtimes: io.containerd.runc.v2 runc
2026-03-31T16:43:42.4417858Z  Default Runtime: runc
2026-03-31T16:43:42.4418198Z  Init Binary: docker-init
2026-03-31T16:43:42.4418679Z  containerd version: 301b2dac98f15c27117da5c8af12118a041a31d9
2026-03-31T16:43:42.4419198Z  runc version: v1.3.4-0-gd6d73eb8
2026-03-31T16:43:42.4419561Z  init version: de40ad0
2026-03-31T16:43:42.4419868Z  Security Options:
2026-03-31T16:43:42.4420162Z   apparmor
2026-03-31T16:43:42.4420432Z   seccomp
2026-03-31T16:43:42.4420698Z    Profile: builtin
2026-03-31T16:43:42.4421019Z   cgroupns
2026-03-31T16:43:42.4421305Z  Kernel Version: 6.17.0-1008-azure
2026-03-31T16:43:42.4421725Z  Operating System: Ubuntu 24.04.4 LTS
2026-03-31T16:43:42.4422148Z  OSType: linux
2026-03-31T16:43:42.4422468Z  Architecture: x86_64
2026-03-31T16:43:42.4422807Z  CPUs: 4
2026-03-31T16:43:42.4423097Z  Total Memory: 15.62GiB
2026-03-31T16:43:42.4423453Z  Name: runnervmrg6be
2026-03-31T16:43:42.4423818Z  ID: 26c853c4-ebf5-403c-a446-44e39e017c08
2026-03-31T16:43:42.4424301Z  Docker Root Dir: /var/lib/docker
2026-03-31T16:43:42.4424711Z  Debug Mode: false
2026-03-31T16:43:42.4425041Z  Username: githubactions
2026-03-31T16:43:42.4425395Z  Experimental: false
2026-03-31T16:43:42.4426007Z  Insecure Registries:
2026-03-31T16:43:42.4426382Z   ::1/128
2026-03-31T16:43:42.4426636Z   127.0.0.0/8
2026-03-31T16:43:42.4426928Z  Live Restore Enabled: false
2026-03-31T16:43:42.4427177Z 
2026-03-31T16:43:42.4427628Z ##[endgroup]
2026-03-31T16:43:42.4428167Z ##[group]Proxy configuration
2026-03-31T16:43:42.4429019Z No proxy configuration found
2026-03-31T16:43:42.4429739Z ##[endgroup]
2026-03-31T16:43:42.4984266Z ##[group]Buildx version
2026-03-31T16:43:42.5006478Z [command]/usr/bin/docker buildx version
2026-03-31T16:43:42.5506925Z github.com/docker/buildx v0.32.1 d3bfb3f4e48a67dda56e957a6636f4fab6c5fcb2
2026-03-31T16:43:42.5527849Z ##[endgroup]
2026-03-31T16:43:42.5528362Z ##[group]Builder info
2026-03-31T16:43:42.6390280Z {
2026-03-31T16:43:42.6390647Z   "nodes": [
2026-03-31T16:43:42.6391295Z     {
2026-03-31T16:43:42.6391696Z       "name": "builder-1b09dbd3-519d-4c74-94d6-776770602b780",
2026-03-31T16:43:42.6392118Z       "endpoint": "unix:///var/run/docker.sock",
2026-03-31T16:43:42.6392573Z       "driver-opts": [
2026-03-31T16:43:42.6573494Z         "env.ACTIONS_ID_TOKEN_REQUEST_TOKEN=***",
2026-03-31T16:43:42.6574847Z         "env.ACTIONS_ID_TOKEN_REQUEST_URL=https://run-actions-2-azure-eastus.actions.githubusercontent.com/133//idtoken/1193ce03-d8d3-4af2-befd-82cb8c2e47a5/6a69618c-9119-5ffc-904b-02278d2e135a?api-version=2.0",
2026-03-31T16:43:42.6576034Z         "image=moby/buildkit:v0.28.0"
2026-03-31T16:43:42.6576427Z       ],
2026-03-31T16:43:42.6576617Z       "status": "running",
2026-03-31T16:43:42.6576973Z       "buildkitd-flags": "--debug --allow-insecure-entitlement=network.host",
2026-03-31T16:43:42.6577337Z       "buildkit": "v0.28.0",
2026-03-31T16:43:42.6577749Z       "platforms": "linux/amd64,linux/amd64/v2,linux/amd64/v3,linux/386",
2026-03-31T16:43:42.6578088Z       "features": {
2026-03-31T16:43:42.6578376Z         "Automatically load images to the Docker Engine image store": true,
2026-03-31T16:43:42.6578815Z         "Cache export": true,
2026-03-31T16:43:42.6579037Z         "Direct push": true,
2026-03-31T16:43:42.6579252Z         "Docker exporter": true,
2026-03-31T16:43:42.6579481Z         "Multi-platform build": true,
2026-03-31T16:43:42.6579733Z         "OCI exporter": true
2026-03-31T16:43:42.6580026Z       },
2026-03-31T16:43:42.6580184Z       "labels": {
2026-03-31T16:43:42.6580434Z         "org.mobyproject.buildkit.worker.executor": "oci",
2026-03-31T16:43:42.6580817Z         "org.mobyproject.buildkit.worker.hostname": "4f8641520fed",
2026-03-31T16:43:42.6581305Z         "org.mobyproject.buildkit.worker.network": "host",
2026-03-31T16:43:42.6581702Z         "org.mobyproject.buildkit.worker.oci.process-mode": "sandbox",
2026-03-31T16:43:42.6582238Z         "org.mobyproject.buildkit.worker.selinux.enabled": "false",
2026-03-31T16:43:42.6582671Z         "org.mobyproject.buildkit.worker.snapshotter": "overlayfs"
2026-03-31T16:43:42.6582993Z       },
2026-03-31T16:43:42.6583144Z       "gcPolicy": [
2026-03-31T16:43:42.6583420Z         {
2026-03-31T16:43:42.6583574Z           "all": false,
2026-03-31T16:43:42.6583765Z           "filter": [
2026-03-31T16:43:42.6583953Z             "type==source.local",
2026-03-31T16:43:42.6584182Z             "type==exec.cachemount",
2026-03-31T16:43:42.6584472Z             "type==source.git.checkout"
2026-03-31T16:43:42.6584752Z           ],
2026-03-31T16:43:42.6584934Z           "keepDuration": "48h0m0s",
2026-03-31T16:43:42.6585158Z           "maxUsedSpace": "488.3MiB"
2026-03-31T16:43:42.6585366Z         },
2026-03-31T16:43:42.6585507Z         {
2026-03-31T16:43:42.6585866Z           "all": false,
2026-03-31T16:43:42.6586073Z           "keepDuration": "1440h0m0s",
2026-03-31T16:43:42.6586321Z           "reservedSpace": "9.313GiB",
2026-03-31T16:43:42.6586580Z           "maxUsedSpace": "93.13GiB",
2026-03-31T16:43:42.6586983Z           "minFreeSpace": "27.01GiB"
2026-03-31T16:43:42.6587197Z         },
2026-03-31T16:43:42.6587352Z         {
2026-03-31T16:43:42.6587506Z           "all": false,
2026-03-31T16:43:42.6587704Z           "reservedSpace": "9.313GiB",
2026-03-31T16:43:42.6588043Z           "maxUsedSpace": "93.13GiB",
2026-03-31T16:43:42.6588288Z           "minFreeSpace": "27.01GiB"
2026-03-31T16:43:42.6588502Z         },
2026-03-31T16:43:42.6588646Z         {
2026-03-31T16:43:42.6588798Z           "all": true,
2026-03-31T16:43:42.6589346Z           "reservedSpace": "9.313GiB",
2026-03-31T16:43:42.6589627Z           "maxUsedSpace": "93.13GiB",
2026-03-31T16:43:42.6589859Z           "minFreeSpace": "27.01GiB"
2026-03-31T16:43:42.6590075Z         }
2026-03-31T16:43:42.6590265Z       ],
2026-03-31T16:43:42.6590498Z       "files": {
2026-03-31T16:43:42.6592442Z         "buildkitd.toml": "[cache]\n[cache.gha]\n[cache.gha.sign]\ncommand = ['ghacache-sign-script.sh']\n\n[cache.gha.verify]\nrequired = true\n\n[cache.gha.verify.policy]\ngithubWorkflowRepository = 'docker/buildx'\nissuer = 'https://token.actions.githubusercontent.com'\nrunnerEnvironment = 'github-hosted'\nsourceRepositoryURI = 'https://github.com/docker/buildx'\nsubjectAlternativeName = 'https://github.com/docker/github-builder/.github/workflows/bake.yml*'\ntimestampThreshold = 1\ntlogThreshold = 1\n"
2026-03-31T16:43:42.6594694Z       }
2026-03-31T16:43:42.6594858Z     }
2026-03-31T16:43:42.6595079Z   ],
2026-03-31T16:43:42.6595295Z   "name": "builder-1b09dbd3-519d-4c74-94d6-776770602b78",
2026-03-31T16:43:42.6595611Z   "driver": "docker-container",
2026-03-31T16:43:42.6596054Z   "lastActivity": "2026-03-31T16:43:34.000Z"
2026-03-31T16:43:42.6596422Z }
2026-03-31T16:43:42.6596803Z ##[endgroup]
2026-03-31T16:43:42.6597112Z ##[group]Parsing raw definition
2026-03-31T16:43:42.6599940Z [command]/usr/bin/docker buildx bake https://github.com/docker/buildx.git#refs/heads/master:. --file docker-bake.hcl --set *.output=type=local,platform-split=true,dest=/tmp/buildx-output --set *.tags= --set *.attest=type=provenance,mode=max,version=v1,builder-id=https://github.com/docker/buildx/actions/runs/23808803085/attempts/1 --set *.platform=freebsd/arm64 --set *.cache-from=type=gha,scope=bin-image-freebsd-arm64 --set *.cache-to=type=gha,ignore-error=true,scope=bin-image-freebsd-arm64,mode=min --sbom generator=docker/buildkit-syft-scanner:1.10.0 --print release
2026-03-31T16:43:42.8807495Z #0 building with "builder-1b09dbd3-519d-4c74-94d6-776770602b78" instance using docker-container driver
2026-03-31T16:43:42.8808023Z 
2026-03-31T16:43:42.8808333Z #1 [internal] load git source https://github.com/docker/buildx.git#refs/heads/master:.
2026-03-31T16:43:43.0117107Z #1 0.282 581c232f81877cf74523166796c08c5162ea2ed3	refs/heads/master
2026-03-31T16:43:43.1795975Z #1 0.013 Initialized empty Git repository in /var/lib/buildkit/runc-overlayfs/snapshots/snapshots/1/fs/
2026-03-31T16:43:44.1494235Z #1 1.133 From https://github.com/docker/buildx
2026-03-31T16:43:44.1494940Z #1 1.133  * [new branch]      master     -> refs/heads/master
2026-03-31T16:43:44.1495597Z #1 1.133  * [new branch]      master     -> origin/master
2026-03-31T16:43:44.3032911Z #1 1.136 581c232f81877cf74523166796c08c5162ea2ed3
2026-03-31T16:43:45.0220223Z #1 DONE 2.3s
2026-03-31T16:43:45.0391097Z {
2026-03-31T16:43:45.0391496Z   "group": {
2026-03-31T16:43:45.0391869Z     "default": {
2026-03-31T16:43:45.0392232Z       "targets": [
2026-03-31T16:43:45.0392556Z         "release"
2026-03-31T16:43:45.0392878Z       ]
2026-03-31T16:43:45.0393120Z     }
2026-03-31T16:43:45.0393309Z   },
2026-03-31T16:43:45.0393512Z   "target": {
2026-03-31T16:43:45.0393826Z     "release": {
2026-03-31T16:43:45.0394093Z       "attest": [
2026-03-31T16:43:45.0394404Z         {
2026-03-31T16:43:45.0394867Z           "builder-id": "https://github.com/docker/buildx/actions/runs/23808803085/attempts/1",
2026-03-31T16:43:45.0395440Z           "mode": "max",
2026-03-31T16:43:45.0396057Z           "type": "provenance",
2026-03-31T16:43:45.0396458Z           "version": "v1"
2026-03-31T16:43:45.0396835Z         },
2026-03-31T16:43:45.0397124Z         {
2026-03-31T16:43:45.0397523Z           "generator": "docker/buildkit-syft-scanner:1.10.0",
2026-03-31T16:43:45.0398044Z           "type": "sbom"
2026-03-31T16:43:45.0398384Z         }
2026-03-31T16:43:45.0398628Z       ],
2026-03-31T16:43:45.0399144Z       "context": "https://github.com/docker/buildx.git#refs/heads/master:.",
2026-03-31T16:43:45.0399748Z       "dockerfile": "Dockerfile",
2026-03-31T16:43:45.0399977Z       "args": {
2026-03-31T16:43:45.0400460Z         "BUILDKIT_CONTEXT_KEEP_GIT_DIR": "1"
2026-03-31T16:43:45.0400839Z       },
2026-03-31T16:43:45.0401133Z       "cache-from": [
2026-03-31T16:43:45.0401451Z         {
2026-03-31T16:43:45.0401807Z           "scope": "bin-image-freebsd-arm64",
2026-03-31T16:43:45.0402383Z           "type": "gha"
2026-03-31T16:43:45.0402671Z         }
2026-03-31T16:43:45.0402890Z       ],
2026-03-31T16:43:45.0403137Z       "cache-to": [
2026-03-31T16:43:45.0403393Z         {
2026-03-31T16:43:45.0403958Z           "ignore-error": "true",
2026-03-31T16:43:45.0404349Z           "mode": "min",
2026-03-31T16:43:45.0404639Z           "scope": "bin-image-freebsd-arm64",
2026-03-31T16:43:45.0405063Z           "type": "gha"
2026-03-31T16:43:45.0405379Z         }
2026-03-31T16:43:45.0405654Z       ],
2026-03-31T16:43:45.0406172Z       "target": "release",
2026-03-31T16:43:45.0406540Z       "platforms": [
2026-03-31T16:43:45.0406837Z         "freebsd/arm64"
2026-03-31T16:43:45.0407122Z       ],
2026-03-31T16:43:45.0407388Z       "output": [
2026-03-31T16:43:45.0407672Z         {
2026-03-31T16:43:45.0407846Z           "dest": "/tmp/buildx-output",
2026-03-31T16:43:45.0408117Z           "platform-split": "true",
2026-03-31T16:43:45.0408494Z           "type": "local"
2026-03-31T16:43:45.0408784Z         }
2026-03-31T16:43:45.0409023Z       ]
2026-03-31T16:43:45.0409229Z     }
2026-03-31T16:43:45.0409472Z   }
2026-03-31T16:43:45.0409727Z }
2026-03-31T16:43:45.0442902Z ##[endgroup]
2026-03-31T16:43:45.1875909Z ##[group]Bake definition
2026-03-31T16:43:45.1896081Z [command]/usr/bin/docker buildx bake https://github.com/docker/buildx.git#refs/heads/master:. --allow fs=* --file docker-bake.hcl --set *.output=type=local,platform-split=true,dest=/tmp/buildx-output --set *.tags= --set *.attest=type=provenance,mode=max,version=v1,builder-id=https://github.com/docker/buildx/actions/runs/23808803085/attempts/1 --set *.platform=freebsd/arm64 --set *.cache-from=type=gha,scope=bin-image-freebsd-arm64 --set *.cache-to=type=gha,ignore-error=true,scope=bin-image-freebsd-arm64,mode=min --metadata-file /home/runner/work/_temp/docker-actions-toolkit-TfQVYT/bake-metadata-e67fc22803.json --sbom generator=docker/buildkit-syft-scanner:1.10.0 release --print
2026-03-31T16:43:45.4218681Z #0 building with "builder-1b09dbd3-519d-4c74-94d6-776770602b78" instance using docker-container driver
2026-03-31T16:43:45.4219341Z 
2026-03-31T16:43:45.4219624Z #1 [internal] load git source https://github.com/docker/buildx.git#refs/heads/master:.
2026-03-31T16:43:45.5854932Z #1 0.314 581c232f81877cf74523166796c08c5162ea2ed3	refs/heads/master
2026-03-31T16:43:45.6000537Z #1 CACHED
2026-03-31T16:43:45.6002421Z {
2026-03-31T16:43:45.6003874Z   "group": {
2026-03-31T16:43:45.6004174Z     "default": {
2026-03-31T16:43:45.6004459Z       "targets": [
2026-03-31T16:43:45.6004707Z         "release"
2026-03-31T16:43:45.6004877Z       ]
2026-03-31T16:43:45.6005148Z     }
2026-03-31T16:43:45.6005345Z   },
2026-03-31T16:43:45.6005492Z   "target": {
2026-03-31T16:43:45.6005790Z     "release": {
2026-03-31T16:43:45.6006005Z       "attest": [
2026-03-31T16:43:45.6006279Z         {
2026-03-31T16:43:45.6006806Z           "builder-id": "https://github.com/docker/buildx/actions/runs/23808803085/attempts/1",
2026-03-31T16:43:45.6007533Z           "mode": "max",
2026-03-31T16:43:45.6007908Z           "type": "provenance",
2026-03-31T16:43:45.6008289Z           "version": "v1"
2026-03-31T16:43:45.6008616Z         },
2026-03-31T16:43:45.6008895Z         {
2026-03-31T16:43:45.6009287Z           "generator": "docker/buildkit-syft-scanner:1.10.0",
2026-03-31T16:43:45.6009802Z           "type": "sbom"
2026-03-31T16:43:45.6010105Z         }
2026-03-31T16:43:45.6010380Z       ],
2026-03-31T16:43:45.6010856Z       "context": "https://github.com/docker/buildx.git#refs/heads/master:.",
2026-03-31T16:43:45.6011482Z       "dockerfile": "Dockerfile",
2026-03-31T16:43:45.6011900Z       "args": {
2026-03-31T16:43:45.6012248Z         "BUILDKIT_CONTEXT_KEEP_GIT_DIR": "1"
2026-03-31T16:43:45.6012691Z       },
2026-03-31T16:43:45.6013477Z       "cache-from": [
2026-03-31T16:43:45.6013821Z         {
2026-03-31T16:43:45.6014122Z           "scope": "bin-image-freebsd-arm64",
2026-03-31T16:43:45.6014512Z           "type": "gha"
2026-03-31T16:43:45.6014813Z         }
2026-03-31T16:43:45.6015090Z       ],
2026-03-31T16:43:45.6015339Z       "cache-to": [
2026-03-31T16:43:45.6015617Z         {
2026-03-31T16:43:45.6016152Z           "ignore-error": "true",
2026-03-31T16:43:45.6016523Z           "mode": "min",
2026-03-31T16:43:45.6017225Z           "scope": "bin-image-freebsd-arm64",
2026-03-31T16:43:45.6017630Z           "type": "gha"
2026-03-31T16:43:45.6017928Z         }
2026-03-31T16:43:45.6018190Z       ],
2026-03-31T16:43:45.6018472Z       "target": "release",
2026-03-31T16:43:45.6018788Z       "platforms": [
2026-03-31T16:43:45.6019094Z         "freebsd/arm64"
2026-03-31T16:43:45.6019389Z       ],
2026-03-31T16:43:45.6019641Z       "output": [
2026-03-31T16:43:45.6019900Z         {
2026-03-31T16:43:45.6020199Z           "dest": "/tmp/buildx-output",
2026-03-31T16:43:45.6020598Z           "platform-split": "true",
2026-03-31T16:43:45.6020966Z           "type": "local"
2026-03-31T16:43:45.6021309Z         }
2026-03-31T16:43:45.6021574Z       ]
2026-03-31T16:43:45.6021825Z     }
2026-03-31T16:43:45.6022063Z   }
2026-03-31T16:43:45.6022300Z }
2026-03-31T16:43:45.6063427Z ##[endgroup]
2026-03-31T16:43:45.6079263Z [command]/usr/bin/docker buildx bake https://github.com/docker/buildx.git#refs/heads/master:. --allow fs=* --file docker-bake.hcl --set *.output=type=local,platform-split=true,dest=/tmp/buildx-output --set *.tags= --set *.attest=type=provenance,mode=max,version=v1,builder-id=https://github.com/docker/buildx/actions/runs/23808803085/attempts/1 --set *.platform=freebsd/arm64 --set *.cache-from=type=gha,scope=bin-image-freebsd-arm64 --set *.cache-to=type=gha,ignore-error=true,scope=bin-image-freebsd-arm64,mode=min --metadata-file /home/runner/work/_temp/docker-actions-toolkit-TfQVYT/bake-metadata-e67fc22803.json --sbom generator=docker/buildkit-syft-scanner:1.10.0 release
2026-03-31T16:43:45.8416742Z #0 building with "builder-1b09dbd3-519d-4c74-94d6-776770602b78" instance using docker-container driver
2026-03-31T16:43:45.8417310Z 
2026-03-31T16:43:45.8417639Z #1 [internal] load git source https://github.com/docker/buildx.git#refs/heads/master:.
2026-03-31T16:43:45.9972107Z #1 0.306 581c232f81877cf74523166796c08c5162ea2ed3	refs/heads/master
2026-03-31T16:43:46.3154967Z #1 0.293 581c232f81877cf74523166796c08c5162ea2ed3	refs/heads/master
2026-03-31T16:43:46.4763567Z #1 CACHED
2026-03-31T16:43:46.4763715Z 
2026-03-31T16:43:46.4764013Z #2 [internal] load git source https://github.com/docker/buildx.git#refs/heads/master:.
2026-03-31T16:43:46.6168552Z #2 0.291 581c232f81877cf74523166796c08c5162ea2ed3	refs/heads/master
2026-03-31T16:43:46.9602450Z #2 0.339 581c232f81877cf74523166796c08c5162ea2ed3
2026-03-31T16:43:47.1203364Z #2 0.345 Initialized empty Git repository in /var/lib/buildkit/runc-overlayfs/snapshots/snapshots/3/fs/.git/
2026-03-31T16:43:47.1203964Z #2 0.348 commit
2026-03-31T16:43:47.6713938Z #2 1.050 From file:///var/lib/buildkit/runc-overlayfs/snapshots/snapshots/1/fs
2026-03-31T16:43:47.6715018Z #2 1.050  * [new tag]         refs/heads/master -> master
2026-03-31T16:43:47.6715902Z #2 1.050  * [new tag]         refs/heads/master -> refs/heads/master
2026-03-31T16:43:48.4979284Z #2 1.876 Note: switching to 'FETCH_HEAD'.
2026-03-31T16:43:48.4979871Z #2 1.876 
2026-03-31T16:43:48.4980293Z #2 1.876 You are in 'detached HEAD' state. You can look around, make experimental
2026-03-31T16:43:48.4980829Z #2 1.876 changes and commit them, and you can discard any commits you make in this
2026-03-31T16:43:48.4981451Z #2 1.876 state without impacting any branches by switching back to a branch.
2026-03-31T16:43:48.4981793Z #2 1.876 
2026-03-31T16:43:48.4982059Z #2 1.876 If you want to create a new branch to retain commits you create, you may
2026-03-31T16:43:48.4982663Z #2 1.876 do so (now or later) by using -c with the switch command. Example:
2026-03-31T16:43:48.4983262Z #2 1.876 
2026-03-31T16:43:48.4983482Z #2 1.876   git switch -c <new-branch-name>
2026-03-31T16:43:48.4983871Z #2 1.876 
2026-03-31T16:43:48.4984040Z #2 1.876 Or undo this operation with:
2026-03-31T16:43:48.4984263Z #2 1.876 
2026-03-31T16:43:48.4984414Z #2 1.876   git switch -
2026-03-31T16:43:48.4984599Z #2 1.876 
2026-03-31T16:43:48.4985030Z #2 1.876 Turn off this advice by setting config variable advice.detachedHead to false
2026-03-31T16:43:48.4985592Z #2 1.876 
2026-03-31T16:43:48.4986275Z #2 1.876 HEAD is now at 581c232 Merge pull request #3746 from crazy-max/buildkit-0.29
2026-03-31T16:43:48.6743469Z #2 DONE 2.2s
2026-03-31T16:43:48.6743697Z 
2026-03-31T16:43:48.6744055Z #3 resolve image config for docker-image://docker.io/docker/dockerfile:1
2026-03-31T16:43:48.8243958Z #3 ...
2026-03-31T16:43:48.8244213Z 
2026-03-31T16:43:48.8244589Z #4 [auth] docker/dockerfile:pull token for registry-1.docker.io
2026-03-31T16:43:48.8245286Z #4 DONE 0.0s
2026-03-31T16:43:48.9746204Z 
2026-03-31T16:43:48.9746740Z #3 resolve image config for docker-image://docker.io/docker/dockerfile:1
2026-03-31T16:43:49.3031356Z #3 DONE 0.8s
2026-03-31T16:43:49.4654857Z 
2026-03-31T16:43:49.4655534Z #5 docker-image://docker.io/docker/dockerfile:1@sha256:4a43a54dd1fedceb30ba47e76cfcf2b47304f4161c0caeac2db1c61804ea3c91
2026-03-31T16:43:49.4656640Z #5 resolve docker.io/docker/dockerfile:1@sha256:4a43a54dd1fedceb30ba47e76cfcf2b47304f4161c0caeac2db1c61804ea3c91 done
2026-03-31T16:43:49.4674230Z #5 sha256:149b48b83eff3cc6314b54f2ab6cdb58908e9c43c36a8ae81d8bb55fbc3281f9 0B / 13.78MB 0.2s
2026-03-31T16:43:49.5711984Z #5 sha256:149b48b83eff3cc6314b54f2ab6cdb58908e9c43c36a8ae81d8bb55fbc3281f9 13.78MB / 13.78MB 0.3s done
2026-03-31T16:43:49.6782297Z #5 extracting sha256:149b48b83eff3cc6314b54f2ab6cdb58908e9c43c36a8ae81d8bb55fbc3281f9 0.1s done
2026-03-31T16:43:49.6783315Z #5 DONE 0.4s
2026-03-31T16:43:49.7802916Z 
2026-03-31T16:43:49.7803736Z #6 [auth] docker/buildkit-syft-scanner:pull token for registry-1.docker.io
2026-03-31T16:43:49.9304572Z #6 DONE 0.0s
2026-03-31T16:43:49.9304784Z 
2026-03-31T16:43:49.9305252Z #7 resolve image config for docker-image://docker.io/docker/buildkit-syft-scanner:1.10.0
2026-03-31T16:43:50.2366565Z #7 DONE 0.5s
2026-03-31T16:43:50.3382039Z 
2026-03-31T16:43:50.3382773Z #8 [auth] library/golang:pull token for registry-1.docker.io
2026-03-31T16:43:50.3383190Z #8 DONE 0.0s
2026-03-31T16:43:50.3383305Z 
2026-03-31T16:43:50.3383466Z #9 [auth] tonistiigi/xx:pull token for registry-1.docker.io
2026-03-31T16:43:50.3383804Z #9 DONE 0.0s
2026-03-31T16:43:50.3383906Z 
2026-03-31T16:43:50.3384053Z #10 [auth] library/alpine:pull token for registry-1.docker.io
2026-03-31T16:43:50.4885615Z #10 DONE 0.0s
2026-03-31T16:43:50.4885855Z 
2026-03-31T16:43:50.4886276Z #11 [internal] load metadata for docker.io/tonistiigi/xx:1.7.0
2026-03-31T16:43:50.7275386Z #11 ...
2026-03-31T16:43:50.9768667Z 
2026-03-31T16:43:50.9769230Z #12 [internal] load metadata for docker.io/library/golang:1.25-alpine3.23
2026-03-31T16:43:50.9769691Z #12 DONE 0.5s
2026-03-31T16:43:50.9769807Z 
2026-03-31T16:43:50.9769972Z #13 [internal] load metadata for docker.io/library/alpine:3.23
2026-03-31T16:43:50.9770311Z #13 DONE 0.5s
2026-03-31T16:43:50.9770416Z 
2026-03-31T16:43:50.9770571Z #11 [internal] load metadata for docker.io/tonistiigi/xx:1.7.0
2026-03-31T16:43:50.9770902Z #11 DONE 0.6s
2026-03-31T16:43:51.9226114Z 
2026-03-31T16:43:51.9227846Z #14 importing cache manifest from gha:16063968990255402305
2026-03-31T16:43:52.0250276Z #14 ...
2026-03-31T16:43:52.0250713Z 
2026-03-31T16:43:52.0251621Z #15 [xx 1/1] FROM docker.io/tonistiigi/xx:1.7.0@sha256:010d4b66aed389848b0694f91c7aaee9df59a6f20be7f5d12e53663a37bd14e2
2026-03-31T16:43:52.0253013Z #15 resolve docker.io/tonistiigi/xx:1.7.0@sha256:010d4b66aed389848b0694f91c7aaee9df59a6f20be7f5d12e53663a37bd14e2 done
2026-03-31T16:43:52.0253917Z #15 DONE 0.0s
2026-03-31T16:43:52.0254096Z 
2026-03-31T16:43:52.0255117Z #16 [golatest 1/1] FROM docker.io/library/golang:1.25-alpine3.23@sha256:8e02eb337d9e0ea459e041f1ee5eece41cbb61f1d83e7d883a3e2fb4862063fa
2026-03-31T16:43:52.0257000Z #16 resolve docker.io/library/golang:1.25-alpine3.23@sha256:8e02eb337d9e0ea459e041f1ee5eece41cbb61f1d83e7d883a3e2fb4862063fa 0.0s done
2026-03-31T16:43:52.0258040Z #16 DONE 0.0s
2026-03-31T16:43:52.0261109Z 
2026-03-31T16:43:52.0261745Z #17 [releaser 1/3] FROM docker.io/library/alpine:3.23@sha256:25109184c71bdad752c8312a8623239686a9a2071e8825f20acb8f2198c3f659
2026-03-31T16:43:52.0263173Z #17 resolve docker.io/library/alpine:3.23@sha256:25109184c71bdad752c8312a8623239686a9a2071e8825f20acb8f2198c3f659 0.0s done
2026-03-31T16:43:52.0264473Z #17 DONE 0.0s
2026-03-31T16:43:52.2740977Z 
2026-03-31T16:43:52.2741618Z #18 docker-image://docker.io/docker/buildkit-syft-scanner:1.10.0
2026-03-31T16:43:52.2742409Z #18 resolve docker.io/docker/buildkit-syft-scanner:1.10.0 0.1s done
2026-03-31T16:43:52.2742955Z #18 DONE 0.1s
2026-03-31T16:43:52.2743124Z 
2026-03-31T16:43:52.2743339Z #14 importing cache manifest from gha:16063968990255402305
2026-03-31T16:43:52.2744286Z #14 verifying signature of cache index sha256:c4a4ed6537b70d0e21b2bf7e2f55ffd1045ccfcef00477e685d0584b174300fa
2026-03-31T16:43:52.6214501Z #14 verifying signature of cache index sha256:c4a4ed6537b70d0e21b2bf7e2f55ffd1045ccfcef00477e685d0584b174300fa 0.5s done
2026-03-31T16:43:52.7241629Z #14 DONE 0.7s
2026-03-31T16:43:52.7242037Z 
2026-03-31T16:43:52.7242642Z #15 [xx 1/1] FROM docker.io/tonistiigi/xx:1.7.0@sha256:010d4b66aed389848b0694f91c7aaee9df59a6f20be7f5d12e53663a37bd14e2
2026-03-31T16:43:52.7243689Z #15 sha256:15db0d88ae4923276807d48a05fc8a7208dfbec142770f2fce52af9fee6cd287 17.08kB / 17.08kB 0.1s done
2026-03-31T16:43:52.7244342Z #15 extracting sha256:15db0d88ae4923276807d48a05fc8a7208dfbec142770f2fce52af9fee6cd287 done
2026-03-31T16:43:52.7244775Z #15 DONE 0.1s
2026-03-31T16:43:52.7244880Z 
2026-03-31T16:43:52.7245238Z #17 [releaser 1/3] FROM docker.io/library/alpine:3.23@sha256:25109184c71bdad752c8312a8623239686a9a2071e8825f20acb8f2198c3f659
2026-03-31T16:43:52.8314870Z #17 sha256:589002ba0eaed121a1dbf42f6648f29e5be55d5c8a6ee0f8eaa0285cc21ac153 3.86MB / 3.86MB 0.1s done
2026-03-31T16:43:52.8319016Z #17 extracting sha256:589002ba0eaed121a1dbf42f6648f29e5be55d5c8a6ee0f8eaa0285cc21ac153 0.1s done
2026-03-31T16:43:52.8319811Z #17 DONE 0.2s
2026-03-31T16:43:52.8320016Z 
2026-03-31T16:43:52.8320147Z #19 [releaser 2/3] WORKDIR /work
2026-03-31T16:43:52.8320371Z #19 DONE 0.0s
2026-03-31T16:43:52.8320484Z 
2026-03-31T16:43:52.8320903Z #16 [golatest 1/1] FROM docker.io/library/golang:1.25-alpine3.23@sha256:8e02eb337d9e0ea459e041f1ee5eece41cbb61f1d83e7d883a3e2fb4862063fa
2026-03-31T16:43:52.9397676Z #16 sha256:c81448b65a2967f0391fb7794f00d0c4699914c2cfcb38dff5a45dd68259a523 126B / 126B 0.1s done
2026-03-31T16:43:52.9398928Z #16 sha256:4f4fb700ef54461cfa02571ae0db9a0dc1e0cdb5577484a6d75e68dc38e8acc1 32B / 32B 0.1s done
2026-03-31T16:43:52.9400043Z #16 sha256:b45a826c456c6e86847b4522633144d32e8278c39b206001c48f7ff990039794 3.15MB / 60.17MB 0.2s
2026-03-31T16:43:52.9401216Z #16 sha256:8ee4c410683e5abb54228063b76ee674abc2b06a0962128acb66cb696faf14a7 296.07kB / 296.07kB 0.1s done
2026-03-31T16:43:52.9402454Z #16 extracting sha256:8ee4c410683e5abb54228063b76ee674abc2b06a0962128acb66cb696faf14a7
2026-03-31T16:43:53.0565153Z #16 sha256:b45a826c456c6e86847b4522633144d32e8278c39b206001c48f7ff990039794 31.46MB / 60.17MB 0.3s
2026-03-31T16:43:53.0566361Z #16 extracting sha256:8ee4c410683e5abb54228063b76ee674abc2b06a0962128acb66cb696faf14a7 0.1s done
2026-03-31T16:43:53.2065192Z #16 sha256:b45a826c456c6e86847b4522633144d32e8278c39b206001c48f7ff990039794 60.17MB / 60.17MB 0.5s
2026-03-31T16:43:53.3898022Z #16 sha256:b45a826c456c6e86847b4522633144d32e8278c39b206001c48f7ff990039794 60.17MB / 60.17MB 0.5s done
2026-03-31T16:43:53.3899147Z #16 extracting sha256:b45a826c456c6e86847b4522633144d32e8278c39b206001c48f7ff990039794
2026-03-31T16:43:53.9483306Z #16 ...
2026-03-31T16:43:53.9483844Z 
2026-03-31T16:43:53.9484437Z #18 docker-image://docker.io/docker/buildkit-syft-scanner:1.10.0
2026-03-31T16:43:53.9485420Z #18 sha256:ec2a18791581802054550bd3bed13f47a67efa44d10f2cb18db00904e68f4977 45.91MB / 45.91MB 0.8s done
2026-03-31T16:43:53.9486627Z #18 extracting sha256:ec2a18791581802054550bd3bed13f47a67efa44d10f2cb18db00904e68f4977 0.5s done
2026-03-31T16:43:53.9487222Z #18 DONE 1.4s
2026-03-31T16:43:54.0991750Z 
2026-03-31T16:43:54.0992834Z #16 [golatest 1/1] FROM docker.io/library/golang:1.25-alpine3.23@sha256:8e02eb337d9e0ea459e041f1ee5eece41cbb61f1d83e7d883a3e2fb4862063fa
2026-03-31T16:43:56.1444295Z #16 extracting sha256:b45a826c456c6e86847b4522633144d32e8278c39b206001c48f7ff990039794 2.9s done
2026-03-31T16:43:56.1446140Z #16 DONE 3.4s
2026-03-31T16:43:56.3102480Z 
2026-03-31T16:43:56.3103264Z #16 [golatest 1/1] FROM docker.io/library/golang:1.25-alpine3.23@sha256:8e02eb337d9e0ea459e041f1ee5eece41cbb61f1d83e7d883a3e2fb4862063fa
2026-03-31T16:43:56.3104165Z #16 extracting sha256:c81448b65a2967f0391fb7794f00d0c4699914c2cfcb38dff5a45dd68259a523 done
2026-03-31T16:43:56.3104900Z #16 extracting sha256:4f4fb700ef54461cfa02571ae0db9a0dc1e0cdb5577484a6d75e68dc38e8acc1 0.0s done
2026-03-31T16:43:56.3105397Z #16 DONE 3.4s
2026-03-31T16:43:56.3105506Z 
2026-03-31T16:43:56.3105617Z #20 [gobase 1/3] COPY --from=xx / /
2026-03-31T16:43:56.7993597Z #20 DONE 0.6s
2026-03-31T16:43:56.9507293Z 
2026-03-31T16:43:56.9507751Z #21 [gobase 2/3] RUN apk add --no-cache file git
2026-03-31T16:43:57.2924057Z #21 0.492 ( 1/15) Installing libmagic (5.46-r2)
2026-03-31T16:43:57.4014168Z #21 0.526 ( 2/15) Installing file (5.46-r2)
2026-03-31T16:43:57.4014774Z #21 0.541 ( 3/15) Installing brotli-libs (1.2.0-r0)
2026-03-31T16:43:57.4015287Z #21 0.562 ( 4/15) Installing c-ares (1.34.6-r0)
2026-03-31T16:43:57.4016022Z #21 0.578 ( 5/15) Installing libunistring (1.4.1-r0)
2026-03-31T16:43:57.4016533Z #21 0.601 ( 6/15) Installing libidn2 (2.3.8-r0)
2026-03-31T16:43:57.5026371Z #21 0.618 ( 7/15) Installing nghttp2-libs (1.68.0-r0)
2026-03-31T16:43:57.5026945Z #21 0.633 ( 8/15) Installing nghttp3 (1.13.1-r0)
2026-03-31T16:43:57.5027455Z #21 0.648 ( 9/15) Installing libpsl (0.21.5-r3)
2026-03-31T16:43:57.5027932Z #21 0.664 (10/15) Installing zstd-libs (1.5.7-r2)
2026-03-31T16:43:57.5028384Z #21 0.683 (11/15) Installing libcurl (8.17.0-r1)
2026-03-31T16:43:57.5028702Z #21 0.703 (12/15) Installing libexpat (2.7.5-r0)
2026-03-31T16:43:57.6067048Z #21 0.718 (13/15) Installing pcre2 (10.47-r0)
2026-03-31T16:43:57.6067572Z #21 0.738 (14/15) Installing git (2.52.0-r0)
2026-03-31T16:43:57.6068422Z #21 0.807 (15/15) Installing git-init-template (2.52.0-r0)
2026-03-31T16:43:57.8332989Z #21 0.823 Executing busybox-1.37.0-r30.trigger
2026-03-31T16:43:57.8333559Z #21 0.830 OK: 30.6 MiB in 32 packages
2026-03-31T16:43:57.8333956Z #21 DONE 0.9s
2026-03-31T16:43:57.8334161Z 
2026-03-31T16:43:57.8334306Z #22 [gobase 3/3] WORKDIR /src
2026-03-31T16:43:57.8334711Z #22 DONE 0.0s
2026-03-31T16:43:57.8334887Z 
2026-03-31T16:43:57.8335206Z #23 [buildx-version 1/1] RUN --mount=type=bind,target=. <<EOT (set -e...)
2026-03-31T16:43:58.2420621Z #23 0.559 -X github.com/docker/buildx/version.Version=581c232 -X github.com/docker/buildx/version.Revision=581c232f81877cf74523166796c08c5162ea2ed3 -X github.com/docker/buildx/version.Package=github.com/docker/buildx
2026-03-31T16:43:58.4527061Z #23 0.560 581c232
2026-03-31T16:43:58.4527752Z #23 DONE 0.6s
2026-03-31T16:43:58.4527946Z 
2026-03-31T16:43:58.4529086Z #24 [buildx-build 1/1] RUN --mount=type=bind,target=.   --mount=type=cache,target=/root/.cache   --mount=type=cache,target=/go/pkg/mod   --mount=type=bind,from=buildx-version,source=/tmp/.ldflags,target=/tmp/.ldflags <<EOT (set -ex...)
2026-03-31T16:43:58.4530738Z #24 0.051 + cat /tmp/.ldflags
2026-03-31T16:43:58.4532732Z #24 0.052 + xx-go build -trimpath -ldflags '-s -w -X github.com/docker/buildx/version.Version=581c232 -X github.com/docker/buildx/version.Revision=581c232f81877cf74523166796c08c5162ea2ed3 -X github.com/docker/buildx/version.Package=github.com/docker/buildx' -o /usr/bin/docker-buildx ./cmd/buildx
2026-03-31T16:45:02.4608472Z #24 64.21 + file /usr/bin/docker-buildx
2026-03-31T16:45:02.6160686Z #24 64.22 /usr/bin/docker-buildx: ELF 64-bit LSB executable, ARM aarch64, version 1 (FreeBSD), statically linked, for FreeBSD 12.3, FreeBSD-style, BuildID[sha1]=7a0369e4dd0b09a6507c51d01bd7a62f59d8ed52, stripped
2026-03-31T16:45:02.6161884Z #24 64.22 + xx-verify --static /usr/bin/docker-buildx
2026-03-31T16:45:03.3188584Z #24 DONE 65.1s
2026-03-31T16:45:03.4416453Z 
2026-03-31T16:45:03.4418097Z #25 [releaser 3/3] RUN --mount=from=binaries   --mount=type=bind,from=buildx-version,source=/tmp/.version,target=/tmp/.version <<EOT (set -e...)
2026-03-31T16:45:03.6184744Z #25 DONE 0.2s
2026-03-31T16:45:03.7443810Z 
2026-03-31T16:45:03.7444525Z #26 [release 1/1] COPY --from=releaser /out/ /
2026-03-31T16:45:03.7445023Z #26 DONE 0.0s
2026-03-31T16:45:03.7445190Z 
2026-03-31T16:45:03.7445571Z #27 [freebsd/arm64] generating sbom using docker.io/docker/buildkit-syft-scanner:1.10.0
2026-03-31T16:45:03.9562652Z #27 0.061 time="2026-03-31T16:45:03Z" level=info msg="starting syft scanner for buildkit v1.10.0"
2026-03-31T16:45:05.5825104Z #27 DONE 1.8s
2026-03-31T16:45:05.7581405Z 
2026-03-31T16:45:05.7585087Z #28 exporting to client directory
2026-03-31T16:45:05.7600439Z #28 copying files freebsd/arm64 19.23MB 0.1s
2026-03-31T16:45:05.9320253Z #28 copying files freebsd/arm64 60.89MB 0.3s done
2026-03-31T16:45:06.0822262Z #28 DONE 0.3s
2026-03-31T16:45:06.0822556Z 
2026-03-31T16:45:06.0822803Z #29 exporting to GitHub Actions Cache
2026-03-31T16:45:06.0823367Z #29 preparing build cache for export
2026-03-31T16:45:07.6243642Z #29 preparing build cache for export 1.7s done
2026-03-31T16:45:07.6244086Z #29 sending cache export
2026-03-31T16:45:07.8102544Z #29 writing layer sha256:75cee37d885b59fff6da00c01b7b16d3dfe00a71cb47e7a3dda517cdc77bc730
2026-03-31T16:45:10.1209648Z #29 writing layer sha256:75cee37d885b59fff6da00c01b7b16d3dfe00a71cb47e7a3dda517cdc77bc730 2.5s done
2026-03-31T16:45:10.3138264Z #29 writing layer sha256:d0a971393da646f7a4bd1301f326bcf1625e6e2322bcd0ec3802d7b5604ab6a1
2026-03-31T16:45:10.5520570Z #29 writing layer sha256:d0a971393da646f7a4bd1301f326bcf1625e6e2322bcd0ec3802d7b5604ab6a1 0.4s done
2026-03-31T16:45:10.9928081Z #29 signing cache index sha256:0d418508010067ebc22006698fc743963913cb8603738b7eea4555a8a854a6b9
2026-03-31T16:45:11.6359003Z #29 sending cache export 4.0s done
2026-03-31T16:45:11.6362244Z #29 signing cache index sha256:0d418508010067ebc22006698fc743963913cb8603738b7eea4555a8a854a6b9 0.6s done
2026-03-31T16:45:11.6364112Z #29 ERROR: signing command failed: + cosign sign-blob --yes --oidc-provider github-actions --new-bundle-format --use-signing-config --bundle /tmp/tmp.EiDngC '--tlog-upload=false' /tmp/tmp.ddHbhC
2026-03-31T16:45:11.6366734Z Error: signing /tmp/tmp.ddHbhC: retrieving ID token: reading ID token: fetching ambient OIDC credentials: invalid character 'u' looking for beginning of value
2026-03-31T16:45:11.6368843Z error during command execution: signing /tmp/tmp.ddHbhC: retrieving ID token: reading ID token: fetching ambient OIDC credentials: invalid character 'u' looking for beginning of value
2026-03-31T16:45:11.6369734Z + rm -f /tmp/tmp.ddHbhC /tmp/tmp.EiDngC
2026-03-31T16:45:11.6370000Z : exit status 1
2026-03-31T16:45:11.6578063Z 
2026-03-31T16:45:11.6578307Z #30 resolving provenance for metadata file
2026-03-31T16:45:11.6579353Z #30 DONE 0.0s
2026-03-31T16:45:11.6579806Z ------
2026-03-31T16:45:11.6580275Z  > exporting to GitHub Actions Cache:
2026-03-31T16:45:11.6580680Z ------
2026-03-31T16:45:11.6636858Z ##[group]Metadata
2026-03-31T16:45:11.6637278Z {
2026-03-31T16:45:11.6637538Z   "release": {
2026-03-31T16:45:11.6637866Z     "buildx.build.provenance": {
2026-03-31T16:45:11.6638265Z       "builder": {
2026-03-31T16:45:11.6638816Z         "id": "https://github.com/docker/buildx/actions/runs/23808803085/attempts/1"
2026-03-31T16:45:11.6639481Z       },
2026-03-31T16:45:11.6639896Z       "buildType": "https://mobyproject.org/buildkit@v1",
2026-03-31T16:45:11.6640416Z       "materials": [
2026-03-31T16:45:11.6640735Z         {
2026-03-31T16:45:11.6641455Z           "uri": "pkg:docker/docker/buildkit-syft-scanner@1.10.0",
2026-03-31T16:45:11.6642004Z           "digest": {
2026-03-31T16:45:11.6642558Z             "sha256": "490c3821680b55fe995766f7f22db4e6566ccef41c4cea13b370c4384d7eb3f2"
2026-03-31T16:45:11.6643224Z           }
2026-03-31T16:45:11.6643507Z         },
2026-03-31T16:45:11.6643994Z         {
2026-03-31T16:45:11.6644490Z           "uri": "pkg:docker/docker/dockerfile@1",
2026-03-31T16:45:11.6645126Z           "digest": {
2026-03-31T16:45:11.6646413Z             "sha256": "4a43a54dd1fedceb30ba47e76cfcf2b47304f4161c0caeac2db1c61804ea3c91"
2026-03-31T16:45:11.6647237Z           }
2026-03-31T16:45:11.6647593Z         },
2026-03-31T16:45:11.6647951Z         {
2026-03-31T16:45:11.6648452Z           "uri": "pkg:docker/alpine@3.23?platform=linux%2Famd64",
2026-03-31T16:45:11.6649122Z           "digest": {
2026-03-31T16:45:11.6649841Z             "sha256": "25109184c71bdad752c8312a8623239686a9a2071e8825f20acb8f2198c3f659"
2026-03-31T16:45:11.6650616Z           }
2026-03-31T16:45:11.6651006Z         },
2026-03-31T16:45:11.6651343Z         {
2026-03-31T16:45:11.6651802Z           "uri": "pkg:docker/golang@1.25-alpine3.23?platform=linux%2Famd64",
2026-03-31T16:45:11.6652421Z           "digest": {
2026-03-31T16:45:11.6653180Z             "sha256": "8e02eb337d9e0ea459e041f1ee5eece41cbb61f1d83e7d883a3e2fb4862063fa"
2026-03-31T16:45:11.6653919Z           }
2026-03-31T16:45:11.6654214Z         },
2026-03-31T16:45:11.6654512Z         {
2026-03-31T16:45:11.6654917Z           "uri": "pkg:docker/tonistiigi/xx@1.7.0?platform=linux%2Famd64",
2026-03-31T16:45:11.6655483Z           "digest": {
2026-03-31T16:45:11.6678617Z             "sha256": "010d4b66aed389848b0694f91c7aaee9df59a6f20be7f5d12e53663a37bd14e2"
2026-03-31T16:45:11.6679327Z           }
2026-03-31T16:45:11.6679616Z         },
2026-03-31T16:45:11.6679947Z         {
2026-03-31T16:45:11.6680523Z           "uri": "https://github.com/docker/buildx.git#refs/heads/master",
2026-03-31T16:45:11.6681247Z           "digest": {
2026-03-31T16:45:11.6681708Z             "sha1": "581c232f81877cf74523166796c08c5162ea2ed3"
2026-03-31T16:45:11.6682181Z           }
2026-03-31T16:45:11.6682526Z         }
2026-03-31T16:45:11.6682808Z       ],
2026-03-31T16:45:11.6683088Z       "invocation": {
2026-03-31T16:45:11.6683438Z         "configSource": {
2026-03-31T16:45:11.6683956Z           "uri": "https://github.com/docker/buildx.git#refs/heads/master",
2026-03-31T16:45:11.6684568Z           "digest": {
2026-03-31T16:45:11.6685000Z             "sha1": "581c232f81877cf74523166796c08c5162ea2ed3"
2026-03-31T16:45:11.6685483Z           },
2026-03-31T16:45:11.6686019Z           "entryPoint": "Dockerfile"
2026-03-31T16:45:11.6686450Z         },
2026-03-31T16:45:11.6686721Z         "parameters": {
2026-03-31T16:45:11.6687109Z           "frontend": "gateway.v0",
2026-03-31T16:45:11.6687510Z           "args": {
2026-03-31T16:45:11.6687904Z             "build-arg:BUILDKIT_CONTEXT_KEEP_GIT_DIR": "1",
2026-03-31T16:45:11.6688469Z             "cmdline": "docker/dockerfile:1",
2026-03-31T16:45:11.6688946Z             "source": "docker/dockerfile:1",
2026-03-31T16:45:11.6689389Z             "target": "release"
2026-03-31T16:45:11.6689760Z           },
2026-03-31T16:45:11.6690060Z           "secrets": [
2026-03-31T16:45:11.6690384Z             {
2026-03-31T16:45:11.6690700Z               "id": "GIT_AUTH_HEADER",
2026-03-31T16:45:11.6691158Z               "optional": true
2026-03-31T16:45:11.6691523Z             },
2026-03-31T16:45:11.6691831Z             {
2026-03-31T16:45:11.6692132Z               "id": "GIT_AUTH_TOKEN",
2026-03-31T16:45:11.6692554Z               "optional": true
2026-03-31T16:45:11.6692913Z             }
2026-03-31T16:45:11.6693203Z           ]
2026-03-31T16:45:11.6693479Z         },
2026-03-31T16:45:11.6693772Z         "environment": {
2026-03-31T16:45:11.6694147Z           "github_actor": "tonistiigi",
2026-03-31T16:45:11.6694585Z           "github_actor_id": "585223",
2026-03-31T16:45:11.6695020Z           "github_event_name": "push",
2026-03-31T16:45:11.6695949Z           "github_event_payload": {
2026-03-31T16:45:11.6696505Z             "after": "581c232f81877cf74523166796c08c5162ea2ed3",
2026-03-31T16:45:11.6697007Z             "base_ref": null,
2026-03-31T16:45:11.6697501Z             "before": "f7897eba028583e0071642db3c011e860444f8cf",
2026-03-31T16:45:11.6698009Z             "commits": [
2026-03-31T16:45:11.6698358Z               {
2026-03-31T16:45:11.6698670Z                 "author": {
2026-03-31T16:45:11.6699387Z                   "email": "1951866+crazy-max@users.noreply.github.com",
2026-03-31T16:45:11.6699953Z                   "name": "CrazyMax",
2026-03-31T16:45:11.6700416Z                   "username": "crazy-max"
2026-03-31T16:45:11.6700839Z                 },
2026-03-31T16:45:11.6701158Z                 "committer": {
2026-03-31T16:45:11.6701657Z                   "email": "1951866+crazy-max@users.noreply.github.com",
2026-03-31T16:45:11.6702240Z                   "name": "CrazyMax",
2026-03-31T16:45:11.6702678Z                   "username": "crazy-max"
2026-03-31T16:45:11.6703087Z                 },
2026-03-31T16:45:11.6703412Z                 "distinct": false,
2026-03-31T16:45:11.6703874Z                 "id": "054b450ee8295cc47ecd47533319856e70336a58",
2026-03-31T16:45:11.6705047Z                 "message": "dockerfile: update buildkit to v0.29.0\n\nSigned-off-by: CrazyMax <1951866+crazy-max@users.noreply.github.com>",
2026-03-31T16:45:11.6706318Z                 "timestamp": "2026-03-31T18:19:33+02:00",
2026-03-31T16:45:11.6706868Z                 "tree_id": "db415e25821171fde09ed8b68d57d6146c825669",
2026-03-31T16:45:11.6707718Z                 "url": "https://github.com/docker/buildx/commit/054b450ee8295cc47ecd47533319856e70336a58"
2026-03-31T16:45:11.6771638Z               },
2026-03-31T16:45:11.6771985Z               {
2026-03-31T16:45:11.6772273Z                 "author": {
2026-03-31T16:45:11.6772663Z                   "email": "tonistiigi@gmail.com",
2026-03-31T16:45:11.6773391Z                   "name": "Tõnis Tiigi",
2026-03-31T16:45:11.6773828Z                   "username": "tonistiigi"
2026-03-31T16:45:11.6774238Z                 },
2026-03-31T16:45:11.6774521Z                 "committer": {
2026-03-31T16:45:11.6774914Z                   "email": "noreply@github.com",
2026-03-31T16:45:11.6775362Z                   "name": "GitHub",
2026-03-31T16:45:11.6776043Z                   "username": "web-flow"
2026-03-31T16:45:11.6776420Z                 },
2026-03-31T16:45:11.6776714Z                 "distinct": true,
2026-03-31T16:45:11.6777175Z                 "id": "581c232f81877cf74523166796c08c5162ea2ed3",
2026-03-31T16:45:11.6778076Z                 "message": "Merge pull request #3746 from crazy-max/buildkit-0.29\n\ndockerfile: update buildkit to v0.29.0",
2026-03-31T16:45:11.6778969Z                 "timestamp": "2026-03-31T09:42:27-07:00",
2026-03-31T16:45:11.6779492Z                 "tree_id": "db415e25821171fde09ed8b68d57d6146c825669",
2026-03-31T16:45:11.6780605Z                 "url": "https://github.com/docker/buildx/commit/581c232f81877cf74523166796c08c5162ea2ed3"
2026-03-31T16:45:11.6781086Z               }
2026-03-31T16:45:11.6781255Z             ],
2026-03-31T16:45:11.6781649Z             "compare": "https://github.com/docker/buildx/compare/f7897eba0285...581c232f8187",
2026-03-31T16:45:11.6782313Z             "created": false,
2026-03-31T16:45:11.6782610Z             "deleted": false,
2026-03-31T16:45:11.6782818Z             "enterprise": {
2026-03-31T16:45:11.6783131Z               "avatar_url": "https://avatars.githubusercontent.com/b/19176?v=4",
2026-03-31T16:45:11.6783500Z               "created_at": "2022-12-30T23:53:17Z",
2026-03-31T16:45:11.6783759Z               "description": null,
2026-03-31T16:45:11.6784033Z               "html_url": "https://github.com/enterprises/docker",
2026-03-31T16:45:11.6784319Z               "id": 19176,
2026-03-31T16:45:11.6784509Z               "name": "Docker",
2026-03-31T16:45:11.6784721Z               "node_id": "E_kgDNSug",
2026-03-31T16:45:11.6784937Z               "slug": "docker",
2026-03-31T16:45:11.6785341Z               "updated_at": "2026-03-30T21:15:15Z",
2026-03-31T16:45:11.6785592Z               "website_url": null
2026-03-31T16:45:11.6786077Z             },
2026-03-31T16:45:11.6786254Z             "forced": false,
2026-03-31T16:45:11.6786453Z             "head_commit": {
2026-03-31T16:45:11.6786649Z               "author": {
2026-03-31T16:45:11.6786859Z                 "email": "tonistiigi@gmail.com",
2026-03-31T16:45:11.6787204Z                 "name": "Tõnis Tiigi",
2026-03-31T16:45:11.6787586Z                 "username": "tonistiigi"
2026-03-31T16:45:11.6787812Z               },
2026-03-31T16:45:11.6787978Z               "committer": {
2026-03-31T16:45:11.6788195Z                 "email": "noreply@github.com",
2026-03-31T16:45:11.6788438Z                 "name": "GitHub",
2026-03-31T16:45:11.6788646Z                 "username": "web-flow"
2026-03-31T16:45:11.6788863Z               },
2026-03-31T16:45:11.6789024Z               "distinct": true,
2026-03-31T16:45:11.6789279Z               "id": "581c232f81877cf74523166796c08c5162ea2ed3",
2026-03-31T16:45:11.6789800Z               "message": "Merge pull request #3746 from crazy-max/buildkit-0.29\n\ndockerfile: update buildkit to v0.29.0",
2026-03-31T16:45:11.6790314Z               "timestamp": "2026-03-31T09:42:27-07:00",
2026-03-31T16:45:11.6790631Z               "tree_id": "db415e25821171fde09ed8b68d57d6146c825669",
2026-03-31T16:45:11.6791087Z               "url": "https://github.com/docker/buildx/commit/581c232f81877cf74523166796c08c5162ea2ed3"
2026-03-31T16:45:11.6791497Z             },
2026-03-31T16:45:11.6791663Z             "organization": {
2026-03-31T16:45:11.6791989Z               "avatar_url": "https://avatars.githubusercontent.com/u/5429470?v=4",
2026-03-31T16:45:11.6792612Z               "description": "Docker helps developers bring their ideas to life by conquering the complexity of app development.",
2026-03-31T16:45:11.6793206Z               "events_url": "https://api.github.com/orgs/docker/events",
2026-03-31T16:45:11.6793607Z               "hooks_url": "https://api.github.com/orgs/docker/hooks",
2026-03-31T16:45:11.6793913Z               "id": 5429470,
2026-03-31T16:45:11.6794198Z               "issues_url": "https://api.github.com/orgs/docker/issues",
2026-03-31T16:45:11.6794504Z               "login": "docker",
2026-03-31T16:45:11.6794825Z               "members_url": "https://api.github.com/orgs/docker/members{/member}",
2026-03-31T16:45:11.6795222Z               "node_id": "MDEyOk9yZ2FuaXphdGlvbjU0Mjk0NzA=",
2026-03-31T16:45:11.6795850Z               "public_members_url": "https://api.github.com/orgs/docker/public_members{/member}",
2026-03-31T16:45:11.6796471Z               "repos_url": "https://api.github.com/orgs/docker/repos",
2026-03-31T16:45:11.6796810Z               "url": "https://api.github.com/orgs/docker"
2026-03-31T16:45:11.6797072Z             },
2026-03-31T16:45:11.6797239Z             "pusher": {
2026-03-31T16:45:11.6797452Z               "email": "tonistiigi@gmail.com",
2026-03-31T16:45:11.6797705Z               "name": "tonistiigi"
2026-03-31T16:45:11.6797910Z             },
2026-03-31T16:45:11.6798076Z             "ref": "refs/heads/master",
2026-03-31T16:45:11.6798314Z             "repository": {
2026-03-31T16:45:11.6798519Z               "allow_forking": true,
2026-03-31T16:45:11.6798900Z               "archive_url": "https://api.github.com/repos/docker/buildx/{archive_format}{/ref}",
2026-03-31T16:45:11.6799289Z               "archived": false,
2026-03-31T16:45:11.6799641Z               "assignees_url": "https://api.github.com/repos/docker/buildx/assignees{/user}",
2026-03-31T16:45:11.6800142Z               "blobs_url": "https://api.github.com/repos/docker/buildx/git/blobs{/sha}",
2026-03-31T16:45:11.6800629Z               "branches_url": "https://api.github.com/repos/docker/buildx/branches{/branch}",
2026-03-31T16:45:11.6801061Z               "clone_url": "https://github.com/docker/buildx.git",
2026-03-31T16:45:11.6801681Z               "collaborators_url": "https://api.github.com/repos/docker/buildx/collaborators{/collaborator}",
2026-03-31T16:45:11.6802273Z               "comments_url": "https://api.github.com/repos/docker/buildx/comments{/number}",
2026-03-31T16:45:11.6802762Z               "commits_url": "https://api.github.com/repos/docker/buildx/commits{/sha}",
2026-03-31T16:45:11.6803256Z               "compare_url": "https://api.github.com/repos/docker/buildx/compare/{base}...{head}",
2026-03-31T16:45:11.6803775Z               "contents_url": "https://api.github.com/repos/docker/buildx/contents/{+path}",
2026-03-31T16:45:11.6804385Z               "contributors_url": "https://api.github.com/repos/docker/buildx/contributors",
2026-03-31T16:45:11.6804761Z               "created_at": 1553289607,
2026-03-31T16:45:11.6804995Z               "custom_properties": {
2026-03-31T16:45:11.6805212Z                 "Tier1": "true"
2026-03-31T16:45:11.6805408Z               },
2026-03-31T16:45:11.6805585Z               "default_branch": "master",
2026-03-31T16:45:11.6806249Z               "deployments_url": "https://api.github.com/repos/docker/buildx/deployments",
2026-03-31T16:45:11.6806758Z               "description": "Docker CLI plugin for extended build capabilities with BuildKit",
2026-03-31T16:45:11.6807140Z               "disabled": false,
2026-03-31T16:45:11.6807461Z               "downloads_url": "https://api.github.com/repos/docker/buildx/downloads",
2026-03-31T16:45:11.6807914Z               "events_url": "https://api.github.com/repos/docker/buildx/events",
2026-03-31T16:45:11.6808253Z               "fork": false,
2026-03-31T16:45:11.6808452Z               "forks": 630,
2026-03-31T16:45:11.6808655Z               "forks_count": 630,
2026-03-31T16:45:11.6808953Z               "forks_url": "https://api.github.com/repos/docker/buildx/forks",
2026-03-31T16:45:11.6809288Z               "full_name": "docker/buildx",
2026-03-31T16:45:11.6809673Z               "git_commits_url": "https://api.github.com/repos/docker/buildx/git/commits{/sha}",
2026-03-31T16:45:11.6810185Z               "git_refs_url": "https://api.github.com/repos/docker/buildx/git/refs{/sha}",
2026-03-31T16:45:11.6810664Z               "git_tags_url": "https://api.github.com/repos/docker/buildx/git/tags{/sha}",
2026-03-31T16:45:11.6811063Z               "git_url": "git://github.com/docker/buildx.git",
2026-03-31T16:45:11.6811349Z               "has_discussions": true,
2026-03-31T16:45:11.6811577Z               "has_downloads": true,
2026-03-31T16:45:11.6811801Z               "has_issues": true,
2026-03-31T16:45:11.6812012Z               "has_pages": false,
2026-03-31T16:45:11.6812223Z               "has_projects": false,
2026-03-31T16:45:11.6812450Z               "has_pull_requests": true,
2026-03-31T16:45:11.6812677Z               "has_wiki": false,
2026-03-31T16:45:11.6812888Z               "homepage": "",
2026-03-31T16:45:11.6813172Z               "hooks_url": "https://api.github.com/repos/docker/buildx/hooks",
2026-03-31T16:45:11.6813544Z               "html_url": "https://github.com/docker/buildx",
2026-03-31T16:45:11.6813816Z               "id": 177210627,
2026-03-31T16:45:11.6814019Z               "is_template": false,
2026-03-31T16:45:11.6814407Z               "issue_comment_url": "https://api.github.com/repos/docker/buildx/issues/comments{/number}",
2026-03-31T16:45:11.6814983Z               "issue_events_url": "https://api.github.com/repos/docker/buildx/issues/events{/number}",
2026-03-31T16:45:11.6815506Z               "issues_url": "https://api.github.com/repos/docker/buildx/issues{/number}",
2026-03-31T16:45:11.6816202Z               "keys_url": "https://api.github.com/repos/docker/buildx/keys{/key_id}",
2026-03-31T16:45:11.6816665Z               "labels_url": "https://api.github.com/repos/docker/buildx/labels{/name}",
2026-03-31T16:45:11.6817014Z               "language": "Go",
2026-03-31T16:45:11.6817335Z               "languages_url": "https://api.github.com/repos/docker/buildx/languages",
2026-03-31T16:45:11.6817683Z               "license": {
2026-03-31T16:45:11.6817881Z                 "key": "apache-2.0",
2026-03-31T16:45:11.6818343Z                 "name": "Apache License 2.0",
2026-03-31T16:45:11.6818602Z                 "node_id": "MDc6TGljZW5zZTI=",
2026-03-31T16:45:11.6818852Z                 "spdx_id": "Apache-2.0",
2026-03-31T16:45:11.6819136Z                 "url": "https://api.github.com/licenses/apache-2.0"
2026-03-31T16:45:11.6819418Z               },
2026-03-31T16:45:11.6819590Z               "master_branch": "master",
2026-03-31T16:45:11.6819910Z               "merges_url": "https://api.github.com/repos/docker/buildx/merges",
2026-03-31T16:45:11.6820499Z               "milestones_url": "https://api.github.com/repos/docker/buildx/milestones{/number}",
2026-03-31T16:45:11.6820886Z               "mirror_url": null,
2026-03-31T16:45:11.6821099Z               "name": "buildx",
2026-03-31T16:45:11.6821351Z               "node_id": "MDEwOlJlcG9zaXRvcnkxNzcyMTA2Mjc=",
2026-03-31T16:45:11.6821878Z               "notifications_url": "https://api.github.com/repos/docker/buildx/notifications{?since,all,participating}",
2026-03-31T16:45:11.6822357Z               "open_issues": 383,
2026-03-31T16:45:11.6822577Z               "open_issues_count": 383,
2026-03-31T16:45:11.6822809Z               "organization": "docker",
2026-03-31T16:45:11.6823032Z               "owner": {
2026-03-31T16:45:11.6823338Z                 "avatar_url": "https://avatars.githubusercontent.com/u/5429470?v=4",
2026-03-31T16:45:11.6823708Z                 "email": "github@docker.com",
2026-03-31T16:45:11.6824062Z                 "events_url": "https://api.github.com/users/docker/events{/privacy}",
2026-03-31T16:45:11.6824529Z                 "followers_url": "https://api.github.com/users/docker/followers",
2026-03-31T16:45:11.6825001Z                 "following_url": "https://api.github.com/users/docker/following{/other_user}",
2026-03-31T16:45:11.6825473Z                 "gists_url": "https://api.github.com/users/docker/gists{/gist_id}",
2026-03-31T16:45:11.6826035Z                 "gravatar_id": "",
2026-03-31T16:45:11.6826301Z                 "html_url": "https://github.com/docker",
2026-03-31T16:45:11.6826561Z                 "id": 5429470,
2026-03-31T16:45:11.6826764Z                 "login": "docker",
2026-03-31T16:45:11.6826969Z                 "name": "docker",
2026-03-31T16:45:11.6827229Z                 "node_id": "MDEyOk9yZ2FuaXphdGlvbjU0Mjk0NzA=",
2026-03-31T16:45:11.6827605Z                 "organizations_url": "https://api.github.com/users/docker/orgs",
2026-03-31T16:45:11.6828074Z                 "received_events_url": "https://api.github.com/users/docker/received_events",
2026-03-31T16:45:11.6828539Z                 "repos_url": "https://api.github.com/users/docker/repos",
2026-03-31T16:45:11.6828846Z                 "site_admin": false,
2026-03-31T16:45:11.6829197Z                 "starred_url": "https://api.github.com/users/docker/starred{/owner}{/repo}",
2026-03-31T16:45:11.6829683Z                 "subscriptions_url": "https://api.github.com/users/docker/subscriptions",
2026-03-31T16:45:11.6830055Z                 "type": "Organization",
2026-03-31T16:45:11.6830322Z                 "url": "https://api.github.com/users/docker",
2026-03-31T16:45:11.6830608Z                 "user_view_type": "public"
2026-03-31T16:45:11.6830832Z               },
2026-03-31T16:45:11.6831001Z               "private": false,
2026-03-31T16:45:11.6831238Z               "pull_request_creation_policy": "all",
2026-03-31T16:45:11.6831603Z               "pulls_url": "https://api.github.com/repos/docker/buildx/pulls{/number}",
2026-03-31T16:45:11.6831971Z               "pushed_at": 1774975348,
2026-03-31T16:45:11.6832308Z               "releases_url": "https://api.github.com/repos/docker/buildx/releases{/id}",
2026-03-31T16:45:11.6832663Z               "size": 57556,
2026-03-31T16:45:11.6832895Z               "ssh_url": "git@github.com:docker/buildx.git",
2026-03-31T16:45:11.6833165Z               "stargazers": 4346,
2026-03-31T16:45:11.6833380Z               "stargazers_count": 4346,
2026-03-31T16:45:11.6833839Z               "stargazers_url": "https://api.github.com/repos/docker/buildx/stargazers",
2026-03-31T16:45:11.6834324Z               "statuses_url": "https://api.github.com/repos/docker/buildx/statuses/{sha}",
2026-03-31T16:45:11.6834803Z               "subscribers_url": "https://api.github.com/repos/docker/buildx/subscribers",
2026-03-31T16:45:11.6835304Z               "subscription_url": "https://api.github.com/repos/docker/buildx/subscription",
2026-03-31T16:45:11.6835913Z               "svn_url": "https://github.com/docker/buildx",
2026-03-31T16:45:11.6836393Z               "tags_url": "https://api.github.com/repos/docker/buildx/tags",
2026-03-31T16:45:11.6836797Z               "teams_url": "https://api.github.com/repos/docker/buildx/teams",
2026-03-31T16:45:11.6837113Z               "topics": [],
2026-03-31T16:45:11.6837425Z               "trees_url": "https://api.github.com/repos/docker/buildx/git/trees{/sha}",
2026-03-31T16:45:11.6837793Z               "updated_at": "2026-03-31T14:08:09Z",
2026-03-31T16:45:11.6838097Z               "url": "https://api.github.com/repos/docker/buildx",
2026-03-31T16:45:11.6838394Z               "visibility": "public",
2026-03-31T16:45:11.6838620Z               "watchers": 4346,
2026-03-31T16:45:11.6838834Z               "watchers_count": 4346,
2026-03-31T16:45:11.6839077Z               "web_commit_signoff_required": false
2026-03-31T16:45:11.6839319Z             },
2026-03-31T16:45:11.6839486Z             "sender": {
2026-03-31T16:45:11.6839787Z               "avatar_url": "https://avatars.githubusercontent.com/u/585223?v=4",
2026-03-31T16:45:11.6840251Z               "events_url": "https://api.github.com/users/tonistiigi/events{/privacy}",
2026-03-31T16:45:11.6840716Z               "followers_url": "https://api.github.com/users/tonistiigi/followers",
2026-03-31T16:45:11.6841210Z               "following_url": "https://api.github.com/users/tonistiigi/following{/other_user}",
2026-03-31T16:45:11.6841698Z               "gists_url": "https://api.github.com/users/tonistiigi/gists{/gist_id}",
2026-03-31T16:45:11.6842055Z               "gravatar_id": "",
2026-03-31T16:45:11.6842309Z               "html_url": "https://github.com/tonistiigi",
2026-03-31T16:45:11.6842575Z               "id": 585223,
2026-03-31T16:45:11.6842768Z               "login": "tonistiigi",
2026-03-31T16:45:11.6843013Z               "node_id": "MDQ6VXNlcjU4NTIyMw==",
2026-03-31T16:45:11.6843364Z               "organizations_url": "https://api.github.com/users/tonistiigi/orgs",
2026-03-31T16:45:11.6843852Z               "received_events_url": "https://api.github.com/users/tonistiigi/received_events",
2026-03-31T16:45:11.6844321Z               "repos_url": "https://api.github.com/users/tonistiigi/repos",
2026-03-31T16:45:11.6844638Z               "site_admin": false,
2026-03-31T16:45:11.6844992Z               "starred_url": "https://api.github.com/users/tonistiigi/starred{/owner}{/repo}",
2026-03-31T16:45:11.6845498Z               "subscriptions_url": "https://api.github.com/users/tonistiigi/subscriptions",
2026-03-31T16:45:11.6846093Z               "type": "User",
2026-03-31T16:45:11.6846356Z               "url": "https://api.github.com/users/tonistiigi",
2026-03-31T16:45:11.6846641Z               "user_view_type": "public"
2026-03-31T16:45:11.6846861Z             }
2026-03-31T16:45:11.6847011Z           },
2026-03-31T16:45:11.6847174Z           "github_job": "build",
2026-03-31T16:45:11.6847392Z           "github_ref": "refs/heads/master",
2026-03-31T16:45:11.6847636Z           "github_ref_name": "master",
2026-03-31T16:45:11.6847867Z           "github_ref_protected": "true",
2026-03-31T16:45:11.6848110Z           "github_ref_type": "branch",
2026-03-31T16:45:11.6848348Z           "github_repository": "docker/buildx",
2026-03-31T16:45:11.6848607Z           "github_repository_id": "177210627",
2026-03-31T16:45:11.6848858Z           "github_repository_owner": "docker",
2026-03-31T16:45:11.6849113Z           "github_repository_owner_id": "5429470",
2026-03-31T16:45:11.6849367Z           "github_run_attempt": "1",
2026-03-31T16:45:11.6849588Z           "github_run_id": "23808803085",
2026-03-31T16:45:11.6849937Z           "github_run_number": "7027",
2026-03-31T16:45:11.6850169Z           "github_runner_arch": "X64",
2026-03-31T16:45:11.6850435Z           "github_runner_environment": "github-hosted",
2026-03-31T16:45:11.6850727Z           "github_runner_image_os": "ubuntu24",
2026-03-31T16:45:11.6851011Z           "github_runner_image_version": "20260323.65.1",
2026-03-31T16:45:11.6851315Z           "github_runner_name": "GitHub Actions 1006642560",
2026-03-31T16:45:11.6851726Z           "github_runner_os": "Linux",
2026-03-31T16:45:11.6852066Z           "github_runner_tracking_id": "github_9fcf1dd2-a04f-4b78-9f63-57bb4f954835",
2026-03-31T16:45:11.6852455Z           "github_server_url": "https://github.com",
2026-03-31T16:45:11.6852742Z           "github_triggering_actor": "tonistiigi",
2026-03-31T16:45:11.6852995Z           "github_workflow": "build",
2026-03-31T16:45:11.6853370Z           "github_workflow_ref": "docker/buildx/.github/workflows/build.yml@refs/heads/master",
2026-03-31T16:45:11.6853849Z           "github_workflow_sha": "581c232f81877cf74523166796c08c5162ea2ed3",
2026-03-31T16:45:11.6854170Z           "platform": "linux/amd64"
2026-03-31T16:45:11.6854380Z         }
2026-03-31T16:45:11.6854519Z       }
2026-03-31T16:45:11.6854657Z     },
2026-03-31T16:45:11.6855167Z     "buildx.build.ref": "builder-1b09dbd3-519d-4c74-94d6-776770602b78/builder-1b09dbd3-519d-4c74-94d6-776770602b780/kg3648yp5qka7kt97kro4g5un"
2026-03-31T16:45:11.6856036Z   }
2026-03-31T16:45:11.6856291Z }
2026-03-31T16:45:11.6856729Z ##[endgroup]
2026-03-31T16:45:11.6857040Z ##[group]Build references
2026-03-31T16:45:11.6857527Z builder-1b09dbd3-519d-4c74-94d6-776770602b78/builder-1b09dbd3-519d-4c74-94d6-776770602b780/kg3648yp5qka7kt97kro4g5un
2026-03-31T16:45:11.6858158Z ##[endgroup]
2026-03-31T16:45:11.6858456Z ##[group]Check build summary support
2026-03-31T16:45:11.6858809Z Build summary supported!
2026-03-31T16:45:11.6859112Z ##[endgroup]
2026-03-31T16:45:11.6921878Z ##[group]Run actions/github-script@ed597411d8f924073f98dfc5c65a23a2325f34cd
2026-03-31T16:45:11.6922268Z with:
2026-03-31T16:45:11.6925499Z   script: const path = require('path');
const { Sigstore } = require('@docker/actions-toolkit/lib/sigstore/sigstore');
const inplocalExportDir = core.getInput('local-output-dir');

const sigstore = new Sigstore();
const signResults = await sigstore.signProvenanceBlobs({
  localExportDir: inplocalExportDir
});

const verifyResults = await sigstore.verifySignedArtifacts(signResults, {
  certificateIdentityRegexp: `^https://github.com/docker/github-builder/.github/workflows/bake.yml.*$`
});

await core.group(`Verify commands`, async () => {
  const verifyCommands = [];
  for (const [artifactPath, verifyResult] of Object.entries(verifyResults)) {
    const cmd = `cosign ${verifyResult.cosignArgs.join(' ')} --bundle ${path.relative(inplocalExportDir, verifyResult.bundlePath)} ${path.relative(inplocalExportDir, artifactPath)}`;
    core.info(cmd);
    verifyCommands.push(cmd);
  }
  core.setOutput('verify-commands', verifyCommands.join('\n'));
});

2026-03-31T16:45:11.6929126Z   github-token: ***
2026-03-31T16:45:11.6929314Z   debug: false
2026-03-31T16:45:11.6929500Z   user-agent: actions/github-script
2026-03-31T16:45:11.6929736Z   result-encoding: json
2026-03-31T16:45:11.6929919Z   retries: 0
2026-03-31T16:45:11.6930132Z   retry-exempt-status-codes: 400,401,403,404,422
2026-03-31T16:45:11.6930382Z env:
2026-03-31T16:45:11.6930543Z   BUILDX_VERSION: v0.32.1
2026-03-31T16:45:11.6930758Z   BUILDKIT_IMAGE: moby/buildkit:v0.28.0
2026-03-31T16:45:11.6931038Z   SBOM_IMAGE: docker/buildkit-syft-scanner:1.10.0
2026-03-31T16:45:11.6931337Z   BINFMT_IMAGE: tonistiigi/binfmt:qemu-v10.2.1-65
2026-03-31T16:45:11.6931664Z   DOCKER_ACTIONS_TOOLKIT_MODULE: @docker/actions-toolkit@0.83.0
2026-03-31T16:45:11.6931985Z   HANDLEBARS_MODULE: handlebars@4.7.8
2026-03-31T16:45:11.6932210Z   COSIGN_VERSION: v3.0.2
2026-03-31T16:45:11.6932425Z   LOCAL_EXPORT_DIR: /tmp/buildx-output
2026-03-31T16:45:11.6932654Z   MATRIX_SIZE_LIMIT: 20
2026-03-31T16:45:11.6932918Z   ACTIONS_RUNNER_ACTION_ARCHIVE_CACHE: /opt/actionarchivecache
2026-03-31T16:45:11.6933591Z   ACTIONS_RUNTIME_URL: https://pipelinesghubeus2.actions.githubusercontent.com/WzFg38Z1binMgG0FXaKEfCohGMuS9SP2f5wETQtMYcq6LTupeE/
2026-03-31T16:45:11.7047501Z   ACTIONS_RUNTIME_TOKEN: ***
2026-03-31T16:45:11.7048068Z   ACTIONS_CACHE_URL: https://acghubeus2.actions.githubusercontent.com/WzFg38Z1binMgG0FXaKEfCohGMuS9SP2f5wETQtMYcq6LTupeE/
2026-03-31T16:45:11.7049218Z   ACTIONS_ID_TOKEN_REQUEST_URL: https://run-actions-2-azure-eastus.actions.githubusercontent.com/133//idtoken/1193ce03-d8d3-4af2-befd-82cb8c2e47a5/6a69618c-9119-5ffc-904b-02278d2e135a?api-version=2.0
2026-03-31T16:45:11.7162728Z   ACTIONS_ID_TOKEN_REQUEST_TOKEN: ***
2026-03-31T16:45:11.7163127Z   ACTIONS_RESULTS_URL: https://results-receiver.actions.githubusercontent.com/
2026-03-31T16:45:11.7163526Z   ACTIONS_CACHE_SERVICE_V2: True
2026-03-31T16:45:11.7163984Z   ACTIONS_ORCHESTRATION_ID: 1193ce03-d8d3-4af2-befd-82cb8c2e47a5.binaries.build._3_freebsd_arm64_ubuntu-2
2026-03-31T16:45:11.7164481Z   INPUT_LOCAL-OUTPUT-DIR: /tmp/buildx-output
2026-03-31T16:45:11.7164727Z ##[endgroup]
2026-03-31T16:45:12.1253877Z Upload to transparency log: enabled
2026-03-31T16:45:12.1255019Z Using Sigstore signing endpoint: https://fulcio.sigstore.dev
2026-03-31T16:45:12.1260598Z ##[group]Signing /tmp/buildx-output/freebsd_arm64/provenance.json
2026-03-31T16:45:45.5628582Z ##[endgroup]
2026-03-31T16:45:45.5655210Z Error: Signing BuildKit provenance blobs failed: error retrieving identity token
2026-03-31T16:45:45.5656665Z     at Sigstore.signProvenanceBlobs (file:///home/runner/work/buildx/buildx/node_modules/@docker/actions-toolkit/lib/sigstore/sigstore.js:289:19)
2026-03-31T16:45:45.5658163Z     at process.processTicksAndRejections (node:internal/process/task_queues:104:5)
2026-03-31T16:45:45.5660693Z     at async eval (eval at callAsyncFunction (/home/runner/work/_actions/actions/github-script/ed597411d8f924073f98dfc5c65a23a2325f34cd/dist/index.js:36187:16), <anonymous>:8:21)
2026-03-31T16:45:45.5662942Z     at async main (/home/runner/work/_actions/actions/github-script/ed597411d8f924073f98dfc5c65a23a2325f34cd/dist/index.js:36285:20)
2026-03-31T16:45:45.5685498Z ##[error]Unhandled error: Error: Signing BuildKit provenance blobs failed: error retrieving identity token
2026-03-31T16:45:45.5847166Z Post job cleanup.
2026-03-31T16:45:45.8283414Z ##[group]Generating build summary
2026-03-31T16:45:45.8919099Z exporting build record to /home/runner/work/_temp/docker-actions-toolkit-MDXZuo/export
2026-03-31T16:45:46.0068757Z [command]/usr/bin/docker buildx history export --builder builder-1b09dbd3-519d-4c74-94d6-776770602b78 --output /home/runner/work/_temp/docker-actions-toolkit-MDXZuo/export/docker~buildx~KG3648.dockerbuild kg3648yp5qka7kt97kro4g5un --finalize
2026-03-31T16:45:46.2483233Z Build records written to /home/runner/work/_temp/docker-actions-toolkit-MDXZuo/export/docker~buildx~KG3648.dockerbuild (55.22 KB)
2026-03-31T16:45:46.2484356Z Uploading docker~buildx~KG3648.dockerbuild as an artifact
2026-03-31T16:45:46.2490308Z Artifact name is valid!
2026-03-31T16:45:46.2490791Z Root directory input is valid!
2026-03-31T16:45:46.4705984Z Uploading artifact: docker~buildx~KG3648.dockerbuild
2026-03-31T16:45:46.4742786Z Beginning upload of artifact content to blob storage
2026-03-31T16:45:46.6966716Z Uploaded bytes 56545
2026-03-31T16:45:46.7414528Z Finished uploading artifact content to blob storage!
2026-03-31T16:45:46.7415506Z SHA256 digest of uploaded artifact is 5414a7a66448108935f5f2fa529b1a17467496eaf5da92ad1054f9fb1120872e
2026-03-31T16:45:46.7416668Z Finalizing artifact upload
2026-03-31T16:45:46.9380388Z Artifact docker~buildx~KG3648.dockerbuild successfully finalized. Artifact ID 6204215689
2026-03-31T16:45:46.9382047Z Artifact download URL: https://github.com/docker/buildx/actions/runs/23808803085/artifacts/6204215689
2026-03-31T16:45:46.9408684Z Writing summary
2026-03-31T16:45:46.9420630Z ##[endgroup]
2026-03-31T16:45:46.9421427Z ##[group]Removing temp folder /home/runner/work/_temp/docker-actions-toolkit-TfQVYT
2026-03-31T16:45:46.9422694Z ##[endgroup]
2026-03-31T16:45:46.9423191Z ##[group]Post cache
2026-03-31T16:45:46.9423844Z State not set
2026-03-31T16:45:46.9424328Z ##[endgroup]
2026-03-31T16:45:46.9601198Z Post job cleanup.
2026-03-31T16:45:47.1597871Z ##[group]BuildKit container logs
2026-03-31T16:45:47.1641390Z [command]/usr/bin/docker logs buildx_buildkit_builder-1b09dbd3-519d-4c74-94d6-776770602b780
2026-03-31T16:45:47.1806532Z time="2026-03-31T16:43:38Z" level=info msg="auto snapshotter: using overlayfs"
2026-03-31T16:45:47.1816793Z time="2026-03-31T16:43:38Z" level=warning msg="using host network as the default"
2026-03-31T16:45:47.1842046Z time="2026-03-31T16:43:38Z" level=info msg="found worker \"obhouvonkk4k0usdv42oba6qs\", labels=map[org.mobyproject.buildkit.worker.executor:oci org.mobyproject.buildkit.worker.hostname:4f8641520fed org.mobyproject.buildkit.worker.network:host org.mobyproject.buildkit.worker.oci.process-mode:sandbox org.mobyproject.buildkit.worker.selinux.enabled:false org.mobyproject.buildkit.worker.snapshotter:overlayfs], platforms=[linux/amd64 linux/amd64/v2 linux/amd64/v3 linux/386]"
2026-03-31T16:45:47.1846231Z time="2026-03-31T16:43:38Z" level=warning msg="skipping containerd worker, as \"/run/containerd/containerd.sock\" does not exist"
2026-03-31T16:45:47.1847486Z time="2026-03-31T16:43:38Z" level=info msg="found 1 workers, default=\"obhouvonkk4k0usdv42oba6qs\""
2026-03-31T16:45:47.1848526Z time="2026-03-31T16:43:38Z" level=warning msg="currently, only the default worker can be used."
2026-03-31T16:45:47.1849505Z time="2026-03-31T16:43:38Z" level=info msg="running server on /run/buildkit/buildkitd.sock"
2026-03-31T16:45:47.1850691Z time="2026-03-31T16:43:42Z" level=debug msg="session started" spanID=a9fa5bf1d7433b3b traceID=38179c27a60e1268a589a7963a43f2bd
2026-03-31T16:45:47.1852057Z time="2026-03-31T16:43:45Z" level=debug msg="session finished: <nil>" spanID=a9fa5bf1d7433b3b traceID=38179c27a60e1268a589a7963a43f2bd
2026-03-31T16:45:47.1853442Z time="2026-03-31T16:43:45Z" level=debug msg="session started" spanID=2419868c5f1b2805 traceID=bb40074a29d558f5610c160ce576eaf2
2026-03-31T16:45:47.1856660Z time="2026-03-31T16:43:45Z" level=debug msg="load cache for [internal] load git source https://github.com/docker/buildx.git#refs/heads/master:. with obhouvonkk4k0usdv42oba6qs::hxiw0v3mwr0sn9ec0uabvlal8"
2026-03-31T16:45:47.1860852Z time="2026-03-31T16:43:45Z" level=debug msg="session finished: <nil>" spanID=2419868c5f1b2805 traceID=bb40074a29d558f5610c160ce576eaf2
2026-03-31T16:45:47.1862357Z time="2026-03-31T16:43:45Z" level=debug msg="session started" spanID=4991e14457622e32 traceID=07cc71032fd97b882df515d19361b9b9
2026-03-31T16:45:47.1864315Z time="2026-03-31T16:43:46Z" level=debug msg="load cache for [internal] load git source https://github.com/docker/buildx.git#refs/heads/master:. with obhouvonkk4k0usdv42oba6qs::hxiw0v3mwr0sn9ec0uabvlal8"
2026-03-31T16:45:47.1866540Z time="2026-03-31T16:43:46Z" level=debug msg="session finished: <nil>" spanID=4991e14457622e32 traceID=07cc71032fd97b882df515d19361b9b9
2026-03-31T16:45:47.1868037Z time="2026-03-31T16:43:46Z" level=debug msg="session started" spanID=3353a51d1aac95c5 traceID=07cc71032fd97b882df515d19361b9b9
2026-03-31T16:45:47.1869531Z time="2026-03-31T16:43:46Z" level=debug msg="session finished: <nil>" spanID=3353a51d1aac95c5 traceID=07cc71032fd97b882df515d19361b9b9
2026-03-31T16:45:47.1870995Z time="2026-03-31T16:43:46Z" level=debug msg="session started" spanID=c481b7c82b7addce traceID=6d695cacdcafc17b4593aee628a8ef1d
2026-03-31T16:45:47.1873001Z time="2026-03-31T16:43:46Z" level=debug msg="load cache for [internal] load git source https://github.com/docker/buildx.git#refs/heads/master:. with obhouvonkk4k0usdv42oba6qs::hxiw0v3mwr0sn9ec0uabvlal8"
2026-03-31T16:45:47.1875972Z time="2026-03-31T16:43:46Z" level=error msg="/moby.buildkit.v1.frontend.LLBBridge/StatFile returned error: rpc error: code = Unknown desc = lstat Dockerfile.rego: no such file or directory" spanID=90ecca58e8909e00 traceID=07cc71032fd97b882df515d19361b9b9
2026-03-31T16:45:47.1877838Z lstat Dockerfile.rego: no such file or directory
2026-03-31T16:45:47.1879233Z 7 v0.28.0 /usr/bin/buildkitd --config /etc/buildkit/buildkitd.toml --debug --allow-insecure-entitlement=network.host
2026-03-31T16:45:47.1880231Z github.com/tonistiigi/fsutil.Stat
2026-03-31T16:45:47.1880761Z 	/src/vendor/github.com/tonistiigi/fsutil/stat.go:61
2026-03-31T16:45:47.1881332Z github.com/moby/buildkit/cache/util.StatFile
2026-03-31T16:45:47.1882121Z 	/src/cache/util/fsutil.go:99
2026-03-31T16:45:47.1882756Z github.com/moby/buildkit/frontend/gateway.(*llbBridgeForwarder).StatFile
2026-03-31T16:45:47.1883482Z 	/src/frontend/gateway/gateway.go:986
2026-03-31T16:45:47.1884120Z github.com/moby/buildkit/control/gateway.(*GatewayForwarder).StatFile
2026-03-31T16:45:47.1884795Z 	/src/control/gateway/gateway.go:172
2026-03-31T16:45:47.1885470Z github.com/moby/buildkit/frontend/gateway/pb._LLBBridge_StatFile_Handler.func1
2026-03-31T16:45:47.1886548Z 	/src/frontend/gateway/pb/gateway_grpc.pb.go:469
2026-03-31T16:45:47.1887107Z google.golang.org/grpc.getChainUnaryHandler.func1
2026-03-31T16:45:47.1887574Z 	/src/vendor/google.golang.org/grpc/server.go:1241
2026-03-31T16:45:47.1887883Z main.unaryInterceptor
2026-03-31T16:45:47.1888101Z 	/src/cmd/buildkitd/main.go:734
2026-03-31T16:45:47.1888569Z google.golang.org/grpc.NewServer.chainUnaryServerInterceptors.chainUnaryInterceptors.func1
2026-03-31T16:45:47.1889089Z 	/src/vendor/google.golang.org/grpc/server.go:1232
2026-03-31T16:45:47.1889488Z github.com/moby/buildkit/frontend/gateway/pb._LLBBridge_StatFile_Handler
2026-03-31T16:45:47.1889900Z 	/src/frontend/gateway/pb/gateway_grpc.pb.go:471
2026-03-31T16:45:47.1890222Z google.golang.org/grpc.(*Server).processUnaryRPC
2026-03-31T16:45:47.1890540Z 	/src/vendor/google.golang.org/grpc/server.go:1428
2026-03-31T16:45:47.1890852Z google.golang.org/grpc.(*Server).handleStream
2026-03-31T16:45:47.1891150Z 	/src/vendor/google.golang.org/grpc/server.go:1832
2026-03-31T16:45:47.1891468Z google.golang.org/grpc.(*Server).serveStreams.func2.1
2026-03-31T16:45:47.1891807Z 	/src/vendor/google.golang.org/grpc/server.go:1063
2026-03-31T16:45:47.1892072Z runtime.goexit
2026-03-31T16:45:47.1892267Z 	/usr/local/go/src/runtime/asm_amd64.s:1693
2026-03-31T16:45:47.1892452Z 
2026-03-31T16:45:47.1892796Z 7 v0.28.0 /usr/bin/buildkitd --config /etc/buildkit/buildkitd.toml --debug --allow-insecure-entitlement=network.host
2026-03-31T16:45:47.1893310Z main.unaryInterceptor
2026-03-31T16:45:47.1893527Z 	/src/cmd/buildkitd/main.go:738
2026-03-31T16:45:47.1893974Z google.golang.org/grpc.NewServer.chainUnaryServerInterceptors.chainUnaryInterceptors.func1
2026-03-31T16:45:47.1894497Z 	/src/vendor/google.golang.org/grpc/server.go:1232
2026-03-31T16:45:47.1894700Z 
2026-03-31T16:45:47.1895042Z 7 v0.28.0 /usr/bin/buildkitd --config /etc/buildkit/buildkitd.toml --debug --allow-insecure-entitlement=network.host
2026-03-31T16:45:47.1896314Z github.com/moby/buildkit/cache/util.StatFile
2026-03-31T16:45:47.1896604Z 	/src/cache/util/fsutil.go:105
2026-03-31T16:45:47.1896952Z github.com/moby/buildkit/frontend/gateway.(*llbBridgeForwarder).StatFile
2026-03-31T16:45:47.1897343Z 	/src/frontend/gateway/gateway.go:986
2026-03-31T16:45:47.1897513Z 
2026-03-31T16:45:47.1897864Z time="2026-03-31T16:43:46Z" level=debug msg="session started" spanID=d4bc60caa49c938a traceID=07cc71032fd97b882df515d19361b9b9
2026-03-31T16:45:47.1898764Z time="2026-03-31T16:43:46Z" level=debug msg="resolve exporter local with map[platform-split:true]" spanID=023dcf0e700ab626 traceID=07cc71032fd97b882df515d19361b9b9
2026-03-31T16:45:47.1900004Z time="2026-03-31T16:43:46Z" level=debug msg="parsed token: scopes: [{Scope:refs/heads/master Permission:Read|Write}], issued: 2026-03-31 16:38:13 +0000 UTC, expires: 2026-03-31 22:53:13 +0000 UTC"
2026-03-31T16:45:47.1901180Z time="2026-03-31T16:43:48Z" level=debug msg="checked for cached auth handler namespace" cached=false key="docker.io/docker/dockerfile::pull" name=docker.io/docker/dockerfile scope=pull
2026-03-31T16:45:47.1902272Z time="2026-03-31T16:43:48Z" level=debug msg=resolving span="resolving docker.io/docker/dockerfile:1" spanID=09629a129966dd3b traceID=07cc71032fd97b882df515d19361b9b9
2026-03-31T16:45:47.1904532Z time="2026-03-31T16:43:48Z" level=debug msg="do request" request.header.accept="application/vnd.docker.distribution.manifest.v2+json, application/vnd.docker.distribution.manifest.list.v2+json, application/vnd.oci.image.manifest.v1+json, application/vnd.oci.image.index.v1+json, */*" request.header.user-agent=buildkit/v0.28 request.method=HEAD span="resolving docker.io/docker/dockerfile:1" spanID=09629a129966dd3b traceID=07cc71032fd97b882df515d19361b9b9
2026-03-31T16:45:47.1909142Z time="2026-03-31T16:43:48Z" level=debug msg="fetch response received" response.header.connection=keep-alive response.header.content-length=160 response.header.content-type=application/json response.header.date="Tue, 31 Mar 2026 16:43:48 GMT" response.header.docker-distribution-api-version=registry/2.0 response.header.docker-ratelimit-source=132.196.94.37 response.header.strict-transport-security="max-age=31536000" response.header.www-authenticate="***"https://auth.docker.io/token\",service=\"registry.docker.io\",scope=\"repository:docker/dockerfile:pull\"" response.status="401 Unauthorized" span="resolving docker.io/docker/dockerfile:1" spanID=09629a129966dd3b traceID=07cc71032fd97b882df515d19361b9b9
2026-03-31T16:45:47.1912615Z time="2026-03-31T16:43:48Z" level=debug msg=Unauthorized header="***"https://auth.docker.io/token\",service=\"registry.docker.io\",scope=\"repository:docker/dockerfile:pull\"" span="resolving docker.io/docker/dockerfile:1" spanID=09629a129966dd3b traceID=07cc71032fd97b882df515d19361b9b9
2026-03-31T16:45:47.1915279Z time="2026-03-31T16:43:48Z" level=debug msg="do request" request.header.accept="application/vnd.docker.distribution.manifest.v2+json, application/vnd.docker.distribution.manifest.list.v2+json, application/vnd.oci.image.manifest.v1+json, application/vnd.oci.image.index.v1+json, */*" request.header.user-agent=buildkit/v0.28 request.method=HEAD span="resolving docker.io/docker/dockerfile:1" spanID=09629a129966dd3b traceID=07cc71032fd97b882df515d19361b9b9
2026-03-31T16:45:47.1919938Z time="2026-03-31T16:43:48Z" level=debug msg="fetch response received" response.header.connection=keep-alive response.header.content-length=8426 response.header.content-type=application/vnd.oci.image.index.v1+json response.header.date="Tue, 31 Mar 2026 16:43:48 GMT" response.header.docker-content-digest="sha256:4a43a54dd1fedceb30ba47e76cfcf2b47304f4161c0caeac2db1c61804ea3c91" response.header.docker-distribution-api-version=registry/2.0 response.header.docker-ratelimit-source=59aa2839-97c5-4781-8b76-14f597fd2a04 response.header.etag="\"sha256:4a43a54dd1fedceb30ba47e76cfcf2b47304f4161c0caeac2db1c61804ea3c91\"" response.header.strict-transport-security="max-age=31536000" response.status="200 OK" span="resolving docker.io/docker/dockerfile:1" spanID=09629a129966dd3b traceID=07cc71032fd97b882df515d19361b9b9
2026-03-31T16:45:47.1923865Z time="2026-03-31T16:43:48Z" level=debug msg=resolved desc.digest="sha256:4a43a54dd1fedceb30ba47e76cfcf2b47304f4161c0caeac2db1c61804ea3c91" span="resolving docker.io/docker/dockerfile:1" spanID=09629a129966dd3b traceID=07cc71032fd97b882df515d19361b9b9
2026-03-31T16:45:47.1925201Z time="2026-03-31T16:43:48Z" level=debug msg=fetch span="resolving docker.io/docker/dockerfile:1" spanID=09629a129966dd3b traceID=07cc71032fd97b882df515d19361b9b9
2026-03-31T16:45:47.1927319Z time="2026-03-31T16:43:48Z" level=debug msg="fetching layer" chunk_size=0 initial_parallelism=0 offset=0 parallelism=1 span="resolving docker.io/docker/dockerfile:1" spanID=09629a129966dd3b traceID=07cc71032fd97b882df515d19361b9b9
2026-03-31T16:45:47.1929281Z time="2026-03-31T16:43:48Z" level=debug msg="do request" request.header.accept="application/vnd.oci.image.index.v1+json, */*" request.header.accept-encoding="zstd;q=1.0, gzip;q=0.8, deflate;q=0.5" request.header.user-agent=buildkit/v0.28 request.method=GET span="resolving docker.io/docker/dockerfile:1" spanID=09629a129966dd3b traceID=07cc71032fd97b882df515d19361b9b9
2026-03-31T16:45:47.1933412Z time="2026-03-31T16:43:49Z" level=debug msg="fetch response received" response.header.connection=keep-alive response.header.content-length=8426 response.header.content-type=application/vnd.oci.image.index.v1+json response.header.date="Tue, 31 Mar 2026 16:43:49 GMT" response.header.docker-content-digest="sha256:4a43a54dd1fedceb30ba47e76cfcf2b47304f4161c0caeac2db1c61804ea3c91" response.header.docker-distribution-api-version=registry/2.0 response.header.docker-ratelimit-source=132.196.94.37 response.header.etag="\"sha256:4a43a54dd1fedceb30ba47e76cfcf2b47304f4161c0caeac2db1c61804ea3c91\"" response.header.strict-transport-security="max-age=31536000" response.status="200 OK" span="resolving docker.io/docker/dockerfile:1" spanID=09629a129966dd3b traceID=07cc71032fd97b882df515d19361b9b9
2026-03-31T16:45:47.1937142Z time="2026-03-31T16:43:49Z" level=debug msg=fetch span="resolving docker.io/docker/dockerfile:1" spanID=09629a129966dd3b traceID=07cc71032fd97b882df515d19361b9b9
2026-03-31T16:45:47.1938374Z time="2026-03-31T16:43:49Z" level=debug msg="fetching layer" chunk_size=0 initial_parallelism=0 offset=0 parallelism=1 span="resolving docker.io/docker/dockerfile:1" spanID=09629a129966dd3b traceID=07cc71032fd97b882df515d19361b9b9
2026-03-31T16:45:47.1940307Z time="2026-03-31T16:43:49Z" level=debug msg="do request" request.header.accept="application/vnd.oci.image.manifest.v1+json, */*" request.header.accept-encoding="zstd;q=1.0, gzip;q=0.8, deflate;q=0.5" request.header.user-agent=buildkit/v0.28 request.method=GET span="resolving docker.io/docker/dockerfile:1" spanID=09629a129966dd3b traceID=07cc71032fd97b882df515d19361b9b9
2026-03-31T16:45:47.1944283Z time="2026-03-31T16:43:49Z" level=debug msg="fetch response received" response.header.connection=keep-alive response.header.content-length=1134 response.header.content-type=application/vnd.oci.image.manifest.v1+json response.header.date="Tue, 31 Mar 2026 16:43:49 GMT" response.header.docker-content-digest="sha256:a7f5ec8c4a35a7f8cd9e6e413f59fd1bfd33f8b623c26981c684f5065dfe3044" response.header.docker-distribution-api-version=registry/2.0 response.header.docker-ratelimit-source=132.196.94.37 response.header.etag="\"sha256:a7f5ec8c4a35a7f8cd9e6e413f59fd1bfd33f8b623c26981c684f5065dfe3044\"" response.header.strict-transport-security="max-age=31536000" response.status="200 OK" span="resolving docker.io/docker/dockerfile:1" spanID=09629a129966dd3b traceID=07cc71032fd97b882df515d19361b9b9
2026-03-31T16:45:47.1947722Z time="2026-03-31T16:43:49Z" level=debug msg=fetch span="resolving docker.io/docker/dockerfile:1" spanID=09629a129966dd3b traceID=07cc71032fd97b882df515d19361b9b9
2026-03-31T16:45:47.1948949Z time="2026-03-31T16:43:49Z" level=debug msg="fetching layer" chunk_size=0 initial_parallelism=0 offset=0 parallelism=1 span="resolving docker.io/docker/dockerfile:1" spanID=09629a129966dd3b traceID=07cc71032fd97b882df515d19361b9b9
2026-03-31T16:45:47.1950869Z time="2026-03-31T16:43:49Z" level=debug msg="do request" request.header.accept="application/vnd.oci.image.config.v1+json, */*" request.header.accept-encoding="zstd;q=1.0, gzip;q=0.8, deflate;q=0.5" request.header.user-agent=buildkit/v0.28 request.method=GET span="resolving docker.io/docker/dockerfile:1" spanID=09629a129966dd3b traceID=07cc71032fd97b882df515d19361b9b9
2026-03-31T16:45:47.1958216Z time="2026-03-31T16:43:49Z" level=debug msg="fetch response received" response.header.accept-ranges=bytes response.header.age=2399570 response.header.cache-control="public, max-age=14400" response.header.cf-cache-status=HIT response.header.cf-ray=9e50d0b0ef0b89c5-ORD response.header.connection=keep-alive response.header.content-length=1332 response.header.content-type=application/octet-stream response.header.date="Tue, 31 Mar 2026 16:43:49 GMT" response.header.etag="\"179cdae68b5bd75a7948d0d545c32c0d\"" response.header.expires="Tue, 31 Mar 2026 20:43:49 GMT" response.header.last-modified="Tue, 03 Mar 2026 22:10:51 GMT" response.header.server=cloudflare response.header.set-cookie="__cf_bm=rvnB8xgKxobHkU3mHPAc.SSzt.Z6ucqpdXy5ApvGVKc-1774975429-1.0.1.1-0c2K6WobM3FIh.OYgG1EELOELuLtyr.Xyv8dgLsijX2_PHo2tlryELmLzfyuzCbiJloSGocp7xx10T4diFU9I.atEG92PfWUNw4HT05UfEo; path=/; expires=Tue, 31-Mar-26 17:13:49 GMT; domain=.production.cloudflare.docker.com; HttpOnly; Secure; SameSite=None" response.header.vary=Accept-Encoding response.header.x-amz-id-2="k2H/4qKuUED+mUmV4u+ce9g5ihBnD2AIg+GSm9DHNV3Dw0n83Q3O+XNLsJVaZvhMRjs/l+/qKeE=" response.header.x-amz-request-id=WG6PH45PQ28EB1GE response.header.x-amz-server-side-encryption=AES256 response.header.x-amz-version-id=dotYIZbJcmOBGuVga7qJrt0Y.oQnlcsO response.status="200 OK" span="resolving docker.io/docker/dockerfile:1" spanID=09629a129966dd3b traceID=07cc71032fd97b882df515d19361b9b9
2026-03-31T16:45:47.1964299Z time="2026-03-31T16:43:49Z" level=debug msg="checked for cached auth handler namespace" cached=true key="docker.io/docker/dockerfile::pull" name=docker.io/docker/dockerfile scope=pull
2026-03-31T16:45:47.1965949Z time="2026-03-31T16:43:49Z" level=debug msg=fetch digest="sha256:4a43a54dd1fedceb30ba47e76cfcf2b47304f4161c0caeac2db1c61804ea3c91" mediatype=application/vnd.oci.image.index.v1+json size=8426 spanID=980fa282aad93e45 traceID=07cc71032fd97b882df515d19361b9b9
2026-03-31T16:45:47.1967782Z time="2026-03-31T16:43:49Z" level=debug msg=fetch digest="sha256:a7f5ec8c4a35a7f8cd9e6e413f59fd1bfd33f8b623c26981c684f5065dfe3044" mediatype=application/vnd.oci.image.manifest.v1+json size=1134 spanID=980fa282aad93e45 traceID=07cc71032fd97b882df515d19361b9b9
2026-03-31T16:45:47.1969479Z time="2026-03-31T16:43:49Z" level=debug msg=fetch digest="sha256:0c0d553f78ac22c7a86406e049cd10406afae98de1e1c681d4ef065cf948dd2f" mediatype=application/vnd.oci.image.config.v1+json size=1332 spanID=980fa282aad93e45 traceID=07cc71032fd97b882df515d19361b9b9
2026-03-31T16:45:47.1970905Z time="2026-03-31T16:43:49Z" level=debug msg="checked for cached auth handler namespace" cached=true key="docker.io/docker/dockerfile::pull" name=docker.io/docker/dockerfile scope=pull
2026-03-31T16:45:47.1972049Z time="2026-03-31T16:43:49Z" level=debug msg="checked for cached auth handler namespace" cached=true key="docker.io/docker/dockerfile::pull" name=docker.io/docker/dockerfile scope=pull
2026-03-31T16:45:47.1973501Z time="2026-03-31T16:43:49Z" level=debug msg=fetch digest="sha256:149b48b83eff3cc6314b54f2ab6cdb58908e9c43c36a8ae81d8bb55fbc3281f9" mediatype=application/vnd.oci.image.layer.v1.tar+gzip size=13778405 spanID=980fa282aad93e45 traceID=07cc71032fd97b882df515d19361b9b9
2026-03-31T16:45:47.1975479Z time="2026-03-31T16:43:49Z" level=debug msg="fetching layer" chunk_size=0 digest="sha256:149b48b83eff3cc6314b54f2ab6cdb58908e9c43c36a8ae81d8bb55fbc3281f9" initial_parallelism=0 mediatype=application/vnd.oci.image.layer.v1.tar+gzip offset=0 parallelism=1 size=13778405 spanID=980fa282aad93e45 traceID=07cc71032fd97b882df515d19361b9b9
2026-03-31T16:45:47.1978873Z time="2026-03-31T16:43:49Z" level=debug msg="do request" digest="sha256:149b48b83eff3cc6314b54f2ab6cdb58908e9c43c36a8ae81d8bb55fbc3281f9" mediatype=application/vnd.oci.image.layer.v1.tar+gzip request.header.accept="application/vnd.oci.image.layer.v1.tar+gzip, */*" request.header.accept-encoding="zstd;q=1.0, gzip;q=0.8, deflate;q=0.5" request.header.user-agent=buildkit/v0.28 request.method=GET size=13778405 spanID=980fa282aad93e45 traceID=07cc71032fd97b882df515d19361b9b9 url="https://registry-1.docker.io/v2/docker/dockerfile/blobs/sha256:149b48b83eff3cc6314b54f2ab6cdb58908e9c43c36a8ae81d8bb55fbc3281f9"
2026-03-31T16:45:47.1988760Z time="2026-03-31T16:43:49Z" level=debug msg="fetch response received" digest="sha256:149b48b83eff3cc6314b54f2ab6cdb58908e9c43c36a8ae81d8bb55fbc3281f9" mediatype=application/vnd.oci.image.layer.v1.tar+gzip response.header.accept-ranges=bytes response.header.age=2399512 response.header.cache-control="public, max-age=14400" response.header.cf-cache-status=HIT response.header.cf-ray=9e50d0b1996489c5-ORD response.header.connection=keep-alive response.header.content-length=13778405 response.header.content-type=application/octet-stream response.header.date="Tue, 31 Mar 2026 16:43:49 GMT" response.header.etag="\"a285ac74c89d86bb80bc3a4da6b703fe\"" response.header.expires="Tue, 31 Mar 2026 20:43:49 GMT" response.header.last-modified="Tue, 03 Mar 2026 22:10:52 GMT" response.header.server=cloudflare response.header.set-cookie="__cf_bm=SE8kH5w8xn963hHx6heJXN9tS1Sfe4pb8JZpUNRCnKE-1774975429-1.0.1.1-7FfK4O0eTghLXnPs0L8RAqPw_.5K2agXXOB56MrYbyoheeFvJ9vNMWeX4nWmknpl3f7oU.xf6tRNR.aJRBdMXPK8ve__PwtqEqf7cHQpHLA; path=/; expires=Tue, 31-Mar-26 17:13:49 GMT; domain=.production.cloudflare.docker.com; HttpOnly; Secure; SameSite=None" response.header.vary=Accept-Encoding response.header.x-amz-id-2="ILJFJ84buxrr/HVpQ+/++xkZnomjGheTsq7oCUa9BKlu7jcaMS94/jAM8zrhVmw+/Iu3WwX2j0Y=" response.header.x-amz-request-id=X3BBVWNAT7C41JGY response.header.x-amz-server-side-encryption=AES256 response.header.x-amz-version-id=QCI0lUvo2dAdraAZzdHc1_dFLDWyicfy response.status="200 OK" size=13778405 spanID=980fa282aad93e45 traceID=07cc71032fd97b882df515d19361b9b9 url="https://registry-1.docker.io/v2/docker/dockerfile/blobs/sha256:149b48b83eff3cc6314b54f2ab6cdb58908e9c43c36a8ae81d8bb55fbc3281f9"
2026-03-31T16:45:47.1996794Z time="2026-03-31T16:43:49Z" level=debug msg=" not found" error="exec: \"igzip\": executable file not found in $PATH"
2026-03-31T16:45:47.1997434Z time="2026-03-31T16:43:49Z" level=debug msg="using unpigz for decompression"
2026-03-31T16:45:47.1999037Z time="2026-03-31T16:43:49Z" level=debug msg="diff applied" d=102.420466ms digest="sha256:149b48b83eff3cc6314b54f2ab6cdb58908e9c43c36a8ae81d8bb55fbc3281f9" media=application/vnd.oci.image.layer.v1.tar+gzip size=13778405 span=extract spanID=6c9a6437ddb478f8 traceID=07cc71032fd97b882df515d19361b9b9
2026-03-31T16:45:47.2001514Z time="2026-03-31T16:43:49Z" level=debug msg="serving grpc connection" spanID=980fa282aad93e45 traceID=07cc71032fd97b882df515d19361b9b9
2026-03-31T16:45:47.2002890Z time="2026-03-31T16:43:49Z" level=debug msg="> creating 2jmnqgd4czssc4hkyoe527h1u [/bin/dockerfile-frontend]" spanID=980fa282aad93e45 traceID=07cc71032fd97b882df515d19361b9b9
2026-03-31T16:45:47.2004345Z time="2026-03-31T16:43:49Z" level=debug msg="checked for cached auth handler namespace" cached=false key="docker.io/docker/buildkit-syft-scanner::pull" name=docker.io/docker/buildkit-syft-scanner scope=pull
2026-03-31T16:45:47.2005833Z time="2026-03-31T16:43:49Z" level=debug msg=resolving span="resolving docker.io/docker/buildkit-syft-scanner:1.10.0" spanID=cded416e009f1170 traceID=07cc71032fd97b882df515d19361b9b9
2026-03-31T16:45:47.2008437Z time="2026-03-31T16:43:49Z" level=debug msg="do request" request.header.accept="application/vnd.docker.distribution.manifest.v2+json, application/vnd.docker.distribution.manifest.list.v2+json, application/vnd.oci.image.manifest.v1+json, application/vnd.oci.image.index.v1+json, */*" request.header.user-agent=buildkit/v0.28 request.method=HEAD span="resolving docker.io/docker/buildkit-syft-scanner:1.10.0" spanID=cded416e009f1170 traceID=07cc71032fd97b882df515d19361b9b9
2026-03-31T16:45:47.2013254Z time="2026-03-31T16:43:49Z" level=debug msg="fetch response received" response.header.connection=keep-alive response.header.content-length=171 response.header.content-type=application/json response.header.date="Tue, 31 Mar 2026 16:43:49 GMT" response.header.docker-distribution-api-version=registry/2.0 response.header.docker-ratelimit-source=132.196.94.37 response.header.strict-transport-security="max-age=31536000" response.header.www-authenticate="***"https://auth.docker.io/token\",service=\"registry.docker.io\",scope=\"repository:docker/buildkit-syft-scanner:pull\"" response.status="401 Unauthorized" span="resolving docker.io/docker/buildkit-syft-scanner:1.10.0" spanID=cded416e009f1170 traceID=07cc71032fd97b882df515d19361b9b9
2026-03-31T16:45:47.2017593Z time="2026-03-31T16:43:49Z" level=debug msg=Unauthorized header="***"https://auth.docker.io/token\",service=\"registry.docker.io\",scope=\"repository:docker/buildkit-syft-scanner:pull\"" span="resolving docker.io/docker/buildkit-syft-scanner:1.10.0" spanID=cded416e009f1170 traceID=07cc71032fd97b882df515d19361b9b9
2026-03-31T16:45:47.2020558Z time="2026-03-31T16:43:49Z" level=debug msg="do request" request.header.accept="application/vnd.docker.distribution.manifest.v2+json, application/vnd.docker.distribution.manifest.list.v2+json, application/vnd.oci.image.manifest.v1+json, application/vnd.oci.image.index.v1+json, */*" request.header.user-agent=buildkit/v0.28 request.method=HEAD span="resolving docker.io/docker/buildkit-syft-scanner:1.10.0" spanID=cded416e009f1170 traceID=07cc71032fd97b882df515d19361b9b9
2026-03-31T16:45:47.2025888Z time="2026-03-31T16:43:49Z" level=debug msg="fetch response received" response.header.connection=keep-alive response.header.content-length=4648 response.header.content-type=application/vnd.oci.image.index.v1+json response.header.date="Tue, 31 Mar 2026 16:43:49 GMT" response.header.docker-content-digest="sha256:490c3821680b55fe995766f7f22db4e6566ccef41c4cea13b370c4384d7eb3f2" response.header.docker-distribution-api-version=registry/2.0 response.header.docker-ratelimit-source=59aa2839-97c5-4781-8b76-14f597fd2a04 response.header.etag="\"sha256:490c3821680b55fe995766f7f22db4e6566ccef41c4cea13b370c4384d7eb3f2\"" response.header.strict-transport-security="max-age=31536000" response.status="200 OK" span="resolving docker.io/docker/buildkit-syft-scanner:1.10.0" spanID=cded416e009f1170 traceID=07cc71032fd97b882df515d19361b9b9
2026-03-31T16:45:47.2030170Z time="2026-03-31T16:43:49Z" level=debug msg=resolved desc.digest="sha256:490c3821680b55fe995766f7f22db4e6566ccef41c4cea13b370c4384d7eb3f2" span="resolving docker.io/docker/buildkit-syft-scanner:1.10.0" spanID=cded416e009f1170 traceID=07cc71032fd97b882df515d19361b9b9
2026-03-31T16:45:47.2031751Z time="2026-03-31T16:43:49Z" level=debug msg=fetch span="resolving docker.io/docker/buildkit-syft-scanner:1.10.0" spanID=cded416e009f1170 traceID=07cc71032fd97b882df515d19361b9b9
2026-03-31T16:45:47.2033312Z time="2026-03-31T16:43:49Z" level=debug msg="fetching layer" chunk_size=0 initial_parallelism=0 offset=0 parallelism=1 span="resolving docker.io/docker/buildkit-syft-scanner:1.10.0" spanID=cded416e009f1170 traceID=07cc71032fd97b882df515d19361b9b9
2026-03-31T16:45:47.2036043Z time="2026-03-31T16:43:49Z" level=debug msg="do request" request.header.accept="application/vnd.oci.image.index.v1+json, */*" request.header.accept-encoding="zstd;q=1.0, gzip;q=0.8, deflate;q=0.5" request.header.user-agent=buildkit/v0.28 request.method=GET span="resolving docker.io/docker/buildkit-syft-scanner:1.10.0" spanID=cded416e009f1170 traceID=07cc71032fd97b882df515d19361b9b9
2026-03-31T16:45:47.2040793Z time="2026-03-31T16:43:50Z" level=debug msg="fetch response received" response.header.connection=keep-alive response.header.content-length=4648 response.header.content-type=application/vnd.oci.image.index.v1+json response.header.date="Tue, 31 Mar 2026 16:43:50 GMT" response.header.docker-content-digest="sha256:490c3821680b55fe995766f7f22db4e6566ccef41c4cea13b370c4384d7eb3f2" response.header.docker-distribution-api-version=registry/2.0 response.header.docker-ratelimit-source=132.196.94.37 response.header.etag="\"sha256:490c3821680b55fe995766f7f22db4e6566ccef41c4cea13b370c4384d7eb3f2\"" response.header.strict-transport-security="max-age=31536000" response.status="200 OK" span="resolving docker.io/docker/buildkit-syft-scanner:1.10.0" spanID=cded416e009f1170 traceID=07cc71032fd97b882df515d19361b9b9
2026-03-31T16:45:47.2044588Z time="2026-03-31T16:43:50Z" level=debug msg=fetch span="resolving docker.io/docker/buildkit-syft-scanner:1.10.0" spanID=cded416e009f1170 traceID=07cc71032fd97b882df515d19361b9b9
2026-03-31T16:45:47.2046237Z time="2026-03-31T16:43:50Z" level=debug msg="fetching layer" chunk_size=0 initial_parallelism=0 offset=0 parallelism=1 span="resolving docker.io/docker/buildkit-syft-scanner:1.10.0" spanID=cded416e009f1170 traceID=07cc71032fd97b882df515d19361b9b9
2026-03-31T16:45:47.2048856Z time="2026-03-31T16:43:50Z" level=debug msg="do request" request.header.accept="application/vnd.oci.image.manifest.v1+json, */*" request.header.accept-encoding="zstd;q=1.0, gzip;q=0.8, deflate;q=0.5" request.header.user-agent=buildkit/v0.28 request.method=GET span="resolving docker.io/docker/buildkit-syft-scanner:1.10.0" spanID=cded416e009f1170 traceID=07cc71032fd97b882df515d19361b9b9
2026-03-31T16:45:47.2053631Z time="2026-03-31T16:43:50Z" level=debug msg="fetch response received" response.header.connection=keep-alive response.header.content-length=481 response.header.content-type=application/vnd.oci.image.manifest.v1+json response.header.date="Tue, 31 Mar 2026 16:43:50 GMT" response.header.docker-content-digest="sha256:be0168b915c5cdb2376d867276cfebc8c2e2dee1ff3fcd8bf3fcfc9e99d8427e" response.header.docker-distribution-api-version=registry/2.0 response.header.docker-ratelimit-source=132.196.94.37 response.header.etag="\"sha256:be0168b915c5cdb2376d867276cfebc8c2e2dee1ff3fcd8bf3fcfc9e99d8427e\"" response.header.strict-transport-security="max-age=31536000" response.status="200 OK" span="resolving docker.io/docker/buildkit-syft-scanner:1.10.0" spanID=cded416e009f1170 traceID=07cc71032fd97b882df515d19361b9b9
2026-03-31T16:45:47.2058025Z time="2026-03-31T16:43:50Z" level=debug msg=fetch span="resolving docker.io/docker/buildkit-syft-scanner:1.10.0" spanID=cded416e009f1170 traceID=07cc71032fd97b882df515d19361b9b9
2026-03-31T16:45:47.2059585Z time="2026-03-31T16:43:50Z" level=debug msg="fetching layer" chunk_size=0 initial_parallelism=0 offset=0 parallelism=1 span="resolving docker.io/docker/buildkit-syft-scanner:1.10.0" spanID=cded416e009f1170 traceID=07cc71032fd97b882df515d19361b9b9
2026-03-31T16:45:47.2061988Z time="2026-03-31T16:43:50Z" level=debug msg="do request" request.header.accept="application/vnd.oci.image.config.v1+json, */*" request.header.accept-encoding="zstd;q=1.0, gzip;q=0.8, deflate;q=0.5" request.header.user-agent=buildkit/v0.28 request.method=GET span="resolving docker.io/docker/buildkit-syft-scanner:1.10.0" spanID=cded416e009f1170 traceID=07cc71032fd97b882df515d19361b9b9
2026-03-31T16:45:47.2069297Z time="2026-03-31T16:43:50Z" level=debug msg="fetch response received" response.header.accept-ranges=bytes response.header.age=1050246 response.header.cache-control="public, max-age=14400" response.header.cf-cache-status=HIT response.header.cf-ray=9e50d0b6ccde89c5-ORD response.header.connection=keep-alive response.header.content-length=797 response.header.content-type=application/octet-stream response.header.date="Tue, 31 Mar 2026 16:43:50 GMT" response.header.etag="\"7086a46d1a1914b343bcc7f6d1bf430f\"" response.header.expires="Tue, 31 Mar 2026 20:43:50 GMT" response.header.last-modified="Tue, 13 Jan 2026 17:24:01 GMT" response.header.server=cloudflare response.header.set-cookie="__cf_bm=NVIeodJRZ1XeAYt1vHVKwO_HYM.DrHPMydYGN9RnMZ4-1774975430-1.0.1.1-hVS7genO5WZ1R0oSHMBXx9bgishW_DVF88HiZGXWgCr5S5x.2..LKm2OEYZ2I3plmoaVIF9Foo4NdQUFyLw5oXfUNE.l_cbRue89CyXQ5sk; path=/; expires=Tue, 31-Mar-26 17:13:50 GMT; domain=.production.cloudflare.docker.com; HttpOnly; Secure; SameSite=None" response.header.vary=Accept-Encoding response.header.x-amz-id-2="sCuI2vF+S34sOYpf/LDZWzROCt97e6NkPPAYJkARaoN1FmZUC9kLE/4rX+i9jggfec4/+/mx/Rs=" response.header.x-amz-request-id=EVN034XYC3V4V1YN response.header.x-amz-server-side-encryption=AES256 response.header.x-amz-version-id=OXSueMXuekLrJT_vuWF0eXftmLM34e1b response.status="200 OK" span="resolving docker.io/docker/buildkit-syft-scanner:1.10.0" spanID=cded416e009f1170 traceID=07cc71032fd97b882df515d19361b9b9
2026-03-31T16:45:47.2075958Z time="2026-03-31T16:43:50Z" level=debug msg="checked for cached auth handler namespace" cached=false key="docker.io/library/golang::pull" name=docker.io/library/golang scope=pull
2026-03-31T16:45:47.2077249Z time="2026-03-31T16:43:50Z" level=debug msg="checked for cached auth handler namespace" cached=false key="docker.io/tonistiigi/xx::pull" name=docker.io/tonistiigi/xx scope=pull
2026-03-31T16:45:47.2078527Z time="2026-03-31T16:43:50Z" level=debug msg="checked for cached auth handler namespace" cached=false key="docker.io/library/alpine::pull" name=docker.io/library/alpine scope=pull
2026-03-31T16:45:47.2080108Z time="2026-03-31T16:43:50Z" level=debug msg=resolving span="resolving docker.io/library/golang:1.25-alpine3.23" spanID=0da7ba5edd661390 traceID=07cc71032fd97b882df515d19361b9b9
2026-03-31T16:45:47.2082610Z time="2026-03-31T16:43:50Z" level=debug msg="do request" request.header.accept="application/vnd.docker.distribution.manifest.v2+json, application/vnd.docker.distribution.manifest.list.v2+json, application/vnd.oci.image.manifest.v1+json, application/vnd.oci.image.index.v1+json, */*" request.header.user-agent=buildkit/v0.28 request.method=HEAD span="resolving docker.io/library/golang:1.25-alpine3.23" spanID=0da7ba5edd661390 traceID=07cc71032fd97b882df515d19361b9b9
2026-03-31T16:45:47.2085249Z time="2026-03-31T16:43:50Z" level=debug msg=resolving span="resolving docker.io/tonistiigi/xx:1.7.0" spanID=8588e88927b58956 traceID=07cc71032fd97b882df515d19361b9b9
2026-03-31T16:45:47.2088317Z time="2026-03-31T16:43:50Z" level=debug msg="do request" request.header.accept="application/vnd.docker.distribution.manifest.v2+json, application/vnd.docker.distribution.manifest.list.v2+json, application/vnd.oci.image.manifest.v1+json, application/vnd.oci.image.index.v1+json, */*" request.header.user-agent=buildkit/v0.28 request.method=HEAD span="resolving docker.io/tonistiigi/xx:1.7.0" spanID=8588e88927b58956 traceID=07cc71032fd97b882df515d19361b9b9
2026-03-31T16:45:47.2091858Z time="2026-03-31T16:43:50Z" level=debug msg=resolving span="resolving docker.io/library/alpine:3.23" spanID=e3ddc820a11a9a0e traceID=07cc71032fd97b882df515d19361b9b9
2026-03-31T16:45:47.2095589Z time="2026-03-31T16:43:50Z" level=debug msg="do request" request.header.accept="application/vnd.docker.distribution.manifest.v2+json, application/vnd.docker.distribution.manifest.list.v2+json, application/vnd.oci.image.manifest.v1+json, application/vnd.oci.image.index.v1+json, */*" request.header.user-agent=buildkit/v0.28 request.method=HEAD span="resolving docker.io/library/alpine:3.23" spanID=e3ddc820a11a9a0e traceID=07cc71032fd97b882df515d19361b9b9
2026-03-31T16:45:47.2100405Z time="2026-03-31T16:43:50Z" level=debug msg="fetch response received" response.header.connection=keep-alive response.header.content-length=157 response.header.content-type=application/json response.header.date="Tue, 31 Mar 2026 16:43:50 GMT" response.header.docker-distribution-api-version=registry/2.0 response.header.docker-ratelimit-source=132.196.94.37 response.header.strict-transport-security="max-age=31536000" response.header.www-authenticate="***"https://auth.docker.io/token\",service=\"registry.docker.io\",scope=\"repository:library/golang:pull\"" response.status="401 Unauthorized" span="resolving docker.io/library/golang:1.25-alpine3.23" spanID=0da7ba5edd661390 traceID=07cc71032fd97b882df515d19361b9b9
2026-03-31T16:45:47.2104186Z time="2026-03-31T16:43:50Z" level=debug msg=Unauthorized header="***"https://auth.docker.io/token\",service=\"registry.docker.io\",scope=\"repository:library/golang:pull\"" span="resolving docker.io/library/golang:1.25-alpine3.23" spanID=0da7ba5edd661390 traceID=07cc71032fd97b882df515d19361b9b9
2026-03-31T16:45:47.2107600Z time="2026-03-31T16:43:50Z" level=debug msg="do request" request.header.accept="application/vnd.docker.distribution.manifest.v2+json, application/vnd.docker.distribution.manifest.list.v2+json, application/vnd.oci.image.manifest.v1+json, application/vnd.oci.image.index.v1+json, */*" request.header.user-agent=buildkit/v0.28 request.method=HEAD span="resolving docker.io/library/golang:1.25-alpine3.23" spanID=0da7ba5edd661390 traceID=07cc71032fd97b882df515d19361b9b9
2026-03-31T16:45:47.2114054Z time="2026-03-31T16:43:50Z" level=debug msg="fetch response received" response.header.connection=keep-alive response.header.content-length=156 response.header.content-type=application/json response.header.date="Tue, 31 Mar 2026 16:43:50 GMT" response.header.docker-distribution-api-version=registry/2.0 response.header.docker-ratelimit-source=132.196.94.37 response.header.strict-transport-security="max-age=31536000" response.header.www-authenticate="***"https://auth.docker.io/token\",service=\"registry.docker.io\",scope=\"repository:tonistiigi/xx:pull\"" response.status="401 Unauthorized" span="resolving docker.io/tonistiigi/xx:1.7.0" spanID=8588e88927b58956 traceID=07cc71032fd97b882df515d19361b9b9
2026-03-31T16:45:47.2118043Z time="2026-03-31T16:43:50Z" level=debug msg=Unauthorized header="***"https://auth.docker.io/token\",service=\"registry.docker.io\",scope=\"repository:tonistiigi/xx:pull\"" span="resolving docker.io/tonistiigi/xx:1.7.0" spanID=8588e88927b58956 traceID=07cc71032fd97b882df515d19361b9b9
2026-03-31T16:45:47.2120808Z time="2026-03-31T16:43:50Z" level=debug msg="do request" request.header.accept="application/vnd.docker.distribution.manifest.v2+json, application/vnd.docker.distribution.manifest.list.v2+json, application/vnd.oci.image.manifest.v1+json, application/vnd.oci.image.index.v1+json, */*" request.header.user-agent=buildkit/v0.28 request.method=HEAD span="resolving docker.io/tonistiigi/xx:1.7.0" spanID=8588e88927b58956 traceID=07cc71032fd97b882df515d19361b9b9
2026-03-31T16:45:47.2125144Z time="2026-03-31T16:43:50Z" level=debug msg="fetch response received" response.header.connection=keep-alive response.header.content-length=157 response.header.content-type=application/json response.header.date="Tue, 31 Mar 2026 16:43:50 GMT" response.header.docker-distribution-api-version=registry/2.0 response.header.docker-ratelimit-source=132.196.94.37 response.header.strict-transport-security="max-age=31536000" response.header.www-authenticate="***"https://auth.docker.io/token\",service=\"registry.docker.io\",scope=\"repository:library/alpine:pull\"" response.status="401 Unauthorized" span="resolving docker.io/library/alpine:3.23" spanID=e3ddc820a11a9a0e traceID=07cc71032fd97b882df515d19361b9b9
2026-03-31T16:45:47.2128935Z time="2026-03-31T16:43:50Z" level=debug msg=Unauthorized header="***"https://auth.docker.io/token\",service=\"registry.docker.io\",scope=\"repository:library/alpine:pull\"" span="resolving docker.io/library/alpine:3.23" spanID=e3ddc820a11a9a0e traceID=07cc71032fd97b882df515d19361b9b9
2026-03-31T16:45:47.2131662Z time="2026-03-31T16:43:50Z" level=debug msg="do request" request.header.accept="application/vnd.docker.distribution.manifest.v2+json, application/vnd.docker.distribution.manifest.list.v2+json, application/vnd.oci.image.manifest.v1+json, application/vnd.oci.image.index.v1+json, */*" request.header.user-agent=buildkit/v0.28 request.method=HEAD span="resolving docker.io/library/alpine:3.23" spanID=e3ddc820a11a9a0e traceID=07cc71032fd97b882df515d19361b9b9
2026-03-31T16:45:47.2137008Z time="2026-03-31T16:43:50Z" level=debug msg="fetch response received" response.header.connection=keep-alive response.header.content-length=10293 response.header.content-type=application/vnd.oci.image.index.v1+json response.header.date="Tue, 31 Mar 2026 16:43:50 GMT" response.header.docker-content-digest="sha256:8e02eb337d9e0ea459e041f1ee5eece41cbb61f1d83e7d883a3e2fb4862063fa" response.header.docker-distribution-api-version=registry/2.0 response.header.docker-ratelimit-source=59aa2839-97c5-4781-8b76-14f597fd2a04 response.header.etag="\"sha256:8e02eb337d9e0ea459e041f1ee5eece41cbb61f1d83e7d883a3e2fb4862063fa\"" response.header.strict-transport-security="max-age=31536000" response.status="200 OK" span="resolving docker.io/library/golang:1.25-alpine3.23" spanID=0da7ba5edd661390 traceID=07cc71032fd97b882df515d19361b9b9
2026-03-31T16:45:47.2143067Z time="2026-03-31T16:43:50Z" level=debug msg=resolved desc.digest="sha256:8e02eb337d9e0ea459e041f1ee5eece41cbb61f1d83e7d883a3e2fb4862063fa" span="resolving docker.io/library/golang:1.25-alpine3.23" spanID=0da7ba5edd661390 traceID=07cc71032fd97b882df515d19361b9b9
2026-03-31T16:45:47.2144513Z time="2026-03-31T16:43:50Z" level=debug msg=fetch span="resolving docker.io/library/golang:1.25-alpine3.23" spanID=0da7ba5edd661390 traceID=07cc71032fd97b882df515d19361b9b9
2026-03-31T16:45:47.2146083Z time="2026-03-31T16:43:50Z" level=debug msg="fetching layer" chunk_size=0 initial_parallelism=0 offset=0 parallelism=1 span="resolving docker.io/library/golang:1.25-alpine3.23" spanID=0da7ba5edd661390 traceID=07cc71032fd97b882df515d19361b9b9
2026-03-31T16:45:47.2148313Z time="2026-03-31T16:43:50Z" level=debug msg="do request" request.header.accept="application/vnd.oci.image.index.v1+json, */*" request.header.accept-encoding="zstd;q=1.0, gzip;q=0.8, deflate;q=0.5" request.header.user-agent=buildkit/v0.28 request.method=GET span="resolving docker.io/library/golang:1.25-alpine3.23" spanID=0da7ba5edd661390 traceID=07cc71032fd97b882df515d19361b9b9
2026-03-31T16:45:47.2152521Z time="2026-03-31T16:43:50Z" level=debug msg="fetch response received" response.header.connection=keep-alive response.header.content-length=9218 response.header.content-type=application/vnd.oci.image.index.v1+json response.header.date="Tue, 31 Mar 2026 16:43:50 GMT" response.header.docker-content-digest="sha256:25109184c71bdad752c8312a8623239686a9a2071e8825f20acb8f2198c3f659" response.header.docker-distribution-api-version=registry/2.0 response.header.docker-ratelimit-source=59aa2839-97c5-4781-8b76-14f597fd2a04 response.header.etag="\"sha256:25109184c71bdad752c8312a8623239686a9a2071e8825f20acb8f2198c3f659\"" response.header.strict-transport-security="max-age=31536000" response.status="200 OK" span="resolving docker.io/library/alpine:3.23" spanID=e3ddc820a11a9a0e traceID=07cc71032fd97b882df515d19361b9b9
2026-03-31T16:45:47.2156325Z time="2026-03-31T16:43:50Z" level=debug msg=resolved desc.digest="sha256:25109184c71bdad752c8312a8623239686a9a2071e8825f20acb8f2198c3f659" span="resolving docker.io/library/alpine:3.23" spanID=e3ddc820a11a9a0e traceID=07cc71032fd97b882df515d19361b9b9
2026-03-31T16:45:47.2157633Z time="2026-03-31T16:43:50Z" level=debug msg=fetch span="resolving docker.io/library/alpine:3.23" spanID=e3ddc820a11a9a0e traceID=07cc71032fd97b882df515d19361b9b9
2026-03-31T16:45:47.2158847Z time="2026-03-31T16:43:50Z" level=debug msg="fetching layer" chunk_size=0 initial_parallelism=0 offset=0 parallelism=1 span="resolving docker.io/library/alpine:3.23" spanID=e3ddc820a11a9a0e traceID=07cc71032fd97b882df515d19361b9b9
2026-03-31T16:45:47.2160756Z time="2026-03-31T16:43:50Z" level=debug msg="do request" request.header.accept="application/vnd.oci.image.index.v1+json, */*" request.header.accept-encoding="zstd;q=1.0, gzip;q=0.8, deflate;q=0.5" request.header.user-agent=buildkit/v0.28 request.method=GET span="resolving docker.io/library/alpine:3.23" spanID=e3ddc820a11a9a0e traceID=07cc71032fd97b882df515d19361b9b9
2026-03-31T16:45:47.2164762Z time="2026-03-31T16:43:50Z" level=debug msg="fetch response received" response.header.connection=keep-alive response.header.content-length=9954 response.header.content-type=application/vnd.oci.image.index.v1+json response.header.date="Tue, 31 Mar 2026 16:43:50 GMT" response.header.docker-content-digest="sha256:010d4b66aed389848b0694f91c7aaee9df59a6f20be7f5d12e53663a37bd14e2" response.header.docker-distribution-api-version=registry/2.0 response.header.docker-ratelimit-source=59aa2839-97c5-4781-8b76-14f597fd2a04 response.header.etag="\"sha256:010d4b66aed389848b0694f91c7aaee9df59a6f20be7f5d12e53663a37bd14e2\"" response.header.strict-transport-security="max-age=31536000" response.status="200 OK" span="resolving docker.io/tonistiigi/xx:1.7.0" spanID=8588e88927b58956 traceID=07cc71032fd97b882df515d19361b9b9
2026-03-31T16:45:47.2170344Z time="2026-03-31T16:43:50Z" level=debug msg=resolved desc.digest="sha256:010d4b66aed389848b0694f91c7aaee9df59a6f20be7f5d12e53663a37bd14e2" span="resolving docker.io/tonistiigi/xx:1.7.0" spanID=8588e88927b58956 traceID=07cc71032fd97b882df515d19361b9b9
2026-03-31T16:45:47.2172698Z time="2026-03-31T16:43:50Z" level=debug msg=fetch span="resolving docker.io/tonistiigi/xx:1.7.0" spanID=8588e88927b58956 traceID=07cc71032fd97b882df515d19361b9b9
2026-03-31T16:45:47.2174077Z time="2026-03-31T16:43:50Z" level=debug msg="fetching layer" chunk_size=0 initial_parallelism=0 offset=0 parallelism=1 span="resolving docker.io/tonistiigi/xx:1.7.0" spanID=8588e88927b58956 traceID=07cc71032fd97b882df515d19361b9b9
2026-03-31T16:45:47.2176639Z time="2026-03-31T16:43:50Z" level=debug msg="do request" request.header.accept="application/vnd.oci.image.index.v1+json, */*" request.header.accept-encoding="zstd;q=1.0, gzip;q=0.8, deflate;q=0.5" request.header.user-agent=buildkit/v0.28 request.method=GET span="resolving docker.io/tonistiigi/xx:1.7.0" spanID=8588e88927b58956 traceID=07cc71032fd97b882df515d19361b9b9
2026-03-31T16:45:47.2181669Z time="2026-03-31T16:43:50Z" level=debug msg="fetch response received" response.header.connection=keep-alive response.header.content-length=10293 response.header.content-type=application/vnd.oci.image.index.v1+json response.header.date="Tue, 31 Mar 2026 16:43:50 GMT" response.header.docker-content-digest="sha256:8e02eb337d9e0ea459e041f1ee5eece41cbb61f1d83e7d883a3e2fb4862063fa" response.header.docker-distribution-api-version=registry/2.0 response.header.docker-ratelimit-source=59aa2839-97c5-4781-8b76-14f597fd2a04 response.header.etag="\"sha256:8e02eb337d9e0ea459e041f1ee5eece41cbb61f1d83e7d883a3e2fb4862063fa\"" response.header.strict-transport-security="max-age=31536000" response.status="200 OK" span="resolving docker.io/library/golang:1.25-alpine3.23" spanID=0da7ba5edd661390 traceID=07cc71032fd97b882df515d19361b9b9
2026-03-31T16:45:47.2185261Z time="2026-03-31T16:43:50Z" level=debug msg=fetch span="resolving docker.io/library/golang:1.25-alpine3.23" spanID=0da7ba5edd661390 traceID=07cc71032fd97b882df515d19361b9b9
2026-03-31T16:45:47.2186822Z time="2026-03-31T16:43:50Z" level=debug msg="fetching layer" chunk_size=0 initial_parallelism=0 offset=0 parallelism=1 span="resolving docker.io/library/golang:1.25-alpine3.23" spanID=0da7ba5edd661390 traceID=07cc71032fd97b882df515d19361b9b9
2026-03-31T16:45:47.2188857Z time="2026-03-31T16:43:50Z" level=debug msg="do request" request.header.accept="application/vnd.oci.image.manifest.v1+json, */*" request.header.accept-encoding="zstd;q=1.0, gzip;q=0.8, deflate;q=0.5" request.header.user-agent=buildkit/v0.28 request.method=GET span="resolving docker.io/library/golang:1.25-alpine3.23" spanID=0da7ba5edd661390 traceID=07cc71032fd97b882df515d19361b9b9
2026-03-31T16:45:47.2192957Z time="2026-03-31T16:43:50Z" level=debug msg="fetch response received" response.header.connection=keep-alive response.header.content-length=9218 response.header.content-type=application/vnd.oci.image.index.v1+json response.header.date="Tue, 31 Mar 2026 16:43:50 GMT" response.header.docker-content-digest="sha256:25109184c71bdad752c8312a8623239686a9a2071e8825f20acb8f2198c3f659" response.header.docker-distribution-api-version=registry/2.0 response.header.docker-ratelimit-source=59aa2839-97c5-4781-8b76-14f597fd2a04 response.header.etag="\"sha256:25109184c71bdad752c8312a8623239686a9a2071e8825f20acb8f2198c3f659\"" response.header.strict-transport-security="max-age=31536000" response.status="200 OK" span="resolving docker.io/library/alpine:3.23" spanID=e3ddc820a11a9a0e traceID=07cc71032fd97b882df515d19361b9b9
2026-03-31T16:45:47.2196503Z time="2026-03-31T16:43:50Z" level=debug msg=fetch span="resolving docker.io/library/alpine:3.23" spanID=e3ddc820a11a9a0e traceID=07cc71032fd97b882df515d19361b9b9
2026-03-31T16:45:47.2197735Z time="2026-03-31T16:43:50Z" level=debug msg="fetching layer" chunk_size=0 initial_parallelism=0 offset=0 parallelism=1 span="resolving docker.io/library/alpine:3.23" spanID=e3ddc820a11a9a0e traceID=07cc71032fd97b882df515d19361b9b9
2026-03-31T16:45:47.2199674Z time="2026-03-31T16:43:50Z" level=debug msg="do request" request.header.accept="application/vnd.oci.image.manifest.v1+json, */*" request.header.accept-encoding="zstd;q=1.0, gzip;q=0.8, deflate;q=0.5" request.header.user-agent=buildkit/v0.28 request.method=GET span="resolving docker.io/library/alpine:3.23" spanID=e3ddc820a11a9a0e traceID=07cc71032fd97b882df515d19361b9b9
2026-03-31T16:45:47.2203839Z time="2026-03-31T16:43:50Z" level=debug msg="fetch response received" response.header.connection=keep-alive response.header.content-length=9954 response.header.content-type=application/vnd.oci.image.index.v1+json response.header.date="Tue, 31 Mar 2026 16:43:50 GMT" response.header.docker-content-digest="sha256:010d4b66aed389848b0694f91c7aaee9df59a6f20be7f5d12e53663a37bd14e2" response.header.docker-distribution-api-version=registry/2.0 response.header.docker-ratelimit-source=59aa2839-97c5-4781-8b76-14f597fd2a04 response.header.etag="\"sha256:010d4b66aed389848b0694f91c7aaee9df59a6f20be7f5d12e53663a37bd14e2\"" response.header.strict-transport-security="max-age=31536000" response.status="200 OK" span="resolving docker.io/tonistiigi/xx:1.7.0" spanID=8588e88927b58956 traceID=07cc71032fd97b882df515d19361b9b9
2026-03-31T16:45:47.2208017Z time="2026-03-31T16:43:50Z" level=debug msg=fetch span="resolving docker.io/tonistiigi/xx:1.7.0" spanID=8588e88927b58956 traceID=07cc71032fd97b882df515d19361b9b9
2026-03-31T16:45:47.2210231Z time="2026-03-31T16:43:50Z" level=debug msg="fetching layer" chunk_size=0 initial_parallelism=0 offset=0 parallelism=1 span="resolving docker.io/tonistiigi/xx:1.7.0" spanID=8588e88927b58956 traceID=07cc71032fd97b882df515d19361b9b9
2026-03-31T16:45:47.2213722Z time="2026-03-31T16:43:50Z" level=debug msg="do request" request.header.accept="application/vnd.oci.image.manifest.v1+json, */*" request.header.accept-encoding="zstd;q=1.0, gzip;q=0.8, deflate;q=0.5" request.header.user-agent=buildkit/v0.28 request.method=GET span="resolving docker.io/tonistiigi/xx:1.7.0" spanID=8588e88927b58956 traceID=07cc71032fd97b882df515d19361b9b9
2026-03-31T16:45:47.2219552Z time="2026-03-31T16:43:50Z" level=debug msg="fetch response received" response.header.connection=keep-alive response.header.content-length=1921 response.header.content-type=application/vnd.oci.image.manifest.v1+json response.header.date="Tue, 31 Mar 2026 16:43:50 GMT" response.header.docker-content-digest="sha256:450ce2460f20b2f581cf1ac4f36606f88817e63f907f489d9a3b1c14ba821979" response.header.docker-distribution-api-version=registry/2.0 response.header.docker-ratelimit-source=59aa2839-97c5-4781-8b76-14f597fd2a04 response.header.etag="\"sha256:450ce2460f20b2f581cf1ac4f36606f88817e63f907f489d9a3b1c14ba821979\"" response.header.strict-transport-security="max-age=31536000" response.status="200 OK" span="resolving docker.io/library/golang:1.25-alpine3.23" spanID=0da7ba5edd661390 traceID=07cc71032fd97b882df515d19361b9b9
2026-03-31T16:45:47.2223569Z time="2026-03-31T16:43:50Z" level=debug msg=fetch span="resolving docker.io/library/golang:1.25-alpine3.23" spanID=0da7ba5edd661390 traceID=07cc71032fd97b882df515d19361b9b9
2026-03-31T16:45:47.2224937Z time="2026-03-31T16:43:50Z" level=debug msg="fetching layer" chunk_size=0 initial_parallelism=0 offset=0 parallelism=1 span="resolving docker.io/library/golang:1.25-alpine3.23" spanID=0da7ba5edd661390 traceID=07cc71032fd97b882df515d19361b9b9
2026-03-31T16:45:47.2227508Z time="2026-03-31T16:43:50Z" level=debug msg="do request" request.header.accept="application/vnd.oci.image.config.v1+json, */*" request.header.accept-encoding="zstd;q=1.0, gzip;q=0.8, deflate;q=0.5" request.header.user-agent=buildkit/v0.28 request.method=GET span="resolving docker.io/library/golang:1.25-alpine3.23" spanID=0da7ba5edd661390 traceID=07cc71032fd97b882df515d19361b9b9
2026-03-31T16:45:47.2232140Z time="2026-03-31T16:43:50Z" level=debug msg="fetch response received" response.header.connection=keep-alive response.header.content-length=1022 response.header.content-type=application/vnd.oci.image.manifest.v1+json response.header.date="Tue, 31 Mar 2026 16:43:50 GMT" response.header.docker-content-digest="sha256:59855d3dceb3ae53991193bd03301e082b2a7faa56a514b03527ae0ec2ce3a95" response.header.docker-distribution-api-version=registry/2.0 response.header.docker-ratelimit-source=59aa2839-97c5-4781-8b76-14f597fd2a04 response.header.etag="\"sha256:59855d3dceb3ae53991193bd03301e082b2a7faa56a514b03527ae0ec2ce3a95\"" response.header.strict-transport-security="max-age=31536000" response.status="200 OK" span="resolving docker.io/library/alpine:3.23" spanID=e3ddc820a11a9a0e traceID=07cc71032fd97b882df515d19361b9b9
2026-03-31T16:45:47.2236124Z time="2026-03-31T16:43:50Z" level=debug msg=fetch span="resolving docker.io/library/alpine:3.23" spanID=e3ddc820a11a9a0e traceID=07cc71032fd97b882df515d19361b9b9
2026-03-31T16:45:47.2237733Z time="2026-03-31T16:43:50Z" level=debug msg="fetching layer" chunk_size=0 initial_parallelism=0 offset=0 parallelism=1 span="resolving docker.io/library/alpine:3.23" spanID=e3ddc820a11a9a0e traceID=07cc71032fd97b882df515d19361b9b9
2026-03-31T16:45:47.2239899Z time="2026-03-31T16:43:50Z" level=debug msg="do request" request.header.accept="application/vnd.oci.image.config.v1+json, */*" request.header.accept-encoding="zstd;q=1.0, gzip;q=0.8, deflate;q=0.5" request.header.user-agent=buildkit/v0.28 request.method=GET span="resolving docker.io/library/alpine:3.23" spanID=e3ddc820a11a9a0e traceID=07cc71032fd97b882df515d19361b9b9
2026-03-31T16:45:47.2244520Z time="2026-03-31T16:43:50Z" level=debug msg="fetch response received" response.header.connection=keep-alive response.header.content-length=478 response.header.content-type=application/vnd.oci.image.manifest.v1+json response.header.date="Tue, 31 Mar 2026 16:43:50 GMT" response.header.docker-content-digest="sha256:a5209ea1511147ad0de4f4a223da8f3d171c3884389935cbdca38d81f44e6534" response.header.docker-distribution-api-version=registry/2.0 response.header.docker-ratelimit-source=59aa2839-97c5-4781-8b76-14f597fd2a04 response.header.etag="\"sha256:a5209ea1511147ad0de4f4a223da8f3d171c3884389935cbdca38d81f44e6534\"" response.header.strict-transport-security="max-age=31536000" response.status="200 OK" span="resolving docker.io/tonistiigi/xx:1.7.0" spanID=8588e88927b58956 traceID=07cc71032fd97b882df515d19361b9b9
2026-03-31T16:45:47.2248615Z time="2026-03-31T16:43:50Z" level=debug msg=fetch span="resolving docker.io/tonistiigi/xx:1.7.0" spanID=8588e88927b58956 traceID=07cc71032fd97b882df515d19361b9b9
2026-03-31T16:45:47.2250032Z time="2026-03-31T16:43:50Z" level=debug msg="fetching layer" chunk_size=0 initial_parallelism=0 offset=0 parallelism=1 span="resolving docker.io/tonistiigi/xx:1.7.0" spanID=8588e88927b58956 traceID=07cc71032fd97b882df515d19361b9b9
2026-03-31T16:45:47.2251939Z time="2026-03-31T16:43:50Z" level=debug msg="do request" request.header.accept="application/vnd.oci.image.config.v1+json, */*" request.header.accept-encoding="zstd;q=1.0, gzip;q=0.8, deflate;q=0.5" request.header.user-agent=buildkit/v0.28 request.method=GET span="resolving docker.io/tonistiigi/xx:1.7.0" spanID=8588e88927b58956 traceID=07cc71032fd97b882df515d19361b9b9
2026-03-31T16:45:47.2258424Z time="2026-03-31T16:43:50Z" level=debug msg="fetch response received" response.header.accept-ranges=bytes response.header.age=2215435 response.header.cache-control="public, max-age=14400" response.header.cf-cache-status=HIT response.header.cf-ray=9e50d0b9efad89c5-ORD response.header.connection=keep-alive response.header.content-length=2193 response.header.content-type=application/octet-stream response.header.date="Tue, 31 Mar 2026 16:43:50 GMT" response.header.etag="\"3eb207b0b2989a844cdb1227b6cdcba3\"" response.header.expires="Tue, 31 Mar 2026 20:43:50 GMT" response.header.last-modified="Fri, 06 Mar 2026 01:12:53 GMT" response.header.server=cloudflare response.header.set-cookie="__cf_bm=2k4MVXTIE62W4hS_BXJLyx6W6_2.CVqtTtHWPyOQ_9Y-1774975430-1.0.1.1-6IlvLWsblWdti8h5CDeSQ6gEnbX0eyFdiZF4PjbMhDP1M3mm8h4Ur_rfiuKbQp.mQ8KhPWvWeAOPgZJdigRSykOi9HTv4UFJMmr1zE3Uhy0; path=/; expires=Tue, 31-Mar-26 17:13:50 GMT; domain=.production.cloudflare.docker.com; HttpOnly; Secure; SameSite=None" response.header.vary=Accept-Encoding response.header.x-amz-id-2=JUfD/cCJ6ODBm4KJ/TA2hMe61JAmcfaA9T/vsicHDwInaFnPLfUh9kqda0h7Y7RwWh57HvDzfx6BQHVkvaLQq7uYMacKvOb5 response.header.x-amz-request-id=3FNJE0R8YDVP3T02 response.header.x-amz-server-side-encryption=AES256 response.header.x-amz-version-id=CthvpA6zvNegtPiL6yOCkNIGBVLm2Q7b response.status="200 OK" span="resolving docker.io/library/golang:1.25-alpine3.23" spanID=0da7ba5edd661390 traceID=07cc71032fd97b882df515d19361b9b9
2026-03-31T16:45:47.2269180Z time="2026-03-31T16:43:50Z" level=debug msg="fetch response received" response.header.accept-ranges=bytes response.header.age=573215 response.header.cache-control="public, max-age=14400" response.header.cf-cache-status=HIT response.header.cf-ray=9e50d0ba38ee89c5-ORD response.header.connection=keep-alive response.header.content-length=611 response.header.content-type=application/octet-stream response.header.date="Tue, 31 Mar 2026 16:43:50 GMT" response.header.etag="\"61f09746cf90764c68348510ab5f4480\"" response.header.expires="Tue, 31 Mar 2026 20:43:50 GMT" response.header.last-modified="Wed, 28 Jan 2026 01:18:09 GMT" response.header.server=cloudflare response.header.set-cookie="__cf_bm=9viIzDdQRSOiDF2.UY0bSYgXkChyrWqhpTmAOAaomIk-1774975430-1.0.1.1-9V9vBRCQvrcfgrS5YHkWmWsh0f4TmweQNB8GYMOnjHBoICZhSuaTguB1cgQJ68uMzkZpIOCmM11uowM18tkjxEx5c5US8XC_FqNXA4TiniI; path=/; expires=Tue, 31-Mar-26 17:13:50 GMT; domain=.production.cloudflare.docker.com; HttpOnly; Secure; SameSite=None" response.header.vary=Accept-Encoding response.header.x-amz-id-2="YpS0IueAnGK0VrP5gn4MeiOpMvqpYtlB+W2VSJ0MO8uZ0POMPqprg7V5zGenUQEMES6BJJPrT+M=" response.header.x-amz-request-id=RFENCDD29EMY1D60 response.header.x-amz-server-side-encryption=AES256 response.header.x-amz-version-id=970gaudL_.2zGpne4h90orRiHJ4vCSD7 response.status="200 OK" span="resolving docker.io/library/alpine:3.23" spanID=e3ddc820a11a9a0e traceID=07cc71032fd97b882df515d19361b9b9
2026-03-31T16:45:47.2280668Z time="2026-03-31T16:43:50Z" level=debug msg="fetch response received" response.header.accept-ranges=bytes response.header.age=578142 response.header.cache-control="public, max-age=14400" response.header.cf-cache-status=HIT response.header.cf-ray=9e50d0ba79b289c5-ORD response.header.connection=keep-alive response.header.content-length=925 response.header.content-type=application/octet-stream response.header.date="Tue, 31 Mar 2026 16:43:50 GMT" response.header.etag="\"d2724a66a424ba37982ef9a5572996c6\"" response.header.expires="Tue, 31 Mar 2026 20:43:50 GMT" response.header.last-modified="Tue, 09 Sep 2025 20:03:40 GMT" response.header.server=cloudflare response.header.set-cookie="__cf_bm=RY134Jcs.yUKbPNlZRHZy5TEUTxe7xQ9oWrSeTfWvOw-1774975430-1.0.1.1-n6V16bBIGnQlu4TRH0mMJ1HJg3ifReQeSLLWJIS_1wRGbRq4MkxbS_0TTp5X8t8SnzA36d1qOJBnaAwvtuCl31cpU0tg597V0tPrrYExeU8; path=/; expires=Tue, 31-Mar-26 17:13:50 GMT; domain=.production.cloudflare.docker.com; HttpOnly; Secure; SameSite=None" response.header.vary=Accept-Encoding response.header.x-amz-id-2="vuxm0We5sjGMkd4drAygzcAVBPUOT+yZakY1N0jMdSwc4Sc/HiRg4ABseJGt4r31gBSRyqdd2rE=" response.header.x-amz-request-id=SRSY385XM5EQYKS8 response.header.x-amz-server-side-encryption=AES256 response.header.x-amz-version-id=SZUzpwuLkAaR6GkhDouhvmus1VTkIuS0 response.status="200 OK" span="resolving docker.io/tonistiigi/xx:1.7.0" spanID=8588e88927b58956 traceID=07cc71032fd97b882df515d19361b9b9
2026-03-31T16:45:47.2287125Z time="2026-03-31T16:43:51Z" level=debug msg="parsed token: scopes: [{Scope:refs/heads/master Permission:Read|Write}], issued: 2026-03-31 16:38:13 +0000 UTC, expires: 2026-03-31 22:53:13 +0000 UTC"
2026-03-31T16:45:47.2288427Z time="2026-03-31T16:43:51Z" level=debug msg="checked for cached auth handler namespace" cached=true key="docker.io/docker/buildkit-syft-scanner::pull" name=docker.io/docker/buildkit-syft-scanner scope=pull
2026-03-31T16:45:47.2289666Z time="2026-03-31T16:43:51Z" level=debug msg="checked for cached auth handler namespace" cached=true key="docker.io/library/golang::pull" name=docker.io/library/golang scope=pull
2026-03-31T16:45:47.2290765Z time="2026-03-31T16:43:51Z" level=debug msg="checked for cached auth handler namespace" cached=true key="docker.io/library/alpine::pull" name=docker.io/library/alpine scope=pull
2026-03-31T16:45:47.2291868Z time="2026-03-31T16:43:51Z" level=debug msg="checked for cached auth handler namespace" cached=true key="docker.io/tonistiigi/xx::pull" name=docker.io/tonistiigi/xx scope=pull
2026-03-31T16:45:47.2292868Z time="2026-03-31T16:43:51Z" level=debug msg=resolving host=registry-1.docker.io spanID=023dcf0e700ab626 traceID=07cc71032fd97b882df515d19361b9b9
2026-03-31T16:45:47.2295276Z time="2026-03-31T16:43:51Z" level=debug msg="do request" host=registry-1.docker.io request.header.accept="application/vnd.docker.distribution.manifest.v2+json, application/vnd.docker.distribution.manifest.list.v2+json, application/vnd.oci.image.manifest.v1+json, application/vnd.oci.image.index.v1+json, */*" request.header.user-agent=buildkit/v0.28 request.method=HEAD spanID=023dcf0e700ab626 traceID=07cc71032fd97b882df515d19361b9b9 url="https://registry-1.docker.io/v2/docker/buildkit-syft-scanner/manifests/1.10.0"
2026-03-31T16:45:47.2298278Z time="2026-03-31T16:43:51Z" level=debug msg=fetch digest="sha256:8e02eb337d9e0ea459e041f1ee5eece41cbb61f1d83e7d883a3e2fb4862063fa" mediatype=application/vnd.oci.image.index.v1+json size=10293 spanID=023dcf0e700ab626 traceID=07cc71032fd97b882df515d19361b9b9
2026-03-31T16:45:47.2300234Z time="2026-03-31T16:43:51Z" level=debug msg=fetch digest="sha256:25109184c71bdad752c8312a8623239686a9a2071e8825f20acb8f2198c3f659" mediatype=application/vnd.oci.image.index.v1+json size=9218 spanID=023dcf0e700ab626 traceID=07cc71032fd97b882df515d19361b9b9
2026-03-31T16:45:47.2302174Z time="2026-03-31T16:43:51Z" level=debug msg=fetch digest="sha256:010d4b66aed389848b0694f91c7aaee9df59a6f20be7f5d12e53663a37bd14e2" mediatype=application/vnd.oci.image.index.v1+json size=9954 spanID=023dcf0e700ab626 traceID=07cc71032fd97b882df515d19361b9b9
2026-03-31T16:45:47.2303954Z time="2026-03-31T16:43:51Z" level=debug msg=fetch digest="sha256:450ce2460f20b2f581cf1ac4f36606f88817e63f907f489d9a3b1c14ba821979" mediatype=application/vnd.oci.image.manifest.v1+json size=1921 spanID=023dcf0e700ab626 traceID=07cc71032fd97b882df515d19361b9b9
2026-03-31T16:45:47.2305642Z time="2026-03-31T16:43:51Z" level=debug msg=fetch digest="sha256:59855d3dceb3ae53991193bd03301e082b2a7faa56a514b03527ae0ec2ce3a95" mediatype=application/vnd.oci.image.manifest.v1+json size=1022 spanID=023dcf0e700ab626 traceID=07cc71032fd97b882df515d19361b9b9
2026-03-31T16:45:47.2307596Z time="2026-03-31T16:43:51Z" level=debug msg=fetch digest="sha256:a5209ea1511147ad0de4f4a223da8f3d171c3884389935cbdca38d81f44e6534" mediatype=application/vnd.oci.image.manifest.v1+json size=478 spanID=023dcf0e700ab626 traceID=07cc71032fd97b882df515d19361b9b9
2026-03-31T16:45:47.2309279Z time="2026-03-31T16:43:51Z" level=debug msg=fetch digest="sha256:a40c03cbb81c59bfb0e0887ab0b1859727075da7b9cc576a1cec2c771f38c5fb" mediatype=application/vnd.oci.image.config.v1+json size=611 spanID=023dcf0e700ab626 traceID=07cc71032fd97b882df515d19361b9b9
2026-03-31T16:45:47.2310939Z time="2026-03-31T16:43:51Z" level=debug msg=fetch digest="sha256:8675f342b2a0fd2594a7fb88e187a057e10a5c943715d3cc3557075f284e1bc5" mediatype=application/vnd.oci.image.config.v1+json size=925 spanID=023dcf0e700ab626 traceID=07cc71032fd97b882df515d19361b9b9
2026-03-31T16:45:47.2312605Z time="2026-03-31T16:43:51Z" level=debug msg=fetch digest="sha256:d30e32cb1b0c68712feb5a817c3f8c26aa993dfb21e146d31f8d8718e17e5c77" mediatype=application/vnd.oci.image.config.v1+json size=2193 spanID=023dcf0e700ab626 traceID=07cc71032fd97b882df515d19361b9b9
2026-03-31T16:45:47.2316749Z time="2026-03-31T16:43:52Z" level=debug msg="fetch response received" host=registry-1.docker.io response.header.connection=keep-alive response.header.content-length=4648 response.header.content-type=application/vnd.oci.image.index.v1+json response.header.date="Tue, 31 Mar 2026 16:43:51 GMT" response.header.docker-content-digest="sha256:490c3821680b55fe995766f7f22db4e6566ccef41c4cea13b370c4384d7eb3f2" response.header.docker-distribution-api-version=registry/2.0 response.header.docker-ratelimit-source=59aa2839-97c5-4781-8b76-14f597fd2a04 response.header.etag="\"sha256:490c3821680b55fe995766f7f22db4e6566ccef41c4cea13b370c4384d7eb3f2\"" response.header.strict-transport-security="max-age=31536000" response.status="200 OK" spanID=023dcf0e700ab626 traceID=07cc71032fd97b882df515d19361b9b9 url="https://registry-1.docker.io/v2/docker/buildkit-syft-scanner/manifests/1.10.0"
2026-03-31T16:45:47.2320559Z time="2026-03-31T16:43:52Z" level=debug msg=resolved desc.digest="sha256:490c3821680b55fe995766f7f22db4e6566ccef41c4cea13b370c4384d7eb3f2" host=registry-1.docker.io spanID=023dcf0e700ab626 traceID=07cc71032fd97b882df515d19361b9b9
2026-03-31T16:45:47.2322291Z time="2026-03-31T16:43:52Z" level=debug msg=fetch digest="sha256:490c3821680b55fe995766f7f22db4e6566ccef41c4cea13b370c4384d7eb3f2" mediatype=application/vnd.oci.image.index.v1+json size=4648 spanID=023dcf0e700ab626 traceID=07cc71032fd97b882df515d19361b9b9
2026-03-31T16:45:47.2324011Z time="2026-03-31T16:43:52Z" level=debug msg=fetch digest="sha256:be0168b915c5cdb2376d867276cfebc8c2e2dee1ff3fcd8bf3fcfc9e99d8427e" mediatype=application/vnd.oci.image.manifest.v1+json size=481 spanID=023dcf0e700ab626 traceID=07cc71032fd97b882df515d19361b9b9
2026-03-31T16:45:47.2326004Z time="2026-03-31T16:43:52Z" level=debug msg=fetch digest="sha256:36b731a9a31a19c8746b348261540ca2b52e76d5374690c741a0dcc1929e5a90" mediatype=application/vnd.oci.image.config.v1+json size=797 spanID=023dcf0e700ab626 traceID=07cc71032fd97b882df515d19361b9b9
2026-03-31T16:45:47.2328295Z time="2026-03-31T16:43:52Z" level=debug msg="signature verification: &{Kind:Docker GitHub Builder SignatureType:Sigstore Bundle Signer:0xc000c31340 Timestamps:[{Type:Tlog URI:https://rekor.sigstore.dev Timestamp:2026-03-31 14:22:36 +0000 UTC} {Type:TimestampAuthority URI:https://timestamp.sigstore.dev/api/v1/timestamp Timestamp:2026-03-31 14:22:36 +0000 UTC}] DockerReference: TrustRootStatus:{Error: LastUpdated:<nil>} IsDHI:false}"
2026-03-31T16:45:47.2334339Z time="2026-03-31T16:43:52Z" level=debug msg="signer: &{CertificateIssuer:CN=sigstore-intermediate,O=sigstore.dev SubjectAlternativeName:https://github.com/docker/github-builder/.github/workflows/bake.yml@70313223e2665c3211b454b3fea6534624e78d64 Extensions:{Issuer:https://token.actions.githubusercontent.com GithubWorkflowTrigger:push GithubWorkflowSHA:f7897eba028583e0071642db3c011e860444f8cf GithubWorkflowName:build GithubWorkflowRepository:docker/buildx GithubWorkflowRef:refs/heads/master BuildSignerURI:https://github.com/docker/github-builder/.github/workflows/bake.yml@70313223e2665c3211b454b3fea6534624e78d64 BuildSignerDigest:70313223e2665c3211b454b3fea6534624e78d64 RunnerEnvironment:github-hosted SourceRepositoryURI:https://github.com/docker/buildx SourceRepositoryDigest:f7897eba028583e0071642db3c011e860444f8cf SourceRepositoryRef:refs/heads/master SourceRepositoryIdentifier:177210627 SourceRepositoryOwnerURI:https://github.com/docker SourceRepositoryOwnerIdentifier:5429470 BuildConfigURI:https://github.com/docker/buildx/.github/workflows/build.yml@refs/heads/master BuildConfigDigest:f7897eba028583e0071642db3c011e860444f8cf BuildTrigger:push RunInvocationURI:https://github.com/docker/buildx/actions/runs/23801687092/attempts/1 SourceRepositoryVisibilityAtSigning:public}}"
2026-03-31T16:45:47.2340112Z time="2026-03-31T16:43:52Z" level=debug msg="certificate field \"subjectAlternativeName\" matches policy (\"https://github.com/docker/github-builder/.github/workflows/bake.yml@70313223e2665c3211b454b3fea6534624e78d64\")"
2026-03-31T16:45:47.2341300Z time="2026-03-31T16:43:52Z" level=debug msg="certificate field \"issuer\" matches policy (\"https://token.actions.githubusercontent.com\")"
2026-03-31T16:45:47.2342151Z time="2026-03-31T16:43:52Z" level=debug msg="certificate field \"githubWorkflowRepository\" matches policy (\"docker/buildx\")"
2026-03-31T16:45:47.2342916Z time="2026-03-31T16:43:52Z" level=debug msg="certificate field \"runnerEnvironment\" matches policy (\"github-hosted\")"
2026-03-31T16:45:47.2343734Z time="2026-03-31T16:43:52Z" level=debug msg="certificate field \"sourceRepositoryURI\" matches policy (\"https://github.com/docker/buildx\")"
2026-03-31T16:45:47.2344890Z time="2026-03-31T16:43:52Z" level=debug msg="checked for cached auth handler namespace" cached=true key="docker.io/docker/buildkit-syft-scanner::pull" name=docker.io/docker/buildkit-syft-scanner scope=pull
2026-03-31T16:45:47.2346511Z time="2026-03-31T16:43:52Z" level=debug msg="checked for cached auth handler namespace" cached=true key="docker.io/library/alpine::pull" name=docker.io/library/alpine scope=pull
2026-03-31T16:45:47.2347814Z time="2026-03-31T16:43:52Z" level=debug msg="checked for cached auth handler namespace" cached=true key="docker.io/library/alpine::pull" name=docker.io/library/alpine scope=pull
2026-03-31T16:45:47.2349081Z time="2026-03-31T16:43:52Z" level=debug msg="checked for cached auth handler namespace" cached=true key="docker.io/docker/buildkit-syft-scanner::pull" name=docker.io/docker/buildkit-syft-scanner scope=pull
2026-03-31T16:45:47.2350413Z time="2026-03-31T16:43:52Z" level=debug msg="checked for cached auth handler namespace" cached=true key="docker.io/tonistiigi/xx::pull" name=docker.io/tonistiigi/xx scope=pull
2026-03-31T16:45:47.2351512Z time="2026-03-31T16:43:52Z" level=debug msg="checked for cached auth handler namespace" cached=true key="docker.io/tonistiigi/xx::pull" name=docker.io/tonistiigi/xx scope=pull
2026-03-31T16:45:47.2352944Z time="2026-03-31T16:43:52Z" level=debug msg=fetch digest="sha256:589002ba0eaed121a1dbf42f6648f29e5be55d5c8a6ee0f8eaa0285cc21ac153" mediatype=application/vnd.oci.image.layer.v1.tar+gzip size=3861821 spanID=166eded340f72aa1 traceID=07cc71032fd97b882df515d19361b9b9
2026-03-31T16:45:47.2355365Z time="2026-03-31T16:43:52Z" level=debug msg="fetching layer" chunk_size=0 digest="sha256:589002ba0eaed121a1dbf42f6648f29e5be55d5c8a6ee0f8eaa0285cc21ac153" initial_parallelism=0 mediatype=application/vnd.oci.image.layer.v1.tar+gzip offset=0 parallelism=1 size=3861821 spanID=166eded340f72aa1 traceID=07cc71032fd97b882df515d19361b9b9
2026-03-31T16:45:47.2361306Z time="2026-03-31T16:43:52Z" level=debug msg="do request" digest="sha256:589002ba0eaed121a1dbf42f6648f29e5be55d5c8a6ee0f8eaa0285cc21ac153" mediatype=application/vnd.oci.image.layer.v1.tar+gzip request.header.accept="application/vnd.oci.image.layer.v1.tar+gzip, */*" request.header.accept-encoding="zstd;q=1.0, gzip;q=0.8, deflate;q=0.5" request.header.user-agent=buildkit/v0.28 request.method=GET size=3861821 spanID=166eded340f72aa1 traceID=07cc71032fd97b882df515d19361b9b9 url="https://registry-1.docker.io/v2/library/alpine/blobs/sha256:589002ba0eaed121a1dbf42f6648f29e5be55d5c8a6ee0f8eaa0285cc21ac153"
2026-03-31T16:45:47.2366192Z time="2026-03-31T16:43:52Z" level=debug msg=fetch digest="sha256:ec2a18791581802054550bd3bed13f47a67efa44d10f2cb18db00904e68f4977" mediatype=application/vnd.oci.image.layer.v1.tar+gzip size=45905658 spanID=7ca7bbe49acb5cdb traceID=07cc71032fd97b882df515d19361b9b9
2026-03-31T16:45:47.2368805Z time="2026-03-31T16:43:52Z" level=debug msg="fetching layer" chunk_size=0 digest="sha256:ec2a18791581802054550bd3bed13f47a67efa44d10f2cb18db00904e68f4977" initial_parallelism=0 mediatype=application/vnd.oci.image.layer.v1.tar+gzip offset=0 parallelism=1 size=45905658 spanID=7ca7bbe49acb5cdb traceID=07cc71032fd97b882df515d19361b9b9
2026-03-31T16:45:47.2374669Z time="2026-03-31T16:43:52Z" level=debug msg="do request" digest="sha256:ec2a18791581802054550bd3bed13f47a67efa44d10f2cb18db00904e68f4977" mediatype=application/vnd.oci.image.layer.v1.tar+gzip request.header.accept="application/vnd.oci.image.layer.v1.tar+gzip, */*" request.header.accept-encoding="zstd;q=1.0, gzip;q=0.8, deflate;q=0.5" request.header.user-agent=buildkit/v0.28 request.method=GET size=45905658 spanID=7ca7bbe49acb5cdb traceID=07cc71032fd97b882df515d19361b9b9 url="https://registry-1.docker.io/v2/docker/buildkit-syft-scanner/blobs/sha256:ec2a18791581802054550bd3bed13f47a67efa44d10f2cb18db00904e68f4977"
2026-03-31T16:45:47.2378177Z time="2026-03-31T16:43:52Z" level=debug msg=fetch digest="sha256:15db0d88ae4923276807d48a05fc8a7208dfbec142770f2fce52af9fee6cd287" mediatype=application/vnd.oci.image.layer.v1.tar+gzip size=17084 spanID=fcbfc91560371c3a traceID=07cc71032fd97b882df515d19361b9b9
2026-03-31T16:45:47.2380130Z time="2026-03-31T16:43:52Z" level=debug msg="fetching layer" chunk_size=0 digest="sha256:15db0d88ae4923276807d48a05fc8a7208dfbec142770f2fce52af9fee6cd287" initial_parallelism=0 mediatype=application/vnd.oci.image.layer.v1.tar+gzip offset=0 parallelism=1 size=17084 spanID=fcbfc91560371c3a traceID=07cc71032fd97b882df515d19361b9b9
2026-03-31T16:45:47.2383395Z time="2026-03-31T16:43:52Z" level=debug msg="do request" digest="sha256:15db0d88ae4923276807d48a05fc8a7208dfbec142770f2fce52af9fee6cd287" mediatype=application/vnd.oci.image.layer.v1.tar+gzip request.header.accept="application/vnd.oci.image.layer.v1.tar+gzip, */*" request.header.accept-encoding="zstd;q=1.0, gzip;q=0.8, deflate;q=0.5" request.header.user-agent=buildkit/v0.28 request.method=GET size=17084 spanID=fcbfc91560371c3a traceID=07cc71032fd97b882df515d19361b9b9 url="https://registry-1.docker.io/v2/tonistiigi/xx/blobs/sha256:15db0d88ae4923276807d48a05fc8a7208dfbec142770f2fce52af9fee6cd287"
2026-03-31T16:45:47.2391799Z time="2026-03-31T16:43:52Z" level=debug msg="fetch response received" digest="sha256:589002ba0eaed121a1dbf42f6648f29e5be55d5c8a6ee0f8eaa0285cc21ac153" mediatype=application/vnd.oci.image.layer.v1.tar+gzip response.header.accept-ranges=bytes response.header.age=898422 response.header.cache-control="public, max-age=14400" response.header.cf-cache-status=HIT response.header.cf-ray=9e50d0c64ac489c5-ORD response.header.connection=keep-alive response.header.content-length=3861821 response.header.content-type=application/octet-stream response.header.date="Tue, 31 Mar 2026 16:43:52 GMT" response.header.etag="\"58099b9a1efd5bfd7f2b1e6b3d903a02\"" response.header.expires="Tue, 31 Mar 2026 20:43:52 GMT" response.header.last-modified="Wed, 28 Jan 2026 01:18:09 GMT" response.header.server=cloudflare response.header.set-cookie="__cf_bm=2XoJSc19bimsynLLL746nBHt.DZVRu05ku1GxWf4Yng-1774975432-1.0.1.1-Whsb5wB_gyYIFRPUvvm4H9ryGGxZMjTIM2KqwwYSGMbABVmrbnwTPCputQLhSiJcak10dpM34L.eb06AeEPvQ4gOHbAP49RHd.l8dvS5klQ; path=/; expires=Tue, 31-Mar-26 17:13:52 GMT; domain=.production.cloudflare.docker.com; HttpOnly; Secure; SameSite=None" response.header.vary=Accept-Encoding response.header.x-amz-id-2="oisAEV6pktLbEfjQLAB2KNmX9fGOGaY8572E0n/1hSdcVlPtX5DKwTfGYVI3P1f0L/wrVIJxrPM=" response.header.x-amz-request-id=H4QY90BKWSHAW2NY response.header.x-amz-server-side-encryption=AES256 response.header.x-amz-version-id=gFHL76JSF5c9QKyMfnN9cKmu3PqzD.Ho response.status="200 OK" size=3861821 spanID=166eded340f72aa1 traceID=07cc71032fd97b882df515d19361b9b9 url="https://registry-1.docker.io/v2/library/alpine/blobs/sha256:589002ba0eaed121a1dbf42f6648f29e5be55d5c8a6ee0f8eaa0285cc21ac153"
2026-03-31T16:45:47.2404413Z time="2026-03-31T16:43:52Z" level=debug msg="fetch response received" digest="sha256:15db0d88ae4923276807d48a05fc8a7208dfbec142770f2fce52af9fee6cd287" mediatype=application/vnd.oci.image.layer.v1.tar+gzip response.header.accept-ranges=bytes response.header.age=241012 response.header.cache-control="public, max-age=14400" response.header.cf-cache-status=HIT response.header.cf-ray=9e50d0c63988b4b8-ORD response.header.connection=keep-alive response.header.content-length=17084 response.header.content-type=application/octet-stream response.header.date="Tue, 31 Mar 2026 16:43:52 GMT" response.header.etag="\"9f4c65bc40108b3ccd3767246fb10a9d\"" response.header.expires="Tue, 31 Mar 2026 20:43:52 GMT" response.header.last-modified="Tue, 09 Sep 2025 20:03:39 GMT" response.header.server=cloudflare response.header.set-cookie="__cf_bm=pGL9INd0qxjAJRw03EAOIXEoCuTxDudK0mkWt_A1BL0-1774975432-1.0.1.1-tMXUI40zc8awA7b1cCKX2YpBaQCh34YXcuxvaEUZ0Xw61Al0mGchJYZuNR8lE1q_MHRaqifULAaQcG3BXAOFKqQ7hnBVkkyxWl7z7Fijxjg; path=/; expires=Tue, 31-Mar-26 17:13:52 GMT; domain=.production.cloudflare.docker.com; HttpOnly; Secure; SameSite=None" response.header.vary=Accept-Encoding response.header.x-amz-id-2="tXScAyLE9I6wc9MsHDc5bPps+Vgm9czhGSK2z04SNHgMSNVA/Pw3dK/KD2OyhJsJCujpzvLYWdOMheBiiZzzu8DQMnF/zx8MbveX0oAyMls=" response.header.x-amz-request-id=FCPNAWD91CFH44RS response.header.x-amz-server-side-encryption=AES256 response.header.x-amz-version-id=.kq97N50fPrs_A.OrPwyUXItI69n07Cp response.status="200 OK" size=17084 spanID=fcbfc91560371c3a traceID=07cc71032fd97b882df515d19361b9b9 url="https://registry-1.docker.io/v2/tonistiigi/xx/blobs/sha256:15db0d88ae4923276807d48a05fc8a7208dfbec142770f2fce52af9fee6cd287"
2026-03-31T16:45:47.2417671Z time="2026-03-31T16:43:52Z" level=debug msg="diff applied" d=3.016734ms digest="sha256:15db0d88ae4923276807d48a05fc8a7208dfbec142770f2fce52af9fee6cd287" media=application/vnd.oci.image.layer.v1.tar+gzip size=17084 span=extract spanID=c2477b0ad45a4bdc traceID=07cc71032fd97b882df515d19361b9b9
2026-03-31T16:45:47.2419698Z time="2026-03-31T16:43:52Z" level=debug msg="checked for cached auth handler namespace" cached=true key="docker.io/library/golang::pull" name=docker.io/library/golang scope=pull
2026-03-31T16:45:47.2421021Z time="2026-03-31T16:43:52Z" level=debug msg="checked for cached auth handler namespace" cached=true key="docker.io/library/golang::pull" name=docker.io/library/golang scope=pull
2026-03-31T16:45:47.2422442Z time="2026-03-31T16:43:52Z" level=debug msg=fetch digest="sha256:4f4fb700ef54461cfa02571ae0db9a0dc1e0cdb5577484a6d75e68dc38e8acc1" mediatype=application/vnd.oci.image.layer.v1.tar+gzip size=32 spanID=1638f250a5b49b18 traceID=07cc71032fd97b882df515d19361b9b9
2026-03-31T16:45:47.2424146Z time="2026-03-31T16:43:52Z" level=debug msg=fetch digest="sha256:c81448b65a2967f0391fb7794f00d0c4699914c2cfcb38dff5a45dd68259a523" mediatype=application/vnd.oci.image.layer.v1.tar+gzip size=126 spanID=1638f250a5b49b18 traceID=07cc71032fd97b882df515d19361b9b9
2026-03-31T16:45:47.2426082Z time="2026-03-31T16:43:52Z" level=debug msg=fetch digest="sha256:b45a826c456c6e86847b4522633144d32e8278c39b206001c48f7ff990039794" mediatype=application/vnd.oci.image.layer.v1.tar+gzip size=60171029 spanID=1638f250a5b49b18 traceID=07cc71032fd97b882df515d19361b9b9
2026-03-31T16:45:47.2427810Z time="2026-03-31T16:43:52Z" level=debug msg=fetch digest="sha256:8ee4c410683e5abb54228063b76ee674abc2b06a0962128acb66cb696faf14a7" mediatype=application/vnd.oci.image.layer.v1.tar+gzip size=296073 spanID=1638f250a5b49b18 traceID=07cc71032fd97b882df515d19361b9b9
2026-03-31T16:45:47.2429736Z time="2026-03-31T16:43:52Z" level=debug msg="fetching layer" chunk_size=0 digest="sha256:4f4fb700ef54461cfa02571ae0db9a0dc1e0cdb5577484a6d75e68dc38e8acc1" initial_parallelism=0 mediatype=application/vnd.oci.image.layer.v1.tar+gzip offset=0 parallelism=1 size=32 spanID=1638f250a5b49b18 traceID=07cc71032fd97b882df515d19361b9b9
2026-03-31T16:45:47.2432856Z time="2026-03-31T16:43:52Z" level=debug msg="do request" digest="sha256:4f4fb700ef54461cfa02571ae0db9a0dc1e0cdb5577484a6d75e68dc38e8acc1" mediatype=application/vnd.oci.image.layer.v1.tar+gzip request.header.accept="application/vnd.oci.image.layer.v1.tar+gzip, */*" request.header.accept-encoding="zstd;q=1.0, gzip;q=0.8, deflate;q=0.5" request.header.user-agent=buildkit/v0.28 request.method=GET size=32 spanID=1638f250a5b49b18 traceID=07cc71032fd97b882df515d19361b9b9 url="https://registry-1.docker.io/v2/library/golang/blobs/sha256:4f4fb700ef54461cfa02571ae0db9a0dc1e0cdb5577484a6d75e68dc38e8acc1"
2026-03-31T16:45:47.2436645Z time="2026-03-31T16:43:52Z" level=debug msg="fetching layer" chunk_size=0 digest="sha256:c81448b65a2967f0391fb7794f00d0c4699914c2cfcb38dff5a45dd68259a523" initial_parallelism=0 mediatype=application/vnd.oci.image.layer.v1.tar+gzip offset=0 parallelism=1 size=126 spanID=1638f250a5b49b18 traceID=07cc71032fd97b882df515d19361b9b9
2026-03-31T16:45:47.2439864Z time="2026-03-31T16:43:52Z" level=debug msg="do request" digest="sha256:c81448b65a2967f0391fb7794f00d0c4699914c2cfcb38dff5a45dd68259a523" mediatype=application/vnd.oci.image.layer.v1.tar+gzip request.header.accept="application/vnd.oci.image.layer.v1.tar+gzip, */*" request.header.accept-encoding="zstd;q=1.0, gzip;q=0.8, deflate;q=0.5" request.header.user-agent=buildkit/v0.28 request.method=GET size=126 spanID=1638f250a5b49b18 traceID=07cc71032fd97b882df515d19361b9b9 url="https://registry-1.docker.io/v2/library/golang/blobs/sha256:c81448b65a2967f0391fb7794f00d0c4699914c2cfcb38dff5a45dd68259a523"
2026-03-31T16:45:47.2445421Z time="2026-03-31T16:43:52Z" level=debug msg="fetching layer" chunk_size=0 digest="sha256:b45a826c456c6e86847b4522633144d32e8278c39b206001c48f7ff990039794" initial_parallelism=0 mediatype=application/vnd.oci.image.layer.v1.tar+gzip offset=0 parallelism=1 size=60171029 spanID=1638f250a5b49b18 traceID=07cc71032fd97b882df515d19361b9b9
2026-03-31T16:45:47.2450980Z time="2026-03-31T16:43:52Z" level=debug msg="do request" digest="sha256:b45a826c456c6e86847b4522633144d32e8278c39b206001c48f7ff990039794" mediatype=application/vnd.oci.image.layer.v1.tar+gzip request.header.accept="application/vnd.oci.image.layer.v1.tar+gzip, */*" request.header.accept-encoding="zstd;q=1.0, gzip;q=0.8, deflate;q=0.5" request.header.user-agent=buildkit/v0.28 request.method=GET size=60171029 spanID=1638f250a5b49b18 traceID=07cc71032fd97b882df515d19361b9b9 url="https://registry-1.docker.io/v2/library/golang/blobs/sha256:b45a826c456c6e86847b4522633144d32e8278c39b206001c48f7ff990039794"
2026-03-31T16:45:47.2461092Z time="2026-03-31T16:43:52Z" level=debug msg="fetch response received" digest="sha256:ec2a18791581802054550bd3bed13f47a67efa44d10f2cb18db00904e68f4977" mediatype=application/vnd.oci.image.layer.v1.tar+gzip response.header.accept-ranges=bytes response.header.age=585192 response.header.cache-control="public, max-age=14400" response.header.cf-cache-status=HIT response.header.cf-ray=9e50d0c67a43b4b8-ORD response.header.connection=keep-alive response.header.content-length=45905658 response.header.content-type=application/octet-stream response.header.date="Tue, 31 Mar 2026 16:43:52 GMT" response.header.etag="\"dba2b9cab0fbfdbee41aa43308d720ee-2\"" response.header.expires="Tue, 31 Mar 2026 20:43:52 GMT" response.header.last-modified="Tue, 13 Jan 2026 17:24:02 GMT" response.header.server=cloudflare response.header.set-cookie="__cf_bm=aO6nzM7OX8ov4KR4EH2wTNd0Oq8xRh4q_dcosrrk5QQ-1774975432-1.0.1.1-1cUTMJjgMHZFX4nQOWBf9.vadNFHO2qKxdzHMZVM.jwU4VfrT1OFeStO7cnJje68mWj1nsnh8odXa41AqKpN7KVgDZdvxusCxL6IDk3b6Oo; path=/; expires=Tue, 31-Mar-26 17:13:52 GMT; domain=.production.cloudflare.docker.com; HttpOnly; Secure; SameSite=None" response.header.vary=Accept-Encoding response.header.x-amz-id-2=Xtprb7nOEBJaBhEcZxoRuAZ68yc7sUbgCOGTo+qFh9T4KlIl6OnvCZFDkSm7mNFip8A+E0/wx+b6AVLlbAncAHGHsNLdClJQ response.header.x-amz-request-id=JJPCAMGZSCXEB8N7 response.header.x-amz-server-side-encryption=AES256 response.header.x-amz-storage-class=INTELLIGENT_TIERING response.header.x-amz-version-id=5q8dUfoa7eWiAX8T_9D2J0xXHB2d49t6 response.status="200 OK" size=45905658 spanID=7ca7bbe49acb5cdb traceID=07cc71032fd97b882df515d19361b9b9 url="https://registry-1.docker.io/v2/docker/buildkit-syft-scanner/blobs/sha256:ec2a18791581802054550bd3bed13f47a67efa44d10f2cb18db00904e68f4977"
2026-03-31T16:45:47.2468882Z time="2026-03-31T16:43:52Z" level=debug msg="diff applied" d=78.554232ms digest="sha256:589002ba0eaed121a1dbf42f6648f29e5be55d5c8a6ee0f8eaa0285cc21ac153" media=application/vnd.oci.image.layer.v1.tar+gzip size=3861821 span=extract spanID=7c78424f1096763f traceID=07cc71032fd97b882df515d19361b9b9
2026-03-31T16:45:47.2476152Z time="2026-03-31T16:43:52Z" level=debug msg="fetch response received" digest="sha256:b45a826c456c6e86847b4522633144d32e8278c39b206001c48f7ff990039794" mediatype=application/vnd.oci.image.layer.v1.tar+gzip response.header.accept-ranges=bytes response.header.age=2213078 response.header.cache-control="public, max-age=14400" response.header.cf-cache-status=HIT response.header.cf-ray=9e50d0c6f878d7c2-ORD response.header.connection=keep-alive response.header.content-length=60171029 response.header.content-type=application/octet-stream response.header.date="Tue, 31 Mar 2026 16:43:52 GMT" response.header.etag="\"750742554bcfb418ad797f06eab74e7f-2\"" response.header.expires="Tue, 31 Mar 2026 20:43:52 GMT" response.header.last-modified="Fri, 06 Mar 2026 01:12:55 GMT" response.header.server=cloudflare response.header.set-cookie="__cf_bm=HEbSHeO_3031cRhs4mJFElFgmvifIjhAUQ1YmAAzhRg-1774975432-1.0.1.1-3I1QKnPMOALzKFxhYpRZBt7Ghw5GvaIvF4fcDv_WxRrcNFPzBhFMq63JAWiJXEQq_IEp0xynVFEuaScfWsCjlPvgfxtBQVAt9.sDdZv.S8Y; path=/; expires=Tue, 31-Mar-26 17:13:52 GMT; domain=.production.cloudflare.docker.com; HttpOnly; Secure; SameSite=None" response.header.vary=Accept-Encoding response.header.x-amz-id-2="jnGOL5XwEWjgXW7UvF04pBgV3xwJ7zrU+veQnFs88Ida+QKilgeejPYy5MTdKW3zycfotyvaIjc=" response.header.x-amz-request-id=BD9GBPRWHYXS919H response.header.x-amz-server-side-encryption=AES256 response.header.x-amz-version-id=guXnFz7.WtCPTBpBaWfh_.tJOYYOUtlp response.status="200 OK" size=60171029 spanID=1638f250a5b49b18 traceID=07cc71032fd97b882df515d19361b9b9 url="https://registry-1.docker.io/v2/library/golang/blobs/sha256:b45a826c456c6e86847b4522633144d32e8278c39b206001c48f7ff990039794"
2026-03-31T16:45:47.2488512Z time="2026-03-31T16:43:52Z" level=debug msg="fetch response received" digest="sha256:c81448b65a2967f0391fb7794f00d0c4699914c2cfcb38dff5a45dd68259a523" mediatype=application/vnd.oci.image.layer.v1.tar+gzip response.header.accept-ranges=bytes response.header.age=551026 response.header.cache-control="public, max-age=14400" response.header.cf-cache-status=HIT response.header.cf-ray=9e50d0c70d9789c5-ORD response.header.connection=keep-alive response.header.content-length=126 response.header.content-type=application/octet-stream response.header.date="Tue, 31 Mar 2026 16:43:52 GMT" response.header.etag="\"d334e413eab410740453ae1444f9edf5\"" response.header.expires="Tue, 31 Mar 2026 20:43:52 GMT" response.header.last-modified="Fri, 06 Mar 2026 01:12:52 GMT" response.header.server=cloudflare response.header.set-cookie="__cf_bm=aG8s06xaHtstJLWcljGHHBytXwZ0NuR_LIhiPFOShs8-1774975432-1.0.1.1-TldB21Cm0LpzpfLk8.8QS7nx9WopB3CoQ14otu_EPJr4CGvO6Pvf_mYr3evLoxwtrA3bNYpp9Q6MI7aUM3dbZVKEw9I_58.Xv6DliodaWVs; path=/; expires=Tue, 31-Mar-26 17:13:52 GMT; domain=.production.cloudflare.docker.com; HttpOnly; Secure; SameSite=None" response.header.vary=Accept-Encoding response.header.x-amz-id-2=3hKDM/2w0txqU1Z1Udi5ZTsJV5boOfhfpHi8vv/oQfoEsRvcW4vpFOyM/iBNq309bU1tu8arEB/dr1DEMRNxbW3ZDJlt4KJV response.header.x-amz-request-id=NPDV8R2557E2ZGRP response.header.x-amz-server-side-encryption=AES256 response.header.x-amz-version-id=mAVYvJ.tWV4Yx5cQEYJ4__exXCIenyDW response.status="200 OK" size=126 spanID=1638f250a5b49b18 traceID=07cc71032fd97b882df515d19361b9b9 url="https://registry-1.docker.io/v2/library/golang/blobs/sha256:c81448b65a2967f0391fb7794f00d0c4699914c2cfcb38dff5a45dd68259a523"
2026-03-31T16:45:47.2500390Z time="2026-03-31T16:43:52Z" level=debug msg="fetching layer" chunk_size=0 digest="sha256:8ee4c410683e5abb54228063b76ee674abc2b06a0962128acb66cb696faf14a7" initial_parallelism=0 mediatype=application/vnd.oci.image.layer.v1.tar+gzip offset=0 parallelism=1 size=296073 spanID=1638f250a5b49b18 traceID=07cc71032fd97b882df515d19361b9b9
2026-03-31T16:45:47.2506252Z time="2026-03-31T16:43:52Z" level=debug msg="do request" digest="sha256:8ee4c410683e5abb54228063b76ee674abc2b06a0962128acb66cb696faf14a7" mediatype=application/vnd.oci.image.layer.v1.tar+gzip request.header.accept="application/vnd.oci.image.layer.v1.tar+gzip, */*" request.header.accept-encoding="zstd;q=1.0, gzip;q=0.8, deflate;q=0.5" request.header.user-agent=buildkit/v0.28 request.method=GET size=296073 spanID=1638f250a5b49b18 traceID=07cc71032fd97b882df515d19361b9b9 url="https://registry-1.docker.io/v2/library/golang/blobs/sha256:8ee4c410683e5abb54228063b76ee674abc2b06a0962128acb66cb696faf14a7"
2026-03-31T16:45:47.2521229Z time="2026-03-31T16:43:52Z" level=debug msg="fetch response received" digest="sha256:4f4fb700ef54461cfa02571ae0db9a0dc1e0cdb5577484a6d75e68dc38e8acc1" mediatype=application/vnd.oci.image.layer.v1.tar+gzip response.header.accept-ranges=bytes response.header.age=1636752 response.header.cache-control="public, max-age=14400" response.header.cf-cache-status=HIT response.header.cf-ray=9e50d0c73e4789c5-ORD response.header.connection=keep-alive response.header.content-length=32 response.header.content-type=application/octet-stream response.header.date="Tue, 31 Mar 2026 16:43:52 GMT" response.header.etag="\"0c981b7b1e0a1ffa5aa2e85ce10addf7\"" response.header.expires="Tue, 31 Mar 2026 20:43:52 GMT" response.header.last-modified="Tue, 07 Mar 2017 15:01:14 GMT" response.header.server=cloudflare response.header.set-cookie="__cf_bm=s89E2Gz_zj7Kso4SFHMOKt_rh_CU6Zo9z2vn4Stskyk-1774975432-1.0.1.1-f6D_5hKmarSMh9lkIrMjkzOlqvrOC8_KCrBXeS25f_7cmg9DwxAJZUVgEt1KTaQ1UEaa.e3e83iZxQ3XFmLMHXF7CON5XxftesvvQSNr4mk; path=/; expires=Tue, 31-Mar-26 17:13:52 GMT; domain=.production.cloudflare.docker.com; HttpOnly; Secure; SameSite=None" response.header.vary=Accept-Encoding response.header.x-amz-id-2="5mTN0laluF7w88zNneEeVA+es9d81OT+3D0kPAs+hropqrlDb4Qye/zSgCHMLKhGhXWlNVE1Rl8=" response.header.x-amz-request-id=96K84R8QAWJ2210Y response.header.x-amz-version-id=LAYyCSQew06o7Ea1PuAbExWijcT8O9Ci response.status="200 OK" size=32 spanID=1638f250a5b49b18 traceID=07cc71032fd97b882df515d19361b9b9 url="https://registry-1.docker.io/v2/library/golang/blobs/sha256:4f4fb700ef54461cfa02571ae0db9a0dc1e0cdb5577484a6d75e68dc38e8acc1"
2026-03-31T16:45:47.2537946Z time="2026-03-31T16:43:52Z" level=debug msg="fetch response received" digest="sha256:8ee4c410683e5abb54228063b76ee674abc2b06a0962128acb66cb696faf14a7" mediatype=application/vnd.oci.image.layer.v1.tar+gzip response.header.accept-ranges=bytes response.header.age=2215435 response.header.cache-control="public, max-age=14400" response.header.cf-cache-status=HIT response.header.cf-ray=9e50d0c78f5489c5-ORD response.header.connection=keep-alive response.header.content-length=296073 response.header.content-type=application/octet-stream response.header.date="Tue, 31 Mar 2026 16:43:52 GMT" response.header.etag="\"82379a4711285882e1b4bb41de329df7\"" response.header.expires="Tue, 31 Mar 2026 20:43:52 GMT" response.header.last-modified="Fri, 06 Mar 2026 01:12:53 GMT" response.header.server=cloudflare response.header.set-cookie="__cf_bm=z23gRxnr4bw3E0AMSgbrX403lNyzGLgID92NPetm2nY-1774975432-1.0.1.1-UOJH_ooFr9suflyXtSl8QKugHGr8vQJ_FouNhSTl6P3mjC3Fy8uifDpEZFEHBW8mY_ei.9pG7.k4RkR.AJyNCs.CbuUtsEMhYY869I_FSQs; path=/; expires=Tue, 31-Mar-26 17:13:52 GMT; domain=.production.cloudflare.docker.com; HttpOnly; Secure; SameSite=None" response.header.vary=Accept-Encoding response.header.x-amz-id-2=49PBRwYvoIekCxx49LJgoS4FBabAUMkD4FtLwR0gqnzLRUxg3wKX9m7kVPiOSbxNtSOz9aCiX0drTLuaW7tuGqnrO8SosrHr response.header.x-amz-request-id=Z684SKEN0VZ35P3G response.header.x-amz-server-side-encryption=AES256 response.header.x-amz-version-id=Oo9IOI40v.0dGeEpVIZ.q2ViHBhSxHvq response.status="200 OK" size=296073 spanID=1638f250a5b49b18 traceID=07cc71032fd97b882df515d19361b9b9 url="https://registry-1.docker.io/v2/library/golang/blobs/sha256:8ee4c410683e5abb54228063b76ee674abc2b06a0962128acb66cb696faf14a7"
2026-03-31T16:45:47.2549648Z time="2026-03-31T16:43:52Z" level=debug msg="diff applied" d=53.792941ms digest="sha256:8ee4c410683e5abb54228063b76ee674abc2b06a0962128acb66cb696faf14a7" media=application/vnd.oci.image.layer.v1.tar+gzip size=296073 span=extract spanID=2a4543d9d64d8eea traceID=07cc71032fd97b882df515d19361b9b9
2026-03-31T16:45:47.2551926Z time="2026-03-31T16:43:53Z" level=debug msg="diff applied" d=527.508361ms digest="sha256:ec2a18791581802054550bd3bed13f47a67efa44d10f2cb18db00904e68f4977" media=application/vnd.oci.image.layer.v1.tar+gzip size=45905658 span=extract spanID=3d334c4dd268a1b9 traceID=07cc71032fd97b882df515d19361b9b9
2026-03-31T16:45:47.2554323Z time="2026-03-31T16:43:56Z" level=debug msg="diff applied" d=2.834574497s digest="sha256:b45a826c456c6e86847b4522633144d32e8278c39b206001c48f7ff990039794" media=application/vnd.oci.image.layer.v1.tar+gzip size=60171029 span=extract spanID=45d62b06277a5b2c traceID=07cc71032fd97b882df515d19361b9b9
2026-03-31T16:45:47.2557243Z time="2026-03-31T16:43:56Z" level=debug msg="diff applied" d=1.265197ms digest="sha256:c81448b65a2967f0391fb7794f00d0c4699914c2cfcb38dff5a45dd68259a523" media=application/vnd.oci.image.layer.v1.tar+gzip size=126 span=extract spanID=aec45436850d5b76 traceID=07cc71032fd97b882df515d19361b9b9
2026-03-31T16:45:47.2560981Z time="2026-03-31T16:43:56Z" level=debug msg="diff applied" d="925.792µs" digest="sha256:4f4fb700ef54461cfa02571ae0db9a0dc1e0cdb5577484a6d75e68dc38e8acc1" media=application/vnd.oci.image.layer.v1.tar+gzip size=32 span=extract spanID=0d5052e391b6b2d4 traceID=07cc71032fd97b882df515d19361b9b9
2026-03-31T16:45:47.2564095Z time="2026-03-31T16:43:56Z" level=debug msg="> creating n65rsf7xmrp9923sjw9ekeopp [/bin/sh -c apk add --no-cache file git]" span="[gobase 2/3] RUN apk add --no-cache file git" spanID=d6f9fe44314102cd traceID=07cc71032fd97b882df515d19361b9b9
2026-03-31T16:45:47.2569154Z time="2026-03-31T16:43:57Z" level=debug msg="> creating jdylhf45mk3iyhc7oy0aby235 [/bin/sh -c   set -e\n  PKG=github.com/docker/buildx\n  if [ -f .git ] && head -n 1 .git | grep -q \"^gitdir:\"; then\n    VERSION=dev\n    REVISION=dev\n  else\n    VERSION=$(git describe --match 'v[0-9]*' --dirty='.m' --always --tags)\n    REVISION=$(git rev-parse HEAD)$(if ! git diff --no-ext-diff --quiet --exit-code; then echo .m; fi)\n  fi\n  echo \"-X ${PKG}/version.Version=${VERSION} -X ${PKG}/version.Revision=${REVISION} -X ${PKG}/version.Package=${PKG}\" | tee /tmp/.ldflags\n  echo -n \"${VERSION}\" | tee /tmp/.version\n]" span="[buildx-version 1/1] RUN --mount=type=bind,target=. <<EOT (set -e...)" spanID=ca241985499c5ac8 traceID=07cc71032fd97b882df515d19361b9b9
2026-03-31T16:45:47.2575399Z time="2026-03-31T16:43:58Z" level=debug msg="created new ref for cache dir \"//go/pkg/mod\": 20zrwflz1juhuzo20s11r25ac" span="[buildx-build 1/1] RUN --mount=type=bind,target=.   --mount=type=cache,target=/root/.cache   --mount=type=cache,target=/go/pkg/mod   --mount=type=bind,from=buildx-version,source=/tmp/.ldflags,target=/tmp/.ldflags <<EOT (set -ex...)" spanID=303b6d48e476cf7a traceID=07cc71032fd97b882df515d19361b9b9
2026-03-31T16:45:47.2580380Z time="2026-03-31T16:43:58Z" level=debug msg="created new ref for cache dir \"//root/.cache\": 5p3bpbk0xhrwrx8a9geetciy8" span="[buildx-build 1/1] RUN --mount=type=bind,target=.   --mount=type=cache,target=/root/.cache   --mount=type=cache,target=/go/pkg/mod   --mount=type=bind,from=buildx-version,source=/tmp/.ldflags,target=/tmp/.ldflags <<EOT (set -ex...)" spanID=303b6d48e476cf7a traceID=07cc71032fd97b882df515d19361b9b9
2026-03-31T16:45:47.2586398Z time="2026-03-31T16:43:58Z" level=debug msg="> creating qnzxpnxoif5bkjd1wnynnfvet [/bin/sh -c   set -ex\n  xx-go build -trimpath ${GO_EXTRA_FLAGS} -ldflags \"-s -w $(cat /tmp/.ldflags)\" -o /usr/bin/docker-buildx ./cmd/buildx\n  file /usr/bin/docker-buildx\n  xx-verify --static /usr/bin/docker-buildx\n]" span="[buildx-build 1/1] RUN --mount=type=bind,target=.   --mount=type=cache,target=/root/.cache   --mount=type=cache,target=/go/pkg/mod   --mount=type=bind,from=buildx-version,source=/tmp/.ldflags,target=/tmp/.ldflags <<EOT (set -ex...)" spanID=303b6d48e476cf7a traceID=07cc71032fd97b882df515d19361b9b9
2026-03-31T16:45:47.2590435Z time="2026-03-31T16:44:39Z" level=debug msg="remove snapshot" key=xybnkydxui2ftfzb8pjbvvzq3 snapshotter=overlayfs
2026-03-31T16:45:47.2591676Z time="2026-03-31T16:44:39Z" level=debug msg="schedule snapshotter cleanup" snapshotter=overlayfs
2026-03-31T16:45:47.2592977Z time="2026-03-31T16:44:39Z" level=debug msg="removed snapshot" key=buildkit/6/xybnkydxui2ftfzb8pjbvvzq3 snapshotter=overlayfs
2026-03-31T16:45:47.2596394Z time="2026-03-31T16:45:03Z" level=debug msg="> creating px3vy0w5z0us8z4s30m5tk764 [/bin/sh -c   set -e\n  mkdir -p /out\n  cp buildx* \"/out/buildx-$(cat /tmp/.version).$(echo $TARGETPLATFORM | sed 's/\\//-/g')$(ls buildx* | sed -e 's/^buildx//')\"\n]" span="[releaser 3/3] RUN --mount=from=binaries   --mount=type=bind,from=buildx-version,source=/tmp/.version,target=/tmp/.version <<EOT (set -e...)" spanID=dc5d1aec732de17b traceID=07cc71032fd97b882df515d19361b9b9
2026-03-31T16:45:47.2600196Z time="2026-03-31T16:45:03Z" level=debug msg="> creating x5lqb5uiic004szf901os8rad [/bin/syft-scanner]" span="[freebsd/arm64] generating sbom using docker.io/docker/buildkit-syft-scanner:1.10.0" spanID=61ae9082c12160a4 traceID=07cc71032fd97b882df515d19361b9b9
2026-03-31T16:45:47.2604050Z time="2026-03-31T16:45:07Z" level=debug msg="save cache req https://results-receiver.actions.githubusercontent.com/twirp/github.actions.results.api.v1.CacheService/CreateCacheEntry body={\"key\":\"buildkit-blob-1-sha256:75cee37d885b59fff6da00c01b7b16d3dfe00a71cb47e7a3dda517cdc77bc730\",\"version\":\"693bb7016429d80366022f036f84856888c9f13e00145f5f6f4dce303a38d6f2\"}"
2026-03-31T16:45:47.2610633Z time="2026-03-31T16:45:07Z" level=debug msg="save cache resp https://results-receiver.actions.githubusercontent.com/twirp/github.actions.results.api.v1.CacheService/CreateCacheEntry body={\"ok\":true,\"signed_upload_url\":\"https://productionresultssa3.blob.core.windows.net/actions-cache/cbd-3522470907?se=2026-03-31T17%3A45%3A07Z&sig=aPIbvGKHi98%2BiwuI27i22buKfRBgUVc%2BQJL8R%2FpgdAE%3D&ske=2026-03-31T19%3A44%3A01Z&skoid=ca7593d4-ee42-46cd-af88-8b886a2f84eb&sks=b&skt=2026-03-31T15%3A44%3A01Z&sktid=398a6654-997b-47e9-b12b-9515b896b4de&skv=2025-11-05&sp=cw&spr=https&sr=b&st=2026-03-31T16%3A45%3A02Z&sv=2025-11-05\",\"message\":\"\"}"
2026-03-31T16:45:47.2617691Z time="2026-03-31T16:45:10Z" level=debug msg="upload cache https://productionresultssa3.blob.core.windows.net/actions-cache/cbd-3522470907?se=2026-03-31T17%3A45%3A07Z&sig=aPIbvGKHi98%2BiwuI27i22buKfRBgUVc%2BQJL8R%2FpgdAE%3D&ske=2026-03-31T19%3A44%3A01Z&skoid=ca7593d4-ee42-46cd-af88-8b886a2f84eb&sks=b&skt=2026-03-31T15%3A44%3A01Z&sktid=398a6654-997b-47e9-b12b-9515b896b4de&skv=2025-11-05&sp=cw&spr=https&sr=b&st=2026-03-31T16%3A45%3A02Z&sv=2025-11-05 67a173f6-001e-0089-5e2d-c15241000000"
2026-03-31T16:45:47.2623286Z time="2026-03-31T16:45:10Z" level=debug msg="commit cache req https://results-receiver.actions.githubusercontent.com/twirp/github.actions.results.api.v1.CacheService/FinalizeCacheEntryUpload body={\"key\":\"buildkit-blob-1-sha256:75cee37d885b59fff6da00c01b7b16d3dfe00a71cb47e7a3dda517cdc77bc730\",\"size_bytes\":20402404,\"version\":\"693bb7016429d80366022f036f84856888c9f13e00145f5f6f4dce303a38d6f2\"}"
2026-03-31T16:45:47.2627374Z time="2026-03-31T16:45:10Z" level=debug msg="commit cache resp https://results-receiver.actions.githubusercontent.com/twirp/github.actions.results.api.v1.CacheService/FinalizeCacheEntryUpload 3522470907"
2026-03-31T16:45:47.2631095Z time="2026-03-31T16:45:10Z" level=debug msg="save cache req https://results-receiver.actions.githubusercontent.com/twirp/github.actions.results.api.v1.CacheService/CreateCacheEntry body={\"key\":\"buildkit-blob-1-sha256:d0a971393da646f7a4bd1301f326bcf1625e6e2322bcd0ec3802d7b5604ab6a1\",\"version\":\"693bb7016429d80366022f036f84856888c9f13e00145f5f6f4dce303a38d6f2\"}"
2026-03-31T16:45:47.2636640Z time="2026-03-31T16:45:10Z" level=debug msg="save cache resp https://results-receiver.actions.githubusercontent.com/twirp/github.actions.results.api.v1.CacheService/CreateCacheEntry body={\"ok\":true,\"signed_upload_url\":\"https://productionresultssa14.blob.core.windows.net/actions-cache/6c0-3522471762?se=2026-03-31T17%3A45%3A10Z&sig=Uto10zk4k3Y%2FndX9%2FSpwb0f%2Fo3fyqF1Ceazk0pMSAZg%3D&ske=2026-03-31T19%3A44%3A20Z&skoid=ca7593d4-ee42-46cd-af88-8b886a2f84eb&sks=b&skt=2026-03-31T15%3A44%3A20Z&sktid=398a6654-997b-47e9-b12b-9515b896b4de&skv=2025-11-05&sp=cw&spr=https&sr=b&st=2026-03-31T16%3A45%3A05Z&sv=2025-11-05\",\"message\":\"\"}"
2026-03-31T16:45:47.2643607Z time="2026-03-31T16:45:10Z" level=debug msg="upload cache https://productionresultssa14.blob.core.windows.net/actions-cache/6c0-3522471762?se=2026-03-31T17%3A45%3A10Z&sig=Uto10zk4k3Y%2FndX9%2FSpwb0f%2Fo3fyqF1Ceazk0pMSAZg%3D&ske=2026-03-31T19%3A44%3A20Z&skoid=ca7593d4-ee42-46cd-af88-8b886a2f84eb&sks=b&skt=2026-03-31T15%3A44%3A20Z&sktid=398a6654-997b-47e9-b12b-9515b896b4de&skv=2025-11-05&sp=cw&spr=https&sr=b&st=2026-03-31T16%3A45%3A05Z&sv=2025-11-05 39a6383e-601e-00d6-3b2d-c1966d000000"
2026-03-31T16:45:47.2649199Z time="2026-03-31T16:45:10Z" level=debug msg="commit cache req https://results-receiver.actions.githubusercontent.com/twirp/github.actions.results.api.v1.CacheService/FinalizeCacheEntryUpload body={\"key\":\"buildkit-blob-1-sha256:d0a971393da646f7a4bd1301f326bcf1625e6e2322bcd0ec3802d7b5604ab6a1\",\"size_bytes\":53871,\"version\":\"693bb7016429d80366022f036f84856888c9f13e00145f5f6f4dce303a38d6f2\"}"
2026-03-31T16:45:47.2652973Z time="2026-03-31T16:45:10Z" level=debug msg="commit cache resp https://results-receiver.actions.githubusercontent.com/twirp/github.actions.results.api.v1.CacheService/FinalizeCacheEntryUpload 3522471762"
2026-03-31T16:45:47.2656749Z time="2026-03-31T16:45:10Z" level=debug msg="save cache req https://results-receiver.actions.githubusercontent.com/twirp/github.actions.results.api.v1.CacheService/CreateCacheEntry body={\"key\":\"index-bin-image-freebsd-arm64-1-49c8f7d5-sig#185\",\"version\":\"693bb7016429d80366022f036f84856888c9f13e00145f5f6f4dce303a38d6f2\"}"
2026-03-31T16:45:47.2661361Z time="2026-03-31T16:45:10Z" level=debug msg="save cache resp https://results-receiver.actions.githubusercontent.com/twirp/github.actions.results.api.v1.CacheService/CreateCacheEntry body={\"ok\":true,\"signed_upload_url\":\"https://productionresultssa17.blob.core.windows.net/actions-cache/802-3522471934?se=2026-03-31T17%3A45%3A10Z&sig=uKaFIqxOGpQ6muKAxRHcirOYSFpGRP%2BvcF%2FTtGAX6V8%3D&ske=2026-03-31T19%3A44%3A55Z&skoid=ca7593d4-ee42-46cd-af88-8b886a2f84eb&sks=b&skt=2026-03-31T15%3A44%3A55Z&sktid=398a6654-997b-47e9-b12b-9515b896b4de&skv=2025-11-05&sp=cw&spr=https&sr=b&st=2026-03-31T16%3A45%3A05Z&sv=2025-11-05\",\"message\":\"\"}"
2026-03-31T16:45:47.2668426Z time="2026-03-31T16:45:10Z" level=debug msg="upload cache https://productionresultssa17.blob.core.windows.net/actions-cache/802-3522471934?se=2026-03-31T17%3A45%3A10Z&sig=uKaFIqxOGpQ6muKAxRHcirOYSFpGRP%2BvcF%2FTtGAX6V8%3D&ske=2026-03-31T19%3A44%3A55Z&skoid=ca7593d4-ee42-46cd-af88-8b886a2f84eb&sks=b&skt=2026-03-31T15%3A44%3A55Z&sktid=398a6654-997b-47e9-b12b-9515b896b4de&skv=2025-11-05&sp=cw&spr=https&sr=b&st=2026-03-31T16%3A45%3A05Z&sv=2025-11-05 31acbfe8-101e-00ee-242d-c1a823000000"
2026-03-31T16:45:47.2673583Z time="2026-03-31T16:45:10Z" level=debug msg="commit cache req https://results-receiver.actions.githubusercontent.com/twirp/github.actions.results.api.v1.CacheService/FinalizeCacheEntryUpload body={\"key\":\"index-bin-image-freebsd-arm64-1-49c8f7d5-sig#185\",\"size_bytes\":4956,\"version\":\"693bb7016429d80366022f036f84856888c9f13e00145f5f6f4dce303a38d6f2\"}"
2026-03-31T16:45:47.2677776Z time="2026-03-31T16:45:10Z" level=debug msg="commit cache resp https://results-receiver.actions.githubusercontent.com/twirp/github.actions.results.api.v1.CacheService/FinalizeCacheEntryUpload 3522471934"
2026-03-31T16:45:47.2679994Z time="2026-03-31T16:45:11Z" level=debug msg="session finished: <nil>" spanID=d4bc60caa49c938a traceID=07cc71032fd97b882df515d19361b9b9
2026-03-31T16:45:47.2681313Z time="2026-03-31T16:45:11Z" level=debug msg="session finished: <nil>" spanID=c481b7c82b7addce traceID=6d695cacdcafc17b4593aee628a8ef1d
2026-03-31T16:45:47.2682504Z time="2026-03-31T16:45:11Z" level=error msg="/moby.buildkit.v1.Control/Solve returned error: rpc error: code = Canceled desc = context canceled" spanID=485e631de56e3fed traceID=d8aceb0626f13531a86697e4ff548229
2026-03-31T16:45:47.2683306Z Canceled: context canceled
2026-03-31T16:45:47.2683800Z 7 v0.28.0 /usr/bin/buildkitd --config /etc/buildkit/buildkitd.toml --debug --allow-insecure-entitlement=network.host
2026-03-31T16:45:47.2684319Z main.unaryInterceptor
2026-03-31T16:45:47.2684539Z 	/src/cmd/buildkitd/main.go:738
2026-03-31T16:45:47.2684987Z google.golang.org/grpc.NewServer.chainUnaryServerInterceptors.chainUnaryInterceptors.func1
2026-03-31T16:45:47.2685507Z 	/src/vendor/google.golang.org/grpc/server.go:1232
2026-03-31T16:45:47.2686198Z github.com/moby/buildkit/api/services/control._Control_Solve_Handler
2026-03-31T16:45:47.2686585Z 	/src/api/services/control/control_grpc.pb.go:289
2026-03-31T16:45:47.2686899Z google.golang.org/grpc.(*Server).processUnaryRPC
2026-03-31T16:45:47.2687216Z 	/src/vendor/google.golang.org/grpc/server.go:1428
2026-03-31T16:45:47.2687551Z google.golang.org/grpc.(*Server).handleStream
2026-03-31T16:45:47.2687839Z 	/src/vendor/google.golang.org/grpc/server.go:1832
2026-03-31T16:45:47.2688162Z google.golang.org/grpc.(*Server).serveStreams.func2.1
2026-03-31T16:45:47.2688483Z 	/src/vendor/google.golang.org/grpc/server.go:1063
2026-03-31T16:45:47.2688741Z runtime.goexit
2026-03-31T16:45:47.2688941Z 	/usr/local/go/src/runtime/asm_amd64.s:1693
2026-03-31T16:45:47.2689123Z 
2026-03-31T16:45:47.2689463Z time="2026-03-31T16:45:39Z" level=debug msg="remove snapshot" key=knah7aas0i938cxl1tkxehopj-view snapshotter=overlayfs
2026-03-31T16:45:47.2690369Z time="2026-03-31T16:45:39Z" level=debug msg="remove snapshot" key=lo4xiygj2mrlfun2jzyi6zrp2-view snapshotter=overlayfs
2026-03-31T16:45:47.2691118Z time="2026-03-31T16:45:39Z" level=debug msg="remove snapshot" key=ryh1qqzviowsqk4oq17ti13ab snapshotter=overlayfs
2026-03-31T16:45:47.2692134Z time="2026-03-31T16:45:39Z" level=debug msg="remove snapshot" key="sha256:48e5cf19bf2884deb9c6b324da26247eb9b6864be24f2c922edd43df90e89ed5-view" snapshotter=overlayfs
2026-03-31T16:45:47.2692968Z time="2026-03-31T16:45:39Z" level=debug msg="schedule snapshotter cleanup" snapshotter=overlayfs
2026-03-31T16:45:47.2693649Z time="2026-03-31T16:45:39Z" level=debug msg="removed snapshot" key=buildkit/37/ryh1qqzviowsqk4oq17ti13ab snapshotter=overlayfs
2026-03-31T16:45:47.2694455Z time="2026-03-31T16:45:39Z" level=debug msg="removed snapshot" key=buildkit/40/knah7aas0i938cxl1tkxehopj-view snapshotter=overlayfs
2026-03-31T16:45:47.2695286Z time="2026-03-31T16:45:39Z" level=debug msg="removed snapshot" key=buildkit/42/lo4xiygj2mrlfun2jzyi6zrp2-view snapshotter=overlayfs
2026-03-31T16:45:47.2696964Z time="2026-03-31T16:45:39Z" level=debug msg="removed snapshot" key="buildkit/9/sha256:48e5cf19bf2884deb9c6b324da26247eb9b6864be24f2c922edd43df90e89ed5-view" snapshotter=overlayfs
2026-03-31T16:45:47.2698654Z ##[endgroup]
2026-03-31T16:45:47.2699193Z ##[group]Removing builder
2026-03-31T16:45:47.2864850Z [command]/usr/bin/docker buildx rm builder-1b09dbd3-519d-4c74-94d6-776770602b78
2026-03-31T16:45:48.6500358Z builder-1b09dbd3-519d-4c74-94d6-776770602b78 removed
2026-03-31T16:45:48.6529920Z ##[endgroup]
2026-03-31T16:45:48.6530709Z ##[group]Cleaning up certificates
2026-03-31T16:45:48.6532593Z ##[endgroup]
2026-03-31T16:45:48.6533161Z ##[group]Post cache
2026-03-31T16:45:48.6533837Z State not set
2026-03-31T16:45:48.6534562Z ##[endgroup]
2026-03-31T16:45:48.6677972Z Evaluate and set job outputs
2026-03-31T16:45:48.6685282Z Cleaning up orphan processes
