2026-05-25T11:32:33.8501621Z Current runner version: '2.334.0'
2026-05-25T11:32:33.8525836Z ##[group]Runner Image Provisioner
2026-05-25T11:32:33.8526653Z Hosted Compute Agent
2026-05-25T11:32:33.8527218Z Version: 20260213.493
2026-05-25T11:32:33.8527877Z Commit: 5c115507f6dd24b8de37d8bbe0bb4509d0cc0fa3
2026-05-25T11:32:33.8528597Z Build Date: 2026-02-13T00:28:41Z
2026-05-25T11:32:33.8529260Z Worker ID: {2307085c-2bb9-4f15-b68a-ddc02a856e84}
2026-05-25T11:32:33.8529898Z Azure Region: westus
2026-05-25T11:32:33.8530518Z ##[endgroup]
2026-05-25T11:32:33.8531956Z ##[group]Operating System
2026-05-25T11:32:33.8532518Z Ubuntu
2026-05-25T11:32:33.8533145Z 24.04.4
2026-05-25T11:32:33.8533583Z LTS
2026-05-25T11:32:33.8534050Z ##[endgroup]
2026-05-25T11:32:33.8534627Z ##[group]Runner Image
2026-05-25T11:32:33.8535469Z Image: ubuntu-24.04
2026-05-25T11:32:33.8536031Z Version: 20260518.149.1
2026-05-25T11:32:33.8537330Z Included Software: https://github.com/actions/runner-images/blob/ubuntu24/20260518.149/images/ubuntu/Ubuntu2404-Readme.md
2026-05-25T11:32:33.8539182Z Image Release: https://github.com/actions/runner-images/releases/tag/ubuntu24%2F20260518.149
2026-05-25T11:32:33.8540125Z ##[endgroup]
2026-05-25T11:32:33.8541100Z ##[group]GITHUB_TOKEN Permissions
2026-05-25T11:32:33.8543098Z Contents: read
2026-05-25T11:32:33.8543682Z Metadata: read
2026-05-25T11:32:33.8544249Z ##[endgroup]
2026-05-25T11:32:33.8547247Z Secret source: Actions
2026-05-25T11:32:33.8548169Z Prepare workflow directory
2026-05-25T11:32:33.8943513Z Prepare all required actions
2026-05-25T11:32:33.9001266Z Getting action download info
2026-05-25T11:32:34.6278242Z Download action repository 'actions/checkout@de0fac2e4500dabe0009e67214ff5f5447ce83dd' (SHA:de0fac2e4500dabe0009e67214ff5f5447ce83dd)
2026-05-25T11:32:34.7600005Z Download action repository 'crazy-max/ghaction-github-runtime@04d248b84655b509d8c44dc1d6f990c879747487' (SHA:04d248b84655b509d8c44dc1d6f990c879747487)
2026-05-25T11:32:35.1073421Z Download action repository 'docker/setup-qemu-action@ce360397dd3f832beb865e1373c09c0e9f86d70a' (SHA:ce360397dd3f832beb865e1373c09c0e9f86d70a)
2026-05-25T11:32:35.6645882Z Download action repository 'docker/setup-buildx-action@4d04d5d9486b7bd6fa91e7baf45bbb4f8b9deedd' (SHA:4d04d5d9486b7bd6fa91e7baf45bbb4f8b9deedd)
2026-05-25T11:32:36.1710997Z Download action repository 'docker/bake-action@a66e1c87e2eca0503c343edf1d208c716d54b8a8' (SHA:a66e1c87e2eca0503c343edf1d208c716d54b8a8)
2026-05-25T11:32:36.8660517Z Download action repository 'codecov/codecov-action@57e3a136b779b570ffcdbf80b3bdc90e7fab3de2' (SHA:57e3a136b779b570ffcdbf80b3bdc90e7fab3de2)
2026-05-25T11:32:37.1162290Z Download action repository 'crazy-max/.github@9ba6e6f9450baf3b1237f8035c1fdc45932510bd' (SHA:9ba6e6f9450baf3b1237f8035c1fdc45932510bd)
2026-05-25T11:32:37.3236324Z Download action repository 'actions/upload-artifact@043fb46d1a93c77aae656e7c1c64a875d1fc6a0a' (SHA:043fb46d1a93c77aae656e7c1c64a875d1fc6a0a)
2026-05-25T11:32:37.5166346Z Getting action download info
2026-05-25T11:32:37.7365724Z Download action repository 'actions/github-script@ed597411d8f924073f98dfc5c65a23a2325f34cd' (SHA:ed597411d8f924073f98dfc5c65a23a2325f34cd)
2026-05-25T11:32:38.0974662Z Getting action download info
2026-05-25T11:32:38.3508660Z Uses: moby/buildkit/.github/workflows/.test.yml@refs/heads/master (d6b444d4e18204d7f7e6fac28037ab1e28666d1b)
2026-05-25T11:32:38.3512991Z ##[group] Inputs
2026-05-25T11:32:38.3513467Z   cache_scope: build-integration-tests
2026-05-25T11:32:38.3514004Z   pkgs: ./client ./cmd/buildctl ./worker/containerd ./solver ./frontend
2026-05-25T11:32:38.3514425Z   kinds: integration
2026-05-25T11:32:38.3514763Z   tags: 
2026-05-25T11:32:38.3515311Z   codecov_flags: core
2026-05-25T11:32:38.3516964Z   includes: - pkg: ./...
  skip-integration-tests: 1
  typ: integration gateway
- pkg: ./client
  worker: containerd
  tags: nydus
  typ: integration
- pkg: ./client
  worker: oci
  tags: nydus
  typ: integration
- pkg: ./...
  tags: nydus
  skip-integration-tests: 1
  typ: integration
- pkg: ./cache/remotecache/gha
  worker: oci
  typ: integration

2026-05-25T11:32:38.3576276Z ##[endgroup]
2026-05-25T11:32:38.3577132Z Complete job name: test / run (oci-rootless-gvisor-tap-vsock-detachnetns, ./client ./cmd/buildctl ./worker/containerd ./sol...
2026-05-25T11:32:38.4207826Z ##[group]Run echo "TEST_REPORT_NAME=${GITHUB_JOB}-$(echo "${PKG}-${SKIP_INTEGRATION_TESTS}-${KIND}-${WORKER}-${TAGS}" | tr -dc '[:alnum:]-\n\r' | tr '[:upper:]' '[:lower:]')" >> $GITHUB_ENV
2026-05-25T11:32:38.4209042Z [36;1mecho "TEST_REPORT_NAME=${GITHUB_JOB}-$(echo "${PKG}-${SKIP_INTEGRATION_TESTS}-${KIND}-${WORKER}-${TAGS}" | tr -dc '[:alnum:]-\n\r' | tr '[:upper:]' '[:lower:]')" >> $GITHUB_ENV[0m
2026-05-25T11:32:38.4209722Z [36;1mtestFlags="${TESTFLAGS}"[0m
2026-05-25T11:32:38.4209968Z [36;1mif [ -n "$TAGS" ]; then[0m
2026-05-25T11:32:38.4210237Z [36;1m  testFlags="${testFlags} --tags=${TAGS}"[0m
2026-05-25T11:32:38.4210514Z [36;1mfi[0m
2026-05-25T11:32:38.4210693Z [36;1mif [ -n "${WORKER}" ]; then[0m
2026-05-25T11:32:38.4211003Z [36;1m  testFlags="${testFlags} --run=//worker=${WORKER}$"[0m
2026-05-25T11:32:38.4211324Z [36;1mfi[0m
2026-05-25T11:32:38.4211534Z [36;1mecho "TESTFLAGS=${testFlags}" >> $GITHUB_ENV[0m
2026-05-25T11:32:38.4247600Z shell: /usr/bin/bash -e {0}
2026-05-25T11:32:38.4248133Z env:
2026-05-25T11:32:38.4248338Z   GO_VERSION: 1.26
2026-05-25T11:32:38.4248546Z   SETUP_BUILDX_VERSION: edge
2026-05-25T11:32:38.4248798Z   SETUP_BUILDKIT_IMAGE: moby/buildkit:latest
2026-05-25T11:32:38.4249100Z   TESTFLAGS: -v --parallel=6 --timeout=30m
2026-05-25T11:32:38.4249372Z   GOTESTSUM_FORMAT: standard-verbose
2026-05-25T11:32:38.4249615Z   TEST_IMAGE_BUILD: 0
2026-05-25T11:32:38.4249914Z   PKG: ./client ./cmd/buildctl ./worker/containerd ./solver ./frontend
2026-05-25T11:32:38.4250251Z   KIND: integration
2026-05-25T11:32:38.4250493Z   WORKER: oci-rootless-gvisor-tap-vsock-detachnetns
2026-05-25T11:32:38.4250783Z   TAGS: 
2026-05-25T11:32:38.4250952Z   SKIP_INTEGRATION_TESTS: 
2026-05-25T11:32:38.4251260Z ##[endgroup]
2026-05-25T11:32:38.4541407Z ##[group]Run actions/checkout@de0fac2e4500dabe0009e67214ff5f5447ce83dd
2026-05-25T11:32:38.4541814Z with:
2026-05-25T11:32:38.4542022Z   repository: moby/buildkit
2026-05-25T11:32:38.4542366Z   token: ***
2026-05-25T11:32:38.4542555Z   ssh-strict: true
2026-05-25T11:32:38.4542743Z   ssh-user: git
2026-05-25T11:32:38.4542932Z   persist-credentials: true
2026-05-25T11:32:38.4543156Z   clean: true
2026-05-25T11:32:38.4543347Z   sparse-checkout-cone-mode: true
2026-05-25T11:32:38.4543589Z   fetch-depth: 1
2026-05-25T11:32:38.4543774Z   fetch-tags: false
2026-05-25T11:32:38.4543959Z   show-progress: true
2026-05-25T11:32:38.4544150Z   lfs: false
2026-05-25T11:32:38.4544312Z   submodules: false
2026-05-25T11:32:38.4544500Z   set-safe-directory: true
2026-05-25T11:32:38.4544709Z env:
2026-05-25T11:32:38.4544862Z   GO_VERSION: 1.26
2026-05-25T11:32:38.4545354Z   SETUP_BUILDX_VERSION: edge
2026-05-25T11:32:38.4545626Z   SETUP_BUILDKIT_IMAGE: moby/buildkit:latest
2026-05-25T11:32:38.4546152Z   TESTFLAGS: -v --parallel=6 --timeout=30m --run=//worker=oci-rootless-gvisor-tap-vsock-detachnetns$
2026-05-25T11:32:38.4546637Z   GOTESTSUM_FORMAT: standard-verbose
2026-05-25T11:32:38.4546880Z   TEST_IMAGE_BUILD: 0
2026-05-25T11:32:38.4547496Z   TEST_REPORT_NAME: run-clientcmdbuildctlworkercontainerdsolverfrontend--integration-oci-rootless-gvisor-tap-vsock-detachnetns-
2026-05-25T11:32:38.4548148Z ##[endgroup]
2026-05-25T11:32:38.5477467Z Syncing repository: moby/buildkit
2026-05-25T11:32:38.5479088Z ##[group]Getting Git version info
2026-05-25T11:32:38.5479484Z Working directory is '/home/runner/work/buildkit/buildkit'
2026-05-25T11:32:38.5480020Z [command]/usr/bin/git version
2026-05-25T11:32:38.5542374Z git version 2.54.0
2026-05-25T11:32:38.5566224Z ##[endgroup]
2026-05-25T11:32:38.5580219Z Temporarily overriding HOME='/home/runner/work/_temp/7fcd73fb-3bf8-4721-a4fd-27803baf205b' before making global git config changes
2026-05-25T11:32:38.5581522Z Adding repository directory to the temporary git global config as a safe directory
2026-05-25T11:32:38.5586054Z [command]/usr/bin/git config --global --add safe.directory /home/runner/work/buildkit/buildkit
2026-05-25T11:32:38.5631717Z Deleting the contents of '/home/runner/work/buildkit/buildkit'
2026-05-25T11:32:38.5636936Z ##[group]Initializing the repository
2026-05-25T11:32:38.5640889Z [command]/usr/bin/git init /home/runner/work/buildkit/buildkit
2026-05-25T11:32:38.5741753Z hint: Using 'master' as the name for the initial branch. This default branch name
2026-05-25T11:32:38.5742719Z hint: will change to "main" in Git 3.0. To configure the initial branch name
2026-05-25T11:32:38.5743490Z hint: to use in all of your new repositories, which will suppress this warning,
2026-05-25T11:32:38.5743918Z hint: call:
2026-05-25T11:32:38.5744103Z hint:
2026-05-25T11:32:38.5744360Z hint: 	git config --global init.defaultBranch <name>
2026-05-25T11:32:38.5744691Z hint:
2026-05-25T11:32:38.5744992Z hint: Names commonly chosen instead of 'master' are 'main', 'trunk' and
2026-05-25T11:32:38.5745844Z hint: 'development'. The just-created branch can be renamed via this command:
2026-05-25T11:32:38.5746270Z hint:
2026-05-25T11:32:38.5746464Z hint: 	git branch -m <name>
2026-05-25T11:32:38.5746696Z hint:
2026-05-25T11:32:38.5747027Z hint: Disable this message with "git config set advice.defaultBranchName false"
2026-05-25T11:32:38.5748102Z Initialized empty Git repository in /home/runner/work/buildkit/buildkit/.git/
2026-05-25T11:32:38.5759080Z [command]/usr/bin/git remote add origin https://github.com/moby/buildkit
2026-05-25T11:32:38.5833566Z ##[endgroup]
2026-05-25T11:32:38.5834242Z ##[group]Disabling automatic garbage collection
2026-05-25T11:32:38.5838856Z [command]/usr/bin/git config --local gc.auto 0
2026-05-25T11:32:38.5867515Z ##[endgroup]
2026-05-25T11:32:38.5868118Z ##[group]Setting up auth
2026-05-25T11:32:38.5869161Z Removing SSH command configuration
2026-05-25T11:32:38.5875372Z [command]/usr/bin/git config --local --name-only --get-regexp core\.sshCommand
2026-05-25T11:32:38.5909244Z [command]/usr/bin/git submodule foreach --recursive sh -c "git config --local --name-only --get-regexp 'core\.sshCommand' && git config --local --unset-all 'core.sshCommand' || :"
2026-05-25T11:32:38.6237441Z Removing HTTP extra header
2026-05-25T11:32:38.6242529Z [command]/usr/bin/git config --local --name-only --get-regexp http\.https\:\/\/github\.com\/\.extraheader
2026-05-25T11:32:38.6272497Z [command]/usr/bin/git submodule foreach --recursive sh -c "git config --local --name-only --get-regexp 'http\.https\:\/\/github\.com\/\.extraheader' && git config --local --unset-all 'http.https://github.com/.extraheader' || :"
2026-05-25T11:32:38.6482695Z Removing includeIf entries pointing to credentials config files
2026-05-25T11:32:38.6489393Z [command]/usr/bin/git config --local --name-only --get-regexp ^includeIf\.gitdir:
2026-05-25T11:32:38.6520976Z [command]/usr/bin/git submodule foreach --recursive git config --local --show-origin --name-only --get-regexp remote.origin.url
2026-05-25T11:32:38.6739462Z [command]/usr/bin/git config --file /home/runner/work/_temp/git-credentials-ba1841c5-05ea-4a63-a41a-167542d94413.config http.https://github.com/.extraheader AUTHORIZATION: basic ***
2026-05-25T11:32:38.6774002Z [command]/usr/bin/git config --local includeIf.gitdir:/home/runner/work/buildkit/buildkit/.git.path /home/runner/work/_temp/git-credentials-ba1841c5-05ea-4a63-a41a-167542d94413.config
2026-05-25T11:32:38.6802553Z [command]/usr/bin/git config --local includeIf.gitdir:/home/runner/work/buildkit/buildkit/.git/worktrees/*.path /home/runner/work/_temp/git-credentials-ba1841c5-05ea-4a63-a41a-167542d94413.config
2026-05-25T11:32:38.6836570Z [command]/usr/bin/git config --local includeIf.gitdir:/github/workspace/.git.path /github/runner_temp/git-credentials-ba1841c5-05ea-4a63-a41a-167542d94413.config
2026-05-25T11:32:38.6867083Z [command]/usr/bin/git config --local includeIf.gitdir:/github/workspace/.git/worktrees/*.path /github/runner_temp/git-credentials-ba1841c5-05ea-4a63-a41a-167542d94413.config
2026-05-25T11:32:38.6893265Z ##[endgroup]
2026-05-25T11:32:38.6893866Z ##[group]Fetching the repository
2026-05-25T11:32:38.6903091Z [command]/usr/bin/git -c protocol.version=2 fetch --no-tags --prune --no-recurse-submodules --depth=1 origin +d6b444d4e18204d7f7e6fac28037ab1e28666d1b:refs/remotes/origin/master
2026-05-25T11:32:39.7282720Z From https://github.com/moby/buildkit
2026-05-25T11:32:39.7283843Z  * [new ref]         d6b444d4e18204d7f7e6fac28037ab1e28666d1b -> origin/master
2026-05-25T11:32:39.7327130Z [command]/usr/bin/git branch --list --remote origin/master
2026-05-25T11:32:39.7354332Z   origin/master
2026-05-25T11:32:39.7362818Z [command]/usr/bin/git rev-parse refs/remotes/origin/master
2026-05-25T11:32:39.7385573Z d6b444d4e18204d7f7e6fac28037ab1e28666d1b
2026-05-25T11:32:39.7390608Z ##[endgroup]
2026-05-25T11:32:39.7391291Z ##[group]Determining the checkout info
2026-05-25T11:32:39.7392322Z ##[endgroup]
2026-05-25T11:32:39.7397370Z [command]/usr/bin/git sparse-checkout disable
2026-05-25T11:32:39.7447692Z [command]/usr/bin/git config --local --unset-all extensions.worktreeConfig
2026-05-25T11:32:39.7476552Z ##[group]Checking out the ref
2026-05-25T11:32:39.7482037Z [command]/usr/bin/git checkout --progress --force -B master refs/remotes/origin/master
2026-05-25T11:32:40.2466823Z Reset branch 'master'
2026-05-25T11:32:40.2467730Z branch 'master' set up to track 'origin/master'.
2026-05-25T11:32:40.2488204Z ##[endgroup]
2026-05-25T11:32:40.2534279Z [command]/usr/bin/git log -1 --format=%H
2026-05-25T11:32:40.2560512Z d6b444d4e18204d7f7e6fac28037ab1e28666d1b
2026-05-25T11:32:40.2697199Z ##[group]Run crazy-max/ghaction-github-runtime@04d248b84655b509d8c44dc1d6f990c879747487
2026-05-25T11:32:40.2697661Z with:
2026-05-25T11:32:40.2697973Z   github-token: ***
2026-05-25T11:32:40.2698159Z env:
2026-05-25T11:32:40.2698328Z   GO_VERSION: 1.26
2026-05-25T11:32:40.2698522Z   SETUP_BUILDX_VERSION: edge
2026-05-25T11:32:40.2698775Z   SETUP_BUILDKIT_IMAGE: moby/buildkit:latest
2026-05-25T11:32:40.2699269Z   TESTFLAGS: -v --parallel=6 --timeout=30m --run=//worker=oci-rootless-gvisor-tap-vsock-detachnetns$
2026-05-25T11:32:40.2699769Z   GOTESTSUM_FORMAT: standard-verbose
2026-05-25T11:32:40.2700033Z   TEST_IMAGE_BUILD: 0
2026-05-25T11:32:40.2700676Z   TEST_REPORT_NAME: run-clientcmdbuildctlworkercontainerdsolverfrontend--integration-oci-rootless-gvisor-tap-vsock-detachnetns-
2026-05-25T11:32:40.2701331Z ##[endgroup]
2026-05-25T11:32:40.3452655Z ACTIONS_RUNNER_ACTION_ARCHIVE_CACHE=/opt/actionarchivecache
2026-05-25T11:32:40.3459159Z ACTIONS_RUNTIME_URL=https://pipelinesghubeus2.actions.githubusercontent.com/VSeSJsGRiRCTiu0PRaYdcZnubUW6TSVddo0DTZpqG1wDqsIbXb/
2026-05-25T11:32:40.3516048Z ACTIONS_RUNTIME_TOKEN=***
2026-05-25T11:32:40.3517080Z ACTIONS_CACHE_URL=https://acghubeus1.actions.githubusercontent.com/VSeSJsGRiRCTiu0PRaYdcZnubUW6TSVddo0DTZpqG1wDqsIbXb/
2026-05-25T11:32:40.3518419Z ACTIONS_RESULTS_URL=https://results-receiver.actions.githubusercontent.com/
2026-05-25T11:32:40.3519162Z ACTIONS_CACHE_SERVICE_V2=True
2026-05-25T11:32:40.3520022Z ACTIONS_ORCHESTRATION_ID=4bcbfa92-5c9d-4184-86ba-442276311e4f.test.run.oci-rootless-gvisor-tap-v
2026-05-25T11:32:40.3568147Z ##[group]Run docker/setup-qemu-action@ce360397dd3f832beb865e1373c09c0e9f86d70a
2026-05-25T11:32:40.3568577Z with:
2026-05-25T11:32:40.3568785Z   image: docker.io/tonistiigi/binfmt:latest
2026-05-25T11:32:40.3569048Z   platforms: all
2026-05-25T11:32:40.3569236Z   cache-image: true
2026-05-25T11:32:40.3569445Z env:
2026-05-25T11:32:40.3569655Z   GO_VERSION: 1.26
2026-05-25T11:32:40.3569857Z   SETUP_BUILDX_VERSION: edge
2026-05-25T11:32:40.3570104Z   SETUP_BUILDKIT_IMAGE: moby/buildkit:latest
2026-05-25T11:32:40.3570587Z   TESTFLAGS: -v --parallel=6 --timeout=30m --run=//worker=oci-rootless-gvisor-tap-vsock-detachnetns$
2026-05-25T11:32:40.3571068Z   GOTESTSUM_FORMAT: standard-verbose
2026-05-25T11:32:40.3571309Z   TEST_IMAGE_BUILD: 0
2026-05-25T11:32:40.3571920Z   TEST_REPORT_NAME: run-clientcmdbuildctlworkercontainerdsolverfrontend--integration-oci-rootless-gvisor-tap-vsock-detachnetns-
2026-05-25T11:32:40.3572837Z   ACTIONS_RUNNER_ACTION_ARCHIVE_CACHE: /opt/actionarchivecache
2026-05-25T11:32:40.3573576Z   ACTIONS_RUNTIME_URL: https://pipelinesghubeus2.actions.githubusercontent.com/VSeSJsGRiRCTiu0PRaYdcZnubUW6TSVddo0DTZpqG1wDqsIbXb/
2026-05-25T11:32:40.3617754Z   ACTIONS_RUNTIME_TOKEN: ***
2026-05-25T11:32:40.3618351Z   ACTIONS_CACHE_URL: https://acghubeus1.actions.githubusercontent.com/VSeSJsGRiRCTiu0PRaYdcZnubUW6TSVddo0DTZpqG1wDqsIbXb/
2026-05-25T11:32:40.3619070Z   ACTIONS_RESULTS_URL: https://results-receiver.actions.githubusercontent.com/
2026-05-25T11:32:40.3619476Z   ACTIONS_CACHE_SERVICE_V2: True
2026-05-25T11:32:40.3619920Z   ACTIONS_ORCHESTRATION_ID: 4bcbfa92-5c9d-4184-86ba-442276311e4f.test.run.oci-rootless-gvisor-tap-v
2026-05-25T11:32:40.3620379Z ##[endgroup]
2026-05-25T11:32:40.4973827Z ##[group]Docker info
2026-05-25T11:32:40.5011813Z [command]/usr/bin/docker version
2026-05-25T11:32:40.5874415Z Client: Docker Engine - Community
2026-05-25T11:32:40.5877824Z  Version:           28.0.4
2026-05-25T11:32:40.5878272Z  API version:       1.48
2026-05-25T11:32:40.5878654Z  Go version:        go1.23.7
2026-05-25T11:32:40.5879019Z  Git commit:        b8034c0
2026-05-25T11:32:40.5879418Z  Built:             Tue Mar 25 15:07:16 2025
2026-05-25T11:32:40.5907698Z  OS/Arch:           linux/amd64
2026-05-25T11:32:40.5908132Z  Context:           default
2026-05-25T11:32:40.5908381Z 
2026-05-25T11:32:40.5908543Z Server: Docker Engine - Community
2026-05-25T11:32:40.5908897Z  Engine:
2026-05-25T11:32:40.5909170Z   Version:          28.0.4
2026-05-25T11:32:40.5909568Z   API version:      1.48 (minimum version 1.24)
2026-05-25T11:32:40.5910028Z   Go version:       go1.23.7
2026-05-25T11:32:40.5910478Z   Git commit:       6430e49
2026-05-25T11:32:40.5910850Z   Built:            Tue Mar 25 15:07:16 2025
2026-05-25T11:32:40.5911246Z   OS/Arch:          linux/amd64
2026-05-25T11:32:40.5911630Z   Experimental:     false
2026-05-25T11:32:40.5912063Z  containerd:
2026-05-25T11:32:40.5912373Z   Version:          v2.2.3
2026-05-25T11:32:40.5912862Z   GitCommit:        77c84241c7cbdd9b4eca2591793e3d4f4317c590
2026-05-25T11:32:40.5913381Z  runc:
2026-05-25T11:32:40.5913686Z   Version:          1.3.5
2026-05-25T11:32:40.5914056Z   GitCommit:        v1.3.5-0-g488fc13e
2026-05-25T11:32:40.5914476Z  docker-init:
2026-05-25T11:32:40.5914796Z   Version:          0.19.0
2026-05-25T11:32:40.5915647Z   GitCommit:        de40ad0
2026-05-25T11:32:40.5927111Z [command]/usr/bin/docker info
2026-05-25T11:32:40.7818876Z Client: Docker Engine - Community
2026-05-25T11:32:40.7819440Z  Version:    28.0.4
2026-05-25T11:32:40.7819824Z  Context:    default
2026-05-25T11:32:40.7820195Z  Debug Mode: false
2026-05-25T11:32:40.7820518Z  Plugins:
2026-05-25T11:32:40.7820861Z   buildx: Docker Buildx (Docker Inc.)
2026-05-25T11:32:40.7821319Z     Version:  v0.34.0
2026-05-25T11:32:40.7821779Z     Path:     /usr/libexec/docker/cli-plugins/docker-buildx
2026-05-25T11:32:40.7822388Z   compose: Docker Compose (Docker Inc.)
2026-05-25T11:32:40.7822881Z     Version:  v2.38.2
2026-05-25T11:32:40.7823819Z     Path:     /usr/libexec/docker/cli-plugins/docker-compose
2026-05-25T11:32:40.7824317Z 
2026-05-25T11:32:40.7824452Z Server:
2026-05-25T11:32:40.7824766Z  Containers: 0
2026-05-25T11:32:40.7825376Z   Running: 0
2026-05-25T11:32:40.7825703Z   Paused: 0
2026-05-25T11:32:40.7826027Z   Stopped: 0
2026-05-25T11:32:40.7826368Z  Images: 6
2026-05-25T11:32:40.7826687Z  Server Version: 28.0.4
2026-05-25T11:32:40.7827102Z  Storage Driver: overlay2
2026-05-25T11:32:40.7827548Z   Backing Filesystem: extfs
2026-05-25T11:32:40.7827984Z   Supports d_type: true
2026-05-25T11:32:40.7828392Z   Using metacopy: false
2026-05-25T11:32:40.7828790Z   Native Overlay Diff: false
2026-05-25T11:32:40.7829227Z   userxattr: false
2026-05-25T11:32:40.7829630Z  Logging Driver: json-file
2026-05-25T11:32:40.7830070Z  Cgroup Driver: systemd
2026-05-25T11:32:40.7830427Z  Cgroup Version: 2
2026-05-25T11:32:40.7830851Z  Plugins:
2026-05-25T11:32:40.7831197Z   Volume: local
2026-05-25T11:32:40.7831901Z   Network: bridge host ipvlan macvlan null overlay
2026-05-25T11:32:40.7832761Z   Log: awslogs fluentd gcplogs gelf journald json-file local splunk syslog
2026-05-25T11:32:40.7833543Z  Swarm: inactive
2026-05-25T11:32:40.7833968Z  Runtimes: io.containerd.runc.v2 runc
2026-05-25T11:32:40.7834458Z  Default Runtime: runc
2026-05-25T11:32:40.7834830Z  Init Binary: docker-init
2026-05-25T11:32:40.7835581Z  containerd version: 77c84241c7cbdd9b4eca2591793e3d4f4317c590
2026-05-25T11:32:40.7835947Z  runc version: v1.3.5-0-g488fc13e
2026-05-25T11:32:40.7836240Z  init version: de40ad0
2026-05-25T11:32:40.7836616Z  Security Options:
2026-05-25T11:32:40.7836805Z   apparmor
2026-05-25T11:32:40.7836967Z   seccomp
2026-05-25T11:32:40.7837136Z    Profile: builtin
2026-05-25T11:32:40.7837318Z   cgroupns
2026-05-25T11:32:40.7837489Z  Kernel Version: 6.17.0-1013-azure
2026-05-25T11:32:40.7837736Z  Operating System: Ubuntu 24.04.4 LTS
2026-05-25T11:32:40.7837974Z  OSType: linux
2026-05-25T11:32:40.7838157Z  Architecture: x86_64
2026-05-25T11:32:40.7838359Z  CPUs: 4
2026-05-25T11:32:40.7838528Z  Total Memory: 15.61GiB
2026-05-25T11:32:40.7838730Z  Name: runnervmg397c
2026-05-25T11:32:40.7838936Z  ID: 030b3de5-f6f5-43f2-8bdc-0a866a274328
2026-05-25T11:32:40.7839196Z  Docker Root Dir: /var/lib/docker
2026-05-25T11:32:40.7839421Z  Debug Mode: false
2026-05-25T11:32:40.7839604Z  Username: githubactions
2026-05-25T11:32:40.7839810Z  Experimental: false
2026-05-25T11:32:40.7839996Z  Insecure Registries:
2026-05-25T11:32:40.7845681Z   ::1/128
2026-05-25T11:32:40.7845891Z   127.0.0.0/8
2026-05-25T11:32:40.7846233Z  Live Restore Enabled: false
2026-05-25T11:32:40.7846507Z 
2026-05-25T11:32:40.7847091Z ##[endgroup]
2026-05-25T11:32:40.7847535Z ##[group]Pulling binfmt Docker image
2026-05-25T11:32:41.0598584Z Cache hit for: docker.io--tonistiigi--binfmt-latest-linux-x64
2026-05-25T11:32:42.3504265Z Received 0 of 31670928 (0.0%), 0.0 MBs/sec
2026-05-25T11:32:42.8327791Z Received 31670928 of 31670928 (100.0%), 20.4 MBs/sec
2026-05-25T11:32:42.8330243Z Cache Size: ~30 MB (31670928 B)
2026-05-25T11:32:42.8434472Z [command]/usr/bin/tar -xf /home/runner/work/_temp/34c02499-c79c-48e8-b886-c6d0f23a5228/cache.tzst -P -C /home/runner/work/buildkit/buildkit --use-compress-program unzstd
2026-05-25T11:32:42.9825369Z Cache restored successfully
2026-05-25T11:32:42.9843023Z Restored docker.io--tonistiigi--binfmt-latest-linux-x64 from GitHub Actions cache
2026-05-25T11:32:43.0171819Z Cached to hosted tool cache /opt/hostedtoolcache/docker.io--tonistiigi--binfmt/latest/linux-x64
2026-05-25T11:32:43.0172838Z Copying /opt/hostedtoolcache/docker.io--tonistiigi--binfmt/latest/linux-x64/image.tar to /home/runner/.docker/.cache/images/docker.io--tonistiigi--binfmt/latest/linux-x64/image.tar
2026-05-25T11:32:43.0609589Z Image found from cache in /home/runner/.docker/.cache/images/docker.io--tonistiigi--binfmt/latest/linux-x64/image.tar
2026-05-25T11:32:43.0629830Z [command]/usr/bin/docker load -i /home/runner/.docker/.cache/images/docker.io--tonistiigi--binfmt/latest/linux-x64/image.tar
2026-05-25T11:32:44.8851818Z Loaded image: tonistiigi/binfmt:latest
2026-05-25T11:32:44.8958704Z [command]/usr/bin/docker pull docker.io/tonistiigi/binfmt:latest
2026-05-25T11:32:45.7906710Z latest: Pulling from tonistiigi/binfmt
2026-05-25T11:32:46.0678936Z 4b3e935ac1b8: Pulling fs layer
2026-05-25T11:32:46.0679457Z cba9db6f3ddf: Pulling fs layer
2026-05-25T11:32:46.3320894Z cba9db6f3ddf: Verifying Checksum
2026-05-25T11:32:46.3322274Z cba9db6f3ddf: Download complete
2026-05-25T11:32:46.4184736Z 4b3e935ac1b8: Verifying Checksum
2026-05-25T11:32:46.4185441Z 4b3e935ac1b8: Download complete
2026-05-25T11:32:46.7816493Z 4b3e935ac1b8: Pull complete
2026-05-25T11:32:46.8420870Z cba9db6f3ddf: Pull complete
2026-05-25T11:32:46.8465453Z Digest: sha256:d3b963f787999e6c0219a48dba02978769286ff61a5f4d26245cb6a6e5567ea3
2026-05-25T11:32:46.8481066Z Status: Downloaded newer image for tonistiigi/binfmt:latest
2026-05-25T11:32:46.8489288Z docker.io/tonistiigi/binfmt:latest
2026-05-25T11:32:46.8525875Z [command]/usr/bin/docker save -o /home/runner/work/_temp/docker-actions-toolkit-v9oPKj/749e64100d3fa0c09bdbc8a02e4fb9cb3ee64266f7f661c98371040689abacb3.tar docker.io/tonistiigi/binfmt:latest
2026-05-25T11:32:47.2267022Z Copying /home/runner/work/_temp/docker-actions-toolkit-v9oPKj/749e64100d3fa0c09bdbc8a02e4fb9cb3ee64266f7f661c98371040689abacb3.tar to /home/runner/.docker/.cache/images/docker.io--tonistiigi--binfmt/latest/linux-x64/image.tar
2026-05-25T11:32:47.2970534Z Image cached to /home/runner/.docker/.cache/images/docker.io--tonistiigi--binfmt/latest/linux-x64/image.tar
2026-05-25T11:32:47.2971706Z ##[endgroup]
2026-05-25T11:32:47.2973014Z ##[group]Image info
2026-05-25T11:32:47.2993233Z [command]/usr/bin/docker image inspect docker.io/tonistiigi/binfmt:latest
2026-05-25T11:32:47.3791285Z [
2026-05-25T11:32:47.3791673Z     {
2026-05-25T11:32:47.3792361Z         "Id": "sha256:fb4f8f43716ffaf2802bb32cd60994de149d020f8b1c7e7ddfbdfb43a521ec82",
2026-05-25T11:32:47.3793093Z         "RepoTags": [
2026-05-25T11:32:47.3793397Z             "tonistiigi/binfmt:latest"
2026-05-25T11:32:47.3793725Z         ],
2026-05-25T11:32:47.3793943Z         "RepoDigests": [
2026-05-25T11:32:47.3794487Z             "tonistiigi/binfmt@sha256:d3b963f787999e6c0219a48dba02978769286ff61a5f4d26245cb6a6e5567ea3"
2026-05-25T11:32:47.3795383Z         ],
2026-05-25T11:32:47.3795654Z         "Parent": "",
2026-05-25T11:32:47.3795947Z         "Comment": "buildkit.dockerfile.v0",
2026-05-25T11:32:47.3796319Z         "Created": "2026-02-18T18:09:43.658440389Z",
2026-05-25T11:32:47.3796648Z         "DockerVersion": "",
2026-05-25T11:32:47.3796906Z         "Author": "",
2026-05-25T11:32:47.3797129Z         "Config": {
2026-05-25T11:32:47.3797345Z             "Hostname": "",
2026-05-25T11:32:47.3797599Z             "Domainname": "",
2026-05-25T11:32:47.3797854Z             "User": "",
2026-05-25T11:32:47.3798089Z             "AttachStdin": false,
2026-05-25T11:32:47.3798371Z             "AttachStdout": false,
2026-05-25T11:32:47.3798649Z             "AttachStderr": false,
2026-05-25T11:32:47.3798967Z             "Tty": false,
2026-05-25T11:32:47.3799213Z             "OpenStdin": false,
2026-05-25T11:32:47.3799477Z             "StdinOnce": false,
2026-05-25T11:32:47.3799731Z             "Env": [
2026-05-25T11:32:47.3800101Z                 "PATH=/usr/local/sbin:/usr/local/bin:/usr/sbin:/usr/bin:/sbin:/bin",
2026-05-25T11:32:47.3800571Z                 "QEMU_PRESERVE_ARGV0=1"
2026-05-25T11:32:47.3800850Z             ],
2026-05-25T11:32:47.3801059Z             "Cmd": null,
2026-05-25T11:32:47.3801314Z             "Image": "",
2026-05-25T11:32:47.3801545Z             "Volumes": {
2026-05-25T11:32:47.3801779Z                 "/tmp": {}
2026-05-25T11:32:47.3802014Z             },
2026-05-25T11:32:47.3802228Z             "WorkingDir": "/",
2026-05-25T11:32:47.3802505Z             "Entrypoint": [
2026-05-25T11:32:47.3802842Z                 "/usr/bin/binfmt"
2026-05-25T11:32:47.3803233Z             ],
2026-05-25T11:32:47.3803535Z             "OnBuild": null,
2026-05-25T11:32:47.3803927Z             "Labels": null
2026-05-25T11:32:47.3804651Z         },
2026-05-25T11:32:47.3805270Z         "Architecture": "amd64",
2026-05-25T11:32:47.3805751Z         "Os": "linux",
2026-05-25T11:32:47.3806147Z         "Size": 85108073,
2026-05-25T11:32:47.3806514Z         "GraphDriver": {
2026-05-25T11:32:47.3806863Z             "Data": {
2026-05-25T11:32:47.3807652Z                 "LowerDir": "/var/lib/docker/overlay2/19b4f708e8cd89cecb1f0d6de84ba260fb3becef0734d6d4c91408bd931c8a9e/diff",
2026-05-25T11:32:47.3809018Z                 "MergedDir": "/var/lib/docker/overlay2/f04824a4a83fdb78c57c5f298e82ba4b517f4f84a9f9d1f740cf7127caec180e/merged",
2026-05-25T11:32:47.3810355Z                 "UpperDir": "/var/lib/docker/overlay2/f04824a4a83fdb78c57c5f298e82ba4b517f4f84a9f9d1f740cf7127caec180e/diff",
2026-05-25T11:32:47.3811759Z                 "WorkDir": "/var/lib/docker/overlay2/f04824a4a83fdb78c57c5f298e82ba4b517f4f84a9f9d1f740cf7127caec180e/work"
2026-05-25T11:32:47.3812931Z             },
2026-05-25T11:32:47.3813248Z             "Name": "overlay2"
2026-05-25T11:32:47.3813609Z         },
2026-05-25T11:32:47.3813888Z         "RootFS": {
2026-05-25T11:32:47.3814237Z             "Type": "layers",
2026-05-25T11:32:47.3814622Z             "Layers": [
2026-05-25T11:32:47.3815519Z                 "sha256:7c7a3ed8f59c9c48a6885e1b9d666072857891560d4557401a19bd803378d1d4",
2026-05-25T11:32:47.3816466Z                 "sha256:b7dea0aa7b18514e216eebdbded52b5b2c070562d7c88a97f8c3fb0995e4febb"
2026-05-25T11:32:47.3817130Z             ]
2026-05-25T11:32:47.3817452Z         },
2026-05-25T11:32:47.3817765Z         "Metadata": {
2026-05-25T11:32:47.3818175Z             "LastTagTime": "0001-01-01T00:00:00Z"
2026-05-25T11:32:47.3818729Z         }
2026-05-25T11:32:47.3819086Z     }
2026-05-25T11:32:47.3819384Z ]
2026-05-25T11:32:47.3820717Z ##[endgroup]
2026-05-25T11:32:47.3821384Z ##[group]Binfmt version
2026-05-25T11:32:47.3828074Z [command]/usr/bin/docker run --rm --privileged docker.io/tonistiigi/binfmt:latest --version
2026-05-25T11:32:47.8818371Z binfmt/3a63696 qemu/v10.2.1 go/1.25.7
2026-05-25T11:32:47.9506445Z ##[endgroup]
2026-05-25T11:32:47.9507081Z ##[group]Installing QEMU static binaries
2026-05-25T11:32:47.9523829Z [command]/usr/bin/docker run --rm --privileged docker.io/tonistiigi/binfmt:latest --install all
2026-05-25T11:32:48.0722392Z installing: arm64 OK
2026-05-25T11:32:48.0722784Z installing: arm OK
2026-05-25T11:32:48.0723140Z installing: s390x OK
2026-05-25T11:32:48.0723503Z installing: ppc64le OK
2026-05-25T11:32:48.0723878Z installing: mips64le OK
2026-05-25T11:32:48.0724234Z installing: mips64 OK
2026-05-25T11:32:48.0724555Z installing: riscv64 OK
2026-05-25T11:32:48.0724877Z installing: loong64 OK
2026-05-25T11:32:48.0933029Z {
2026-05-25T11:32:48.0933627Z   "supported": [
2026-05-25T11:32:48.0934006Z     "linux/amd64",
2026-05-25T11:32:48.0934466Z     "linux/amd64/v2",
2026-05-25T11:32:48.0934842Z     "linux/amd64/v3",
2026-05-25T11:32:48.0935351Z     "linux/arm64",
2026-05-25T11:32:48.0935714Z     "linux/riscv64",
2026-05-25T11:32:48.0936050Z     "linux/ppc64le",
2026-05-25T11:32:48.0936374Z     "linux/s390x",
2026-05-25T11:32:48.0936659Z     "linux/386",
2026-05-25T11:32:48.0936963Z     "linux/mips64le",
2026-05-25T11:32:48.0937289Z     "linux/mips64",
2026-05-25T11:32:48.0937590Z     "linux/loong64",
2026-05-25T11:32:48.0938241Z     "linux/arm/v7",
2026-05-25T11:32:48.0938545Z     "linux/arm/v6"
2026-05-25T11:32:48.0938847Z   ],
2026-05-25T11:32:48.0939112Z   "emulators": [
2026-05-25T11:32:48.0939438Z     "llvm-16-runtime.binfmt",
2026-05-25T11:32:48.0939819Z     "llvm-17-runtime.binfmt",
2026-05-25T11:32:48.0940216Z     "llvm-18-runtime.binfmt",
2026-05-25T11:32:48.0940586Z     "python3.12",
2026-05-25T11:32:48.0940930Z     "qemu-aarch64",
2026-05-25T11:32:48.0941238Z     "qemu-arm",
2026-05-25T11:32:48.0941529Z     "qemu-loongarch64",
2026-05-25T11:32:48.0941856Z     "qemu-mips64",
2026-05-25T11:32:48.0942168Z     "qemu-mips64el",
2026-05-25T11:32:48.0942513Z     "qemu-ppc64le",
2026-05-25T11:32:48.0942840Z     "qemu-riscv64",
2026-05-25T11:32:48.0943409Z     "qemu-s390x"
2026-05-25T11:32:48.0943701Z   ]
2026-05-25T11:32:48.0943955Z }
2026-05-25T11:32:48.1553377Z ##[endgroup]
2026-05-25T11:32:48.1553798Z ##[group]Extracting available platforms
2026-05-25T11:32:48.3614520Z linux/amd64,linux/amd64/v2,linux/amd64/v3,linux/arm64,linux/riscv64,linux/ppc64le,linux/s390x,linux/386,linux/mips64le,linux/mips64,linux/loong64,linux/arm/v7,linux/arm/v6
2026-05-25T11:32:48.3616402Z ##[endgroup]
2026-05-25T11:32:48.3780439Z ##[group]Run docker/setup-buildx-action@4d04d5d9486b7bd6fa91e7baf45bbb4f8b9deedd
2026-05-25T11:32:48.3780865Z with:
2026-05-25T11:32:48.3781043Z   version: edge
2026-05-25T11:32:48.3781256Z   driver-opts: image=moby/buildkit:latest
2026-05-25T11:32:48.3781529Z   buildkitd-flags: --debug
2026-05-25T11:32:48.3781745Z   driver: docker-container
2026-05-25T11:32:48.3781951Z   use: true
2026-05-25T11:32:48.3782122Z   keep-state: false
2026-05-25T11:32:48.3782309Z   cache-binary: true
2026-05-25T11:32:48.3782689Z   cleanup: true
2026-05-25T11:32:48.3782864Z env:
2026-05-25T11:32:48.3783027Z   GO_VERSION: 1.26
2026-05-25T11:32:48.3783219Z   SETUP_BUILDX_VERSION: edge
2026-05-25T11:32:48.3783461Z   SETUP_BUILDKIT_IMAGE: moby/buildkit:latest
2026-05-25T11:32:48.3783939Z   TESTFLAGS: -v --parallel=6 --timeout=30m --run=//worker=oci-rootless-gvisor-tap-vsock-detachnetns$
2026-05-25T11:32:48.3784408Z   GOTESTSUM_FORMAT: standard-verbose
2026-05-25T11:32:48.3784651Z   TEST_IMAGE_BUILD: 0
2026-05-25T11:32:48.3785584Z   TEST_REPORT_NAME: run-clientcmdbuildctlworkercontainerdsolverfrontend--integration-oci-rootless-gvisor-tap-vsock-detachnetns-
2026-05-25T11:32:48.3786405Z   ACTIONS_RUNNER_ACTION_ARCHIVE_CACHE: /opt/actionarchivecache
2026-05-25T11:32:48.3787113Z   ACTIONS_RUNTIME_URL: https://pipelinesghubeus2.actions.githubusercontent.com/VSeSJsGRiRCTiu0PRaYdcZnubUW6TSVddo0DTZpqG1wDqsIbXb/
2026-05-25T11:32:48.3831409Z   ACTIONS_RUNTIME_TOKEN: ***
2026-05-25T11:32:48.3832003Z   ACTIONS_CACHE_URL: https://acghubeus1.actions.githubusercontent.com/VSeSJsGRiRCTiu0PRaYdcZnubUW6TSVddo0DTZpqG1wDqsIbXb/
2026-05-25T11:32:48.3832739Z   ACTIONS_RESULTS_URL: https://results-receiver.actions.githubusercontent.com/
2026-05-25T11:32:48.3833146Z   ACTIONS_CACHE_SERVICE_V2: True
2026-05-25T11:32:48.3833590Z   ACTIONS_ORCHESTRATION_ID: 4bcbfa92-5c9d-4184-86ba-442276311e4f.test.run.oci-rootless-gvisor-tap-v
2026-05-25T11:32:48.3834049Z ##[endgroup]
2026-05-25T11:32:48.5862667Z ##[group]Docker info
2026-05-25T11:32:48.5891437Z [command]/usr/bin/docker version
2026-05-25T11:32:48.6103736Z Client: Docker Engine - Community
2026-05-25T11:32:48.6106818Z  Version:           28.0.4
2026-05-25T11:32:48.6107581Z  API version:       1.48
2026-05-25T11:32:48.6107964Z  Go version:        go1.23.7
2026-05-25T11:32:48.6108339Z  Git commit:        b8034c0
2026-05-25T11:32:48.6108694Z  Built:             Tue Mar 25 15:07:16 2025
2026-05-25T11:32:48.6108984Z  OS/Arch:           linux/amd64
2026-05-25T11:32:48.6109220Z  Context:           default
2026-05-25T11:32:48.6109385Z 
2026-05-25T11:32:48.6109495Z Server: Docker Engine - Community
2026-05-25T11:32:48.6109726Z  Engine:
2026-05-25T11:32:48.6109895Z   Version:          28.0.4
2026-05-25T11:32:48.6110137Z   API version:      1.48 (minimum version 1.24)
2026-05-25T11:32:48.6110412Z   Go version:       go1.23.7
2026-05-25T11:32:48.6110629Z   Git commit:       6430e49
2026-05-25T11:32:48.6110845Z   Built:            Tue Mar 25 15:07:16 2025
2026-05-25T11:32:48.6111106Z   OS/Arch:          linux/amd64
2026-05-25T11:32:48.6111329Z   Experimental:     false
2026-05-25T11:32:48.6111535Z  containerd:
2026-05-25T11:32:48.6111706Z   Version:          v2.2.3
2026-05-25T11:32:48.6111983Z   GitCommit:        77c84241c7cbdd9b4eca2591793e3d4f4317c590
2026-05-25T11:32:48.6112283Z  runc:
2026-05-25T11:32:48.6112452Z   Version:          1.3.5
2026-05-25T11:32:48.6112665Z   GitCommit:        v1.3.5-0-g488fc13e
2026-05-25T11:32:48.6112923Z  docker-init:
2026-05-25T11:32:48.6113109Z   Version:          0.19.0
2026-05-25T11:32:48.6113323Z   GitCommit:        de40ad0
2026-05-25T11:32:48.6173207Z [command]/usr/bin/docker info
2026-05-25T11:32:48.6627913Z Client: Docker Engine - Community
2026-05-25T11:32:48.6628469Z  Version:    28.0.4
2026-05-25T11:32:48.6628792Z  Context:    default
2026-05-25T11:32:48.6629097Z  Debug Mode: false
2026-05-25T11:32:48.6629387Z  Plugins:
2026-05-25T11:32:48.6629703Z   buildx: Docker Buildx (Docker Inc.)
2026-05-25T11:32:48.6630135Z     Version:  v0.34.0
2026-05-25T11:32:48.6631112Z     Path:     /usr/libexec/docker/cli-plugins/docker-buildx
2026-05-25T11:32:48.6631662Z   compose: Docker Compose (Docker Inc.)
2026-05-25T11:32:48.6632079Z     Version:  v2.38.2
2026-05-25T11:32:48.6632520Z     Path:     /usr/libexec/docker/cli-plugins/docker-compose
2026-05-25T11:32:48.6632908Z 
2026-05-25T11:32:48.6633023Z Server:
2026-05-25T11:32:48.6633293Z  Containers: 0
2026-05-25T11:32:48.6633588Z   Running: 0
2026-05-25T11:32:48.6633865Z   Paused: 0
2026-05-25T11:32:48.6634135Z   Stopped: 0
2026-05-25T11:32:48.6634718Z  Images: 8
2026-05-25T11:32:48.6635314Z  Server Version: 28.0.4
2026-05-25T11:32:48.6635635Z  Storage Driver: overlay2
2026-05-25T11:32:48.6635879Z   Backing Filesystem: extfs
2026-05-25T11:32:48.6636109Z   Supports d_type: true
2026-05-25T11:32:48.6636309Z   Using metacopy: false
2026-05-25T11:32:48.6636515Z   Native Overlay Diff: false
2026-05-25T11:32:48.6636733Z   userxattr: false
2026-05-25T11:32:48.6636929Z  Logging Driver: json-file
2026-05-25T11:32:48.6637165Z  Cgroup Driver: systemd
2026-05-25T11:32:48.6637512Z  Cgroup Version: 2
2026-05-25T11:32:48.6637839Z  Plugins:
2026-05-25T11:32:48.6638155Z   Volume: local
2026-05-25T11:32:48.6638552Z   Network: bridge host ipvlan macvlan null overlay
2026-05-25T11:32:48.6639273Z   Log: awslogs fluentd gcplogs gelf journald json-file local splunk syslog
2026-05-25T11:32:48.6639950Z  Swarm: inactive
2026-05-25T11:32:48.6640336Z  Runtimes: io.containerd.runc.v2 runc
2026-05-25T11:32:48.6640785Z  Default Runtime: runc
2026-05-25T11:32:48.6641158Z  Init Binary: docker-init
2026-05-25T11:32:48.6641659Z  containerd version: 77c84241c7cbdd9b4eca2591793e3d4f4317c590
2026-05-25T11:32:48.6642194Z  runc version: v1.3.5-0-g488fc13e
2026-05-25T11:32:48.6642559Z  init version: de40ad0
2026-05-25T11:32:48.6642905Z  Security Options:
2026-05-25T11:32:48.6643228Z   apparmor
2026-05-25T11:32:48.6643522Z   seccomp
2026-05-25T11:32:48.6643799Z    Profile: builtin
2026-05-25T11:32:48.6644132Z   cgroupns
2026-05-25T11:32:48.6644445Z  Kernel Version: 6.17.0-1013-azure
2026-05-25T11:32:48.6644842Z  Operating System: Ubuntu 24.04.4 LTS
2026-05-25T11:32:48.6645613Z  OSType: linux
2026-05-25T11:32:48.6645947Z  Architecture: x86_64
2026-05-25T11:32:48.6646299Z  CPUs: 4
2026-05-25T11:32:48.6646607Z  Total Memory: 15.61GiB
2026-05-25T11:32:48.6646975Z  Name: runnervmg397c
2026-05-25T11:32:48.6647340Z  ID: 030b3de5-f6f5-43f2-8bdc-0a866a274328
2026-05-25T11:32:48.6647812Z  Docker Root Dir: /var/lib/docker
2026-05-25T11:32:48.6648218Z  Debug Mode: false
2026-05-25T11:32:48.6648576Z  Username: githubactions
2026-05-25T11:32:48.6648990Z  Experimental: false
2026-05-25T11:32:48.6649371Z  Insecure Registries:
2026-05-25T11:32:48.6649753Z   ::1/128
2026-05-25T11:32:48.6650056Z   127.0.0.0/8
2026-05-25T11:32:48.6650402Z  Live Restore Enabled: false
2026-05-25T11:32:48.6650682Z 
2026-05-25T11:32:48.6651194Z ##[endgroup]
2026-05-25T11:32:48.7238011Z ##[group]Download buildx from GitHub Releases
2026-05-25T11:32:48.7628021Z Use 0.34.1 version spec cache key for v0.34.1
2026-05-25T11:32:48.9910822Z Cache hit for: buildx-dl-bin-0.34.1-linux-x64
2026-05-25T11:32:50.2742272Z Received 802114 of 21773634 (3.7%), 0.8 MBs/sec
2026-05-25T11:32:50.5666428Z Received 21773634 of 21773634 (100.0%), 16.1 MBs/sec
2026-05-25T11:32:50.5667075Z Cache Size: ~21 MB (21773634 B)
2026-05-25T11:32:50.5693172Z [command]/usr/bin/tar -xf /home/runner/work/_temp/07d898ad-5b25-4bf4-a70f-ac2cfdf6e2ef/cache.tzst -P -C /home/runner/work/buildkit/buildkit --use-compress-program unzstd
2026-05-25T11:32:50.6732718Z Cache restored successfully
2026-05-25T11:32:50.6744562Z Restored buildx-dl-bin-0.34.1-linux-x64 from GitHub Actions cache
2026-05-25T11:32:50.7144181Z Cached to hosted tool cache /opt/hostedtoolcache/buildx-dl-bin/0.34.1/linux-x64
2026-05-25T11:32:50.7145895Z Copying /opt/hostedtoolcache/buildx-dl-bin/0.34.1/linux-x64/docker-buildx to /home/runner/.docker/buildx/.bin/0.34.1/linux-x64/docker-buildx
2026-05-25T11:32:50.7591449Z Buildx binary found in /home/runner/.docker/buildx/.bin/0.34.1/linux-x64/docker-buildx
2026-05-25T11:32:50.7592666Z ##[endgroup]
2026-05-25T11:32:50.7593268Z ##[group]Install buildx
2026-05-25T11:32:50.7593760Z Docker plugin mode
2026-05-25T11:32:50.8040281Z Fixing perms
2026-05-25T11:32:50.8040830Z Plugin path: /home/runner/.docker/cli-plugins/docker-buildx
2026-05-25T11:32:50.8041727Z ##[endgroup]
2026-05-25T11:32:50.8042319Z ##[group]Buildx version
2026-05-25T11:32:50.8067617Z [command]/usr/bin/docker buildx version
2026-05-25T11:32:50.8534025Z github.com/docker/buildx v0.34.1 e0b0e77d18d3379bc1e0d55f3b37de288d36fe47
2026-05-25T11:32:50.8551870Z ##[endgroup]
2026-05-25T11:32:50.8779721Z ##[group]Inspecting default docker context
2026-05-25T11:32:50.8916516Z [
2026-05-25T11:32:50.8916868Z   {
2026-05-25T11:32:50.8917146Z     "Name": "default",
2026-05-25T11:32:50.8917518Z     "Metadata": {},
2026-05-25T11:32:50.8917867Z     "Endpoints": {
2026-05-25T11:32:50.8918209Z       "docker": {
2026-05-25T11:32:50.8918600Z         "Host": "unix:///var/run/docker.sock",
2026-05-25T11:32:50.8919150Z         "SkipTLSVerify": false
2026-05-25T11:32:50.8919560Z       }
2026-05-25T11:32:50.8919862Z     },
2026-05-25T11:32:50.8920184Z     "TLSMaterial": {},
2026-05-25T11:32:50.8920552Z     "Storage": {
2026-05-25T11:32:50.8920936Z       "MetadataPath": "<IN MEMORY>",
2026-05-25T11:32:50.8921420Z       "TLSPath": "<IN MEMORY>"
2026-05-25T11:32:50.8921835Z     }
2026-05-25T11:32:50.8922130Z   }
2026-05-25T11:32:50.8922422Z ]
2026-05-25T11:32:50.8923046Z ##[endgroup]
2026-05-25T11:32:50.8923697Z ##[group]Creating a new builder instance
2026-05-25T11:32:50.9981150Z [command]/usr/bin/docker buildx create --name builder-b1a4b324-6a7f-4375-bf13-35cad6edf1c4 --driver docker-container --driver-opt image=moby/buildkit:latest --buildkitd-flags --debug --use
2026-05-25T11:32:51.0509543Z builder-b1a4b324-6a7f-4375-bf13-35cad6edf1c4
2026-05-25T11:32:51.0528681Z ##[endgroup]
2026-05-25T11:32:51.0529267Z ##[group]Booting builder
2026-05-25T11:32:51.0563401Z [command]/usr/bin/docker buildx inspect --bootstrap --builder builder-b1a4b324-6a7f-4375-bf13-35cad6edf1c4
2026-05-25T11:32:51.1067028Z #1 [internal] booting buildkit
2026-05-25T11:32:51.2572169Z #1 pulling image moby/buildkit:latest
2026-05-25T11:32:54.1127284Z #1 pulling image moby/buildkit:latest 3.0s done
2026-05-25T11:32:54.2637501Z #1 creating container buildx_buildkit_builder-b1a4b324-6a7f-4375-bf13-35cad6edf1c40
2026-05-25T11:32:54.4313233Z #1 creating container buildx_buildkit_builder-b1a4b324-6a7f-4375-bf13-35cad6edf1c40 0.3s done
2026-05-25T11:32:54.4325263Z #1 DONE 3.3s
2026-05-25T11:32:54.4654897Z Name:          builder-b1a4b324-6a7f-4375-bf13-35cad6edf1c4
2026-05-25T11:32:54.4656165Z Driver:        docker-container
2026-05-25T11:32:54.4656658Z Last Activity: 2026-05-25 11:32:51 +0000 UTC
2026-05-25T11:32:54.4656993Z 
2026-05-25T11:32:54.4657111Z Nodes:
2026-05-25T11:32:54.4657558Z Name:                  builder-b1a4b324-6a7f-4375-bf13-35cad6edf1c40
2026-05-25T11:32:54.4658182Z Endpoint:              unix:///var/run/docker.sock
2026-05-25T11:32:54.4658778Z Driver Options:        image="moby/buildkit:latest"
2026-05-25T11:32:54.4659280Z Status:                running
2026-05-25T11:32:54.4659878Z BuildKit daemon flags: --debug --allow-insecure-entitlement=network.host
2026-05-25T11:32:54.4660520Z BuildKit version:      v0.30.0
2026-05-25T11:32:54.4661808Z Platforms:             linux/amd64, linux/amd64/v2, linux/amd64/v3, linux/arm64, linux/riscv64, linux/ppc64le, linux/s390x, linux/386, linux/mips64le, linux/mips64, linux/loong64, linux/arm/v7, linux/arm/v6
2026-05-25T11:32:54.4663118Z Labels:
2026-05-25T11:32:54.4663537Z  org.mobyproject.buildkit.worker.executor:         oci
2026-05-25T11:32:54.4664026Z  org.mobyproject.buildkit.worker.hostname:         35994309ddd4
2026-05-25T11:32:54.4664463Z  org.mobyproject.buildkit.worker.network:          host
2026-05-25T11:32:54.4664885Z  org.mobyproject.buildkit.worker.oci.process-mode: sandbox
2026-05-25T11:32:54.4665657Z  org.mobyproject.buildkit.worker.selinux.enabled:  false
2026-05-25T11:32:54.4666454Z  org.mobyproject.buildkit.worker.snapshotter:      overlayfs
2026-05-25T11:32:54.4666810Z GC Policy rule#0:
2026-05-25T11:32:54.4667025Z  All:            false
2026-05-25T11:32:54.4667370Z  Filters:        type==source.local,type==exec.cachemount,type==source.git.checkout
2026-05-25T11:32:54.4667783Z  Keep Duration:  48h0m0s
2026-05-25T11:32:54.4668010Z  Max Used Space: 488.3MiB
2026-05-25T11:32:54.4668331Z GC Policy rule#1:
2026-05-25T11:32:54.4668701Z  All:            false
2026-05-25T11:32:54.4669065Z  Keep Duration:  1440h0m0s
2026-05-25T11:32:54.4669779Z  Reserved Space: 9.313GiB
2026-05-25T11:32:54.4670236Z  Max Used Space: 93.13GiB
2026-05-25T11:32:54.4670518Z  Min Free Space: 27.01GiB
2026-05-25T11:32:54.4670725Z GC Policy rule#2:
2026-05-25T11:32:54.4671033Z  All:            false
2026-05-25T11:32:54.4671308Z  Reserved Space: 9.313GiB
2026-05-25T11:32:54.4671689Z  Max Used Space: 93.13GiB
2026-05-25T11:32:54.4672065Z  Min Free Space: 27.01GiB
2026-05-25T11:32:54.4672452Z GC Policy rule#3:
2026-05-25T11:32:54.4672770Z  All:            true
2026-05-25T11:32:54.4673089Z  Reserved Space: 9.313GiB
2026-05-25T11:32:54.4673420Z  Max Used Space: 93.13GiB
2026-05-25T11:32:54.4673769Z  Min Free Space: 27.01GiB
2026-05-25T11:32:54.4689969Z ##[endgroup]
2026-05-25T11:32:54.5534801Z ##[group]Inspect builder
2026-05-25T11:32:54.5537538Z {
2026-05-25T11:32:54.5538021Z   "nodes": [
2026-05-25T11:32:54.5538765Z     {
2026-05-25T11:32:54.5539205Z       "name": "builder-b1a4b324-6a7f-4375-bf13-35cad6edf1c40",
2026-05-25T11:32:54.5539849Z       "endpoint": "unix:///var/run/docker.sock",
2026-05-25T11:32:54.5540426Z       "driver-opts": [
2026-05-25T11:32:54.5540796Z         "image=moby/buildkit:latest"
2026-05-25T11:32:54.5541203Z       ],
2026-05-25T11:32:54.5541509Z       "status": "running",
2026-05-25T11:32:54.5542111Z       "buildkitd-flags": "--debug --allow-insecure-entitlement=network.host",
2026-05-25T11:32:54.5542767Z       "buildkit": "v0.30.0",
2026-05-25T11:32:54.5544065Z       "platforms": "linux/amd64,linux/amd64/v2,linux/amd64/v3,linux/arm64,linux/riscv64,linux/ppc64le,linux/s390x,linux/386,linux/mips64le,linux/mips64,linux/loong64,linux/arm/v7,linux/arm/v6",
2026-05-25T11:32:54.5545768Z       "features": {
2026-05-25T11:32:54.5546315Z         "Automatically load images to the Docker Engine image store": true,
2026-05-25T11:32:54.5546727Z         "Cache export": true,
2026-05-25T11:32:54.5546979Z         "Direct push": true,
2026-05-25T11:32:54.5547218Z         "Docker exporter": true,
2026-05-25T11:32:54.5547479Z         "Multi-platform build": true,
2026-05-25T11:32:54.5547758Z         "OCI exporter": true
2026-05-25T11:32:54.5547972Z       },
2026-05-25T11:32:54.5548139Z       "labels": {
2026-05-25T11:32:54.5548399Z         "org.mobyproject.buildkit.worker.executor": "oci",
2026-05-25T11:32:54.5548802Z         "org.mobyproject.buildkit.worker.hostname": "35994309ddd4",
2026-05-25T11:32:54.5549195Z         "org.mobyproject.buildkit.worker.network": "host",
2026-05-25T11:32:54.5549613Z         "org.mobyproject.buildkit.worker.oci.process-mode": "sandbox",
2026-05-25T11:32:54.5550084Z         "org.mobyproject.buildkit.worker.selinux.enabled": "false",
2026-05-25T11:32:54.5550507Z         "org.mobyproject.buildkit.worker.snapshotter": "overlayfs"
2026-05-25T11:32:54.5550835Z       },
2026-05-25T11:32:54.5551006Z       "gcPolicy": [
2026-05-25T11:32:54.5551194Z         {
2026-05-25T11:32:54.5551377Z           "all": false,
2026-05-25T11:32:54.5562462Z           "filter": [
2026-05-25T11:32:54.5562818Z             "type==source.local",
2026-05-25T11:32:54.5563244Z             "type==exec.cachemount",
2026-05-25T11:32:54.5563655Z             "type==source.git.checkout"
2026-05-25T11:32:54.5564086Z           ],
2026-05-25T11:32:54.5564444Z           "keepDuration": "48h0m0s",
2026-05-25T11:32:54.5564907Z           "maxUsedSpace": "488.3MiB"
2026-05-25T11:32:54.5565978Z         },
2026-05-25T11:32:54.5566168Z         {
2026-05-25T11:32:54.5566375Z           "all": false,
2026-05-25T11:32:54.5566638Z           "keepDuration": "1440h0m0s",
2026-05-25T11:32:54.5567211Z           "reservedSpace": "9.313GiB",
2026-05-25T11:32:54.5567503Z           "maxUsedSpace": "93.13GiB",
2026-05-25T11:32:54.5567773Z           "minFreeSpace": "27.01GiB"
2026-05-25T11:32:54.5568020Z         },
2026-05-25T11:32:54.5568182Z         {
2026-05-25T11:32:54.5568371Z           "all": false,
2026-05-25T11:32:54.5568599Z           "reservedSpace": "9.313GiB",
2026-05-25T11:32:54.5568875Z           "maxUsedSpace": "93.13GiB",
2026-05-25T11:32:54.5569149Z           "minFreeSpace": "27.01GiB"
2026-05-25T11:32:54.5569572Z         },
2026-05-25T11:32:54.5569768Z         {
2026-05-25T11:32:54.5569952Z           "all": true,
2026-05-25T11:32:54.5570184Z           "reservedSpace": "9.313GiB",
2026-05-25T11:32:54.5570489Z           "maxUsedSpace": "93.13GiB",
2026-05-25T11:32:54.5570798Z           "minFreeSpace": "27.01GiB"
2026-05-25T11:32:54.5571088Z         }
2026-05-25T11:32:54.5571290Z       ]
2026-05-25T11:32:54.5571505Z     }
2026-05-25T11:32:54.5571702Z   ],
2026-05-25T11:32:54.5571986Z   "name": "builder-b1a4b324-6a7f-4375-bf13-35cad6edf1c4",
2026-05-25T11:32:54.5572364Z   "driver": "docker-container",
2026-05-25T11:32:54.5572648Z   "lastActivity": "2026-05-25T11:32:51.000Z"
2026-05-25T11:32:54.5572941Z }
2026-05-25T11:32:54.5573300Z ##[endgroup]
2026-05-25T11:32:54.5573662Z ##[group]BuildKit version
2026-05-25T11:32:54.5573968Z builder-b1a4b324-6a7f-4375-bf13-35cad6edf1c40: v0.30.0
2026-05-25T11:32:54.5574656Z ##[endgroup]
2026-05-25T11:32:54.5720899Z ##[group]Run docker/bake-action@a66e1c87e2eca0503c343edf1d208c716d54b8a8
2026-05-25T11:32:54.5721315Z with:
2026-05-25T11:32:54.5721515Z   targets: integration-tests
2026-05-25T11:32:54.5721834Z   set: *.cache-from=type=gha,scope=build-integration-tests

2026-05-25T11:32:54.5722163Z   no-cache: false
2026-05-25T11:32:54.5722356Z   pull: false
2026-05-25T11:32:54.5722537Z   load: false
2026-05-25T11:32:54.5722708Z   push: false
2026-05-25T11:32:54.5723024Z   github-token: ***
2026-05-25T11:32:54.5723226Z env:
2026-05-25T11:32:54.5723392Z   GO_VERSION: 1.26
2026-05-25T11:32:54.5723595Z   SETUP_BUILDX_VERSION: edge
2026-05-25T11:32:54.5723851Z   SETUP_BUILDKIT_IMAGE: moby/buildkit:latest
2026-05-25T11:32:54.5724338Z   TESTFLAGS: -v --parallel=6 --timeout=30m --run=//worker=oci-rootless-gvisor-tap-vsock-detachnetns$
2026-05-25T11:32:54.5724811Z   GOTESTSUM_FORMAT: standard-verbose
2026-05-25T11:32:54.5725409Z   TEST_IMAGE_BUILD: 0
2026-05-25T11:32:54.5726092Z   TEST_REPORT_NAME: run-clientcmdbuildctlworkercontainerdsolverfrontend--integration-oci-rootless-gvisor-tap-vsock-detachnetns-
2026-05-25T11:32:54.5726891Z   ACTIONS_RUNNER_ACTION_ARCHIVE_CACHE: /opt/actionarchivecache
2026-05-25T11:32:54.5727612Z   ACTIONS_RUNTIME_URL: https://pipelinesghubeus2.actions.githubusercontent.com/VSeSJsGRiRCTiu0PRaYdcZnubUW6TSVddo0DTZpqG1wDqsIbXb/
2026-05-25T11:32:54.5771448Z   ACTIONS_RUNTIME_TOKEN: ***
2026-05-25T11:32:54.5772042Z   ACTIONS_CACHE_URL: https://acghubeus1.actions.githubusercontent.com/VSeSJsGRiRCTiu0PRaYdcZnubUW6TSVddo0DTZpqG1wDqsIbXb/
2026-05-25T11:32:54.5772777Z   ACTIONS_RESULTS_URL: https://results-receiver.actions.githubusercontent.com/
2026-05-25T11:32:54.5773195Z   ACTIONS_CACHE_SERVICE_V2: True
2026-05-25T11:32:54.5773652Z   ACTIONS_ORCHESTRATION_ID: 4bcbfa92-5c9d-4184-86ba-442276311e4f.test.run.oci-rootless-gvisor-tap-v
2026-05-25T11:32:54.5774129Z   BUILDKITD_TAGS: 
2026-05-25T11:32:54.5774320Z   TEST_COVERAGE: 1
2026-05-25T11:32:54.5774515Z ##[endgroup]
2026-05-25T11:32:54.8424232Z ##[group]GitHub Actions runtime token ACs
2026-05-25T11:32:54.8432170Z refs/heads/master: read/write
2026-05-25T11:32:54.8433236Z ##[endgroup]
2026-05-25T11:32:54.8433895Z ##[group]Docker info
2026-05-25T11:32:54.8469451Z [command]/usr/bin/docker version
2026-05-25T11:32:54.8662645Z Client: Docker Engine - Community
2026-05-25T11:32:54.8663427Z  Version:           28.0.4
2026-05-25T11:32:54.8664012Z  API version:       1.48
2026-05-25T11:32:54.8664322Z  Go version:        go1.23.7
2026-05-25T11:32:54.8664601Z  Git commit:        b8034c0
2026-05-25T11:32:54.8664900Z  Built:             Tue Mar 25 15:07:16 2025
2026-05-25T11:32:54.8665526Z  OS/Arch:           linux/amd64
2026-05-25T11:32:54.8665811Z  Context:           default
2026-05-25T11:32:54.8665988Z 
2026-05-25T11:32:54.8666101Z Server: Docker Engine - Community
2026-05-25T11:32:54.8666425Z  Engine:
2026-05-25T11:32:54.8666635Z   Version:          28.0.4
2026-05-25T11:32:54.8666926Z   API version:      1.48 (minimum version 1.24)
2026-05-25T11:32:54.8667287Z   Go version:       go1.23.7
2026-05-25T11:32:54.8668009Z   Git commit:       6430e49
2026-05-25T11:32:54.8668291Z   Built:            Tue Mar 25 15:07:16 2025
2026-05-25T11:32:54.8668603Z   OS/Arch:          linux/amd64
2026-05-25T11:32:54.8668878Z   Experimental:     false
2026-05-25T11:32:54.8669294Z  containerd:
2026-05-25T11:32:54.8669620Z   Version:          v2.2.3
2026-05-25T11:32:54.8669959Z   GitCommit:        77c84241c7cbdd9b4eca2591793e3d4f4317c590
2026-05-25T11:32:54.8670323Z  runc:
2026-05-25T11:32:54.8670605Z   Version:          1.3.5
2026-05-25T11:32:54.8670890Z   GitCommit:        v1.3.5-0-g488fc13e
2026-05-25T11:32:54.8671188Z  docker-init:
2026-05-25T11:32:54.8671408Z   Version:          0.19.0
2026-05-25T11:32:54.8671668Z   GitCommit:        de40ad0
2026-05-25T11:32:54.8708977Z [command]/usr/bin/docker info
2026-05-25T11:32:54.9116966Z Client: Docker Engine - Community
2026-05-25T11:32:54.9117555Z  Version:    28.0.4
2026-05-25T11:32:54.9117934Z  Context:    default
2026-05-25T11:32:54.9118712Z  Debug Mode: false
2026-05-25T11:32:54.9119060Z  Plugins:
2026-05-25T11:32:54.9119386Z   buildx: Docker Buildx (Docker Inc.)
2026-05-25T11:32:54.9119825Z     Version:  v0.34.1
2026-05-25T11:32:54.9120283Z     Path:     /home/runner/.docker/cli-plugins/docker-buildx
2026-05-25T11:32:54.9120868Z   compose: Docker Compose (Docker Inc.)
2026-05-25T11:32:54.9121327Z     Version:  v2.38.2
2026-05-25T11:32:54.9121787Z     Path:     /usr/libexec/docker/cli-plugins/docker-compose
2026-05-25T11:32:54.9122199Z 
2026-05-25T11:32:54.9122321Z Server:
2026-05-25T11:32:54.9122608Z  Containers: 1
2026-05-25T11:32:54.9122918Z   Running: 1
2026-05-25T11:32:54.9123204Z   Paused: 0
2026-05-25T11:32:54.9123469Z   Stopped: 0
2026-05-25T11:32:54.9123744Z  Images: 9
2026-05-25T11:32:54.9124042Z  Server Version: 28.0.4
2026-05-25T11:32:54.9124403Z  Storage Driver: overlay2
2026-05-25T11:32:54.9124783Z   Backing Filesystem: extfs
2026-05-25T11:32:54.9125407Z   Supports d_type: true
2026-05-25T11:32:54.9125778Z   Using metacopy: false
2026-05-25T11:32:54.9126148Z   Native Overlay Diff: false
2026-05-25T11:32:54.9126532Z   userxattr: false
2026-05-25T11:32:54.9126847Z  Logging Driver: json-file
2026-05-25T11:32:54.9127220Z  Cgroup Driver: systemd
2026-05-25T11:32:54.9127581Z  Cgroup Version: 2
2026-05-25T11:32:54.9127885Z  Plugins:
2026-05-25T11:32:54.9128167Z   Volume: local
2026-05-25T11:32:54.9128612Z   Network: bridge host ipvlan macvlan null overlay
2026-05-25T11:32:54.9129396Z   Log: awslogs fluentd gcplogs gelf journald json-file local splunk syslog
2026-05-25T11:32:54.9130023Z  Swarm: inactive
2026-05-25T11:32:54.9130404Z  Runtimes: io.containerd.runc.v2 runc
2026-05-25T11:32:54.9130845Z  Default Runtime: runc
2026-05-25T11:32:54.9131204Z  Init Binary: docker-init
2026-05-25T11:32:54.9131703Z  containerd version: 77c84241c7cbdd9b4eca2591793e3d4f4317c590
2026-05-25T11:32:54.9132494Z  runc version: v1.3.5-0-g488fc13e
2026-05-25T11:32:54.9132766Z  init version: de40ad0
2026-05-25T11:32:54.9132988Z  Security Options:
2026-05-25T11:32:54.9133192Z   apparmor
2026-05-25T11:32:54.9133630Z   seccomp
2026-05-25T11:32:54.9133809Z    Profile: builtin
2026-05-25T11:32:54.9133994Z   cgroupns
2026-05-25T11:32:54.9134183Z  Kernel Version: 6.17.0-1013-azure
2026-05-25T11:32:54.9134450Z  Operating System: Ubuntu 24.04.4 LTS
2026-05-25T11:32:54.9134702Z  OSType: linux
2026-05-25T11:32:54.9134894Z  Architecture: x86_64
2026-05-25T11:32:54.9135349Z  CPUs: 4
2026-05-25T11:32:54.9135531Z  Total Memory: 15.61GiB
2026-05-25T11:32:54.9135747Z  Name: runnervmg397c
2026-05-25T11:32:54.9135973Z  ID: 030b3de5-f6f5-43f2-8bdc-0a866a274328
2026-05-25T11:32:54.9136240Z  Docker Root Dir: /var/lib/docker
2026-05-25T11:32:54.9136477Z  Debug Mode: false
2026-05-25T11:32:54.9136836Z  Username: githubactions
2026-05-25T11:32:54.9137201Z  Experimental: false
2026-05-25T11:32:54.9137541Z  Insecure Registries:
2026-05-25T11:32:54.9137869Z   ::1/128
2026-05-25T11:32:54.9138034Z   127.0.0.0/8
2026-05-25T11:32:54.9138221Z  Live Restore Enabled: false
2026-05-25T11:32:54.9138375Z 
2026-05-25T11:32:54.9138697Z ##[endgroup]
2026-05-25T11:32:54.9139239Z ##[group]Proxy configuration
2026-05-25T11:32:54.9140565Z No proxy configuration found
2026-05-25T11:32:54.9141277Z ##[endgroup]
2026-05-25T11:32:54.9762929Z ##[group]Buildx version
2026-05-25T11:32:54.9787818Z [command]/usr/bin/docker buildx version
2026-05-25T11:32:55.0254817Z github.com/docker/buildx v0.34.1 e0b0e77d18d3379bc1e0d55f3b37de288d36fe47
2026-05-25T11:32:55.0274872Z ##[endgroup]
2026-05-25T11:32:55.0275649Z ##[group]Builder info
2026-05-25T11:32:55.1120391Z {
2026-05-25T11:32:55.1120757Z   "nodes": [
2026-05-25T11:32:55.1121083Z     {
2026-05-25T11:32:55.1121529Z       "name": "builder-b1a4b324-6a7f-4375-bf13-35cad6edf1c40",
2026-05-25T11:32:55.1122175Z       "endpoint": "unix:///var/run/docker.sock",
2026-05-25T11:32:55.1122679Z       "driver-opts": [
2026-05-25T11:32:55.1123060Z         "image=moby/buildkit:latest"
2026-05-25T11:32:55.1123475Z       ],
2026-05-25T11:32:55.1123790Z       "status": "running",
2026-05-25T11:32:55.1124482Z       "buildkitd-flags": "--debug --allow-insecure-entitlement=network.host",
2026-05-25T11:32:55.1124915Z       "buildkit": "v0.30.0",
2026-05-25T11:32:55.1126002Z       "platforms": "linux/amd64,linux/amd64/v2,linux/amd64/v3,linux/arm64,linux/riscv64,linux/ppc64le,linux/s390x,linux/386,linux/mips64le,linux/mips64,linux/loong64,linux/arm/v7,linux/arm/v6",
2026-05-25T11:32:55.1126920Z       "features": {
2026-05-25T11:32:55.1127235Z         "Automatically load images to the Docker Engine image store": true,
2026-05-25T11:32:55.1127677Z         "Cache export": true,
2026-05-25T11:32:55.1128012Z         "Direct push": true,
2026-05-25T11:32:55.1128246Z         "Docker exporter": true,
2026-05-25T11:32:55.1128498Z         "Multi-platform build": true,
2026-05-25T11:32:55.1128770Z         "OCI exporter": true
2026-05-25T11:32:55.1128988Z       },
2026-05-25T11:32:55.1129161Z       "labels": {
2026-05-25T11:32:55.1129426Z         "org.mobyproject.buildkit.worker.executor": "oci",
2026-05-25T11:32:55.1129844Z         "org.mobyproject.buildkit.worker.hostname": "35994309ddd4",
2026-05-25T11:32:55.1130371Z         "org.mobyproject.buildkit.worker.network": "host",
2026-05-25T11:32:55.1130932Z         "org.mobyproject.buildkit.worker.oci.process-mode": "sandbox",
2026-05-25T11:32:55.1131501Z         "org.mobyproject.buildkit.worker.selinux.enabled": "false",
2026-05-25T11:32:55.1131957Z         "org.mobyproject.buildkit.worker.snapshotter": "overlayfs"
2026-05-25T11:32:55.1132288Z       },
2026-05-25T11:32:55.1132462Z       "gcPolicy": [
2026-05-25T11:32:55.1132656Z         {
2026-05-25T11:32:55.1132825Z           "all": false,
2026-05-25T11:32:55.1133029Z           "filter": [
2026-05-25T11:32:55.1133312Z             "type==source.local",
2026-05-25T11:32:55.1133633Z             "type==exec.cachemount",
2026-05-25T11:32:55.1133966Z             "type==source.git.checkout"
2026-05-25T11:32:55.1134352Z           ],
2026-05-25T11:32:55.1134547Z           "keepDuration": "48h0m0s",
2026-05-25T11:32:55.1134821Z           "maxUsedSpace": "488.3MiB"
2026-05-25T11:32:55.1135522Z         },
2026-05-25T11:32:55.1135828Z         {
2026-05-25T11:32:55.1136010Z           "all": false,
2026-05-25T11:32:55.1136240Z           "keepDuration": "1440h0m0s",
2026-05-25T11:32:55.1136504Z           "reservedSpace": "9.313GiB",
2026-05-25T11:32:55.1136758Z           "maxUsedSpace": "93.13GiB",
2026-05-25T11:32:55.1137187Z           "minFreeSpace": "27.01GiB"
2026-05-25T11:32:55.1137514Z         },
2026-05-25T11:32:55.1137741Z         {
2026-05-25T11:32:55.1137909Z           "all": false,
2026-05-25T11:32:55.1138120Z           "reservedSpace": "9.313GiB",
2026-05-25T11:32:55.1138366Z           "maxUsedSpace": "93.13GiB",
2026-05-25T11:32:55.1138608Z           "minFreeSpace": "27.01GiB"
2026-05-25T11:32:55.1138830Z         },
2026-05-25T11:32:55.1138983Z         {
2026-05-25T11:32:55.1139147Z           "all": true,
2026-05-25T11:32:55.1139352Z           "reservedSpace": "9.313GiB",
2026-05-25T11:32:55.1139604Z           "maxUsedSpace": "93.13GiB",
2026-05-25T11:32:55.1140340Z           "minFreeSpace": "27.01GiB"
2026-05-25T11:32:55.1140745Z         }
2026-05-25T11:32:55.1141027Z       ]
2026-05-25T11:32:55.1141308Z     }
2026-05-25T11:32:55.1141584Z   ],
2026-05-25T11:32:55.1141973Z   "name": "builder-b1a4b324-6a7f-4375-bf13-35cad6edf1c4",
2026-05-25T11:32:55.1142554Z   "driver": "docker-container",
2026-05-25T11:32:55.1142988Z   "lastActivity": "2026-05-25T11:32:51.000Z"
2026-05-25T11:32:55.1143423Z }
2026-05-25T11:32:55.1144072Z ##[endgroup]
2026-05-25T11:32:55.1144451Z ##[group]Parsing raw definition
2026-05-25T11:32:55.1155386Z [command]/usr/bin/docker buildx bake https://github.com/moby/buildkit.git#d6b444d4e18204d7f7e6fac28037ab1e28666d1b --set *.cache-from=type=gha,scope=build-integration-tests --print integration-tests
2026-05-25T11:32:55.3661939Z #0 building with "builder-b1a4b324-6a7f-4375-bf13-35cad6edf1c4" instance using docker-container driver
2026-05-25T11:32:55.3662861Z 
2026-05-25T11:32:55.3663797Z #1 [internal] load git source https://github.com/moby/buildkit.git#d6b444d4e18204d7f7e6fac28037ab1e28666d1b
2026-05-25T11:32:55.3664796Z #1 0.015 Initialized empty Git repository in /var/lib/buildkit/runc-overlayfs/snapshots/snapshots/1/fs/
2026-05-25T11:32:55.3665957Z #1 0.018 fatal: Not a valid object name d6b444d4e18204d7f7e6fac28037ab1e28666d1b^{commit}
2026-05-25T11:33:01.8340108Z #1 6.637 From https://github.com/moby/buildkit
2026-05-25T11:33:01.8340953Z #1 6.637  * branch                d6b444d4e18204d7f7e6fac28037ab1e28666d1b -> FETCH_HEAD
2026-05-25T11:33:02.0256594Z #1 6.641  * [new tag]             dockerfile/0.9.0           -> dockerfile/0.9.0
2026-05-25T11:33:02.0257872Z #1 6.641  * [new tag]             dockerfile/0.9.0-experimental -> dockerfile/0.9.0-experimental
2026-05-25T11:33:02.0259304Z #1 6.641  * [new tag]             dockerfile/1.0.0           -> dockerfile/1.0.0
2026-05-25T11:33:02.0260968Z #1 6.641  * [new tag]             dockerfile/1.0.0-experimental -> dockerfile/1.0.0-experimental
2026-05-25T11:33:02.0262516Z #1 6.641  * [new tag]             dockerfile/1.0.1           -> dockerfile/1.0.1
2026-05-25T11:33:02.0264246Z #1 6.641  * [new tag]             dockerfile/1.0.1-experimental -> dockerfile/1.0.1-experimental
2026-05-25T11:33:02.0265825Z #1 6.641  * [new tag]             dockerfile/1.0.2-experimental -> dockerfile/1.0.2-experimental
2026-05-25T11:33:02.0267279Z #1 6.641  * [new tag]             dockerfile/1.1.0           -> dockerfile/1.1.0
2026-05-25T11:33:02.0268936Z #1 6.641  * [new tag]             dockerfile/1.1.0-experimental -> dockerfile/1.1.0-experimental
2026-05-25T11:33:02.0270109Z #1 6.641  * [new tag]             dockerfile/1.1.1           -> dockerfile/1.1.1
2026-05-25T11:33:02.0270917Z #1 6.641  * [new tag]             dockerfile/1.1.1-experimental -> dockerfile/1.1.1-experimental
2026-05-25T11:33:02.0271522Z #1 6.641  * [new tag]             dockerfile/1.1.2           -> dockerfile/1.1.2
2026-05-25T11:33:02.0272042Z #1 6.641  * [new tag]             dockerfile/1.1.2-experimental -> dockerfile/1.1.2-experimental
2026-05-25T11:33:02.0272581Z #1 6.642  * [new tag]             dockerfile/1.1.3           -> dockerfile/1.1.3
2026-05-25T11:33:02.0273056Z #1 6.642  * [new tag]             dockerfile/1.1.3-experimental -> dockerfile/1.1.3-experimental
2026-05-25T11:33:02.0273533Z #1 6.642  * [new tag]             dockerfile/1.1.4           -> dockerfile/1.1.4
2026-05-25T11:33:02.0273984Z #1 6.642  * [new tag]             dockerfile/1.1.4-experimental -> dockerfile/1.1.4-experimental
2026-05-25T11:33:02.0274444Z #1 6.642  * [new tag]             dockerfile/1.1.5           -> dockerfile/1.1.5
2026-05-25T11:33:02.0274896Z #1 6.642  * [new tag]             dockerfile/1.1.5-experimental -> dockerfile/1.1.5-experimental
2026-05-25T11:33:02.0275553Z #1 6.642  * [new tag]             dockerfile/1.1.6           -> dockerfile/1.1.6
2026-05-25T11:33:02.0275997Z #1 6.642  * [new tag]             dockerfile/1.1.6-experimental -> dockerfile/1.1.6-experimental
2026-05-25T11:33:02.0276471Z #1 6.642  * [new tag]             dockerfile/1.1.6-rc1       -> dockerfile/1.1.6-rc1
2026-05-25T11:33:02.0277227Z #1 6.642  * [new tag]             dockerfile/1.1.6-rc1-experimental -> dockerfile/1.1.6-rc1-experimental
2026-05-25T11:33:02.0277717Z #1 6.642  * [new tag]             dockerfile/1.1.7           -> dockerfile/1.1.7
2026-05-25T11:33:02.0278168Z #1 6.642  * [new tag]             dockerfile/1.1.7-experimental -> dockerfile/1.1.7-experimental
2026-05-25T11:33:02.0278627Z #1 6.642  * [new tag]             dockerfile/1.10.0          -> dockerfile/1.10.0
2026-05-25T11:33:02.0279054Z #1 6.642  * [new tag]             dockerfile/1.10.0-labs     -> dockerfile/1.10.0-labs
2026-05-25T11:33:02.0279492Z #1 6.642  * [new tag]             dockerfile/1.10.0-rc1      -> dockerfile/1.10.0-rc1
2026-05-25T11:33:02.0279942Z #1 6.642  * [new tag]             dockerfile/1.10.0-rc1-labs -> dockerfile/1.10.0-rc1-labs
2026-05-25T11:33:02.0280380Z #1 6.642  * [new tag]             dockerfile/1.11.0          -> dockerfile/1.11.0
2026-05-25T11:33:02.0280939Z #1 6.642  * [new tag]             dockerfile/1.11.0-labs     -> dockerfile/1.11.0-labs
2026-05-25T11:33:02.0281376Z #1 6.642  * [new tag]             dockerfile/1.11.0-rc1      -> dockerfile/1.11.0-rc1
2026-05-25T11:33:02.0281815Z #1 6.642  * [new tag]             dockerfile/1.11.0-rc1-labs -> dockerfile/1.11.0-rc1-labs
2026-05-25T11:33:02.0282252Z #1 6.642  * [new tag]             dockerfile/1.11.0-rc2      -> dockerfile/1.11.0-rc2
2026-05-25T11:33:02.0282682Z #1 6.642  * [new tag]             dockerfile/1.11.0-rc2-labs -> dockerfile/1.11.0-rc2-labs
2026-05-25T11:33:02.0283110Z #1 6.642  * [new tag]             dockerfile/1.11.1          -> dockerfile/1.11.1
2026-05-25T11:33:02.0283513Z #1 6.642  * [new tag]             dockerfile/1.11.1-labs     -> dockerfile/1.11.1-labs
2026-05-25T11:33:02.0283927Z #1 6.642  * [new tag]             dockerfile/1.12.0          -> dockerfile/1.12.0
2026-05-25T11:33:02.0284353Z #1 6.642  * [new tag]             dockerfile/1.12.0-labs     -> dockerfile/1.12.0-labs
2026-05-25T11:33:02.0284782Z #1 6.642  * [new tag]             dockerfile/1.12.0-rc1      -> dockerfile/1.12.0-rc1
2026-05-25T11:33:02.0285605Z #1 6.642  * [new tag]             dockerfile/1.12.0-rc1-labs -> dockerfile/1.12.0-rc1-labs
2026-05-25T11:33:02.0286058Z #1 6.642  * [new tag]             dockerfile/1.12.1          -> dockerfile/1.12.1
2026-05-25T11:33:02.0286483Z #1 6.642  * [new tag]             dockerfile/1.12.1-labs     -> dockerfile/1.12.1-labs
2026-05-25T11:33:02.0286907Z #1 6.642  * [new tag]             dockerfile/1.13.0          -> dockerfile/1.13.0
2026-05-25T11:33:02.0287323Z #1 6.642  * [new tag]             dockerfile/1.13.0-labs     -> dockerfile/1.13.0-labs
2026-05-25T11:33:02.0287749Z #1 6.642  * [new tag]             dockerfile/1.13.0-rc1      -> dockerfile/1.13.0-rc1
2026-05-25T11:33:02.0288187Z #1 6.642  * [new tag]             dockerfile/1.13.0-rc1-labs -> dockerfile/1.13.0-rc1-labs
2026-05-25T11:33:02.0288627Z #1 6.642  * [new tag]             dockerfile/1.14.0          -> dockerfile/1.14.0
2026-05-25T11:33:02.0289039Z #1 6.642  * [new tag]             dockerfile/1.14.0-labs     -> dockerfile/1.14.0-labs
2026-05-25T11:33:02.0289504Z #1 6.642  * [new tag]             dockerfile/1.14.0-rc1      -> dockerfile/1.14.0-rc1
2026-05-25T11:33:02.0289935Z #1 6.642  * [new tag]             dockerfile/1.14.0-rc1-labs -> dockerfile/1.14.0-rc1-labs
2026-05-25T11:33:02.0290372Z #1 6.642  * [new tag]             dockerfile/1.14.0-rc2      -> dockerfile/1.14.0-rc2
2026-05-25T11:33:02.0290802Z #1 6.642  * [new tag]             dockerfile/1.14.0-rc2-labs -> dockerfile/1.14.0-rc2-labs
2026-05-25T11:33:02.0291234Z #1 6.642  * [new tag]             dockerfile/1.14.0-rc3      -> dockerfile/1.14.0-rc3
2026-05-25T11:33:02.0291668Z #1 6.642  * [new tag]             dockerfile/1.14.0-rc3-labs -> dockerfile/1.14.0-rc3-labs
2026-05-25T11:33:02.0292100Z #1 6.642  * [new tag]             dockerfile/1.14.1          -> dockerfile/1.14.1
2026-05-25T11:33:02.0292519Z #1 6.642  * [new tag]             dockerfile/1.14.1-labs     -> dockerfile/1.14.1-labs
2026-05-25T11:33:02.0293123Z #1 6.642  * [new tag]             dockerfile/1.15.0          -> dockerfile/1.15.0
2026-05-25T11:33:02.0293531Z #1 6.642  * [new tag]             dockerfile/1.15.0-labs     -> dockerfile/1.15.0-labs
2026-05-25T11:33:02.0293959Z #1 6.642  * [new tag]             dockerfile/1.15.0-rc1      -> dockerfile/1.15.0-rc1
2026-05-25T11:33:02.0294404Z #1 6.642  * [new tag]             dockerfile/1.15.0-rc1-labs -> dockerfile/1.15.0-rc1-labs
2026-05-25T11:33:02.0294842Z #1 6.642  * [new tag]             dockerfile/1.15.0-rc2      -> dockerfile/1.15.0-rc2
2026-05-25T11:33:02.0295448Z #1 6.642  * [new tag]             dockerfile/1.15.0-rc2-labs -> dockerfile/1.15.0-rc2-labs
2026-05-25T11:33:02.0295876Z #1 6.642  * [new tag]             dockerfile/1.15.1          -> dockerfile/1.15.1
2026-05-25T11:33:02.0296282Z #1 6.642  * [new tag]             dockerfile/1.15.1-labs     -> dockerfile/1.15.1-labs
2026-05-25T11:33:02.0296824Z #1 6.642  * [new tag]             dockerfile/1.16.0          -> dockerfile/1.16.0
2026-05-25T11:33:02.0297244Z #1 6.642  * [new tag]             dockerfile/1.16.0-labs     -> dockerfile/1.16.0-labs
2026-05-25T11:33:02.0297666Z #1 6.642  * [new tag]             dockerfile/1.16.0-rc1      -> dockerfile/1.16.0-rc1
2026-05-25T11:33:02.0298099Z #1 6.642  * [new tag]             dockerfile/1.16.0-rc1-labs -> dockerfile/1.16.0-rc1-labs
2026-05-25T11:33:02.0298535Z #1 6.642  * [new tag]             dockerfile/1.16.0-rc2      -> dockerfile/1.16.0-rc2
2026-05-25T11:33:02.0298969Z #1 6.643  * [new tag]             dockerfile/1.16.0-rc2-labs -> dockerfile/1.16.0-rc2-labs
2026-05-25T11:33:02.0299394Z #1 6.643  * [new tag]             dockerfile/1.17.0          -> dockerfile/1.17.0
2026-05-25T11:33:02.0299804Z #1 6.643  * [new tag]             dockerfile/1.17.0-labs     -> dockerfile/1.17.0-labs
2026-05-25T11:33:02.0300249Z #1 6.643  * [new tag]             dockerfile/1.17.0-rc1      -> dockerfile/1.17.0-rc1
2026-05-25T11:33:02.0300719Z #1 6.643  * [new tag]             dockerfile/1.17.0-rc1-labs -> dockerfile/1.17.0-rc1-labs
2026-05-25T11:33:02.0301165Z #1 6.643  * [new tag]             dockerfile/1.17.1          -> dockerfile/1.17.1
2026-05-25T11:33:02.0301588Z #1 6.643  * [new tag]             dockerfile/1.17.1-labs     -> dockerfile/1.17.1-labs
2026-05-25T11:33:02.0302006Z #1 6.643  * [new tag]             dockerfile/1.18.0          -> dockerfile/1.18.0
2026-05-25T11:33:02.0302414Z #1 6.643  * [new tag]             dockerfile/1.18.0-labs     -> dockerfile/1.18.0-labs
2026-05-25T11:33:02.0302837Z #1 6.643  * [new tag]             dockerfile/1.18.0-rc1      -> dockerfile/1.18.0-rc1
2026-05-25T11:33:02.0303282Z #1 6.643  * [new tag]             dockerfile/1.18.0-rc1-labs -> dockerfile/1.18.0-rc1-labs
2026-05-25T11:33:02.0303721Z #1 6.643  * [new tag]             dockerfile/1.18.0-rc2      -> dockerfile/1.18.0-rc2
2026-05-25T11:33:02.0304157Z #1 6.643  * [new tag]             dockerfile/1.18.0-rc2-labs -> dockerfile/1.18.0-rc2-labs
2026-05-25T11:33:02.0304589Z #1 6.643  * [new tag]             dockerfile/1.19.0          -> dockerfile/1.19.0
2026-05-25T11:33:02.0305136Z #1 6.643  * [new tag]             dockerfile/1.19.0-labs     -> dockerfile/1.19.0-labs
2026-05-25T11:33:02.0305558Z #1 6.643  * [new tag]             dockerfile/1.19.0-rc1      -> dockerfile/1.19.0-rc1
2026-05-25T11:33:02.0305995Z #1 6.643  * [new tag]             dockerfile/1.19.0-rc1-labs -> dockerfile/1.19.0-rc1-labs
2026-05-25T11:33:02.0306426Z #1 6.643  * [new tag]             dockerfile/1.2.0           -> dockerfile/1.2.0
2026-05-25T11:33:02.0306833Z #1 6.643  * [new tag]             dockerfile/1.2.0-labs      -> dockerfile/1.2.0-labs
2026-05-25T11:33:02.0307252Z #1 6.643  * [new tag]             dockerfile/1.2.0-rc1       -> dockerfile/1.2.0-rc1
2026-05-25T11:33:02.0307691Z #1 6.643  * [new tag]             dockerfile/1.2.0-rc1-labs  -> dockerfile/1.2.0-rc1-labs
2026-05-25T11:33:02.0308123Z #1 6.643  * [new tag]             dockerfile/1.2.1           -> dockerfile/1.2.1
2026-05-25T11:33:02.0308538Z #1 6.643  * [new tag]             dockerfile/1.2.1-labs      -> dockerfile/1.2.1-labs
2026-05-25T11:33:02.0309081Z #1 6.643  * [new tag]             dockerfile/1.20.0          -> dockerfile/1.20.0
2026-05-25T11:33:02.0309494Z #1 6.643  * [new tag]             dockerfile/1.20.0-labs     -> dockerfile/1.20.0-labs
2026-05-25T11:33:02.0309915Z #1 6.643  * [new tag]             dockerfile/1.20.0-rc1      -> dockerfile/1.20.0-rc1
2026-05-25T11:33:02.0310348Z #1 6.643  * [new tag]             dockerfile/1.20.0-rc1-labs -> dockerfile/1.20.0-rc1-labs
2026-05-25T11:33:02.0310778Z #1 6.643  * [new tag]             dockerfile/1.21.0          -> dockerfile/1.21.0
2026-05-25T11:33:02.0311188Z #1 6.643  * [new tag]             dockerfile/1.21.0-labs     -> dockerfile/1.21.0-labs
2026-05-25T11:33:02.0311609Z #1 6.643  * [new tag]             dockerfile/1.21.0-rc1      -> dockerfile/1.21.0-rc1
2026-05-25T11:33:02.0312044Z #1 6.643  * [new tag]             dockerfile/1.21.0-rc1-labs -> dockerfile/1.21.0-rc1-labs
2026-05-25T11:33:02.0312587Z #1 6.643  * [new tag]             dockerfile/1.22.0          -> dockerfile/1.22.0
2026-05-25T11:33:02.0313012Z #1 6.643  * [new tag]             dockerfile/1.22.0-labs     -> dockerfile/1.22.0-labs
2026-05-25T11:33:02.0313431Z #1 6.643  * [new tag]             dockerfile/1.22.0-rc1      -> dockerfile/1.22.0-rc1
2026-05-25T11:33:02.0313866Z #1 6.643  * [new tag]             dockerfile/1.22.0-rc1-labs -> dockerfile/1.22.0-rc1-labs
2026-05-25T11:33:02.0314299Z #1 6.643  * [new tag]             dockerfile/1.22.0-rc2      -> dockerfile/1.22.0-rc2
2026-05-25T11:33:02.0314730Z #1 6.643  * [new tag]             dockerfile/1.22.0-rc2-labs -> dockerfile/1.22.0-rc2-labs
2026-05-25T11:33:02.0315284Z #1 6.643  * [new tag]             dockerfile/1.23.0          -> dockerfile/1.23.0
2026-05-25T11:33:02.0315709Z #1 6.643  * [new tag]             dockerfile/1.23.0-labs     -> dockerfile/1.23.0-labs
2026-05-25T11:33:02.0316158Z #1 6.643  * [new tag]             dockerfile/1.23.0-rc1      -> dockerfile/1.23.0-rc1
2026-05-25T11:33:02.0316607Z #1 6.643  * [new tag]             dockerfile/1.23.0-rc1-labs -> dockerfile/1.23.0-rc1-labs
2026-05-25T11:33:02.0317076Z #1 6.643  * [new tag]             dockerfile/1.24.0          -> dockerfile/1.24.0
2026-05-25T11:33:02.0317501Z #1 6.643  * [new tag]             dockerfile/1.24.0-labs     -> dockerfile/1.24.0-labs
2026-05-25T11:33:02.0317928Z #1 6.643  * [new tag]             dockerfile/1.24.0-rc1      -> dockerfile/1.24.0-rc1
2026-05-25T11:33:02.0318368Z #1 6.643  * [new tag]             dockerfile/1.24.0-rc1-labs -> dockerfile/1.24.0-rc1-labs
2026-05-25T11:33:02.0318800Z #1 6.643  * [new tag]             dockerfile/1.3.0           -> dockerfile/1.3.0
2026-05-25T11:33:02.0319215Z #1 6.643  * [new tag]             dockerfile/1.3.0-labs      -> dockerfile/1.3.0-labs
2026-05-25T11:33:02.0319631Z #1 6.643  * [new tag]             dockerfile/1.3.0-rc1       -> dockerfile/1.3.0-rc1
2026-05-25T11:33:02.0320075Z #1 6.643  * [new tag]             dockerfile/1.3.0-rc1-labs  -> dockerfile/1.3.0-rc1-labs
2026-05-25T11:33:02.0320513Z #1 6.643  * [new tag]             dockerfile/1.3.1           -> dockerfile/1.3.1
2026-05-25T11:33:02.0320923Z #1 6.643  * [new tag]             dockerfile/1.3.1-labs      -> dockerfile/1.3.1-labs
2026-05-25T11:33:02.0321323Z #1 6.643  * [new tag]             dockerfile/1.4.0           -> dockerfile/1.4.0
2026-05-25T11:33:02.0321728Z #1 6.643  * [new tag]             dockerfile/1.4.0-labs      -> dockerfile/1.4.0-labs
2026-05-25T11:33:02.0322166Z #1 6.643  * [new tag]             dockerfile/1.4.0-labs-rc1  -> dockerfile/1.4.0-labs-rc1
2026-05-25T11:33:02.0322616Z #1 6.643  * [new tag]             dockerfile/1.4.0-labs-rc2  -> dockerfile/1.4.0-labs-rc2
2026-05-25T11:33:02.0323046Z #1 6.643  * [new tag]             dockerfile/1.4.0-rc1       -> dockerfile/1.4.0-rc1
2026-05-25T11:33:02.0323460Z #1 6.643  * [new tag]             dockerfile/1.4.0-rc2       -> dockerfile/1.4.0-rc2
2026-05-25T11:33:02.0323870Z #1 6.643  * [new tag]             dockerfile/1.4.1           -> dockerfile/1.4.1
2026-05-25T11:33:02.0324402Z #1 6.643  * [new tag]             dockerfile/1.4.1-labs      -> dockerfile/1.4.1-labs
2026-05-25T11:33:02.0324810Z #1 6.643  * [new tag]             dockerfile/1.4.2           -> dockerfile/1.4.2
2026-05-25T11:33:02.0325446Z #1 6.643  * [new tag]             dockerfile/1.4.2-labs      -> dockerfile/1.4.2-labs
2026-05-25T11:33:02.0325929Z #1 6.643  * [new tag]             dockerfile/1.4.3           -> dockerfile/1.4.3
2026-05-25T11:33:02.0326336Z #1 6.643  * [new tag]             dockerfile/1.4.3-labs      -> dockerfile/1.4.3-labs
2026-05-25T11:33:02.0326743Z #1 6.643  * [new tag]             dockerfile/1.5.0           -> dockerfile/1.5.0
2026-05-25T11:33:02.0327149Z #1 6.643  * [new tag]             dockerfile/1.5.0-labs      -> dockerfile/1.5.0-labs
2026-05-25T11:33:02.0327561Z #1 6.643  * [new tag]             dockerfile/1.5.0-rc1       -> dockerfile/1.5.0-rc1
2026-05-25T11:33:02.0328126Z #1 6.643  * [new tag]             dockerfile/1.5.0-rc1-labs  -> dockerfile/1.5.0-rc1-labs
2026-05-25T11:33:02.0328571Z #1 6.643  * [new tag]             dockerfile/1.5.0-rc2       -> dockerfile/1.5.0-rc2
2026-05-25T11:33:02.0329003Z #1 6.643  * [new tag]             dockerfile/1.5.0-rc2-labs  -> dockerfile/1.5.0-rc2-labs
2026-05-25T11:33:02.0329434Z #1 6.643  * [new tag]             dockerfile/1.5.0-rc3       -> dockerfile/1.5.0-rc3
2026-05-25T11:33:02.0329863Z #1 6.643  * [new tag]             dockerfile/1.5.0-rc3-labs  -> dockerfile/1.5.0-rc3-labs
2026-05-25T11:33:02.0330284Z #1 6.643  * [new tag]             dockerfile/1.5.1           -> dockerfile/1.5.1
2026-05-25T11:33:02.0330691Z #1 6.643  * [new tag]             dockerfile/1.5.1-labs      -> dockerfile/1.5.1-labs
2026-05-25T11:33:02.0331100Z #1 6.643  * [new tag]             dockerfile/1.5.2           -> dockerfile/1.5.2
2026-05-25T11:33:02.0331507Z #1 6.643  * [new tag]             dockerfile/1.5.2-labs      -> dockerfile/1.5.2-labs
2026-05-25T11:33:02.0331917Z #1 6.643  * [new tag]             dockerfile/1.6.0           -> dockerfile/1.6.0
2026-05-25T11:33:02.0332326Z #1 6.643  * [new tag]             dockerfile/1.6.0-labs      -> dockerfile/1.6.0-labs
2026-05-25T11:33:02.0332743Z #1 6.643  * [new tag]             dockerfile/1.6.0-rc1       -> dockerfile/1.6.0-rc1
2026-05-25T11:33:02.0333172Z #1 6.643  * [new tag]             dockerfile/1.6.0-rc1-labs  -> dockerfile/1.6.0-rc1-labs
2026-05-25T11:33:02.0333603Z #1 6.643  * [new tag]             dockerfile/1.6.0-rc2       -> dockerfile/1.6.0-rc2
2026-05-25T11:33:02.0334037Z #1 6.643  * [new tag]             dockerfile/1.6.0-rc2-labs  -> dockerfile/1.6.0-rc2-labs
2026-05-25T11:33:02.0334474Z #1 6.643  * [new tag]             dockerfile/1.7.0           -> dockerfile/1.7.0
2026-05-25T11:33:02.0334894Z #1 6.643  * [new tag]             dockerfile/1.7.0-labs      -> dockerfile/1.7.0-labs
2026-05-25T11:33:02.0335509Z #1 6.643  * [new tag]             dockerfile/1.7.0-rc1       -> dockerfile/1.7.0-rc1
2026-05-25T11:33:02.0335958Z #1 6.643  * [new tag]             dockerfile/1.7.0-rc1-labs  -> dockerfile/1.7.0-rc1-labs
2026-05-25T11:33:02.0336400Z #1 6.643  * [new tag]             dockerfile/1.7.1           -> dockerfile/1.7.1
2026-05-25T11:33:02.0336808Z #1 6.643  * [new tag]             dockerfile/1.7.1-labs      -> dockerfile/1.7.1-labs
2026-05-25T11:33:02.0337220Z #1 6.643  * [new tag]             dockerfile/1.8.0           -> dockerfile/1.8.0
2026-05-25T11:33:02.0337630Z #1 6.643  * [new tag]             dockerfile/1.8.0-labs      -> dockerfile/1.8.0-labs
2026-05-25T11:33:02.0338048Z #1 6.643  * [new tag]             dockerfile/1.8.0-rc1       -> dockerfile/1.8.0-rc1
2026-05-25T11:33:02.0338481Z #1 6.643  * [new tag]             dockerfile/1.8.0-rc1-labs  -> dockerfile/1.8.0-rc1-labs
2026-05-25T11:33:02.0338912Z #1 6.643  * [new tag]             dockerfile/1.8.0-rc2       -> dockerfile/1.8.0-rc2
2026-05-25T11:33:02.0339349Z #1 6.643  * [new tag]             dockerfile/1.8.0-rc2-labs  -> dockerfile/1.8.0-rc2-labs
2026-05-25T11:33:02.0339772Z #1 6.643  * [new tag]             dockerfile/1.8.1           -> dockerfile/1.8.1
2026-05-25T11:33:02.0340310Z #1 6.643  * [new tag]             dockerfile/1.8.1-labs      -> dockerfile/1.8.1-labs
2026-05-25T11:33:02.0340721Z #1 6.644  * [new tag]             dockerfile/1.9.0           -> dockerfile/1.9.0
2026-05-25T11:33:02.0341125Z #1 6.644  * [new tag]             dockerfile/1.9.0-labs      -> dockerfile/1.9.0-labs
2026-05-25T11:33:02.0341537Z #1 6.644  * [new tag]             dockerfile/1.9.0-rc1       -> dockerfile/1.9.0-rc1
2026-05-25T11:33:02.0341967Z #1 6.644  * [new tag]             dockerfile/1.9.0-rc1-labs  -> dockerfile/1.9.0-rc1-labs
2026-05-25T11:33:02.0342397Z #1 6.644  * [new tag]             dockerfile/1.9.0-rc2       -> dockerfile/1.9.0-rc2
2026-05-25T11:33:02.0342829Z #1 6.644  * [new tag]             dockerfile/1.9.0-rc2-labs  -> dockerfile/1.9.0-rc2-labs
2026-05-25T11:33:02.0343241Z #1 6.644  * [new tag]             v0.10.0                    -> v0.10.0
2026-05-25T11:33:02.0343721Z #1 6.644  * [new tag]             v0.10.0-rc1                -> v0.10.0-rc1
2026-05-25T11:33:02.0344107Z #1 6.644  * [new tag]             v0.10.0-rc2                -> v0.10.0-rc2
2026-05-25T11:33:02.0344466Z #1 6.644  * [new tag]             v0.10.1                    -> v0.10.1
2026-05-25T11:33:02.0344813Z #1 6.644  * [new tag]             v0.10.2                    -> v0.10.2
2026-05-25T11:33:02.0345278Z #1 6.644  * [new tag]             v0.10.3                    -> v0.10.3
2026-05-25T11:33:02.0345618Z #1 6.644  * [new tag]             v0.10.4                    -> v0.10.4
2026-05-25T11:33:02.0345961Z #1 6.644  * [new tag]             v0.10.5                    -> v0.10.5
2026-05-25T11:33:02.0346301Z #1 6.644  * [new tag]             v0.10.6                    -> v0.10.6
2026-05-25T11:33:02.0346636Z #1 6.644  * [new tag]             v0.11.0                    -> v0.11.0
2026-05-25T11:33:02.0346983Z #1 6.644  * [new tag]             v0.11.0-rc1                -> v0.11.0-rc1
2026-05-25T11:33:02.0347354Z #1 6.644  * [new tag]             v0.11.0-rc2                -> v0.11.0-rc2
2026-05-25T11:33:02.0347719Z #1 6.644  * [new tag]             v0.11.0-rc3                -> v0.11.0-rc3
2026-05-25T11:33:02.0348080Z #1 6.644  * [new tag]             v0.11.0-rc4                -> v0.11.0-rc4
2026-05-25T11:33:02.0348433Z #1 6.644  * [new tag]             v0.11.1                    -> v0.11.1
2026-05-25T11:33:02.0348776Z #1 6.644  * [new tag]             v0.11.2                    -> v0.11.2
2026-05-25T11:33:02.0349117Z #1 6.644  * [new tag]             v0.11.3                    -> v0.11.3
2026-05-25T11:33:02.0349449Z #1 6.644  * [new tag]             v0.11.4                    -> v0.11.4
2026-05-25T11:33:02.0349792Z #1 6.644  * [new tag]             v0.11.5                    -> v0.11.5
2026-05-25T11:33:02.0350130Z #1 6.644  * [new tag]             v0.11.6                    -> v0.11.6
2026-05-25T11:33:02.0350466Z #1 6.644  * [new tag]             v0.12.0                    -> v0.12.0
2026-05-25T11:33:02.0350823Z #1 6.644  * [new tag]             v0.12.0-rc1                -> v0.12.0-rc1
2026-05-25T11:33:02.0351195Z #1 6.644  * [new tag]             v0.12.0-rc2                -> v0.12.0-rc2
2026-05-25T11:33:02.0351548Z #1 6.644  * [new tag]             v0.12.1                    -> v0.12.1
2026-05-25T11:33:02.0351890Z #1 6.644  * [new tag]             v0.12.2                    -> v0.12.2
2026-05-25T11:33:02.0352230Z #1 6.644  * [new tag]             v0.12.3                    -> v0.12.3
2026-05-25T11:33:02.0352565Z #1 6.644  * [new tag]             v0.12.4                    -> v0.12.4
2026-05-25T11:33:02.0352905Z #1 6.644  * [new tag]             v0.12.5                    -> v0.12.5
2026-05-25T11:33:02.0353244Z #1 6.644  * [new tag]             v0.13.0                    -> v0.13.0
2026-05-25T11:33:02.0353603Z #1 6.644  * [new tag]             v0.13.0-beta1              -> v0.13.0-beta1
2026-05-25T11:33:02.0353976Z #1 6.644  * [new tag]             v0.13.0-beta2              -> v0.13.0-beta2
2026-05-25T11:33:02.0354361Z #1 6.644  * [new tag]             v0.13.0-beta3              -> v0.13.0-beta3
2026-05-25T11:33:02.0354863Z #1 6.644  * [new tag]             v0.13.0-rc1                -> v0.13.0-rc1
2026-05-25T11:33:02.0355347Z #1 6.644  * [new tag]             v0.13.0-rc2                -> v0.13.0-rc2
2026-05-25T11:33:02.0355708Z #1 6.644  * [new tag]             v0.13.0-rc3                -> v0.13.0-rc3
2026-05-25T11:33:02.0356062Z #1 6.644  * [new tag]             v0.13.1                    -> v0.13.1
2026-05-25T11:33:02.0356406Z #1 6.644  * [new tag]             v0.13.2                    -> v0.13.2
2026-05-25T11:33:02.0356750Z #1 6.644  * [new tag]             v0.14.0                    -> v0.14.0
2026-05-25T11:33:02.0357102Z #1 6.644  * [new tag]             v0.14.0-rc1                -> v0.14.0-rc1
2026-05-25T11:33:02.0357464Z #1 6.644  * [new tag]             v0.14.0-rc2                -> v0.14.0-rc2
2026-05-25T11:33:02.0357813Z #1 6.644  * [new tag]             v0.14.1                    -> v0.14.1
2026-05-25T11:33:02.0358272Z #1 6.644  * [new tag]             v0.15.0                    -> v0.15.0
2026-05-25T11:33:02.0358626Z #1 6.644  * [new tag]             v0.15.0-rc1                -> v0.15.0-rc1
2026-05-25T11:33:02.0358986Z #1 6.644  * [new tag]             v0.15.0-rc2                -> v0.15.0-rc2
2026-05-25T11:33:02.0359334Z #1 6.644  * [new tag]             v0.15.1                    -> v0.15.1
2026-05-25T11:33:02.0359673Z #1 6.644  * [new tag]             v0.15.2                    -> v0.15.2
2026-05-25T11:33:02.0360008Z #1 6.644  * [new tag]             v0.16.0                    -> v0.16.0
2026-05-25T11:33:02.0360358Z #1 6.644  * [new tag]             v0.16.0-rc1                -> v0.16.0-rc1
2026-05-25T11:33:02.0360719Z #1 6.644  * [new tag]             v0.16.0-rc2                -> v0.16.0-rc2
2026-05-25T11:33:02.0361070Z #1 6.644  * [new tag]             v0.17.0                    -> v0.17.0
2026-05-25T11:33:02.0361419Z #1 6.644  * [new tag]             v0.17.0-rc1                -> v0.17.0-rc1
2026-05-25T11:33:02.0361785Z #1 6.644  * [new tag]             v0.17.0-rc2                -> v0.17.0-rc2
2026-05-25T11:33:02.0362151Z #1 6.644  * [new tag]             v0.17.1                    -> v0.17.1
2026-05-25T11:33:02.0362493Z #1 6.644  * [new tag]             v0.17.2                    -> v0.17.2
2026-05-25T11:33:02.0362832Z #1 6.644  * [new tag]             v0.17.3                    -> v0.17.3
2026-05-25T11:33:02.0363165Z #1 6.644  * [new tag]             v0.18.0                    -> v0.18.0
2026-05-25T11:33:02.0363513Z #1 6.644  * [new tag]             v0.18.0-rc1                -> v0.18.0-rc1
2026-05-25T11:33:02.0363876Z #1 6.644  * [new tag]             v0.18.0-rc2                -> v0.18.0-rc2
2026-05-25T11:33:02.0364229Z #1 6.644  * [new tag]             v0.18.1                    -> v0.18.1
2026-05-25T11:33:02.0364570Z #1 6.644  * [new tag]             v0.18.2                    -> v0.18.2
2026-05-25T11:33:02.0364910Z #1 6.644  * [new tag]             v0.19.0                    -> v0.19.0
2026-05-25T11:33:02.0365518Z #1 6.644  * [new tag]             v0.19.0-rc1                -> v0.19.0-rc1
2026-05-25T11:33:02.0365970Z #1 6.644  * [new tag]             v0.19.0-rc2                -> v0.19.0-rc2
2026-05-25T11:33:02.0366335Z #1 6.644  * [new tag]             v0.19.0-rc3                -> v0.19.0-rc3
2026-05-25T11:33:02.0366687Z #1 6.644  * [new tag]             v0.20.0                    -> v0.20.0
2026-05-25T11:33:02.0367034Z #1 6.644  * [new tag]             v0.20.0-rc1                -> v0.20.0-rc1
2026-05-25T11:33:02.0367392Z #1 6.644  * [new tag]             v0.20.0-rc2                -> v0.20.0-rc2
2026-05-25T11:33:02.0367744Z #1 6.644  * [new tag]             v0.20.0-rc3                -> v0.20.0-rc3
2026-05-25T11:33:02.0368094Z #1 6.644  * [new tag]             v0.20.1                    -> v0.20.1
2026-05-25T11:33:02.0368436Z #1 6.644  * [new tag]             v0.20.2                    -> v0.20.2
2026-05-25T11:33:02.0368781Z #1 6.644  * [new tag]             v0.21.0                    -> v0.21.0
2026-05-25T11:33:02.0369135Z #1 6.644  * [new tag]             v0.21.0-rc1                -> v0.21.0-rc1
2026-05-25T11:33:02.0369721Z #1 6.644  * [new tag]             v0.21.0-rc2                -> v0.21.0-rc2
2026-05-25T11:33:02.0370072Z #1 6.644  * [new tag]             v0.21.1                    -> v0.21.1
2026-05-25T11:33:02.0370415Z #1 6.644  * [new tag]             v0.22.0                    -> v0.22.0
2026-05-25T11:33:02.0370762Z #1 6.644  * [new tag]             v0.22.0-rc1                -> v0.22.0-rc1
2026-05-25T11:33:02.0371122Z #1 6.644  * [new tag]             v0.22.0-rc2                -> v0.22.0-rc2
2026-05-25T11:33:02.0371476Z #1 6.644  * [new tag]             v0.23.0                    -> v0.23.0
2026-05-25T11:33:02.0371825Z #1 6.644  * [new tag]             v0.23.0-rc1                -> v0.23.0-rc1
2026-05-25T11:33:02.0372178Z #1 6.644  * [new tag]             v0.23.0-rc2                -> v0.23.0-rc2
2026-05-25T11:33:02.0372530Z #1 6.644  * [new tag]             v0.23.1                    -> v0.23.1
2026-05-25T11:33:02.0372982Z #1 6.644  * [new tag]             v0.23.2                    -> v0.23.2
2026-05-25T11:33:02.0373336Z #1 6.644  * [new tag]             v0.24.0                    -> v0.24.0
2026-05-25T11:33:02.0373684Z #1 6.644  * [new tag]             v0.24.0-rc1                -> v0.24.0-rc1
2026-05-25T11:33:02.0374085Z #1 6.644  * [new tag]             v0.24.0-rc2                -> v0.24.0-rc2
2026-05-25T11:33:02.0374449Z #1 6.644  * [new tag]             v0.25.0                    -> v0.25.0
2026-05-25T11:33:02.0374802Z #1 6.644  * [new tag]             v0.25.0-rc1                -> v0.25.0-rc1
2026-05-25T11:33:02.0375356Z #1 6.644  * [new tag]             v0.25.1                    -> v0.25.1
2026-05-25T11:33:02.0375708Z #1 6.645  * [new tag]             v0.25.2                    -> v0.25.2
2026-05-25T11:33:02.0376052Z #1 6.645  * [new tag]             v0.26.0                    -> v0.26.0
2026-05-25T11:33:02.0376406Z #1 6.645  * [new tag]             v0.26.0-rc1                -> v0.26.0-rc1
2026-05-25T11:33:02.0376792Z #1 6.645  * [new tag]             v0.26.0-rc2                -> v0.26.0-rc2
2026-05-25T11:33:02.0377157Z #1 6.645  * [new tag]             v0.26.1                    -> v0.26.1
2026-05-25T11:33:02.0377502Z #1 6.645  * [new tag]             v0.26.2                    -> v0.26.2
2026-05-25T11:33:02.0377839Z #1 6.645  * [new tag]             v0.26.3                    -> v0.26.3
2026-05-25T11:33:02.0378176Z #1 6.645  * [new tag]             v0.27.0                    -> v0.27.0
2026-05-25T11:33:02.0378526Z #1 6.645  * [new tag]             v0.27.0-rc1                -> v0.27.0-rc1
2026-05-25T11:33:02.0378891Z #1 6.645  * [new tag]             v0.27.0-rc2                -> v0.27.0-rc2
2026-05-25T11:33:02.0379246Z #1 6.645  * [new tag]             v0.27.1                    -> v0.27.1
2026-05-25T11:33:02.0379603Z #1 6.645  * [new tag]             v0.28.0                    -> v0.28.0
2026-05-25T11:33:02.0379974Z #1 6.645  * [new tag]             v0.28.0-rc1                -> v0.28.0-rc1
2026-05-25T11:33:02.0380343Z #1 6.645  * [new tag]             v0.28.0-rc2                -> v0.28.0-rc2
2026-05-25T11:33:02.0380703Z #1 6.645  * [new tag]             v0.28.1                    -> v0.28.1
2026-05-25T11:33:02.0381044Z #1 6.645  * [new tag]             v0.29.0                    -> v0.29.0
2026-05-25T11:33:02.0381392Z #1 6.645  * [new tag]             v0.29.0-rc1                -> v0.29.0-rc1
2026-05-25T11:33:02.0381747Z #1 6.645  * [new tag]             v0.3.0                     -> v0.3.0
2026-05-25T11:33:02.0382091Z #1 6.645  * [new tag]             v0.3.1                     -> v0.3.1
2026-05-25T11:33:02.0382431Z #1 6.645  * [new tag]             v0.3.2                     -> v0.3.2
2026-05-25T11:33:02.0382768Z #1 6.645  * [new tag]             v0.3.3                     -> v0.3.3
2026-05-25T11:33:02.0383112Z #1 6.645  * [new tag]             v0.30.0                    -> v0.30.0
2026-05-25T11:33:02.0383465Z #1 6.645  * [new tag]             v0.30.0-rc1                -> v0.30.0-rc1
2026-05-25T11:33:02.0383838Z #1 6.645  * [new tag]             v0.30.0-rc2                -> v0.30.0-rc2
2026-05-25T11:33:02.0384321Z #1 6.645  * [new tag]             v0.4.0                     -> v0.4.0
2026-05-25T11:33:02.0384662Z #1 6.645  * [new tag]             v0.5.0                     -> v0.5.0
2026-05-25T11:33:02.0385245Z #1 6.645  * [new tag]             v0.5.1                     -> v0.5.1
2026-05-25T11:33:02.0385687Z #1 6.645  * [new tag]             v0.6.0                     -> v0.6.0
2026-05-25T11:33:02.0386093Z #1 6.645  * [new tag]             v0.6.1                     -> v0.6.1
2026-05-25T11:33:02.0386681Z #1 6.645  * [new tag]             v0.6.2                     -> v0.6.2
2026-05-25T11:33:02.0387158Z #1 6.645  * [new tag]             v0.6.3                     -> v0.6.3
2026-05-25T11:33:02.0387636Z #1 6.645  * [new tag]             v0.6.4                     -> v0.6.4
2026-05-25T11:33:02.0388092Z #1 6.645  * [new tag]             v0.7.0                     -> v0.7.0
2026-05-25T11:33:02.0388683Z #1 6.645  * [new tag]             v0.7.0-rc1                 -> v0.7.0-rc1
2026-05-25T11:33:02.0389247Z #1 6.645  * [new tag]             v0.7.1                     -> v0.7.1
2026-05-25T11:33:02.0389742Z #1 6.645  * [new tag]             v0.7.2                     -> v0.7.2
2026-05-25T11:33:02.0390158Z #1 6.645  * [new tag]             v0.8.0                     -> v0.8.0
2026-05-25T11:33:02.0390650Z #1 6.645  * [new tag]             v0.8.0-rc1                 -> v0.8.0-rc1
2026-05-25T11:33:02.0405816Z #1 6.645  * [new tag]             v0.8.0-rc2                 -> v0.8.0-rc2
2026-05-25T11:33:02.0406760Z #1 6.645  * [new tag]             v0.8.0-rc3                 -> v0.8.0-rc3
2026-05-25T11:33:02.0407388Z #1 6.645  * [new tag]             v0.8.1                     -> v0.8.1
2026-05-25T11:33:02.0407961Z #1 6.645  * [new tag]             v0.8.2                     -> v0.8.2
2026-05-25T11:33:02.0408503Z #1 6.645  * [new tag]             v0.8.3                     -> v0.8.3
2026-05-25T11:33:02.0409069Z #1 6.645  * [new tag]             v0.9.0                     -> v0.9.0
2026-05-25T11:33:02.0409634Z #1 6.645  * [new tag]             v0.9.0-rc1                 -> v0.9.0-rc1
2026-05-25T11:33:02.0410214Z #1 6.645  * [new tag]             v0.9.0-rc2                 -> v0.9.0-rc2
2026-05-25T11:33:02.0410612Z #1 6.645  * [new tag]             v0.9.1                     -> v0.9.1
2026-05-25T11:33:02.0410981Z #1 6.645  * [new tag]             v0.9.2                     -> v0.9.2
2026-05-25T11:33:02.0411335Z #1 6.645  * [new tag]             v0.9.3                     -> v0.9.3
2026-05-25T11:33:02.0411689Z #1 6.677 d6b444d4e18204d7f7e6fac28037ab1e28666d1b
2026-05-25T11:33:02.7315383Z #1 DONE 7.5s
2026-05-25T11:33:02.7639919Z {
2026-05-25T11:33:02.7640437Z   "group": {
2026-05-25T11:33:02.7640822Z     "default": {
2026-05-25T11:33:02.7641082Z       "targets": [
2026-05-25T11:33:02.7641415Z         "integration-tests"
2026-05-25T11:33:02.7641842Z       ]
2026-05-25T11:33:02.7642146Z     }
2026-05-25T11:33:02.7642430Z   },
2026-05-25T11:33:02.7642717Z   "target": {
2026-05-25T11:33:02.7643018Z     "integration-tests": {
2026-05-25T11:33:02.7643791Z       "context": "https://github.com/moby/buildkit.git#d6b444d4e18204d7f7e6fac28037ab1e28666d1b",
2026-05-25T11:33:02.7644632Z       "dockerfile": "Dockerfile",
2026-05-25T11:33:02.7645267Z       "args": {
2026-05-25T11:33:02.7645615Z         "BUILDKITD_TAGS": "",
2026-05-25T11:33:02.7646127Z         "BUILDKIT_CONTEXT_KEEP_GIT_DIR": "1",
2026-05-25T11:33:02.7646629Z         "GOBUILDFLAGS": "-cover",
2026-05-25T11:33:02.7647047Z         "GO_VERSION": "1.26"
2026-05-25T11:33:02.7647409Z       },
2026-05-25T11:33:02.7647712Z       "cache-from": [
2026-05-25T11:33:02.7648055Z         {
2026-05-25T11:33:02.7648419Z           "scope": "build-integration-tests",
2026-05-25T11:33:02.7648965Z           "type": "gha"
2026-05-25T11:33:02.7649390Z         }
2026-05-25T11:33:02.7649702Z       ],
2026-05-25T11:33:02.7650030Z       "target": "integration-tests",
2026-05-25T11:33:02.7650469Z       "output": [
2026-05-25T11:33:02.7650819Z         {
2026-05-25T11:33:02.7651737Z           "name": "buildkit-tests",
2026-05-25T11:33:02.7652163Z           "type": "docker"
2026-05-25T11:33:02.7652483Z         }
2026-05-25T11:33:02.7652658Z       ]
2026-05-25T11:33:02.7652936Z     }
2026-05-25T11:33:02.7653226Z   }
2026-05-25T11:33:02.7653507Z }
2026-05-25T11:33:02.7688863Z ##[endgroup]
2026-05-25T11:33:02.9071163Z ##[group]Bake definition
2026-05-25T11:33:02.9086964Z [command]/usr/bin/docker buildx bake https://github.com/moby/buildkit.git#d6b444d4e18204d7f7e6fac28037ab1e28666d1b --allow fs=* --set *.cache-from=type=gha,scope=build-integration-tests --metadata-file /home/runner/work/_temp/docker-actions-toolkit-p51cjn/bake-metadata-9da69f74a7.json integration-tests --print
2026-05-25T11:33:03.0067459Z #0 building with "builder-b1a4b324-6a7f-4375-bf13-35cad6edf1c4" instance using docker-container driver
2026-05-25T11:33:03.0068252Z 
2026-05-25T11:33:03.0069197Z #1 [internal] load git source https://github.com/moby/buildkit.git#d6b444d4e18204d7f7e6fac28037ab1e28666d1b
2026-05-25T11:33:03.0070055Z #1 CACHED
2026-05-25T11:33:03.0070600Z {
2026-05-25T11:33:03.0070899Z   "group": {
2026-05-25T11:33:03.0071231Z     "default": {
2026-05-25T11:33:03.0071856Z       "targets": [
2026-05-25T11:33:03.0072194Z         "integration-tests"
2026-05-25T11:33:03.0072585Z       ]
2026-05-25T11:33:03.0072861Z     }
2026-05-25T11:33:03.0073137Z   },
2026-05-25T11:33:03.0073649Z   "target": {
2026-05-25T11:33:03.0073988Z     "integration-tests": {
2026-05-25T11:33:03.0075067Z       "context": "https://github.com/moby/buildkit.git#d6b444d4e18204d7f7e6fac28037ab1e28666d1b",
2026-05-25T11:33:03.0076289Z       "dockerfile": "Dockerfile",
2026-05-25T11:33:03.0077141Z       "args": {
2026-05-25T11:33:03.0077520Z         "BUILDKITD_TAGS": "",
2026-05-25T11:33:03.0077847Z         "BUILDKIT_CONTEXT_KEEP_GIT_DIR": "1",
2026-05-25T11:33:03.0078332Z         "GOBUILDFLAGS": "-cover",
2026-05-25T11:33:03.0078785Z         "GO_VERSION": "1.26"
2026-05-25T11:33:03.0079489Z       },
2026-05-25T11:33:03.0079783Z       "cache-from": [
2026-05-25T11:33:03.0080590Z         {
2026-05-25T11:33:03.0080919Z           "scope": "build-integration-tests",
2026-05-25T11:33:03.0081708Z           "type": "gha"
2026-05-25T11:33:03.0082056Z         }
2026-05-25T11:33:03.0082778Z       ],
2026-05-25T11:33:03.0083108Z       "target": "integration-tests",
2026-05-25T11:33:03.0083538Z       "output": [
2026-05-25T11:33:03.0083842Z         {
2026-05-25T11:33:03.0084134Z           "name": "buildkit-tests",
2026-05-25T11:33:03.0084522Z           "type": "docker"
2026-05-25T11:33:03.0084858Z         }
2026-05-25T11:33:03.0085371Z       ]
2026-05-25T11:33:03.0085908Z     }
2026-05-25T11:33:03.0086234Z   }
2026-05-25T11:33:03.0086477Z }
2026-05-25T11:33:03.0113258Z ##[endgroup]
2026-05-25T11:33:03.0131001Z [command]/usr/bin/docker buildx bake https://github.com/moby/buildkit.git#d6b444d4e18204d7f7e6fac28037ab1e28666d1b --allow fs=* --set *.cache-from=type=gha,scope=build-integration-tests --metadata-file /home/runner/work/_temp/docker-actions-toolkit-p51cjn/bake-metadata-9da69f74a7.json integration-tests
2026-05-25T11:33:03.3002967Z #0 building with "builder-b1a4b324-6a7f-4375-bf13-35cad6edf1c4" instance using docker-container driver
2026-05-25T11:33:03.3004017Z 
2026-05-25T11:33:03.3004900Z #1 [internal] load git source https://github.com/moby/buildkit.git#d6b444d4e18204d7f7e6fac28037ab1e28666d1b
2026-05-25T11:33:03.3006030Z #1 CACHED
2026-05-25T11:33:03.3006210Z 
2026-05-25T11:33:03.3006777Z #2 [internal] load git source https://github.com/moby/buildkit.git#d6b444d4e18204d7f7e6fac28037ab1e28666d1b
2026-05-25T11:33:03.3008014Z #2 0.010 Initialized empty Git repository in /var/lib/buildkit/runc-overlayfs/snapshots/snapshots/3/fs/.git/
2026-05-25T11:33:03.3008941Z #2 0.013 commit
2026-05-25T11:33:04.9667436Z #2 1.830 From file:///var/lib/buildkit/runc-overlayfs/snapshots/snapshots/1/fs
2026-05-25T11:33:04.9668680Z #2 1.830  * branch            refs/buildkit/pi2sfwyg0vkexfxk0sbdf7ii1 -> FETCH_HEAD
2026-05-25T11:33:05.7974855Z #2 2.661 Note: switching to 'FETCH_HEAD'.
2026-05-25T11:33:05.7976331Z #2 2.661 
2026-05-25T11:33:05.7977448Z #2 2.661 You are in 'detached HEAD' state. You can look around, make experimental
2026-05-25T11:33:05.7978880Z #2 2.661 changes and commit them, and you can discard any commits you make in this
2026-05-25T11:33:05.7979924Z #2 2.661 state without impacting any branches by switching back to a branch.
2026-05-25T11:33:05.7980645Z #2 2.661 
2026-05-25T11:33:05.7981037Z #2 2.661 If you want to create a new branch to retain commits you create, you may
2026-05-25T11:33:05.7981668Z #2 2.661 do so (now or later) by using -c with the switch command. Example:
2026-05-25T11:33:05.7982135Z #2 2.661 
2026-05-25T11:33:05.7982388Z #2 2.661   git switch -c <new-branch-name>
2026-05-25T11:33:05.7982720Z #2 2.661 
2026-05-25T11:33:05.7982952Z #2 2.661 Or undo this operation with:
2026-05-25T11:33:05.7983269Z #2 2.661 
2026-05-25T11:33:05.7983489Z #2 2.661   git switch -
2026-05-25T11:33:05.7983746Z #2 2.661 
2026-05-25T11:33:05.7984380Z #2 2.661 Turn off this advice by setting config variable advice.detachedHead to false
2026-05-25T11:33:05.7984907Z #2 2.661 
2026-05-25T11:33:05.7985562Z #2 2.661 HEAD is now at d6b444d Merge pull request #6779 from jsternberg/runc-kill-delay
2026-05-25T11:33:05.9749661Z #2 DONE 2.7s
2026-05-25T11:33:05.9749839Z 
2026-05-25T11:33:05.9750143Z #3 resolve image config for docker-image://docker.io/docker/dockerfile-upstream:master
2026-05-25T11:33:06.2012260Z #3 ...
2026-05-25T11:33:06.2012541Z 
2026-05-25T11:33:06.2012989Z #4 [auth] docker/dockerfile-upstream:pull token for registry-1.docker.io
2026-05-25T11:33:06.2013710Z #4 DONE 0.0s
2026-05-25T11:33:06.3506426Z 
2026-05-25T11:33:06.3507059Z #3 resolve image config for docker-image://docker.io/docker/dockerfile-upstream:master
2026-05-25T11:33:06.8260268Z #3 DONE 1.0s
2026-05-25T11:33:06.9877573Z 
2026-05-25T11:33:06.9878742Z #5 docker-image://docker.io/docker/dockerfile-upstream:master@sha256:ab2acc61258a5d096ac5ac4ab5a3d556578f848f23f3a0b4f25716be2e10c9fd
2026-05-25T11:33:06.9879897Z #5 resolve docker.io/docker/dockerfile-upstream:master@sha256:ab2acc61258a5d096ac5ac4ab5a3d556578f848f23f3a0b4f25716be2e10c9fd done
2026-05-25T11:33:06.9908927Z #5 sha256:038e0e084321bed14ae1d8adc3fcab396ccfaad38f3de75de7ef5bd55d704808 14.37MB / 14.37MB 0.2s done
2026-05-25T11:33:07.1049131Z #5 extracting sha256:038e0e084321bed14ae1d8adc3fcab396ccfaad38f3de75de7ef5bd55d704808 0.1s done
2026-05-25T11:33:07.1049705Z #5 DONE 0.3s
2026-05-25T11:33:07.2437533Z 
2026-05-25T11:33:07.2438284Z #6 [auth] library/golang:pull token for registry-1.docker.io
2026-05-25T11:33:07.3784748Z #6 DONE 0.0s
2026-05-25T11:33:07.3784977Z 
2026-05-25T11:33:07.3785446Z #7 [auth] moby/moby-bin:pull token for registry-1.docker.io
2026-05-25T11:33:07.3785818Z #7 DONE 0.0s
2026-05-25T11:33:07.3785932Z 
2026-05-25T11:33:07.3786103Z #8 [auth] dockereng/cli-bin:pull token for registry-1.docker.io
2026-05-25T11:33:07.5417209Z #8 DONE 0.0s
2026-05-25T11:33:07.5417397Z 
2026-05-25T11:33:07.5417644Z #9 [auth] tonistiigi/binfmt:pull token for registry-1.docker.io
2026-05-25T11:33:07.5418063Z #9 DONE 0.0s
2026-05-25T11:33:07.5418197Z 
2026-05-25T11:33:07.5418378Z #10 [auth] library/alpine:pull token for registry-1.docker.io
2026-05-25T11:33:07.5418916Z #10 DONE 0.0s
2026-05-25T11:33:07.5419150Z 
2026-05-25T11:33:07.5419416Z #11 [auth] docker/buildx-bin:pull token for registry-1.docker.io
2026-05-25T11:33:07.5419829Z #11 DONE 0.0s
2026-05-25T11:33:07.5419958Z 
2026-05-25T11:33:07.5420143Z #12 [auth] tonistiigi/xx:pull token for registry-1.docker.io
2026-05-25T11:33:07.5420517Z #12 DONE 0.0s
2026-05-25T11:33:07.5420644Z 
2026-05-25T11:33:07.5421230Z #13 [internal] load metadata for docker.io/tonistiigi/binfmt:buildkit-v10.2.1-64@sha256:4cf4c0ad4919b18996362536883de02420c1010654d3c2a2b63e9b72600fa3a9
2026-05-25T11:33:07.8506271Z #13 ...
2026-05-25T11:33:07.8506520Z 
2026-05-25T11:33:07.8506920Z #14 [internal] load metadata for quay.io/minio/minio:RELEASE.2025-09-07T16-13-09Z
2026-05-25T11:33:07.8507818Z #14 DONE 0.7s
2026-05-25T11:33:07.9682134Z 
2026-05-25T11:33:07.9683195Z #15 [internal] load metadata for quay.io/minio/mc:RELEASE.2025-08-13T08-35-41Z
2026-05-25T11:33:07.9684398Z #15 DONE 0.7s
2026-05-25T11:33:07.9684648Z 
2026-05-25T11:33:07.9684967Z #16 [internal] load metadata for docker.io/library/golang:1.26-alpine3.23
2026-05-25T11:33:07.9685838Z #16 DONE 0.7s
2026-05-25T11:33:07.9686007Z 
2026-05-25T11:33:07.9686212Z #17 [internal] load metadata for docker.io/moby/moby-bin:29.4
2026-05-25T11:33:07.9686623Z #17 DONE 0.8s
2026-05-25T11:33:07.9686754Z 
2026-05-25T11:33:07.9686961Z #18 [internal] load metadata for docker.io/dockereng/cli-bin:29.4
2026-05-25T11:33:08.2106291Z #18 DONE 0.9s
2026-05-25T11:33:08.2106544Z 
2026-05-25T11:33:08.2107216Z #13 [internal] load metadata for docker.io/tonistiigi/binfmt:buildkit-v10.2.1-64@sha256:4cf4c0ad4919b18996362536883de02420c1010654d3c2a2b63e9b72600fa3a9
2026-05-25T11:33:08.2108014Z #13 DONE 0.8s
2026-05-25T11:33:08.2108147Z 
2026-05-25T11:33:08.2108605Z #19 [internal] load metadata for docker.io/library/alpine:3.23
2026-05-25T11:33:08.2109009Z #19 DONE 0.9s
2026-05-25T11:33:08.2109130Z 
2026-05-25T11:33:08.2109313Z #20 [internal] load metadata for docker.io/tonistiigi/xx:1.9.0
2026-05-25T11:33:08.2109685Z #20 DONE 1.0s
2026-05-25T11:33:08.2109809Z 
2026-05-25T11:33:08.2110007Z #21 [internal] load metadata for docker.io/docker/buildx-bin:0.34.0
2026-05-25T11:33:08.3817577Z #21 DONE 1.1s
2026-05-25T11:33:08.4900303Z 
2026-05-25T11:33:08.4901432Z #22 importing cache manifest from gha:8494862732485879895
2026-05-25T11:33:08.7143772Z #22 ...
2026-05-25T11:33:08.7144008Z 
2026-05-25T11:33:08.7144196Z #23 [internal] preparing inline document
2026-05-25T11:33:08.7144665Z #23 DONE 0.0s
2026-05-25T11:33:08.7144856Z 
2026-05-25T11:33:08.7145257Z #24 [internal] preparing inline document
2026-05-25T11:33:08.7145714Z #24 DONE 0.0s
2026-05-25T11:33:08.7145897Z 
2026-05-25T11:33:08.7146635Z #25 [docker-buildx 1/1] FROM docker.io/docker/buildx-bin:0.34.0@sha256:1023c4a1ac77cee49520b620e1fa29d78be4ee3660bffd1a23b8a35f4e9ca417
2026-05-25T11:33:08.7148148Z #25 resolve docker.io/docker/buildx-bin:0.34.0@sha256:1023c4a1ac77cee49520b620e1fa29d78be4ee3660bffd1a23b8a35f4e9ca417 0.0s done
2026-05-25T11:33:08.7149105Z #25 DONE 0.0s
2026-05-25T11:33:08.7149285Z 
2026-05-25T11:33:08.7149934Z #26 [docker-cli 1/1] FROM docker.io/dockereng/cli-bin:29.4@sha256:84eb7d2d5c598c46dcd5a5d765ffe954a9b4138ce570016e241fd2c70030c2cb
2026-05-25T11:33:08.7150857Z #26 resolve docker.io/dockereng/cli-bin:29.4@sha256:84eb7d2d5c598c46dcd5a5d765ffe954a9b4138ce570016e241fd2c70030c2cb 0.0s done
2026-05-25T11:33:08.7151424Z #26 DONE 0.1s
2026-05-25T11:33:08.7151533Z 
2026-05-25T11:33:08.7152017Z #27 [minio 1/1] FROM quay.io/minio/minio:RELEASE.2025-09-07T16-13-09Z@sha256:14cea493d9a34af32f524e538b8346cf79f3321eff8e708c1e2960462bd8936e
2026-05-25T11:33:08.7153644Z #27 resolve quay.io/minio/minio:RELEASE.2025-09-07T16-13-09Z@sha256:14cea493d9a34af32f524e538b8346cf79f3321eff8e708c1e2960462bd8936e 0.0s done
2026-05-25T11:33:08.7154389Z #27 DONE 0.1s
2026-05-25T11:33:08.7154514Z 
2026-05-25T11:33:08.7155343Z #28 [golatest 1/1] FROM docker.io/library/golang:1.26-alpine3.23@sha256:91eda9776261207ea25fd06b5b7fed8d397dd2c0a283e77f2ab6e91bfa71079d
2026-05-25T11:33:08.7156267Z #28 resolve docker.io/library/golang:1.26-alpine3.23@sha256:91eda9776261207ea25fd06b5b7fed8d397dd2c0a283e77f2ab6e91bfa71079d 0.0s done
2026-05-25T11:33:08.7156836Z #28 DONE 0.1s
2026-05-25T11:33:08.7156942Z 
2026-05-25T11:33:08.7157375Z #29 [minio-mc 1/1] FROM quay.io/minio/mc:RELEASE.2025-08-13T08-35-41Z@sha256:a7fe349ef4bd8521fb8497f55c6042871b2ae640607cf99d9bede5e9bdf11727
2026-05-25T11:33:08.7158289Z #29 resolve quay.io/minio/mc:RELEASE.2025-08-13T08-35-41Z@sha256:a7fe349ef4bd8521fb8497f55c6042871b2ae640607cf99d9bede5e9bdf11727 0.0s done
2026-05-25T11:33:08.7158857Z #29 DONE 0.1s
2026-05-25T11:33:08.7158982Z 
2026-05-25T11:33:08.7159333Z #30 [xx 1/1] FROM docker.io/tonistiigi/xx:1.9.0@sha256:c64defb9ed5a91eacb37f96ccc3d4cd72521c4bd18d5442905b95e2226b0e707
2026-05-25T11:33:08.7160115Z #30 resolve docker.io/tonistiigi/xx:1.9.0@sha256:c64defb9ed5a91eacb37f96ccc3d4cd72521c4bd18d5442905b95e2226b0e707 0.0s done
2026-05-25T11:33:08.7161015Z #30 DONE 0.1s
2026-05-25T11:33:08.7161123Z 
2026-05-25T11:33:08.7161487Z #31 FROM docker.io/tonistiigi/binfmt:buildkit-v10.2.1-64@sha256:4cf4c0ad4919b18996362536883de02420c1010654d3c2a2b63e9b72600fa3a9
2026-05-25T11:33:08.7162346Z #31 resolve docker.io/tonistiigi/binfmt:buildkit-v10.2.1-64@sha256:4cf4c0ad4919b18996362536883de02420c1010654d3c2a2b63e9b72600fa3a9 0.0s done
2026-05-25T11:33:08.7162928Z #31 DONE 0.1s
2026-05-25T11:33:08.7163032Z 
2026-05-25T11:33:08.7163404Z #32 [binfmt-filter 1/4] FROM docker.io/library/alpine:3.23@sha256:5b10f432ef3da1b8d4c7eb6c487f2f5a8f096bc91145e68878dd4a5019afde11
2026-05-25T11:33:08.7164235Z #32 resolve docker.io/library/alpine:3.23@sha256:5b10f432ef3da1b8d4c7eb6c487f2f5a8f096bc91145e68878dd4a5019afde11 0.0s done
2026-05-25T11:33:08.7164754Z #32 DONE 0.1s
2026-05-25T11:33:08.7164858Z 
2026-05-25T11:33:08.7165532Z #33 [docker-engine 1/1] FROM docker.io/moby/moby-bin:29.4@sha256:f4a78f950acd6e870ae5de5ae89ff68972a96699fff72a91bb3526a07227d740
2026-05-25T11:33:08.7166361Z #33 resolve docker.io/moby/moby-bin:29.4@sha256:f4a78f950acd6e870ae5de5ae89ff68972a96699fff72a91bb3526a07227d740 0.0s done
2026-05-25T11:33:08.7166870Z #33 DONE 0.1s
2026-05-25T11:33:08.8559790Z 
2026-05-25T11:33:08.8563267Z #34 [dnsname 2/3] ADD --keep-git-dir=true https://github.com/containers/dnsname.git#v1.3.1 .
2026-05-25T11:33:08.8565339Z #34 0.359 512aea91bf1095fbcad0abceec38798df5c40c14	refs/tags/v1.3.1
2026-05-25T11:33:09.0334580Z #34 0.364 18822f9a4fb35d1349eb256f4cd2bfd372474d84	refs/tags/v1.3.1^{}
2026-05-25T11:33:09.0337437Z #34 DONE 0.4s
2026-05-25T11:33:09.0337854Z 
2026-05-25T11:33:09.0338731Z #35 [rootlesskit 2/3] ADD --keep-git-dir=true https://github.com/rootless-containers/rootlesskit.git#v3.0.0 .
2026-05-25T11:33:09.0339705Z #35 0.432 4058db2928d13f4db5c02341e8bc321cd7c7fc25	refs/tags/v3.0.0
2026-05-25T11:33:09.0340431Z #35 0.436 01885f675def8cf9202791b7e3517cdad52bf837	refs/tags/v3.0.0^{}
2026-05-25T11:33:09.0340863Z #35 DONE 0.4s
2026-05-25T11:33:09.0341007Z 
2026-05-25T11:33:09.0341473Z #36 [registry 2/3] ADD --keep-git-dir=true https://github.com/distribution/distribution.git#v2.8.3 .
2026-05-25T11:33:09.0342156Z #36 0.441 df5f20f2e92e343f314c8f0192fff6de159f71a3	refs/tags/v2.8.3
2026-05-25T11:33:09.0342912Z #36 0.447 4772604ae973031ab32dd9805a4bccf61d94909f	refs/tags/v2.8.3^{}
2026-05-25T11:33:09.0343330Z #36 DONE 0.4s
2026-05-25T11:33:09.0343472Z 
2026-05-25T11:33:09.0343945Z #37 [runc 2/4] ADD --keep-git-dir=true https://github.com/opencontainers/runc.git#v1.3.5 .
2026-05-25T11:33:09.0344673Z #37 0.535 4db10680b270dfd505651cdfe21f412ff029c037	refs/tags/v1.3.5
2026-05-25T11:33:09.1462912Z #37 0.540 488fc13e1f2d3d73ec36d829fdf2c98e47dc5ae8	refs/tags/v1.3.5^{}
2026-05-25T11:33:09.1465205Z #37 DONE 0.5s
2026-05-25T11:33:09.1466300Z 
2026-05-25T11:33:09.1467685Z #38 [stargz-snapshotter 2/3] ADD --keep-git-dir=true https://github.com/containerd/stargz-snapshotter.git#v0.18.2 .
2026-05-25T11:33:09.1469231Z #38 0.558 3070538befb5a6c09f93e99164762b3a76310357	refs/tags/cmd/v0.18.2
2026-05-25T11:33:09.1470058Z #38 0.562 3070538befb5a6c09f93e99164762b3a76310357	refs/tags/estargz/v0.18.2
2026-05-25T11:33:09.1470900Z #38 0.562 3070538befb5a6c09f93e99164762b3a76310357	refs/tags/ipfs/v0.18.2
2026-05-25T11:33:09.1471742Z #38 0.562 3070538befb5a6c09f93e99164762b3a76310357	refs/tags/v0.18.2
2026-05-25T11:33:09.1472384Z #38 DONE 0.6s
2026-05-25T11:33:09.1472596Z 
2026-05-25T11:33:09.1472838Z #22 importing cache manifest from gha:8494862732485879895
2026-05-25T11:33:09.1473390Z #22 DONE 0.7s
2026-05-25T11:33:09.1473598Z 
2026-05-25T11:33:09.1474181Z #39 [containerd-alt-21 2/3] ADD --keep-git-dir=true https://github.com/containerd/containerd.git#v2.1.7 .
2026-05-25T11:33:09.2666753Z #39 ...
2026-05-25T11:33:09.2667201Z 
2026-05-25T11:33:09.2668199Z #28 [golatest 1/1] FROM docker.io/library/golang:1.26-alpine3.23@sha256:91eda9776261207ea25fd06b5b7fed8d397dd2c0a283e77f2ab6e91bfa71079d
2026-05-25T11:33:09.2669737Z #28 DONE 0.1s
2026-05-25T11:33:09.2669925Z 
2026-05-25T11:33:09.2670188Z #40 [gobuild-base 2/2] COPY --link --from=xx / /
2026-05-25T11:33:09.2670742Z #40 CACHED
2026-05-25T11:33:09.2670927Z 
2026-05-25T11:33:09.2671363Z #41 [gobuild-base 1/2] RUN apk add --no-cache file bash clang lld musl-dev pkgconfig git make
2026-05-25T11:33:09.2672130Z #41 CACHED
2026-05-25T11:33:09.2672325Z 
2026-05-25T11:33:09.2672890Z #42 [containerd-alt-17 2/3] ADD --keep-git-dir=true https://github.com/containerd/containerd.git#v1.7.31 .
2026-05-25T11:33:09.2673832Z #42 0.716 fae9a13a6373263dc7c0d86a3efab7c643f620aa	refs/tags/v1.7.31
2026-05-25T11:33:09.2674598Z #42 0.723 96caa5dff04a9f1c0f6f0938feae22b6ca7eb0be	refs/tags/v1.7.31^{}
2026-05-25T11:33:09.2675330Z #42 DONE 0.7s
2026-05-25T11:33:09.4948074Z 
2026-05-25T11:33:09.4949003Z #30 [xx 1/1] FROM docker.io/tonistiigi/xx:1.9.0@sha256:c64defb9ed5a91eacb37f96ccc3d4cd72521c4bd18d5442905b95e2226b0e707
2026-05-25T11:33:09.4950366Z #30 sha256:ff62ee5b594035d8ad03d05aadc05e2a73f7e0e11bf2574dc5473677a60e22b4 17.70kB / 17.70kB 0.1s done
2026-05-25T11:33:09.4951299Z #30 extracting sha256:ff62ee5b594035d8ad03d05aadc05e2a73f7e0e11bf2574dc5473677a60e22b4 done
2026-05-25T11:33:09.4951885Z #30 DONE 0.2s
2026-05-25T11:33:09.4952024Z 
2026-05-25T11:33:09.4952147Z #43 [buildkit-base 1/1] WORKDIR /src
2026-05-25T11:33:09.4971522Z #43 sha256:9b392406201980b872801103f8cc06366025371422ec9c5ab0451333e461e7e2 0B / 93B 0.2s
2026-05-25T11:33:09.6283353Z #43 sha256:9b392406201980b872801103f8cc06366025371422ec9c5ab0451333e461e7e2 93B / 93B 0.3s done
2026-05-25T11:33:09.6284931Z #43 sha256:9884a46a2932a1cd2c3c1d82e777e8c8d465e1b4876ecd50e3c84d978159ffb2 0B / 196.78MB 0.2s
2026-05-25T11:33:09.6286738Z #43 sha256:4f4fb700ef54461cfa02571ae0db9a0dc1e0cdb5577484a6d75e68dc38e8acc1 0B / 32B 0.2s
2026-05-25T11:33:09.6287978Z #43 sha256:1512b43389a873b0519ae3d6c1a3c4d9b19295b8e3330b040d95d73c50ba2f9e 0B / 124B 0.2s
2026-05-25T11:33:09.7789695Z #43 ...
2026-05-25T11:33:09.7789928Z 
2026-05-25T11:33:09.7790482Z #44 [containerd 2/3] ADD --keep-git-dir=true https://github.com/containerd/containerd.git#v2.2.3 .
2026-05-25T11:33:09.7791532Z #44 1.214 0c020f0ae8dc3496422d90784b8c58aa91abe09e	refs/tags/v2.2.3
2026-05-25T11:33:09.7792177Z #44 1.220 77c84241c7cbdd9b4eca2591793e3d4f4317c590	refs/tags/v2.2.3^{}
2026-05-25T11:33:09.7792666Z #44 DONE 1.2s
2026-05-25T11:33:09.7792816Z 
2026-05-25T11:33:09.7792950Z #43 [buildkit-base 1/1] WORKDIR /src
2026-05-25T11:33:09.7793606Z #43 sha256:4f4fb700ef54461cfa02571ae0db9a0dc1e0cdb5577484a6d75e68dc38e8acc1 32B / 32B 0.3s done
2026-05-25T11:33:09.7794566Z #43 sha256:1512b43389a873b0519ae3d6c1a3c4d9b19295b8e3330b040d95d73c50ba2f9e 124B / 124B 0.3s done
2026-05-25T11:33:09.7795708Z #43 sha256:1a70bdedd442d430ea119cf8db8c0031b4eedeb5bde886892773876ded7629e8 0B / 67.29MB 0.2s
2026-05-25T11:33:09.9295056Z #43 sha256:17423c887b377ec28c3923bc88337384a7a0c1f2b50b7faf4912760e8d503ebb 0B / 290.24kB 0.2s
2026-05-25T11:33:09.9296474Z #43 sha256:6a0ac1617861a677b045b7ff88545213ec31c0ff08763195a70a4a5adda577bb 0B / 3.86MB 0.2s
2026-05-25T11:33:10.0797617Z #43 sha256:17423c887b377ec28c3923bc88337384a7a0c1f2b50b7faf4912760e8d503ebb 290.24kB / 290.24kB 0.3s done
2026-05-25T11:33:10.3536040Z #43 ...
2026-05-25T11:33:10.3536673Z 
2026-05-25T11:33:10.3537364Z #39 [containerd-alt-21 2/3] ADD --keep-git-dir=true https://github.com/containerd/containerd.git#v2.1.7 .
2026-05-25T11:33:10.3538534Z #39 1.710 9ee78df23ed99a919539c88c7d40d05c8384b00f	refs/tags/v2.1.7
2026-05-25T11:33:10.3539302Z #39 1.720 07ad9c703cb4a2adc322998afbe6e33c4f8790f7	refs/tags/v2.1.7^{}
2026-05-25T11:33:10.3540244Z #39 DONE 1.7s
2026-05-25T11:33:10.3540452Z 
2026-05-25T11:33:10.3540997Z #43 [buildkit-base 1/1] WORKDIR /src
2026-05-25T11:33:10.5291165Z #43 ...
2026-05-25T11:33:10.5291481Z 
2026-05-25T11:33:10.5292499Z #34 [dnsname 2/3] ADD --keep-git-dir=true https://github.com/containers/dnsname.git#v1.3.1 .
2026-05-25T11:33:10.5294594Z #34 0.010 Initialized empty Git repository in /var/lib/buildkit/runc-overlayfs/snapshots/snapshots/6/fs/
2026-05-25T11:33:10.5297507Z #34 0.925 From https://github.com/containers/dnsname
2026-05-25T11:33:10.5298035Z #34 0.925  * [new tag]         v1.3.1     -> v1.3.1
2026-05-25T11:33:10.5298756Z #34 0.928 512aea91bf1095fbcad0abceec38798df5c40c14
2026-05-25T11:33:10.5299594Z #34 0.934 Initialized empty Git repository in /var/lib/buildkit/runc-overlayfs/snapshots/snapshots/9/fs/.git/
2026-05-25T11:33:10.5300319Z #34 0.938 tag
2026-05-25T11:33:10.5300768Z #34 1.077 From file:///var/lib/buildkit/runc-overlayfs/snapshots/snapshots/6/fs
2026-05-25T11:33:10.5301461Z #34 1.077  * [new tag]         v1.3.1     -> v1.3.1
2026-05-25T11:33:10.5301917Z #34 1.197 Note: switching to 'FETCH_HEAD'.
2026-05-25T11:33:10.5302288Z #34 1.197 
2026-05-25T11:33:10.5302733Z #34 1.197 You are in 'detached HEAD' state. You can look around, make experimental
2026-05-25T11:33:10.5303728Z #34 1.197 changes and commit them, and you can discard any commits you make in this
2026-05-25T11:33:10.5304572Z #34 1.197 state without impacting any branches by switching back to a branch.
2026-05-25T11:33:10.5305448Z #34 1.197 
2026-05-25T11:33:10.5305950Z #34 1.197 If you want to create a new branch to retain commits you create, you may
2026-05-25T11:33:10.5306739Z #34 1.197 do so (now or later) by using -c with the switch command. Example:
2026-05-25T11:33:10.5307315Z #34 1.197 
2026-05-25T11:33:10.5307630Z #34 1.197   git switch -c <new-branch-name>
2026-05-25T11:33:10.5308062Z #34 1.197 
2026-05-25T11:33:10.5308370Z #34 1.197 Or undo this operation with:
2026-05-25T11:33:10.5308796Z #34 1.197 
2026-05-25T11:33:10.5308978Z #34 1.197   git switch -
2026-05-25T11:33:10.5309184Z #34 1.197 
2026-05-25T11:33:10.5309506Z #34 1.197 Turn off this advice by setting config variable advice.detachedHead to false
2026-05-25T11:33:10.5309888Z #34 1.197 
2026-05-25T11:33:10.5310090Z #34 1.197 HEAD is now at 18822f9 Bump to v1.3.1
2026-05-25T11:33:10.5310350Z #34 DONE 1.6s
2026-05-25T11:33:10.5310468Z 
2026-05-25T11:33:10.5310585Z #40 [gobuild-base 2/2] COPY --link --from=xx / /
2026-05-25T11:33:10.5310856Z #40 CACHED
2026-05-25T11:33:10.5310953Z 
2026-05-25T11:33:10.5311041Z #43 [buildkit-base 1/1] WORKDIR /src
2026-05-25T11:33:10.5311473Z #43 sha256:6a0ac1617861a677b045b7ff88545213ec31c0ff08763195a70a4a5adda577bb 1.05MB / 3.86MB 0.8s
2026-05-25T11:33:10.6787054Z #43 sha256:6a0ac1617861a677b045b7ff88545213ec31c0ff08763195a70a4a5adda577bb 3.86MB / 3.86MB 1.0s done
2026-05-25T11:33:10.6788467Z #43 extracting sha256:6a0ac1617861a677b045b7ff88545213ec31c0ff08763195a70a4a5adda577bb
2026-05-25T11:33:10.8294288Z #43 extracting sha256:6a0ac1617861a677b045b7ff88545213ec31c0ff08763195a70a4a5adda577bb 0.1s done
2026-05-25T11:33:10.8295643Z #43 extracting sha256:17423c887b377ec28c3923bc88337384a7a0c1f2b50b7faf4912760e8d503ebb 0.1s done
2026-05-25T11:33:11.1290560Z #43 sha256:9884a46a2932a1cd2c3c1d82e777e8c8d465e1b4876ecd50e3c84d978159ffb2 10.49MB / 196.78MB 1.7s
2026-05-25T11:33:11.1291650Z #43 sha256:1a70bdedd442d430ea119cf8db8c0031b4eedeb5bde886892773876ded7629e8 5.24MB / 67.29MB 1.5s
2026-05-25T11:33:11.4288210Z #43 sha256:1a70bdedd442d430ea119cf8db8c0031b4eedeb5bde886892773876ded7629e8 9.44MB / 67.29MB 1.8s
2026-05-25T11:33:11.5787418Z #43 sha256:9884a46a2932a1cd2c3c1d82e777e8c8d465e1b4876ecd50e3c84d978159ffb2 22.02MB / 196.78MB 2.1s
2026-05-25T11:33:11.7289124Z #43 sha256:1a70bdedd442d430ea119cf8db8c0031b4eedeb5bde886892773876ded7629e8 14.68MB / 67.29MB 2.1s
2026-05-25T11:33:11.8787823Z #43 sha256:1a70bdedd442d430ea119cf8db8c0031b4eedeb5bde886892773876ded7629e8 18.87MB / 67.29MB 2.3s
2026-05-25T11:33:12.0290438Z #43 sha256:9884a46a2932a1cd2c3c1d82e777e8c8d465e1b4876ecd50e3c84d978159ffb2 38.80MB / 196.78MB 2.6s
2026-05-25T11:33:12.0291372Z #43 sha256:1a70bdedd442d430ea119cf8db8c0031b4eedeb5bde886892773876ded7629e8 23.07MB / 67.29MB 2.4s
2026-05-25T11:33:12.1790552Z #43 sha256:1a70bdedd442d430ea119cf8db8c0031b4eedeb5bde886892773876ded7629e8 27.26MB / 67.29MB 2.6s
2026-05-25T11:33:12.3295300Z #43 sha256:9884a46a2932a1cd2c3c1d82e777e8c8d465e1b4876ecd50e3c84d978159ffb2 51.38MB / 196.78MB 2.9s
2026-05-25T11:33:12.3296902Z #43 sha256:1a70bdedd442d430ea119cf8db8c0031b4eedeb5bde886892773876ded7629e8 31.46MB / 67.29MB 2.7s
2026-05-25T11:33:12.4788839Z #43 sha256:1a70bdedd442d430ea119cf8db8c0031b4eedeb5bde886892773876ded7629e8 35.65MB / 67.29MB 2.9s
2026-05-25T11:33:12.6293770Z #43 sha256:9884a46a2932a1cd2c3c1d82e777e8c8d465e1b4876ecd50e3c84d978159ffb2 67.11MB / 196.78MB 3.2s
2026-05-25T11:33:12.6294974Z #43 sha256:1a70bdedd442d430ea119cf8db8c0031b4eedeb5bde886892773876ded7629e8 44.04MB / 67.29MB 3.0s
2026-05-25T11:33:12.7794770Z #43 sha256:1a70bdedd442d430ea119cf8db8c0031b4eedeb5bde886892773876ded7629e8 52.43MB / 67.29MB 3.2s
2026-05-25T11:33:12.9301249Z #43 sha256:1a70bdedd442d430ea119cf8db8c0031b4eedeb5bde886892773876ded7629e8 60.82MB / 67.29MB 3.3s
2026-05-25T11:33:13.0797814Z #43 sha256:1a70bdedd442d430ea119cf8db8c0031b4eedeb5bde886892773876ded7629e8 67.11MB / 67.29MB 3.5s
2026-05-25T11:33:13.2488366Z #43 sha256:9884a46a2932a1cd2c3c1d82e777e8c8d465e1b4876ecd50e3c84d978159ffb2 80.74MB / 196.78MB 3.9s
2026-05-25T11:33:13.2490184Z #43 sha256:1a70bdedd442d430ea119cf8db8c0031b4eedeb5bde886892773876ded7629e8 67.29MB / 67.29MB 3.5s done
2026-05-25T11:33:13.2492569Z #43 extracting sha256:1a70bdedd442d430ea119cf8db8c0031b4eedeb5bde886892773876ded7629e8
2026-05-25T11:33:13.6988947Z #43 sha256:9884a46a2932a1cd2c3c1d82e777e8c8d465e1b4876ecd50e3c84d978159ffb2 91.23MB / 196.78MB 4.4s
2026-05-25T11:33:13.9988363Z #43 sha256:9884a46a2932a1cd2c3c1d82e777e8c8d465e1b4876ecd50e3c84d978159ffb2 101.71MB / 196.78MB 4.7s
2026-05-25T11:33:14.4487146Z #43 sha256:9884a46a2932a1cd2c3c1d82e777e8c8d465e1b4876ecd50e3c84d978159ffb2 114.29MB / 196.78MB 5.1s
2026-05-25T11:33:14.8989063Z #43 sha256:9884a46a2932a1cd2c3c1d82e777e8c8d465e1b4876ecd50e3c84d978159ffb2 126.88MB / 196.78MB 5.6s
2026-05-25T11:33:15.4987446Z #43 sha256:9884a46a2932a1cd2c3c1d82e777e8c8d465e1b4876ecd50e3c84d978159ffb2 138.41MB / 196.78MB 6.2s
2026-05-25T11:33:16.0993051Z #43 sha256:9884a46a2932a1cd2c3c1d82e777e8c8d465e1b4876ecd50e3c84d978159ffb2 150.99MB / 196.78MB 6.8s
2026-05-25T11:33:16.2179818Z #43 extracting sha256:1a70bdedd442d430ea119cf8db8c0031b4eedeb5bde886892773876ded7629e8 3.1s done
2026-05-25T11:33:16.3991242Z #43 extracting sha256:1512b43389a873b0519ae3d6c1a3c4d9b19295b8e3330b040d95d73c50ba2f9e done
2026-05-25T11:33:16.3993079Z #43 extracting sha256:4f4fb700ef54461cfa02571ae0db9a0dc1e0cdb5577484a6d75e68dc38e8acc1 done
2026-05-25T11:33:16.6996409Z #43 sha256:9884a46a2932a1cd2c3c1d82e777e8c8d465e1b4876ecd50e3c84d978159ffb2 161.48MB / 196.78MB 7.4s
2026-05-25T11:33:17.2994226Z #43 sha256:9884a46a2932a1cd2c3c1d82e777e8c8d465e1b4876ecd50e3c84d978159ffb2 173.02MB / 196.78MB 8.0s
2026-05-25T11:33:17.8993425Z #43 sha256:9884a46a2932a1cd2c3c1d82e777e8c8d465e1b4876ecd50e3c84d978159ffb2 185.60MB / 196.78MB 8.6s
2026-05-25T11:33:18.4996246Z #43 sha256:9884a46a2932a1cd2c3c1d82e777e8c8d465e1b4876ecd50e3c84d978159ffb2 196.78MB / 196.78MB 9.2s
2026-05-25T11:33:18.6244990Z #43 sha256:9884a46a2932a1cd2c3c1d82e777e8c8d465e1b4876ecd50e3c84d978159ffb2 196.78MB / 196.78MB 9.3s done
2026-05-25T11:33:18.6246576Z #43 DONE 9.5s
2026-05-25T11:33:18.7765435Z 
2026-05-25T11:33:18.7766472Z #43 [buildkit-base 1/1] WORKDIR /src
2026-05-25T11:33:18.7767522Z #43 extracting sha256:9884a46a2932a1cd2c3c1d82e777e8c8d465e1b4876ecd50e3c84d978159ffb2
2026-05-25T11:33:21.2156323Z #43 extracting sha256:9884a46a2932a1cd2c3c1d82e777e8c8d465e1b4876ecd50e3c84d978159ffb2 2.6s done
2026-05-25T11:33:21.2157197Z #43 DONE 12.1s
2026-05-25T11:33:21.3267665Z 
2026-05-25T11:33:21.3270747Z #43 [buildkit-base 1/1] WORKDIR /src
2026-05-25T11:33:21.3272714Z #43 extracting sha256:ff62ee5b594035d8ad03d05aadc05e2a73f7e0e11bf2574dc5473677a60e22b4 done
2026-05-25T11:33:21.3274459Z #43 extracting sha256:9b392406201980b872801103f8cc06366025371422ec9c5ab0451333e461e7e2 done
2026-05-25T11:33:21.3275645Z #43 DONE 12.1s
2026-05-25T11:33:21.3276013Z 
2026-05-25T11:33:21.3276822Z #45 [buildkit-version 1/1] RUN --mount=target=. <<'EOT' (# if git is worktree (file starting with gitdir:) then skip verions check...)
2026-05-25T11:33:21.3278733Z #45 0.096 d6b444d4e18204d7f7e6fac28037ab1e28666d1b
2026-05-25T11:33:21.4779108Z #45 0.097 + git describe --match 'v[0-9]*' '--dirty=.m' --always --tags
2026-05-25T11:33:21.6803792Z #45 0.450 + git rev-parse HEAD
2026-05-25T11:33:21.8322286Z #45 0.452 + git diff --no-ext-diff --quiet --exit-code
2026-05-25T11:33:22.0151630Z #45 0.785 + git show -s '--format=%cI' HEAD
2026-05-25T11:33:22.1869109Z #45 0.806 + export 'PKG=github.com/moby/buildkit' 'VERSION=d6b444d' 'REVISION=d6b444d4e18204d7f7e6fac28037ab1e28666d1b' 'COMMIT_DATE=2026-05-22T18:07:32-07:00'
2026-05-25T11:33:22.2748532Z #45 1.045 + echo '-X github.com/moby/buildkit/version.Version=d6b444d -X github.com/moby/buildkit/version.Revision=d6b444d4e18204d7f7e6fac28037ab1e28666d1b -X github.com/moby/buildkit/version.Package=github.com/moby/buildkit'
2026-05-25T11:33:22.4253555Z #45 1.045 + echo -n d6b444d
2026-05-25T11:33:22.4254696Z #45 1.045 + echo -n 2026-05-22T18:07:32-07:00
2026-05-25T11:33:23.0844336Z #45 ...
2026-05-25T11:33:23.0844664Z 
2026-05-25T11:33:23.0844957Z #46 [dnsname 1/3] WORKDIR /go/src/github.com/containers/dnsname
2026-05-25T11:33:23.0845771Z #46 DONE 1.9s
2026-05-25T11:33:23.2013329Z 
2026-05-25T11:33:23.2014753Z #45 [buildkit-version 1/1] RUN --mount=target=. <<'EOT' (# if git is worktree (file starting with gitdir:) then skip verions check...)
2026-05-25T11:33:23.2016219Z #45 DONE 1.9s
2026-05-25T11:33:23.2016352Z 
2026-05-25T11:33:23.2017407Z #47 [buildctl 1/1] RUN --mount=target=. --mount=target=/root/.cache,type=cache   --mount=target=/go/pkg/mod,type=cache   --mount=source=/tmp/.ldflags,target=/tmp/.ldflags,from=buildkit-version <<EOT (set -ex...)
2026-05-25T11:33:23.2019575Z #47 0.113 + cat /tmp/.ldflags
2026-05-25T11:33:23.4157670Z #47 ...
2026-05-25T11:33:23.4158452Z 
2026-05-25T11:33:23.4159342Z #48 [dnsname 2/3] ADD --keep-git-dir=true https://github.com/containers/dnsname.git#v1.3.1 .
2026-05-25T11:33:23.4160394Z #48 DONE 0.2s
2026-05-25T11:33:23.4160942Z 
2026-05-25T11:33:23.4162377Z #47 [buildctl 1/1] RUN --mount=target=. --mount=target=/root/.cache,type=cache   --mount=target=/go/pkg/mod,type=cache   --mount=source=/tmp/.ldflags,target=/tmp/.ldflags,from=buildkit-version <<EOT (set -ex...)
2026-05-25T11:33:23.4165858Z #47 0.114 + xx-go build -cover -ldflags '-X github.com/moby/buildkit/version.Version=d6b444d -X github.com/moby/buildkit/version.Revision=d6b444d4e18204d7f7e6fac28037ab1e28666d1b -X github.com/moby/buildkit/version.Package=github.com/moby/buildkit' -o /usr/bin/buildctl ./cmd/buildctl
2026-05-25T11:33:28.1755292Z #47 ...
2026-05-25T11:33:28.1756665Z 
2026-05-25T11:33:28.1757687Z #49 [dnsname 3/3] RUN --mount=target=/root/.cache,type=cache     CGO_ENABLED=0 xx-go build -o /usr/bin/dnsname ./plugins/meta/dnsname &&     xx-verify --static /usr/bin/dnsname
2026-05-25T11:33:28.1759173Z #49 0.349 go: downloading github.com/containernetworking/cni v0.7.1
2026-05-25T11:33:28.1760071Z #49 0.394 go: downloading github.com/containernetworking/plugins v0.8.2
2026-05-25T11:33:28.1760872Z #49 0.395 go: downloading github.com/coreos/go-iptables v0.4.5
2026-05-25T11:33:28.1761811Z #49 0.396 go: downloading github.com/pkg/errors v0.8.1
2026-05-25T11:33:28.1762628Z #49 0.397 go: downloading github.com/sirupsen/logrus v1.4.2
2026-05-25T11:33:28.1763537Z #49 0.424 go: downloading golang.org/x/sys v0.0.0-20190916202348-b4ddaad3f8a3
2026-05-25T11:33:28.1764660Z #49 0.560 go: downloading github.com/alexflint/go-filemutex v0.0.0-20171022225611-72bdc8eae2ae
2026-05-25T11:33:33.1255748Z #49 ...
2026-05-25T11:33:33.1256143Z 
2026-05-25T11:33:33.1257449Z #50 [buildkitd 1/1] RUN --mount=target=. --mount=target=/root/.cache,type=cache   --mount=target=/go/pkg/mod,type=cache   --mount=source=/tmp/.ldflags,target=/tmp/.ldflags,from=buildkit-version <<EOT (set -ex...)
2026-05-25T11:33:33.1258859Z #50 0.120 + cat /tmp/.ldflags
2026-05-25T11:33:33.1261372Z #50 0.121 + xx-go build -cover '-gcflags=' -ldflags '-X github.com/moby/buildkit/version.Version=d6b444d -X github.com/moby/buildkit/version.Revision=d6b444d4e18204d7f7e6fac28037ab1e28666d1b -X github.com/moby/buildkit/version.Package=github.com/moby/buildkit -extldflags '"'"'-static'"'" -tags 'osusergo netgo static_build seccomp ' -o /usr/bin/buildkitd ./cmd/buildkitd
2026-05-25T11:33:44.6308451Z #50 ...
2026-05-25T11:33:44.6309450Z 
2026-05-25T11:33:44.6313703Z #49 [dnsname 3/3] RUN --mount=target=/root/.cache,type=cache     CGO_ENABLED=0 xx-go build -o /usr/bin/dnsname ./plugins/meta/dnsname &&     xx-verify --static /usr/bin/dnsname
2026-05-25T11:33:44.6315351Z #49 DONE 21.4s
2026-05-25T11:33:44.8484608Z 
2026-05-25T11:33:44.8488393Z #32 [binfmt-filter 1/4] FROM docker.io/library/alpine:3.23@sha256:5b10f432ef3da1b8d4c7eb6c487f2f5a8f096bc91145e68878dd4a5019afde11
2026-05-25T11:33:44.8489722Z #32 DONE 0.1s
2026-05-25T11:33:44.8490033Z 
2026-05-25T11:33:44.8490276Z #51 [cni-plugins 2/7] RUN apk add --no-cache curl
2026-05-25T11:33:45.7097837Z #51 1.018 (1/9) Installing brotli-libs (1.2.0-r0)
2026-05-25T11:33:45.8587338Z #51 1.034 (2/9) Installing c-ares (1.34.6-r0)
2026-05-25T11:33:45.8588362Z #51 1.038 (3/9) Installing libunistring (1.4.1-r0)
2026-05-25T11:33:45.8589203Z #51 1.051 (4/9) Installing libidn2 (2.3.8-r0)
2026-05-25T11:33:45.8589932Z #51 1.054 (5/9) Installing nghttp2-libs (1.69.0-r0)
2026-05-25T11:33:45.8590706Z #51 1.059 (6/9) Installing libpsl (0.21.5-r3)
2026-05-25T11:33:45.8591436Z #51 1.063 (7/9) Installing zstd-libs (1.5.7-r2)
2026-05-25T11:33:45.8592144Z #51 1.071 (8/9) Installing libcurl (8.19.0-r0)
2026-05-25T11:33:45.8592843Z #51 1.080 (9/9) Installing curl (8.19.0-r0)
2026-05-25T11:33:45.8593580Z #51 1.086 Executing busybox-1.37.0-r30.trigger
2026-05-25T11:33:45.8594396Z #51 1.099 OK: 13.0 MiB in 25 packages
2026-05-25T11:33:45.8595525Z #51 DONE 1.2s
2026-05-25T11:33:45.8596026Z 
2026-05-25T11:33:45.8597399Z #47 [buildctl 1/1] RUN --mount=target=. --mount=target=/root/.cache,type=cache   --mount=target=/go/pkg/mod,type=cache   --mount=source=/tmp/.ldflags,target=/tmp/.ldflags,from=buildkit-version <<EOT (set -ex...)
2026-05-25T11:33:46.0329166Z #47 ...
2026-05-25T11:33:46.0331190Z 
2026-05-25T11:33:46.0331809Z #52 [cni-plugins 3/7] COPY --from=xx / /
2026-05-25T11:33:46.0332563Z #52 DONE 0.0s
2026-05-25T11:33:46.0332929Z 
2026-05-25T11:33:46.0333281Z #53 [cni-plugins 4/7] WORKDIR /opt/cni/bin
2026-05-25T11:33:46.0333927Z #53 DONE 0.0s
2026-05-25T11:33:46.0334337Z 
2026-05-25T11:33:46.0335668Z #54 [cni-plugins 5/7] RUN curl -fsSL https://github.com/containernetworking/plugins/releases/download/v1.9.1/cni-plugins-linux-amd64-v1.9.1.tgz | tar xzv
2026-05-25T11:33:46.2959267Z #54 0.413 ./
2026-05-25T11:33:48.1943792Z #54 2.312 ./sbr
2026-05-25T11:33:48.1947061Z #54 2.312 ./tap
2026-05-25T11:33:48.1947799Z #54 2.312 ./dhcp
2026-05-25T11:33:48.1948368Z #54 2.312 ./dummy
2026-05-25T11:33:48.1948942Z #54 2.312 ./bridge
2026-05-25T11:33:48.1949483Z #54 2.312 ./host-device
2026-05-25T11:33:48.1950070Z #54 2.312 ./README.md
2026-05-25T11:33:48.1950634Z #54 2.312 ./LICENSE
2026-05-25T11:33:48.1951274Z #54 2.312 ./static
2026-05-25T11:33:48.1951808Z #54 2.312 ./portmap
2026-05-25T11:33:48.1952456Z #54 2.312 ./host-local
2026-05-25T11:33:48.1952994Z #54 2.312 ./firewall
2026-05-25T11:33:48.1953554Z #54 2.312 ./tuning
2026-05-25T11:33:48.1954087Z #54 2.312 ./vlan
2026-05-25T11:33:48.1954643Z #54 2.312 ./ptp
2026-05-25T11:33:48.1955448Z #54 2.312 ./macvlan
2026-05-25T11:33:48.1956069Z #54 2.312 ./loopback
2026-05-25T11:33:48.1956616Z #54 2.312 ./ipvlan
2026-05-25T11:33:48.1957166Z #54 2.312 ./vrf
2026-05-25T11:33:48.1957700Z #54 2.312 ./bandwidth
2026-05-25T11:33:48.3020135Z #54 DONE 2.4s
2026-05-25T11:33:48.3022130Z 
2026-05-25T11:33:48.3023645Z #47 [buildctl 1/1] RUN --mount=target=. --mount=target=/root/.cache,type=cache   --mount=target=/go/pkg/mod,type=cache   --mount=source=/tmp/.ldflags,target=/tmp/.ldflags,from=buildkit-version <<EOT (set -ex...)
2026-05-25T11:33:48.4551487Z #47 ...
2026-05-25T11:33:48.4553070Z 
2026-05-25T11:33:48.4553808Z #55 [cni-plugins 6/7] RUN xx-verify --static bridge loopback host-local
2026-05-25T11:33:49.3600633Z #55 DONE 1.1s
2026-05-25T11:33:49.3602646Z 
2026-05-25T11:33:49.3604221Z #47 [buildctl 1/1] RUN --mount=target=. --mount=target=/root/.cache,type=cache   --mount=target=/go/pkg/mod,type=cache   --mount=source=/tmp/.ldflags,target=/tmp/.ldflags,from=buildkit-version <<EOT (set -ex...)
2026-05-25T11:33:49.4664069Z #47 ...
2026-05-25T11:33:49.4666588Z 
2026-05-25T11:33:49.4667418Z #56 [cni-plugins 7/7] COPY --link --from=dnsname /usr/bin/dnsname /opt/cni/bin/
2026-05-25T11:33:49.4668436Z #56 merging done
2026-05-25T11:33:49.4669003Z #56 DONE 0.1s
2026-05-25T11:33:49.4669452Z 
2026-05-25T11:33:49.4670165Z #57 [cni-plugins-export 2/4] COPY --link --from=cni-plugins /opt/cni/bin/loopback /buildkit-cni-loopback
2026-05-25T11:33:49.4671181Z #57 DONE 0.0s
2026-05-25T11:33:49.4671589Z 
2026-05-25T11:33:49.4672365Z #58 [cni-plugins-export 3/4] COPY --link --from=cni-plugins /opt/cni/bin/host-local /buildkit-cni-host-local
2026-05-25T11:33:49.4673544Z #58 DONE 0.0s
2026-05-25T11:33:49.4673958Z 
2026-05-25T11:33:49.4675293Z #59 [cni-plugins-export 4/4] COPY --link --from=cni-plugins /opt/cni/bin/firewall /buildkit-cni-firewall
2026-05-25T11:33:49.4676486Z #59 DONE 0.0s
2026-05-25T11:33:49.6553400Z 
2026-05-25T11:33:49.6556302Z #59 [cni-plugins-export 4/4] COPY --link --from=cni-plugins /opt/cni/bin/firewall /buildkit-cni-firewall
2026-05-25T11:33:49.6557483Z #59 merging 0.0s done
2026-05-25T11:33:49.6558052Z #59 DONE 0.0s
2026-05-25T11:33:49.6558419Z 
2026-05-25T11:33:49.6558996Z #60 [cni-plugins-export-squashed 1/1] COPY --from=cni-plugins-export / /
2026-05-25T11:33:49.6559846Z #60 DONE 0.0s
2026-05-25T11:33:49.6560217Z 
2026-05-25T11:33:49.6561565Z #47 [buildctl 1/1] RUN --mount=target=. --mount=target=/root/.cache,type=cache   --mount=target=/go/pkg/mod,type=cache   --mount=source=/tmp/.ldflags,target=/tmp/.ldflags,from=buildkit-version <<EOT (set -ex...)
2026-05-25T11:34:26.2928451Z #47 63.01 + xx-verify --static /usr/bin/buildctl
2026-05-25T11:34:26.2930716Z #47 63.03 + xx-info os
2026-05-25T11:34:26.2931367Z #47 63.04 + '[' linux '=' linux ]
2026-05-25T11:34:26.2932015Z #47 63.04 + /usr/bin/buildctl --version
2026-05-25T11:34:26.2932793Z #47 63.05 warning: GOCOVERDIR not set, no coverage data emitted
2026-05-25T11:34:26.2933874Z #47 63.05 buildctl github.com/moby/buildkit d6b444d d6b444d4e18204d7f7e6fac28037ab1e28666d1b
2026-05-25T11:34:26.4302742Z #47 DONE 63.3s
2026-05-25T11:34:26.4304527Z 
2026-05-25T11:34:26.4306659Z #50 [buildkitd 1/1] RUN --mount=target=. --mount=target=/root/.cache,type=cache   --mount=target=/go/pkg/mod,type=cache   --mount=source=/tmp/.ldflags,target=/tmp/.ldflags,from=buildkit-version <<EOT (set -ex...)
2026-05-25T11:34:26.6432078Z #50 ...
2026-05-25T11:34:26.6433076Z 
2026-05-25T11:34:26.6433812Z #31 FROM docker.io/tonistiigi/binfmt:buildkit-v10.2.1-64@sha256:4cf4c0ad4919b18996362536883de02420c1010654d3c2a2b63e9b72600fa3a9
2026-05-25T11:34:26.6435548Z #31 sha256:703d6c3467f3bf9b1d61a59d5a3244db30235ffb36c60b76e0dcf486887687f6 0B / 30.20MB 0.2s
2026-05-25T11:34:26.7930668Z #31 sha256:703d6c3467f3bf9b1d61a59d5a3244db30235ffb36c60b76e0dcf486887687f6 11.53MB / 30.20MB 0.3s
2026-05-25T11:34:27.0106263Z #31 sha256:703d6c3467f3bf9b1d61a59d5a3244db30235ffb36c60b76e0dcf486887687f6 30.20MB / 30.20MB 0.4s done
2026-05-25T11:34:27.0108736Z #31 extracting sha256:703d6c3467f3bf9b1d61a59d5a3244db30235ffb36c60b76e0dcf486887687f6
2026-05-25T11:34:27.6678214Z #31 extracting sha256:703d6c3467f3bf9b1d61a59d5a3244db30235ffb36c60b76e0dcf486887687f6 0.8s done
2026-05-25T11:34:27.6681127Z #31 DONE 1.2s
2026-05-25T11:34:27.6681503Z 
2026-05-25T11:34:27.6682132Z #37 [runc 2/4] ADD --keep-git-dir=true https://github.com/opencontainers/runc.git#v1.3.5 .
2026-05-25T11:34:27.6683423Z #37 0.014 Initialized empty Git repository in /var/lib/buildkit/runc-overlayfs/snapshots/snapshots/45/fs/
2026-05-25T11:34:27.6684578Z #37 0.905 From https://github.com/opencontainers/runc
2026-05-25T11:34:27.6685644Z #37 0.905  * [new tag]         v1.3.5     -> v1.3.5
2026-05-25T11:34:27.6686344Z #37 0.909 4db10680b270dfd505651cdfe21f412ff029c037
2026-05-25T11:34:27.6687826Z #37 0.917 Initialized empty Git repository in /var/lib/buildkit/runc-overlayfs/snapshots/snapshots/48/fs/.git/
2026-05-25T11:34:27.6688787Z #37 0.921 tag
2026-05-25T11:34:27.7781306Z #37 1.196 From file:///var/lib/buildkit/runc-overlayfs/snapshots/snapshots/45/fs
2026-05-25T11:34:27.7783607Z #37 1.196  * [new tag]         v1.3.5     -> v1.3.5
2026-05-25T11:34:27.9426479Z #37 ...
2026-05-25T11:34:27.9426819Z 
2026-05-25T11:34:27.9428004Z #61 [binfmt-filter 2/4] COPY --link --from=tonistiigi/binfmt:buildkit-v10.2.1-64@sha256:4cf4c0ad4919b18996362536883de02420c1010654d3c2a2b63e9b72600fa3a9 / /out/
2026-05-25T11:34:27.9429132Z #61 merging done
2026-05-25T11:34:27.9429429Z #61 DONE 0.1s
2026-05-25T11:34:28.0343503Z 
2026-05-25T11:34:28.0344804Z #37 [runc 2/4] ADD --keep-git-dir=true https://github.com/opencontainers/runc.git#v1.3.5 .
2026-05-25T11:34:28.0347232Z #37 1.558 Note: switching to 'FETCH_HEAD'.
2026-05-25T11:34:28.0347676Z #37 1.558 
2026-05-25T11:34:28.0348572Z #37 1.558 You are in 'detached HEAD' state. You can look around, make experimental
2026-05-25T11:34:28.0349491Z #37 1.558 changes and commit them, and you can discard any commits you make in this
2026-05-25T11:34:28.0350353Z #37 1.558 state without impacting any branches by switching back to a branch.
2026-05-25T11:34:28.0350966Z #37 1.558 
2026-05-25T11:34:28.0351461Z #37 1.558 If you want to create a new branch to retain commits you create, you may
2026-05-25T11:34:28.0352261Z #37 1.558 do so (now or later) by using -c with the switch command. Example:
2026-05-25T11:34:28.0352858Z #37 1.558 
2026-05-25T11:34:28.0353224Z #37 1.558   git switch -c <new-branch-name>
2026-05-25T11:34:28.0353698Z #37 1.558 
2026-05-25T11:34:28.0354036Z #37 1.558 Or undo this operation with:
2026-05-25T11:34:28.0354487Z #37 1.558 
2026-05-25T11:34:28.0354797Z #37 1.558   git switch -
2026-05-25T11:34:28.0355354Z #37 1.558 
2026-05-25T11:34:28.0355941Z #37 1.558 Turn off this advice by setting config variable advice.detachedHead to false
2026-05-25T11:34:28.0356678Z #37 1.558 
2026-05-25T11:34:28.1601032Z #37 1.558 HEAD is now at 488fc13 VERSION: release 1.3.5
2026-05-25T11:34:28.1602025Z #37 DONE 2.2s
2026-05-25T11:34:28.1602565Z 
2026-05-25T11:34:28.1603012Z #62 [binfmt-filter 3/4] WORKDIR /out/
2026-05-25T11:34:28.1603610Z #62 DONE 0.4s
2026-05-25T11:34:28.1604005Z 
2026-05-25T11:34:28.1605433Z #50 [buildkitd 1/1] RUN --mount=target=. --mount=target=/root/.cache,type=cache   --mount=target=/go/pkg/mod,type=cache   --mount=source=/tmp/.ldflags,target=/tmp/.ldflags,from=buildkit-version <<EOT (set -ex...)
2026-05-25T11:34:28.2758316Z #50 ...
2026-05-25T11:34:28.2760487Z 
2026-05-25T11:34:28.2761129Z #63 [runc 1/4] WORKDIR /go/src/github.com/opencontainers/runc
2026-05-25T11:34:28.4536577Z #63 DONE 0.0s
2026-05-25T11:34:28.4538648Z 
2026-05-25T11:34:28.4539633Z #64 [binfmt-filter 4/4] RUN rm -f buildkit-qemu-loongarch64 buildkit-qemu-mips64 buildkit-qemu-mips64el
2026-05-25T11:34:28.4540702Z #64 DONE 0.1s
2026-05-25T11:34:28.4541109Z 
2026-05-25T11:34:28.4541699Z #65 [runc 2/4] ADD --keep-git-dir=true https://github.com/opencontainers/runc.git#v1.3.5 .
2026-05-25T11:34:28.6453295Z #65 DONE 0.4s
2026-05-25T11:34:28.6455504Z 
2026-05-25T11:34:28.6457115Z #50 [buildkitd 1/1] RUN --mount=target=. --mount=target=/root/.cache,type=cache   --mount=target=/go/pkg/mod,type=cache   --mount=source=/tmp/.ldflags,target=/tmp/.ldflags,from=buildkit-version <<EOT (set -ex...)
2026-05-25T11:34:28.7707505Z #50 ...
2026-05-25T11:34:28.7708316Z 
2026-05-25T11:34:28.7709631Z #66 [runc 3/4] RUN set -e; xx-apk add musl-dev gcc libseccomp-dev libseccomp-static;   [ "$(xx-info arch)" != "ppc64le" ] || XX_CC_PREFER_LINKER=ld xx-clang --setup-target-triple
2026-05-25T11:34:28.7711419Z #66 0.124 + apk  --root / add musl-dev gcc libseccomp-dev libseccomp-static
2026-05-25T11:34:29.3712472Z #66 0.724 (1/4) Installing linux-headers (6.16.12-r0)
2026-05-25T11:34:29.5533488Z #66 0.907 (2/4) Installing libseccomp (2.6.0-r1)
2026-05-25T11:34:29.6816389Z #66 0.914 (3/4) Installing libseccomp-dev (2.6.0-r1)
2026-05-25T11:34:29.6818973Z #66 0.917 (4/4) Installing libseccomp-static (2.6.0-r1)
2026-05-25T11:34:29.6819920Z #66 0.921 Executing busybox-1.37.0-r30.trigger
2026-05-25T11:34:29.6820711Z #66 0.935 OK: 534.4 MiB in 67 packages
2026-05-25T11:34:29.6821404Z #66 DONE 1.0s
2026-05-25T11:34:29.6821819Z 
2026-05-25T11:34:29.6823179Z #50 [buildkitd 1/1] RUN --mount=target=. --mount=target=/root/.cache,type=cache   --mount=target=/go/pkg/mod,type=cache   --mount=source=/tmp/.ldflags,target=/tmp/.ldflags,from=buildkit-version <<EOT (set -ex...)
2026-05-25T11:34:29.8343802Z #50 ...
2026-05-25T11:34:29.8345430Z 
2026-05-25T11:34:29.8346079Z #67 [runc 4/4] RUN --mount=target=/root/.cache,type=cache <<EOT (set -ex...)
2026-05-25T11:34:30.0386063Z #67 0.204 + CGO_ENABLED=1 xx-go build '-mod=vendor' -ldflags '-extldflags -static' -tags 'apparmor seccomp netgo cgo static_build osusergo' -o /usr/bin/runc ./
2026-05-25T11:34:52.5994217Z #67 22.92 + xx-verify --static /usr/bin/runc
2026-05-25T11:34:52.7835952Z #67 22.94 + xx-info os
2026-05-25T11:34:52.7836440Z #67 22.95 + '[' linux '=' linux ]
2026-05-25T11:34:52.7836902Z #67 22.95 + /usr/bin/runc --version
2026-05-25T11:34:52.7837350Z #67 22.95 runc version 1.3.5
2026-05-25T11:34:52.7837753Z #67 22.95 spec: 1.2.1
2026-05-25T11:34:52.7838127Z #67 22.95 go: go1.26.3
2026-05-25T11:34:52.7838511Z #67 22.95 libseccomp: 2.6.0
2026-05-25T11:34:53.2404575Z #67 DONE 23.6s
2026-05-25T11:34:53.2404843Z 
2026-05-25T11:34:53.2406329Z #50 [buildkitd 1/1] RUN --mount=target=. --mount=target=/root/.cache,type=cache   --mount=target=/go/pkg/mod,type=cache   --mount=source=/tmp/.ldflags,target=/tmp/.ldflags,from=buildkit-version <<EOT (set -ex...)
2026-05-25T11:34:53.3442956Z #50 ...
2026-05-25T11:34:53.3444044Z 
2026-05-25T11:34:53.3447482Z #68 [binaries-linux 2/5] COPY --link --from=binfmt-filter /out/ /
2026-05-25T11:34:53.3448374Z #68 DONE 0.1s
2026-05-25T11:34:53.3448877Z 
2026-05-25T11:34:53.3449488Z #69 [binaries-linux 3/5] COPY --link --from=cni-plugins-export-squashed / /
2026-05-25T11:34:53.3450340Z #69 DONE 0.0s
2026-05-25T11:34:53.3450759Z 
2026-05-25T11:34:53.3451304Z #70 [binaries-linux 4/5] COPY --link --from=buildctl /usr/bin/buildctl /
2026-05-25T11:34:53.3452201Z #70 DONE 0.0s
2026-05-25T11:34:53.4943415Z 
2026-05-25T11:34:53.4946166Z #50 [buildkitd 1/1] RUN --mount=target=. --mount=target=/root/.cache,type=cache   --mount=target=/go/pkg/mod,type=cache   --mount=source=/tmp/.ldflags,target=/tmp/.ldflags,from=buildkit-version <<EOT (set -ex...)
2026-05-25T11:35:05.3321044Z #50 102.2 + xx-verify --static /usr/bin/buildkitd
2026-05-25T11:35:05.5377774Z #50 102.3 + set +ex
2026-05-25T11:35:05.5378578Z #50 102.3 warning: GOCOVERDIR not set, no coverage data emitted
2026-05-25T11:35:05.5379819Z #50 102.3 buildkitd github.com/moby/buildkit d6b444d d6b444d4e18204d7f7e6fac28037ab1e28666d1b
2026-05-25T11:35:05.8321349Z #50 DONE 102.7s
2026-05-25T11:35:06.1085608Z 
2026-05-25T11:35:06.1086427Z #71 [binaries-linux 5/5] COPY --link --from=buildkitd /usr/bin/buildkitd /
2026-05-25T11:35:06.1087206Z #71 merging 0.0s done
2026-05-25T11:35:06.1087468Z #71 DONE 0.1s
2026-05-25T11:35:06.1140573Z 
2026-05-25T11:35:06.1142357Z #29 [minio-mc 1/1] FROM quay.io/minio/mc:RELEASE.2025-08-13T08-35-41Z@sha256:a7fe349ef4bd8521fb8497f55c6042871b2ae640607cf99d9bede5e9bdf11727
2026-05-25T11:35:06.1143416Z #29 DONE 0.1s
2026-05-25T11:35:06.1143608Z 
2026-05-25T11:35:06.1144235Z #27 [minio 1/1] FROM quay.io/minio/minio:RELEASE.2025-09-07T16-13-09Z@sha256:14cea493d9a34af32f524e538b8346cf79f3321eff8e708c1e2960462bd8936e
2026-05-25T11:35:06.1145243Z #27 DONE 0.1s
2026-05-25T11:35:06.1145466Z 
2026-05-25T11:35:06.1146107Z #25 [docker-buildx 1/1] FROM docker.io/docker/buildx-bin:0.34.0@sha256:1023c4a1ac77cee49520b620e1fa29d78be4ee3660bffd1a23b8a35f4e9ca417
2026-05-25T11:35:06.3665687Z #25 sha256:0938bfff5daceb8a102075073dfb7e67e7f0114a1c37d7f0fcd361176d865010 1.05MB / 22.99MB 0.2s
2026-05-25T11:35:06.4707666Z #25 sha256:0938bfff5daceb8a102075073dfb7e67e7f0114a1c37d7f0fcd361176d865010 13.63MB / 22.99MB 0.3s
2026-05-25T11:35:06.7354414Z #25 sha256:0938bfff5daceb8a102075073dfb7e67e7f0114a1c37d7f0fcd361176d865010 22.99MB / 22.99MB 0.6s
2026-05-25T11:35:07.1351491Z #25 ...
2026-05-25T11:35:07.1351871Z 
2026-05-25T11:35:07.1352518Z #72 [nydus 1/2] RUN wget https://github.com/dragonflyoss/nydus/releases/download/v2.4.0/nydus-static-v2.4.0-linux-amd64.tgz
2026-05-25T11:35:07.1353740Z #72 0.072 Connecting to github.com (140.82.116.4:443)
2026-05-25T11:35:07.1354347Z #72 0.168 Connecting to release-assets.githubusercontent.com (185.199.108.133:443)
2026-05-25T11:35:07.1355406Z #72 0.197 saving to 'nydus-static-v2.4.0-linux-amd64.tgz'
2026-05-25T11:35:07.1355890Z #72 0.323 nydus-static-v2.4.0- 100% |********************************| 27.7M  0:00:00 ETA
2026-05-25T11:35:07.1356469Z #72 0.324 'nydus-static-v2.4.0-linux-amd64.tgz' saved
2026-05-25T11:35:07.1356774Z #72 DONE 1.0s
2026-05-25T11:35:07.1356887Z 
2026-05-25T11:35:07.1357853Z #26 [docker-cli 1/1] FROM docker.io/dockereng/cli-bin:29.4@sha256:84eb7d2d5c598c46dcd5a5d765ffe954a9b4138ce570016e241fd2c70030c2cb
2026-05-25T11:35:07.1359476Z #26 sha256:46108b26cf0b606749e3aee1801677c87caa66b603f7bc929527f9dad2da370e 19.51MB / 19.51MB 0.2s done
2026-05-25T11:35:07.1360736Z #26 extracting sha256:46108b26cf0b606749e3aee1801677c87caa66b603f7bc929527f9dad2da370e 0.7s done
2026-05-25T11:35:07.1361470Z #26 DONE 1.1s
2026-05-25T11:35:07.1361674Z 
2026-05-25T11:35:07.1362441Z #29 [minio-mc 1/1] FROM quay.io/minio/mc:RELEASE.2025-08-13T08-35-41Z@sha256:a7fe349ef4bd8521fb8497f55c6042871b2ae640607cf99d9bede5e9bdf11727
2026-05-25T11:35:07.1364001Z #29 sha256:b7c1efd1d2b4bd05128f02a69e3e8233283ca9b066b01d52fd2131767dee20a3 11.19MB / 11.19MB 0.1s done
2026-05-25T11:35:07.1365315Z #29 sha256:f29310fc4a8aa3205942ce53ecf87a4cc46441875db33af816056d71f6490a7d 11.87kB / 11.87kB 0.1s done
2026-05-25T11:35:07.1366642Z #29 sha256:b268f447c87164009d333c3c720f57bceb5476bc2ed0d7417235603c0a8d073b 70.45kB / 70.45kB 0.2s done
2026-05-25T11:35:07.1367971Z #29 sha256:4a93952ab9ce7ab9ccf6a74817a286f59e9354c7722490f0d66b6f92171b60ec 129.92kB / 129.92kB 0.2s done
2026-05-25T11:35:07.1369333Z #29 sha256:9404e0df6bd3089a29fc91945027aa10fac24e31b956bbe4969dd77b63fa515c 11.19MB / 11.19MB 0.8s done
2026-05-25T11:35:07.1370374Z #29 sha256:b83ce1c86227e7eb8f809d5634df70202a43b5a2a42ad5881de019c6e7bb77ab 7.24MB / 7.24MB 0.8s done
2026-05-25T11:35:07.1371103Z #29 DONE 1.1s
2026-05-25T11:35:07.1371249Z 
2026-05-25T11:35:07.1371768Z #25 [docker-buildx 1/1] FROM docker.io/docker/buildx-bin:0.34.0@sha256:1023c4a1ac77cee49520b620e1fa29d78be4ee3660bffd1a23b8a35f4e9ca417
2026-05-25T11:35:07.1372847Z #25 sha256:0938bfff5daceb8a102075073dfb7e67e7f0114a1c37d7f0fcd361176d865010 22.99MB / 22.99MB 1.0s done
2026-05-25T11:35:07.1374006Z #25 extracting sha256:0938bfff5daceb8a102075073dfb7e67e7f0114a1c37d7f0fcd361176d865010
2026-05-25T11:35:07.6630161Z #25 extracting sha256:0938bfff5daceb8a102075073dfb7e67e7f0114a1c37d7f0fcd361176d865010 0.5s done
2026-05-25T11:35:07.6634181Z #25 DONE 1.6s
2026-05-25T11:35:07.6634451Z 
2026-05-25T11:35:07.6635665Z #29 [minio-mc 1/1] FROM quay.io/minio/mc:RELEASE.2025-08-13T08-35-41Z@sha256:a7fe349ef4bd8521fb8497f55c6042871b2ae640607cf99d9bede5e9bdf11727
2026-05-25T11:35:07.6638760Z #29 extracting sha256:b83ce1c86227e7eb8f809d5634df70202a43b5a2a42ad5881de019c6e7bb77ab 0.3s done
2026-05-25T11:35:07.6642607Z #29 extracting sha256:4a93952ab9ce7ab9ccf6a74817a286f59e9354c7722490f0d66b6f92171b60ec done
2026-05-25T11:35:07.6644331Z #29 extracting sha256:b268f447c87164009d333c3c720f57bceb5476bc2ed0d7417235603c0a8d073b 0.0s done
2026-05-25T11:35:07.6648728Z #29 extracting sha256:f29310fc4a8aa3205942ce53ecf87a4cc46441875db33af816056d71f6490a7d done
2026-05-25T11:35:07.6654826Z #29 extracting sha256:9404e0df6bd3089a29fc91945027aa10fac24e31b956bbe4969dd77b63fa515c
2026-05-25T11:35:07.7727656Z #29 extracting sha256:9404e0df6bd3089a29fc91945027aa10fac24e31b956bbe4969dd77b63fa515c 0.3s done
2026-05-25T11:35:07.7728753Z #29 extracting sha256:b7c1efd1d2b4bd05128f02a69e3e8233283ca9b066b01d52fd2131767dee20a3
2026-05-25T11:35:07.9803186Z #29 extracting sha256:b7c1efd1d2b4bd05128f02a69e3e8233283ca9b066b01d52fd2131767dee20a3 0.2s done
2026-05-25T11:35:07.9806360Z #29 DONE 1.9s
2026-05-25T11:35:07.9806793Z 
2026-05-25T11:35:07.9807692Z #27 [minio 1/1] FROM quay.io/minio/minio:RELEASE.2025-09-07T16-13-09Z@sha256:14cea493d9a34af32f524e538b8346cf79f3321eff8e708c1e2960462bd8936e
2026-05-25T11:35:07.9809252Z #27 sha256:34013573f2786dfd3f6a542374c2bb7821fa6924de6ed320dc808582d50879d3 496B / 496B 0.8s done
2026-05-25T11:35:07.9810588Z #27 sha256:71e9fc939447059a2e6b8db211155a6d0217582e6a93d13e53c111df359b05cf 2.40MB / 2.40MB 0.8s done
2026-05-25T11:35:07.9811940Z #27 sha256:c1bc68842c41cb716734641f75dc37d629f05df5f812a8cc2e7e0370d4e833ec 180.31kB / 180.31kB 0.1s done
2026-05-25T11:35:07.9817232Z #27 sha256:0288b5a0d7e71a2cdbdf114cb9869ce2bc4b05adfd6aa5e3ee9fa4b3847e7b80 11.88kB / 11.88kB 0.1s done
2026-05-25T11:35:07.9819172Z #27 sha256:1008deaf6ec413772a3de8828d030bd6472ec80c59a8595f3f9fee2524576692 11.19MB / 11.19MB 0.2s done
2026-05-25T11:35:07.9820362Z #27 sha256:f9c0805c25ee5c0d375a9c16810eafb57cf658d7b6814c179d52496272bec8a4 39.45MB / 39.45MB 0.2s done
2026-05-25T11:35:07.9821490Z #27 sha256:81260b1730768c85f8ebdba7d561c7189971d84eef7dc0ff2b03d83957dcdd4a 122.72kB / 122.72kB 0.1s done
2026-05-25T11:35:07.9822719Z #27 sha256:f94d28849fa387176d83fed06c02b5814597103420f929f8f74ad5c212e62a7a 1.64MB / 1.64MB 0.1s done
2026-05-25T11:35:07.9823798Z #27 extracting sha256:f94d28849fa387176d83fed06c02b5814597103420f929f8f74ad5c212e62a7a 0.1s done
2026-05-25T11:35:07.9824879Z #27 extracting sha256:81260b1730768c85f8ebdba7d561c7189971d84eef7dc0ff2b03d83957dcdd4a 0.0s done
2026-05-25T11:35:07.9826226Z #27 extracting sha256:f9c0805c25ee5c0d375a9c16810eafb57cf658d7b6814c179d52496272bec8a4
2026-05-25T11:35:08.1747290Z #27 extracting sha256:f9c0805c25ee5c0d375a9c16810eafb57cf658d7b6814c179d52496272bec8a4 0.6s done
2026-05-25T11:35:08.1748194Z #27 DONE 2.0s
2026-05-25T11:35:08.1748823Z 
2026-05-25T11:35:08.1749452Z #73 [nydus 2/2] RUN mkdir -p /out/nydus-static && tar xzvf nydus-static-v2.4.0-linux-amd64.tgz -C /out
2026-05-25T11:35:08.1750550Z #73 0.086 nydus-static/
2026-05-25T11:35:08.4045639Z #73 1.130 nydus-static/nydus-overlayfs
2026-05-25T11:35:08.4046226Z #73 1.130 nydus-static/nydusctl
2026-05-25T11:35:08.4046654Z #73 1.130 nydus-static/nydusd
2026-05-25T11:35:08.4046960Z #73 1.130 nydus-static/nydusify
2026-05-25T11:35:08.4047280Z #73 1.130 nydus-static/nydus-image
2026-05-25T11:35:08.4047604Z #73 1.130 nydus-static/configs/
2026-05-25T11:35:08.4047962Z #73 1.130 nydus-static/configs/nydusd-config-v2.toml
2026-05-25T11:35:08.4048459Z #73 1.130 nydus-static/configs/nydusd-blob-cache-entry.toml
2026-05-25T11:35:08.4048928Z #73 1.130 nydus-static/configs/nydusd-config.json
2026-05-25T11:35:08.4049435Z #73 1.130 nydus-static/configs/nydusd-boostrap-blob-cache-entry.json
2026-05-25T11:35:08.4050081Z #73 1.130 nydus-static/configs/nydusd-blob-cache-entry-configuration-v2.toml
2026-05-25T11:35:08.5272062Z #73 ...
2026-05-25T11:35:08.5272536Z 
2026-05-25T11:35:08.5273785Z #27 [minio 1/1] FROM quay.io/minio/minio:RELEASE.2025-09-07T16-13-09Z@sha256:14cea493d9a34af32f524e538b8346cf79f3321eff8e708c1e2960462bd8936e
2026-05-25T11:35:08.5276035Z #27 extracting sha256:1008deaf6ec413772a3de8828d030bd6472ec80c59a8595f3f9fee2524576692 0.4s done
2026-05-25T11:35:08.5277307Z #27 DONE 2.4s
2026-05-25T11:35:08.6777407Z 
2026-05-25T11:35:08.6778437Z #27 [minio 1/1] FROM quay.io/minio/minio:RELEASE.2025-09-07T16-13-09Z@sha256:14cea493d9a34af32f524e538b8346cf79f3321eff8e708c1e2960462bd8936e
2026-05-25T11:35:08.6779597Z #27 extracting sha256:71e9fc939447059a2e6b8db211155a6d0217582e6a93d13e53c111df359b05cf
2026-05-25T11:35:08.6854488Z #27 extracting sha256:71e9fc939447059a2e6b8db211155a6d0217582e6a93d13e53c111df359b05cf 0.2s done
2026-05-25T11:35:08.6855921Z #27 DONE 2.5s
2026-05-25T11:35:08.6856133Z 
2026-05-25T11:35:08.6856665Z #73 [nydus 2/2] RUN mkdir -p /out/nydus-static && tar xzvf nydus-static-v2.4.0-linux-amd64.tgz -C /out
2026-05-25T11:35:08.8750089Z #73 ...
2026-05-25T11:35:08.8751164Z 
2026-05-25T11:35:08.8752613Z #27 [minio 1/1] FROM quay.io/minio/minio:RELEASE.2025-09-07T16-13-09Z@sha256:14cea493d9a34af32f524e538b8346cf79f3321eff8e708c1e2960462bd8936e
2026-05-25T11:35:08.8754664Z #27 extracting sha256:c1bc68842c41cb716734641f75dc37d629f05df5f812a8cc2e7e0370d4e833ec 0.2s done
2026-05-25T11:35:08.8755962Z #27 DONE 2.7s
2026-05-25T11:35:09.0359844Z 
2026-05-25T11:35:09.0360768Z #73 [nydus 2/2] RUN mkdir -p /out/nydus-static && tar xzvf nydus-static-v2.4.0-linux-amd64.tgz -C /out
2026-05-25T11:35:09.0361447Z #73 DONE 1.8s
2026-05-25T11:35:09.0361701Z 
2026-05-25T11:35:09.0362467Z #27 [minio 1/1] FROM quay.io/minio/minio:RELEASE.2025-09-07T16-13-09Z@sha256:14cea493d9a34af32f524e538b8346cf79f3321eff8e708c1e2960462bd8936e
2026-05-25T11:35:09.0364110Z #27 extracting sha256:0288b5a0d7e71a2cdbdf114cb9869ce2bc4b05adfd6aa5e3ee9fa4b3847e7b80 done
2026-05-25T11:35:09.0366169Z #27 extracting sha256:34013573f2786dfd3f6a542374c2bb7821fa6924de6ed320dc808582d50879d3 done
2026-05-25T11:35:09.0367091Z #27 DONE 2.7s
2026-05-25T11:35:09.4197319Z 
2026-05-25T11:35:09.4199633Z #74 [integration-tests-base  5/25] RUN --mount=target=/tmp/gen_gpg_test_env.sh,source=hack/fixtures/gen_gpg_test_env.sh sh /tmp/gen_gpg_test_env.sh user1 && sh /tmp/gen_gpg_test_env.sh user2
2026-05-25T11:35:09.4200856Z #74 CACHED
2026-05-25T11:35:09.4200998Z 
2026-05-25T11:35:09.4201778Z #75 [integration-tests-base  6/25] RUN --mount=target=/tmp/gen_ssh_test_env.sh,source=hack/fixtures/gen_ssh_test_env.sh sh /tmp/gen_ssh_test_env.sh user1 && sh /tmp/gen_ssh_test_env.sh user2
2026-05-25T11:35:09.4202770Z #75 CACHED
2026-05-25T11:35:09.4202905Z 
2026-05-25T11:35:09.4203667Z #76 [integration-tests-base  4/25] RUN curl -fsSL https://raw.githubusercontent.com/moby/moby/v25.0.1/hack/dind > /docker-entrypoint.sh   && chmod 0755 /docker-entrypoint.sh
2026-05-25T11:35:09.4204617Z #76 CACHED
2026-05-25T11:35:09.4204749Z 
2026-05-25T11:35:09.4205289Z #77 [gotestsum 1/2] RUN --mount=target=/root/.cache,type=cache <<EOT (set -ex...)
2026-05-25T11:35:09.4205812Z #77 CACHED
2026-05-25T11:35:09.4205938Z 
2026-05-25T11:35:09.4206319Z #78 [integration-tests-base  3/25] RUN apk add --no-cache nodejs npm   && npm install -g azurite@3.35.0
2026-05-25T11:35:09.4206916Z #78 CACHED
2026-05-25T11:35:09.4207039Z 
2026-05-25T11:35:09.4209177Z #79 [integration-tests-base  1/25] RUN apk add --no-cache shadow shadow-uidmap sudo vim iptables ip6tables dnsmasq fuse curl git-daemon openssh-client openssl iproute2 gpg gpg-agent   && useradd --create-home --home-dir /home/user --uid 1000 -s /bin/sh user   && echo "XDG_RUNTIME_DIR=/run/user/1000; export XDG_RUNTIME_DIR" >> /home/user/.profile   && mkdir -m 0700 -p /run/user/1000   && chown -R user /run/user/1000 /home/user   && ln -s /sbin/iptables-legacy /usr/bin/iptables   && xx-go --wrap
2026-05-25T11:35:09.4211306Z #79 CACHED
2026-05-25T11:35:09.4211409Z 
2026-05-25T11:35:09.4211618Z #80 [integration-tests-base  7/25] COPY --link --from=docker-engine / /usr/bin/
2026-05-25T11:35:09.4212007Z #80 CACHED
2026-05-25T11:35:09.4212120Z 
2026-05-25T11:35:09.4212289Z #81 [gotestsum 2/2] COPY --chmod=755 <<EOF /out/gotestsumandcover
2026-05-25T11:35:09.4212613Z #81 CACHED
2026-05-25T11:35:09.4212706Z 
2026-05-25T11:35:09.4213466Z #82 [integration-tests-base  2/25] RUN curl -fsSL https://raw.githubusercontent.com/containerd/nerdctl/v2.2.1/extras/rootless/containerd-rootless.sh > /usr/bin/containerd-rootless.sh   && chmod 0755 /usr/bin/containerd-rootless.sh
2026-05-25T11:35:09.4214388Z #82 CACHED
2026-05-25T11:35:09.4214486Z 
2026-05-25T11:35:09.4214647Z #83 [integration-tests-base  8/25] RUN rm -f /usr/bin/vpnkit
2026-05-25T11:35:09.4214954Z #83 CACHED
2026-05-25T11:35:09.4215166Z 
2026-05-25T11:35:09.4215406Z #84 [stargz-snapshotter 1/3] WORKDIR /go/src/github.com/containerd/stargz-snapshotter
2026-05-25T11:35:09.4215815Z #84 CACHED
2026-05-25T11:35:09.4215907Z 
2026-05-25T11:35:09.4216596Z #85 [stargz-snapshotter 3/3] RUN --mount=target=/root/.cache,type=cache   xx-go --wrap &&   mkdir /out && CGO_ENABLED=0 PREFIX=/out/ make &&   xx-verify --static /out/containerd-stargz-grpc &&   xx-verify --static /out/ctr-remote
2026-05-25T11:35:09.4217802Z #85 CACHED
2026-05-25T11:35:09.4217897Z 
2026-05-25T11:35:09.4218237Z #86 [stargz-snapshotter 2/3] ADD --keep-git-dir=true https://github.com/containerd/stargz-snapshotter.git#v0.18.2 .
2026-05-25T11:35:09.4218727Z #86 CACHED
2026-05-25T11:35:09.4218824Z 
2026-05-25T11:35:09.4219091Z #87 [registry 2/3] ADD --keep-git-dir=true https://github.com/distribution/distribution.git#v2.8.3 .
2026-05-25T11:35:09.4219523Z #87 CACHED
2026-05-25T11:35:09.4219622Z 
2026-05-25T11:35:09.4219812Z #88 [registry 3/3] RUN --mount=target=/root/.cache,type=cache <<EOT (set -ex...)
2026-05-25T11:35:09.4220167Z #88 CACHED
2026-05-25T11:35:09.4220266Z 
2026-05-25T11:35:09.4220421Z #89 [registry 1/3] WORKDIR /go/src/github.com/docker/distribution
2026-05-25T11:35:09.4220734Z #89 CACHED
2026-05-25T11:35:09.4220825Z 
2026-05-25T11:35:09.4221150Z #90 [containerd 1/3] WORKDIR /go/src/github.com/containerd/containerd
2026-05-25T11:35:09.4221484Z #90 CACHED
2026-05-25T11:35:09.4221575Z 
2026-05-25T11:35:09.4221770Z #91 [containerd-build 1/3] WORKDIR /go/src/github.com/containerd/containerd
2026-05-25T11:35:09.4222117Z #91 CACHED
2026-05-25T11:35:09.4222205Z 
2026-05-25T11:35:09.4222468Z #92 [containerd 2/3] ADD --keep-git-dir=true https://github.com/containerd/containerd.git#v2.2.3 .
2026-05-25T11:35:09.4222887Z #92 CACHED
2026-05-25T11:35:09.4222984Z 
2026-05-25T11:35:09.4223149Z #93 [containerd-build 3/3] COPY --chmod=755 <<-EOT /build.sh
2026-05-25T11:35:09.4223448Z #93 CACHED
2026-05-25T11:35:09.4223545Z 
2026-05-25T11:35:09.4223719Z #94 [containerd-build 2/3] RUN xx-apk add musl-dev gcc && xx-go --wrap
2026-05-25T11:35:09.4224050Z #94 CACHED
2026-05-25T11:35:09.4224145Z 
2026-05-25T11:35:09.4224229Z #95 [containerd 3/3] RUN /build.sh
2026-05-25T11:35:09.4224455Z #95 CACHED
2026-05-25T11:35:09.4224544Z 
2026-05-25T11:35:09.4224644Z #96 [containerd-alt-17 3/3] RUN /build.sh
2026-05-25T11:35:09.4224892Z #96 CACHED
2026-05-25T11:35:09.4224987Z 
2026-05-25T11:35:09.4225446Z #97 [containerd-alt-17 2/3] ADD --keep-git-dir=true https://github.com/containerd/containerd.git#v1.7.31 .
2026-05-25T11:35:09.4225917Z #97 CACHED
2026-05-25T11:35:09.4226010Z 
2026-05-25T11:35:09.4226297Z #98 [containerd-alt-21 2/3] ADD --keep-git-dir=true https://github.com/containerd/containerd.git#v2.1.7 .
2026-05-25T11:35:09.4226738Z #98 CACHED
2026-05-25T11:35:09.4226840Z 
2026-05-25T11:35:09.4226936Z #99 [containerd-alt-21 3/3] RUN /build.sh
2026-05-25T11:35:09.4227179Z #99 CACHED
2026-05-25T11:35:09.4227275Z 
2026-05-25T11:35:09.4227485Z #100 [rootlesskit 1/3] WORKDIR /go/src/github.com/rootless-containers/rootlesskit
2026-05-25T11:35:09.4227853Z #100 CACHED
2026-05-25T11:35:09.4227954Z 
2026-05-25T11:35:09.4228430Z #101 [rootlesskit 3/3] RUN  --mount=target=/root/.cache,type=cache   CGO_ENABLED=0 xx-go build -o /rootlesskit ./cmd/rootlesskit &&   xx-verify --static /rootlesskit
2026-05-25T11:35:09.4229059Z #101 CACHED
2026-05-25T11:35:09.4229162Z 
2026-05-25T11:35:09.4229475Z #102 [rootlesskit 2/3] ADD --keep-git-dir=true https://github.com/rootless-containers/rootlesskit.git#v3.0.0 .
2026-05-25T11:35:09.4229948Z #102 CACHED
2026-05-25T11:35:09.4230040Z 
2026-05-25T11:35:09.4230246Z #103 [integration-tests-base  9/25] COPY --link --from=gotestsum /out /usr/bin/
2026-05-25T11:35:09.7229546Z #103 CACHED
2026-05-25T11:35:09.7230086Z 
2026-05-25T11:35:09.7230987Z #104 [integration-tests-base 10/25] COPY --link --from=minio /usr/bin/minio /usr/bin/
2026-05-25T11:35:09.7231754Z #104 DONE 0.3s
2026-05-25T11:35:09.7232011Z 
2026-05-25T11:35:09.7232445Z #105 [integration-tests-base 11/25] COPY --link --from=minio-mc /usr/bin/mc /usr/bin/
2026-05-25T11:35:09.7233241Z #105 DONE 0.3s
2026-05-25T11:35:09.7233493Z 
2026-05-25T11:35:09.7234221Z #106 [integration-tests-base 12/25] COPY --link --from=nydus /out/nydus-static/* /usr/bin/
2026-05-25T11:35:09.7235111Z #106 DONE 0.3s
2026-05-25T11:35:09.7235322Z 
2026-05-25T11:35:09.7235834Z #107 [integration-tests-base 13/25] COPY --link --from=stargz-snapshotter /out/* /usr/bin/
2026-05-25T11:35:09.7237360Z #107 DONE 0.3s
2026-05-25T11:35:09.7237499Z 
2026-05-25T11:35:09.7237878Z #108 [integration-tests-base 14/25] COPY --link --from=rootlesskit /rootlesskit /usr/bin/
2026-05-25T11:35:09.7238686Z #108 DONE 0.3s
2026-05-25T11:35:09.7238894Z 
2026-05-25T11:35:09.7239377Z #109 [integration-tests-base 15/25] COPY --link --from=containerd-alt-21 /out/containerd* /opt/containerd-alt-21/bin/
2026-05-25T11:35:09.7240066Z #109 DONE 0.3s
2026-05-25T11:35:09.7240185Z 
2026-05-25T11:35:09.7240540Z #110 [integration-tests-base 16/25] COPY --link --from=containerd-alt-17 /out/containerd* /opt/containerd-alt-17/bin/
2026-05-25T11:35:09.7241080Z #110 DONE 0.2s
2026-05-25T11:35:09.7241193Z 
2026-05-25T11:35:09.7241406Z #111 [integration-tests-base 17/25] COPY --link --from=registry /out /usr/bin/
2026-05-25T11:35:09.7241799Z #111 DONE 0.3s
2026-05-25T11:35:09.7241912Z 
2026-05-25T11:35:09.7242312Z #112 [integration-tests-base 18/25] COPY --link --from=runc /usr/bin/runc /usr/bin/
2026-05-25T11:35:09.7242754Z #112 DONE 0.3s
2026-05-25T11:35:09.7242933Z 
2026-05-25T11:35:09.7243411Z #113 [integration-tests-base 19/25] COPY --link --from=containerd /out/containerd* /usr/bin/
2026-05-25T11:35:09.7244625Z #113 DONE 0.3s
2026-05-25T11:35:09.7244739Z 
2026-05-25T11:35:09.7244945Z #114 [integration-tests-base 20/25] COPY --link --from=docker-cli / /usr/bin/
2026-05-25T11:35:09.7245643Z #114 DONE 0.4s
2026-05-25T11:35:09.7245754Z 
2026-05-25T11:35:09.7246121Z #115 [integration-tests-base 21/25] COPY --link --from=docker-buildx /buildx /usr/libexec/docker/cli-plugins/docker-buildx
2026-05-25T11:35:09.7246639Z #115 DONE 0.3s
2026-05-25T11:35:09.7246747Z 
2026-05-25T11:35:09.7247319Z #116 [integration-tests-base 22/25] COPY --link --from=cni-plugins /opt/cni/bin/bridge /opt/cni/bin/host-local /opt/cni/bin/loopback /opt/cni/bin/firewall /opt/cni/bin/dnsname /opt/cni/bin/
2026-05-25T11:35:09.7248050Z #116 DONE 0.4s
2026-05-25T11:35:09.7248163Z 
2026-05-25T11:35:09.7248407Z #117 [integration-tests-base 23/25] COPY --link hack/fixtures/cni.json /etc/buildkit/cni.json
2026-05-25T11:35:09.7248817Z #117 DONE 0.3s
2026-05-25T11:35:09.8860012Z 
2026-05-25T11:35:09.8862685Z #118 [integration-tests-base 25/25] COPY --link --from=binaries / /usr/bin/
2026-05-25T11:35:09.8863609Z #118 DONE 0.1s
2026-05-25T11:35:09.8863862Z 
2026-05-25T11:35:09.8864365Z #119 [integration-tests-base 24/25] COPY --link hack/fixtures/dns-cni.conflist /etc/buildkit/dns-cni.conflist
2026-05-25T11:35:11.3888143Z #119 ...
2026-05-25T11:35:11.3888433Z 
2026-05-25T11:35:11.3888938Z #112 [integration-tests-base 18/25] COPY --link --from=runc /usr/bin/runc /usr/bin/
2026-05-25T11:35:11.3890268Z #112 sha256:e892100fd8e33024f5849017c6deb24d9735b49b209bc124505e443f4f59c94e 9.13MB / 9.13MB 1.5s done
2026-05-25T11:35:11.3891261Z #112 DONE 1.9s
2026-05-25T11:35:11.3891488Z 
2026-05-25T11:35:11.3891902Z #118 [integration-tests-base 25/25] COPY --link --from=binaries / /usr/bin/
2026-05-25T11:35:11.3893201Z #118 extracting sha256:e892100fd8e33024f5849017c6deb24d9735b49b209bc124505e443f4f59c94e 0.1s done
2026-05-25T11:35:11.3893941Z #118 DONE 0.2s
2026-05-25T11:35:11.5128966Z 
2026-05-25T11:35:11.5129904Z #111 [integration-tests-base 17/25] COPY --link --from=registry /out /usr/bin/
2026-05-25T11:35:11.5132459Z #111 sha256:0523946f1479098d8c148a3125b1486292ccae12dee4f181ba1a91d1e57373cc 12.42MB / 12.42MB 1.7s done
2026-05-25T11:35:11.5133463Z #111 DONE 2.0s
2026-05-25T11:35:11.5134089Z 
2026-05-25T11:35:11.5134664Z #119 [integration-tests-base 24/25] COPY --link hack/fixtures/dns-cni.conflist /etc/buildkit/dns-cni.conflist
2026-05-25T11:35:11.5137669Z #119 sha256:cbd83377bfa31c0c66483bd0bce1b89cc2587c903c624fe12275daad60bae22d 378B / 378B 0.1s done
2026-05-25T11:35:11.5138508Z #119 DONE 2.1s
2026-05-25T11:35:11.5138719Z 
2026-05-25T11:35:11.5139099Z #118 [integration-tests-base 25/25] COPY --link --from=binaries / /usr/bin/
2026-05-25T11:35:11.5141228Z #118 extracting sha256:0523946f1479098d8c148a3125b1486292ccae12dee4f181ba1a91d1e57373cc
2026-05-25T11:35:11.6632879Z #118 extracting sha256:0523946f1479098d8c148a3125b1486292ccae12dee4f181ba1a91d1e57373cc 0.1s done
2026-05-25T11:35:11.6634012Z #118 extracting sha256:cbd83377bfa31c0c66483bd0bce1b89cc2587c903c624fe12275daad60bae22d done
2026-05-25T11:35:11.6634541Z #118 DONE 0.3s
2026-05-25T11:35:11.6634672Z 
2026-05-25T11:35:11.6634924Z #103 [integration-tests-base  9/25] COPY --link --from=gotestsum /out /usr/bin/
2026-05-25T11:35:11.6635955Z #103 sha256:89c45cfc631501fede1afcb4aeb81a053a408e654b06fbceaace20deefa177e1 1.36kB / 1.36kB 0.3s done
2026-05-25T11:35:11.6636738Z #103 sha256:4052b11da8e554efd89a25b89cebe1e3456d4d57f36fbff195c2330ef16a0fb5 17.83MB / 85.94MB 1.8s
2026-05-25T11:35:11.6637465Z #103 sha256:510bc2d2d1347cb58694d8db745a9d8f0b6458e1e9161b1801db323d528e1a72 0B / 6.78MB 0.3s
2026-05-25T11:35:11.6638154Z #103 sha256:79a23e87f8c09084cd02d45f220bae67d303597ac8189a926782065fcbcefe60 0B / 153B 0.2s
2026-05-25T11:35:11.8127537Z #103 sha256:79a23e87f8c09084cd02d45f220bae67d303597ac8189a926782065fcbcefe60 153B / 153B 0.3s
2026-05-25T11:35:11.9659561Z #103 sha256:4052b11da8e554efd89a25b89cebe1e3456d4d57f36fbff195c2330ef16a0fb5 26.21MB / 85.94MB 2.1s
2026-05-25T11:35:11.9660647Z #103 sha256:79a23e87f8c09084cd02d45f220bae67d303597ac8189a926782065fcbcefe60 153B / 153B 0.3s done
2026-05-25T11:35:12.1149458Z #103 sha256:4052b11da8e554efd89a25b89cebe1e3456d4d57f36fbff195c2330ef16a0fb5 33.55MB / 85.94MB 2.3s
2026-05-25T11:35:12.2649001Z #103 sha256:510bc2d2d1347cb58694d8db745a9d8f0b6458e1e9161b1801db323d528e1a72 1.05MB / 6.78MB 0.9s
2026-05-25T11:35:12.3909671Z #103 ...
2026-05-25T11:35:12.3909906Z 
2026-05-25T11:35:12.3910438Z #113 [integration-tests-base 19/25] COPY --link --from=containerd /out/containerd* /usr/bin/
2026-05-25T11:35:12.3911358Z #113 sha256:9eeb16942f5ff058f5c4c4d542a81b4525fcf0d4912a5751125e01323e0744fc 19.08MB / 19.08MB 2.4s done
2026-05-25T11:35:12.3912122Z #113 DONE 3.0s
2026-05-25T11:35:12.3912255Z 
2026-05-25T11:35:12.3912556Z #103 [integration-tests-base  9/25] COPY --link --from=gotestsum /out /usr/bin/
2026-05-25T11:35:12.3913477Z #103 sha256:4052b11da8e554efd89a25b89cebe1e3456d4d57f36fbff195c2330ef16a0fb5 38.80MB / 85.94MB 2.6s
2026-05-25T11:35:12.3914442Z #103 sha256:510bc2d2d1347cb58694d8db745a9d8f0b6458e1e9161b1801db323d528e1a72 2.10MB / 6.78MB 1.1s
2026-05-25T11:35:12.6915345Z #103 ...
2026-05-25T11:35:12.6915625Z 
2026-05-25T11:35:12.6916363Z #118 [integration-tests-base 25/25] COPY --link --from=binaries / /usr/bin/
2026-05-25T11:35:12.6917250Z #118 extracting sha256:9eeb16942f5ff058f5c4c4d542a81b4525fcf0d4912a5751125e01323e0744fc 0.2s done
2026-05-25T11:35:12.6917864Z #118 DONE 0.6s
2026-05-25T11:35:12.6918018Z 
2026-05-25T11:35:12.6918300Z #103 [integration-tests-base  9/25] COPY --link --from=gotestsum /out /usr/bin/
2026-05-25T11:35:12.6919094Z #103 sha256:4052b11da8e554efd89a25b89cebe1e3456d4d57f36fbff195c2330ef16a0fb5 47.19MB / 85.94MB 2.9s
2026-05-25T11:35:12.6919994Z #103 sha256:510bc2d2d1347cb58694d8db745a9d8f0b6458e1e9161b1801db323d528e1a72 4.19MB / 6.78MB 1.4s
2026-05-25T11:35:12.8417100Z #103 sha256:4052b11da8e554efd89a25b89cebe1e3456d4d57f36fbff195c2330ef16a0fb5 54.53MB / 85.94MB 3.0s
2026-05-25T11:35:12.8418615Z #103 sha256:510bc2d2d1347cb58694d8db745a9d8f0b6458e1e9161b1801db323d528e1a72 6.78MB / 6.78MB 1.5s done
2026-05-25T11:35:13.1410436Z #103 sha256:4052b11da8e554efd89a25b89cebe1e3456d4d57f36fbff195c2330ef16a0fb5 62.91MB / 85.94MB 3.3s
2026-05-25T11:35:13.4421275Z #103 sha256:4052b11da8e554efd89a25b89cebe1e3456d4d57f36fbff195c2330ef16a0fb5 72.35MB / 85.94MB 3.6s
2026-05-25T11:35:13.5912922Z #103 ...
2026-05-25T11:35:13.5913225Z 
2026-05-25T11:35:13.5913649Z #114 [integration-tests-base 20/25] COPY --link --from=docker-cli / /usr/bin/
2026-05-25T11:35:13.5914746Z #114 sha256:f7d285b9f33d9ad3b6af44a50541b1f8805183310b4e9adfa58fb7904405b5ba 19.51MB / 19.51MB 0.8s done
2026-05-25T11:35:13.5915886Z #114 DONE 4.1s
2026-05-25T11:35:13.5916021Z 
2026-05-25T11:35:13.5916443Z #103 [integration-tests-base  9/25] COPY --link --from=gotestsum /out /usr/bin/
2026-05-25T11:35:13.6965978Z #103 ...
2026-05-25T11:35:13.6966603Z 
2026-05-25T11:35:13.6966923Z #118 [integration-tests-base 25/25] COPY --link --from=binaries / /usr/bin/
2026-05-25T11:35:13.6967656Z #118 extracting sha256:f7d285b9f33d9ad3b6af44a50541b1f8805183310b4e9adfa58fb7904405b5ba 0.2s done
2026-05-25T11:35:13.6968139Z #118 DONE 0.7s
2026-05-25T11:35:13.6968263Z 
2026-05-25T11:35:13.6968481Z #103 [integration-tests-base  9/25] COPY --link --from=gotestsum /out /usr/bin/
2026-05-25T11:35:13.6969074Z #103 sha256:4052b11da8e554efd89a25b89cebe1e3456d4d57f36fbff195c2330ef16a0fb5 78.64MB / 85.94MB 3.9s
2026-05-25T11:35:13.9153016Z #103 sha256:4052b11da8e554efd89a25b89cebe1e3456d4d57f36fbff195c2330ef16a0fb5 85.94MB / 85.94MB 4.1s done
2026-05-25T11:35:14.3520364Z #103 ...
2026-05-25T11:35:14.3520599Z 
2026-05-25T11:35:14.3521155Z #105 [integration-tests-base 11/25] COPY --link --from=minio-mc /usr/bin/mc /usr/bin/
2026-05-25T11:35:14.3523606Z #105 sha256:e54143cc20335a80ff75793e185a530bb53c2dbfff41b352495927371af9c614 11.19MB / 11.19MB 1.9s done
2026-05-25T11:35:14.3524762Z #105 DONE 4.9s
2026-05-25T11:35:14.5024924Z 
2026-05-25T11:35:14.5026246Z #118 [integration-tests-base 25/25] COPY --link --from=binaries / /usr/bin/
2026-05-25T11:35:14.5027809Z #118 extracting sha256:e54143cc20335a80ff75793e185a530bb53c2dbfff41b352495927371af9c614 0.1s done
2026-05-25T11:35:14.5028350Z #118 DONE 0.9s
2026-05-25T11:35:14.5028486Z 
2026-05-25T11:35:14.5028750Z #104 [integration-tests-base 10/25] COPY --link --from=minio /usr/bin/minio /usr/bin/
2026-05-25T11:35:14.5029461Z #104 sha256:bb52cae446c11f802f36a036d74d559f8bd99c4bec508ea6fcab9f36a51ec7c7 32.51MB / 39.45MB 2.6s
2026-05-25T11:35:14.6151386Z #104 sha256:bb52cae446c11f802f36a036d74d559f8bd99c4bec508ea6fcab9f36a51ec7c7 39.45MB / 39.45MB 2.8s done
2026-05-25T11:35:14.6152368Z #104 DONE 5.2s
2026-05-25T11:35:14.6152576Z 
2026-05-25T11:35:14.6153206Z #110 [integration-tests-base 16/25] COPY --link --from=containerd-alt-17 /out/containerd* /opt/containerd-alt-17/bin/
2026-05-25T11:35:14.6155480Z #110 sha256:a89dd06ce11dcaeefc1e83499241319e9afe892470c77edee53f5cd9085140fd 1.05MB / 24.65MB 1.1s
2026-05-25T11:35:14.8780824Z #110 sha256:a89dd06ce11dcaeefc1e83499241319e9afe892470c77edee53f5cd9085140fd 3.15MB / 24.65MB 1.4s
2026-05-25T11:35:15.0280107Z #110 sha256:a89dd06ce11dcaeefc1e83499241319e9afe892470c77edee53f5cd9085140fd 5.24MB / 24.65MB 1.5s
2026-05-25T11:35:15.1696307Z #110 ...
2026-05-25T11:35:15.1697567Z 
2026-05-25T11:35:15.1698024Z #118 [integration-tests-base 25/25] COPY --link --from=binaries / /usr/bin/
2026-05-25T11:35:15.1698809Z #118 extracting sha256:bb52cae446c11f802f36a036d74d559f8bd99c4bec508ea6fcab9f36a51ec7c7 0.4s done
2026-05-25T11:35:15.1699476Z #118 DONE 1.3s
2026-05-25T11:35:15.1699599Z 
2026-05-25T11:35:15.1699818Z #103 [integration-tests-base  9/25] COPY --link --from=gotestsum /out /usr/bin/
2026-05-25T11:35:15.1701015Z #103 sha256:e02deb1ab150cee912a04631d392d418c5d2885b9b818327552f1c651ff40686 1.45kB / 1.45kB 0.3s done
2026-05-25T11:35:15.1702094Z #103 sha256:08c5fbc3c5027253991c96274cc7036ba73ad2c7bc549bf7745a79bb92cb9ae3 3.14kB / 3.14kB 0.3s done
2026-05-25T11:35:15.6152405Z #103 ...
2026-05-25T11:35:15.6152643Z 
2026-05-25T11:35:15.6153519Z #108 [integration-tests-base 14/25] COPY --link --from=rootlesskit /rootlesskit /usr/bin/
2026-05-25T11:35:15.6154921Z #108 sha256:82bb24a786205dcd9e54224b6cc19ddcfe9f87783b68d59296faf0c94dd70808 12.10MB / 12.10MB 1.7s done
2026-05-25T11:35:15.6156113Z #108 DONE 6.1s
2026-05-25T11:35:15.7155997Z 
2026-05-25T11:35:15.7157070Z #118 [integration-tests-base 25/25] COPY --link --from=binaries / /usr/bin/
2026-05-25T11:35:15.7158154Z #118 extracting sha256:82bb24a786205dcd9e54224b6cc19ddcfe9f87783b68d59296faf0c94dd70808 0.1s done
2026-05-25T11:35:15.7158848Z #118 DONE 1.4s
2026-05-25T11:35:15.7158962Z 
2026-05-25T11:35:15.7159320Z #110 [integration-tests-base 16/25] COPY --link --from=containerd-alt-17 /out/containerd* /opt/containerd-alt-17/bin/
2026-05-25T11:35:15.7160083Z #110 sha256:a89dd06ce11dcaeefc1e83499241319e9afe892470c77edee53f5cd9085140fd 15.73MB / 24.65MB 2.1s
2026-05-25T11:35:15.8519200Z #110 ...
2026-05-25T11:35:15.8519633Z 
2026-05-25T11:35:15.8520732Z #116 [integration-tests-base 22/25] COPY --link --from=cni-plugins /opt/cni/bin/bridge /opt/cni/bin/host-local /opt/cni/bin/loopback /opt/cni/bin/firewall /opt/cni/bin/dnsname /opt/cni/bin/
2026-05-25T11:35:15.8522969Z #116 sha256:b15c818d718ef3f8e2e312c43fd16e97b23563709a5e034ec0013e330c68d437 14.76MB / 14.76MB 0.6s done
2026-05-25T11:35:15.8523807Z #116 DONE 6.4s
2026-05-25T11:35:15.8523993Z 
2026-05-25T11:35:15.8524340Z #118 [integration-tests-base 25/25] COPY --link --from=binaries / /usr/bin/
2026-05-25T11:35:15.8525503Z #118 extracting sha256:b15c818d718ef3f8e2e312c43fd16e97b23563709a5e034ec0013e330c68d437 0.1s done
2026-05-25T11:35:15.8526006Z #118 DONE 1.5s
2026-05-25T11:35:15.8526117Z 
2026-05-25T11:35:15.8526711Z #110 [integration-tests-base 16/25] COPY --link --from=containerd-alt-17 /out/containerd* /opt/containerd-alt-17/bin/
2026-05-25T11:35:15.8527459Z #110 sha256:a89dd06ce11dcaeefc1e83499241319e9afe892470c77edee53f5cd9085140fd 19.92MB / 24.65MB 2.3s
2026-05-25T11:35:16.0246508Z #110 sha256:a89dd06ce11dcaeefc1e83499241319e9afe892470c77edee53f5cd9085140fd 24.65MB / 24.65MB 2.3s done
2026-05-25T11:35:16.0248538Z #110 DONE 6.4s
2026-05-25T11:35:16.0248777Z 
2026-05-25T11:35:16.0249224Z #118 [integration-tests-base 25/25] COPY --link --from=binaries / /usr/bin/
2026-05-25T11:35:16.0250410Z #118 extracting sha256:a89dd06ce11dcaeefc1e83499241319e9afe892470c77edee53f5cd9085140fd
2026-05-25T11:35:16.3243214Z #118 extracting sha256:a89dd06ce11dcaeefc1e83499241319e9afe892470c77edee53f5cd9085140fd 0.3s done
2026-05-25T11:35:16.3244111Z #118 DONE 1.8s
2026-05-25T11:35:16.3244284Z 
2026-05-25T11:35:16.3244575Z #103 [integration-tests-base  9/25] COPY --link --from=gotestsum /out /usr/bin/
2026-05-25T11:35:16.3245612Z #103 sha256:215f82bf688d44e9320c260a1342544aedca7e64a66c615345bdbae2ae2e381f 0B / 21.64MB 0.6s
2026-05-25T11:35:16.4743688Z #103 ...
2026-05-25T11:35:16.4743949Z 
2026-05-25T11:35:16.4744696Z #115 [integration-tests-base 21/25] COPY --link --from=docker-buildx /buildx /usr/libexec/docker/cli-plugins/docker-buildx
2026-05-25T11:35:16.4746393Z #115 sha256:fe32849017acc1d11e1c72e52fffda162c107cd8dc46059dbc4602609cfbd5b0 22.99MB / 22.99MB 2.1s done
2026-05-25T11:35:16.4747319Z #115 DONE 7.0s
2026-05-25T11:35:16.4747544Z 
2026-05-25T11:35:16.4747983Z #103 [integration-tests-base  9/25] COPY --link --from=gotestsum /out /usr/bin/
2026-05-25T11:35:16.6244893Z #103 sha256:0b1012940598146ed354744dba9ce1b92a1698e40bf4dfcb3b821dfb18bac2e3 0B / 16.62kB 0.2s
2026-05-25T11:35:16.7744213Z #103 ...
2026-05-25T11:35:16.7744822Z 
2026-05-25T11:35:16.7745585Z #118 [integration-tests-base 25/25] COPY --link --from=binaries / /usr/bin/
2026-05-25T11:35:16.7746990Z #118 extracting sha256:fe32849017acc1d11e1c72e52fffda162c107cd8dc46059dbc4602609cfbd5b0 0.3s done
2026-05-25T11:35:16.7748001Z #118 DONE 2.1s
2026-05-25T11:35:16.7748142Z 
2026-05-25T11:35:16.7748429Z #103 [integration-tests-base  9/25] COPY --link --from=gotestsum /out /usr/bin/
2026-05-25T11:35:16.7749198Z #103 sha256:0b1012940598146ed354744dba9ce1b92a1698e40bf4dfcb3b821dfb18bac2e3 16.62kB / 16.62kB 0.3s done
2026-05-25T11:35:16.9248500Z #103 sha256:215f82bf688d44e9320c260a1342544aedca7e64a66c615345bdbae2ae2e381f 2.10MB / 21.64MB 1.2s
2026-05-25T11:35:16.9249605Z #103 sha256:402bc17647ba309d8727ebad8bb274a8569a9cbe5e7345fa74cdf9c252adbe6b 0B / 84.30MB 0.2s
2026-05-25T11:35:17.0752044Z #103 sha256:215f82bf688d44e9320c260a1342544aedca7e64a66c615345bdbae2ae2e381f 4.19MB / 21.64MB 1.4s
2026-05-25T11:35:17.3748395Z #103 sha256:215f82bf688d44e9320c260a1342544aedca7e64a66c615345bdbae2ae2e381f 8.39MB / 21.64MB 1.7s
2026-05-25T11:35:17.4869554Z #103 ...
2026-05-25T11:35:17.4869864Z 
2026-05-25T11:35:17.4871348Z #109 [integration-tests-base 15/25] COPY --link --from=containerd-alt-21 /out/containerd* /opt/containerd-alt-21/bin/
2026-05-25T11:35:17.4873394Z #109 sha256:018afd6ce09bbd5ce7357fe84c476cc4a31560a6f8049710860a187a8052fd3d 18.92MB / 18.92MB 1.7s done
2026-05-25T11:35:17.4874596Z #109 DONE 8.0s
2026-05-25T11:35:17.4874785Z 
2026-05-25T11:35:17.4875843Z #117 [integration-tests-base 23/25] COPY --link hack/fixtures/cni.json /etc/buildkit/cni.json
2026-05-25T11:35:17.4877812Z #117 sha256:64d0e0be22c26cf7187be23b64288a4cc06993840349e207ee8785597381e223 333B / 333B 0.1s done
2026-05-25T11:35:17.4878637Z #117 DONE 8.1s
2026-05-25T11:35:17.4878831Z 
2026-05-25T11:35:17.4879208Z #103 [integration-tests-base  9/25] COPY --link --from=gotestsum /out /usr/bin/
2026-05-25T11:35:17.4880316Z #103 sha256:215f82bf688d44e9320c260a1342544aedca7e64a66c615345bdbae2ae2e381f 11.53MB / 21.64MB 1.8s
2026-05-25T11:35:17.6372319Z #103 sha256:215f82bf688d44e9320c260a1342544aedca7e64a66c615345bdbae2ae2e381f 14.68MB / 21.64MB 2.0s
2026-05-25T11:35:17.7869482Z #103 ...
2026-05-25T11:35:17.7869731Z 
2026-05-25T11:35:17.7870138Z #118 [integration-tests-base 25/25] COPY --link --from=binaries / /usr/bin/
2026-05-25T11:35:17.7871220Z #118 extracting sha256:018afd6ce09bbd5ce7357fe84c476cc4a31560a6f8049710860a187a8052fd3d 0.2s done
2026-05-25T11:35:17.7872039Z #118 extracting sha256:64d0e0be22c26cf7187be23b64288a4cc06993840349e207ee8785597381e223 done
2026-05-25T11:35:17.7872578Z #118 DONE 2.3s
2026-05-25T11:35:17.7872713Z 
2026-05-25T11:35:17.7872974Z #103 [integration-tests-base  9/25] COPY --link --from=gotestsum /out /usr/bin/
2026-05-25T11:35:17.7873703Z #103 sha256:215f82bf688d44e9320c260a1342544aedca7e64a66c615345bdbae2ae2e381f 18.87MB / 21.64MB 2.1s
2026-05-25T11:35:17.9370510Z #103 sha256:215f82bf688d44e9320c260a1342544aedca7e64a66c615345bdbae2ae2e381f 21.64MB / 21.64MB 2.2s done
2026-05-25T11:35:17.9372501Z #103 sha256:402bc17647ba309d8727ebad8bb274a8569a9cbe5e7345fa74cdf9c252adbe6b 5.24MB / 84.30MB 1.2s
2026-05-25T11:35:18.3718225Z #103 ...
2026-05-25T11:35:18.3718475Z 
2026-05-25T11:35:18.3720644Z #118 [integration-tests-base 25/25] COPY --link --from=binaries / /usr/bin/
2026-05-25T11:35:18.3721852Z #118 extracting sha256:215f82bf688d44e9320c260a1342544aedca7e64a66c615345bdbae2ae2e381f 0.6s done
2026-05-25T11:35:18.3722726Z #118 DONE 2.9s
2026-05-25T11:35:18.3722990Z 
2026-05-25T11:35:18.3723467Z #103 [integration-tests-base  9/25] COPY --link --from=gotestsum /out /usr/bin/
2026-05-25T11:35:18.3724381Z #103 sha256:402bc17647ba309d8727ebad8bb274a8569a9cbe5e7345fa74cdf9c252adbe6b 14.68MB / 84.30MB 1.7s
2026-05-25T11:35:18.5375772Z #103 ...
2026-05-25T11:35:18.5376056Z 
2026-05-25T11:35:18.5376432Z #118 [integration-tests-base 25/25] COPY --link --from=binaries / /usr/bin/
2026-05-25T11:35:18.5377400Z #118 extracting sha256:08c5fbc3c5027253991c96274cc7036ba73ad2c7bc549bf7745a79bb92cb9ae3 done
2026-05-25T11:35:18.5377988Z #118 DONE 2.9s
2026-05-25T11:35:18.5378252Z 
2026-05-25T11:35:18.5378570Z #103 [integration-tests-base  9/25] COPY --link --from=gotestsum /out /usr/bin/
2026-05-25T11:35:18.6869821Z #103 ...
2026-05-25T11:35:18.6870118Z 
2026-05-25T11:35:18.6870669Z #107 [integration-tests-base 13/25] COPY --link --from=stargz-snapshotter /out/* /usr/bin/
2026-05-25T11:35:18.6871931Z #107 sha256:93c5bd204ab5c3894d47f61edfa4f0ed0ce40395d815c51fe0a70cb39a1fd7d2 58.05MB / 58.05MB 2.7s done
2026-05-25T11:35:18.6872853Z #107 DONE 9.2s
2026-05-25T11:35:18.6873049Z 
2026-05-25T11:35:18.6873478Z #103 [integration-tests-base  9/25] COPY --link --from=gotestsum /out /usr/bin/
2026-05-25T11:35:18.6874558Z #103 sha256:402bc17647ba309d8727ebad8bb274a8569a9cbe5e7345fa74cdf9c252adbe6b 24.12MB / 84.30MB 2.0s
2026-05-25T11:35:18.9872188Z #103 sha256:402bc17647ba309d8727ebad8bb274a8569a9cbe5e7345fa74cdf9c252adbe6b 32.51MB / 84.30MB 2.3s
2026-05-25T11:35:19.1371595Z #103 sha256:402bc17647ba309d8727ebad8bb274a8569a9cbe5e7345fa74cdf9c252adbe6b 37.75MB / 84.30MB 2.4s
2026-05-25T11:35:19.4371409Z #103 ...
2026-05-25T11:35:19.4371693Z 
2026-05-25T11:35:19.4372097Z #118 [integration-tests-base 25/25] COPY --link --from=binaries / /usr/bin/
2026-05-25T11:35:19.4373185Z #118 extracting sha256:93c5bd204ab5c3894d47f61edfa4f0ed0ce40395d815c51fe0a70cb39a1fd7d2 0.7s done
2026-05-25T11:35:19.4374594Z #118 DONE 3.6s
2026-05-25T11:35:19.4374818Z 
2026-05-25T11:35:19.4375498Z #103 [integration-tests-base  9/25] COPY --link --from=gotestsum /out /usr/bin/
2026-05-25T11:35:19.4376197Z #103 sha256:402bc17647ba309d8727ebad8bb274a8569a9cbe5e7345fa74cdf9c252adbe6b 45.09MB / 84.30MB 2.7s
2026-05-25T11:35:19.7375919Z #103 sha256:402bc17647ba309d8727ebad8bb274a8569a9cbe5e7345fa74cdf9c252adbe6b 54.53MB / 84.30MB 3.0s
2026-05-25T11:35:19.8869374Z #103 ...
2026-05-25T11:35:19.8869934Z 
2026-05-25T11:35:19.8870466Z #106 [integration-tests-base 12/25] COPY --link --from=nydus /out/nydus-static/* /usr/bin/
2026-05-25T11:35:19.8871546Z #106 sha256:c3b38b5bb998a034d55621ea876cac919dc7e43af11a69f865396f609e6f1c99 25.17MB / 29.67MB 2.4s
2026-05-25T11:35:20.0376447Z #106 sha256:c3b38b5bb998a034d55621ea876cac919dc7e43af11a69f865396f609e6f1c99 29.36MB / 29.67MB 2.6s
2026-05-25T11:35:20.0377107Z #106 ...
2026-05-25T11:35:20.0377248Z 
2026-05-25T11:35:20.0378086Z #103 [integration-tests-base  9/25] COPY --link --from=gotestsum /out /usr/bin/
2026-05-25T11:35:20.0379147Z #103 sha256:402bc17647ba309d8727ebad8bb274a8569a9cbe5e7345fa74cdf9c252adbe6b 62.91MB / 84.30MB 3.3s
2026-05-25T11:35:20.2500178Z #103 ...
2026-05-25T11:35:20.2502603Z 
2026-05-25T11:35:20.2503810Z #106 [integration-tests-base 12/25] COPY --link --from=nydus /out/nydus-static/* /usr/bin/
2026-05-25T11:35:20.2506063Z #106 sha256:c3b38b5bb998a034d55621ea876cac919dc7e43af11a69f865396f609e6f1c99 29.67MB / 29.67MB 2.6s done
2026-05-25T11:35:20.2507066Z #106 DONE 10.7s
2026-05-25T11:35:20.2507258Z 
2026-05-25T11:35:20.2507623Z #103 [integration-tests-base  9/25] COPY --link --from=gotestsum /out /usr/bin/
2026-05-25T11:35:20.2508658Z #103 sha256:402bc17647ba309d8727ebad8bb274a8569a9cbe5e7345fa74cdf9c252adbe6b 71.30MB / 84.30MB 3.6s
2026-05-25T11:35:20.5548661Z #103 ...
2026-05-25T11:35:20.5548938Z 
2026-05-25T11:35:20.5549618Z #118 [integration-tests-base 25/25] COPY --link --from=binaries / /usr/bin/
2026-05-25T11:35:20.5550695Z #118 extracting sha256:c3b38b5bb998a034d55621ea876cac919dc7e43af11a69f865396f609e6f1c99 0.3s done
2026-05-25T11:35:20.5551441Z #118 DONE 3.9s
2026-05-25T11:35:20.5551563Z 
2026-05-25T11:35:20.5551785Z #103 [integration-tests-base  9/25] COPY --link --from=gotestsum /out /usr/bin/
2026-05-25T11:35:20.5552399Z #103 sha256:402bc17647ba309d8727ebad8bb274a8569a9cbe5e7345fa74cdf9c252adbe6b 82.84MB / 84.30MB 3.9s
2026-05-25T11:35:20.8572937Z #103 sha256:402bc17647ba309d8727ebad8bb274a8569a9cbe5e7345fa74cdf9c252adbe6b 84.30MB / 84.30MB 4.1s done
2026-05-25T11:35:20.8573864Z #103 DONE 11.0s
2026-05-25T11:35:20.8574062Z 
2026-05-25T11:35:20.8574415Z #118 [integration-tests-base 25/25] COPY --link --from=binaries / /usr/bin/
2026-05-25T11:35:20.8575591Z #118 extracting sha256:402bc17647ba309d8727ebad8bb274a8569a9cbe5e7345fa74cdf9c252adbe6b
2026-05-25T11:35:25.8840709Z #118 extracting sha256:402bc17647ba309d8727ebad8bb274a8569a9cbe5e7345fa74cdf9c252adbe6b 5.2s done
2026-05-25T11:35:25.8841310Z #118 DONE 9.1s
2026-05-25T11:35:26.0507900Z 
2026-05-25T11:35:26.0508857Z #118 [integration-tests-base 25/25] COPY --link --from=binaries / /usr/bin/
2026-05-25T11:35:26.0509875Z #118 extracting sha256:e02deb1ab150cee912a04631d392d418c5d2885b9b818327552f1c651ff40686 done
2026-05-25T11:35:26.0510939Z #118 extracting sha256:0b1012940598146ed354744dba9ce1b92a1698e40bf4dfcb3b821dfb18bac2e3 done
2026-05-25T11:35:26.0512009Z #118 extracting sha256:89c45cfc631501fede1afcb4aeb81a053a408e654b06fbceaace20deefa177e1 done
2026-05-25T11:35:26.0513182Z #118 extracting sha256:4052b11da8e554efd89a25b89cebe1e3456d4d57f36fbff195c2330ef16a0fb5
2026-05-25T11:35:26.8379631Z #118 extracting sha256:4052b11da8e554efd89a25b89cebe1e3456d4d57f36fbff195c2330ef16a0fb5 0.9s done
2026-05-25T11:35:26.8380561Z #118 DONE 10.1s
2026-05-25T11:35:27.0497222Z 
2026-05-25T11:35:27.0497943Z #118 [integration-tests-base 25/25] COPY --link --from=binaries / /usr/bin/
2026-05-25T11:35:27.0498833Z #118 extracting sha256:79a23e87f8c09084cd02d45f220bae67d303597ac8189a926782065fcbcefe60 done
2026-05-25T11:35:27.0499953Z #118 extracting sha256:510bc2d2d1347cb58694d8db745a9d8f0b6458e1e9161b1801db323d528e1a72 0.1s done
2026-05-25T11:35:27.0500550Z #118 merging
2026-05-25T11:35:27.1071377Z #118 merging 0.2s done
2026-05-25T11:35:27.1071797Z #118 DONE 10.3s
2026-05-25T11:35:27.2577425Z 
2026-05-25T11:35:27.2577920Z #120 [integration-tests 1/1] COPY . .
2026-05-25T11:35:31.2828999Z #120 DONE 4.2s
2026-05-25T11:35:31.4353287Z 
2026-05-25T11:35:31.4354097Z #121 exporting to docker image format
2026-05-25T11:35:31.4354605Z #121 exporting layers
2026-05-25T11:35:38.1218559Z #121 exporting layers 6.8s done
2026-05-25T11:35:38.2825458Z #121 exporting manifest sha256:af606f97ef0dd3447b59582409a4f278d9622a12a19db57c987605b4153d284d done
2026-05-25T11:35:38.2828089Z #121 exporting config sha256:3c71bb6406ea89067ff053af902c41adcac7621cdb4b75082958ae1467826486 done
2026-05-25T11:35:38.2832812Z #121 sending tarball
2026-05-25T11:35:41.9747277Z #121 ...
2026-05-25T11:35:41.9747579Z 
2026-05-25T11:35:41.9748033Z #122 importing to docker
2026-05-25T11:35:42.1255138Z #122 loading layer a044995f677d 32.77kB / 290.24kB
2026-05-25T11:35:43.9521182Z #122 loading layer bf2ba1efee40 557.06kB / 67.29MB
2026-05-25T11:35:46.0070858Z #122 loading layer bf2ba1efee40 49.58MB / 67.29MB 2.1s
2026-05-25T11:35:48.4028580Z #122 loading layer bf2ba1efee40 67.29MB / 67.29MB 4.5s
2026-05-25T11:35:49.0826018Z #122 loading layer 307f40a40815 124B / 124B
2026-05-25T11:35:49.2567025Z #122 loading layer 5f70bf18a086 32B / 32B
2026-05-25T11:35:49.2567912Z #122 loading layer 72e16fc096ef 557.06kB / 196.78MB
2026-05-25T11:35:51.1449411Z #122 loading layer 72e16fc096ef 121.44MB / 196.78MB 2.0s
2026-05-25T11:35:53.2271103Z #122 loading layer a8521dc4ce33 17.70kB / 17.70kB
2026-05-25T11:35:53.4118820Z #122 loading layer 82b5ae18aa77 93B / 93B
2026-05-25T11:35:53.4119442Z #122 loading layer e618877a3568 229.38kB / 21.64MB
2026-05-25T11:35:54.1254792Z #122 loading layer 1f2757de44b9 3.14kB / 3.14kB
2026-05-25T11:35:54.3004323Z #122 loading layer c211b6101db6 557.06kB / 84.30MB
2026-05-25T11:35:56.1603845Z #122 loading layer c211b6101db6 58.49MB / 84.30MB 2.0s
2026-05-25T11:35:58.2222655Z #122 loading layer c211b6101db6 65.73MB / 84.30MB 4.1s
2026-05-25T11:36:00.3295660Z #122 loading layer c211b6101db6 74.09MB / 84.30MB 6.2s
2026-05-25T11:36:02.4250912Z #122 loading layer f18d57567e94 1.45kB / 1.45kB
2026-05-25T11:36:02.6262075Z #122 loading layer 37a214bf7d8d 16.62kB / 16.62kB
2026-05-25T11:36:02.6262658Z #122 loading layer 0252e4726ca2 1.36kB / 1.36kB
2026-05-25T11:36:02.6263185Z #122 loading layer 9c2554a00fa6 557.06kB / 85.94MB
2026-05-25T11:36:03.7834656Z #122 loading layer 4dce62b5b4aa 153B / 153B
2026-05-25T11:36:04.0167148Z #122 loading layer ba73c8eafb64 98.30kB / 6.78MB
2026-05-25T11:36:04.0167746Z #122 loading layer 176c8148b505 425.98kB / 39.45MB
2026-05-25T11:36:04.3483879Z #122 loading layer 56945332999e 131.07kB / 11.19MB
2026-05-25T11:36:04.5066577Z #122 loading layer 4a722a709ea9 327.68kB / 29.67MB
2026-05-25T11:36:04.9046245Z #122 loading layer 3b04e6ee8762 557.06kB / 58.05MB
2026-05-25T11:36:05.8410483Z #122 loading layer 700533813e47 131.07kB / 12.10MB
2026-05-25T11:36:05.9643696Z #122 loading layer 654de919d804 196.61kB / 18.92MB
2026-05-25T11:36:06.2361443Z #122 loading layer 3ee2ef72fe2b 262.14kB / 24.65MB
2026-05-25T11:36:06.5850035Z #122 loading layer b9379ffbfe7f 131.07kB / 12.42MB
2026-05-25T11:36:06.7106290Z #122 loading layer 4f19bfe8ce05 98.30kB / 9.13MB
2026-05-25T11:36:06.9530196Z #122 loading layer ed4e3e5ef05d 196.61kB / 19.08MB
2026-05-25T11:36:07.0772149Z #122 loading layer 65b73b48bb0c 196.61kB / 19.51MB
2026-05-25T11:36:07.2792041Z #122 loading layer 8b28c2bdfc61 262.14kB / 22.99MB
2026-05-25T11:36:07.5856281Z #122 loading layer 488fa61d551c 163.84kB / 14.76MB
2026-05-25T11:36:07.7147228Z #122 loading layer 29eed81bfe75 333B / 333B
2026-05-25T11:36:07.8900434Z #122 loading layer c58a64b2af30 378B / 378B
2026-05-25T11:36:07.8901414Z #122 loading layer a83f96b0e929 557.06kB / 95.99MB
2026-05-25T11:36:08.8447578Z #122 loading layer 3aca14e13f56 262.14kB / 24.60MB
2026-05-25T11:36:10.8587409Z #122 loading layer 3aca14e13f56 23.59MB / 24.60MB 2.0s
2026-05-25T11:36:11.2306410Z #122 loading layer 4a722a709ea9 29.67MB / 29.67MB 6.7s done
2026-05-25T11:36:11.3153790Z #122 loading layer a044995f677d 290.24kB / 290.24kB 29.3s done
2026-05-25T11:36:11.3154495Z #122 loading layer bf2ba1efee40 67.29MB / 67.29MB 27.3s done
2026-05-25T11:36:11.3155298Z #122 loading layer 307f40a40815 124B / 124B 22.1s done
2026-05-25T11:36:11.3155855Z #122 loading layer 5f70bf18a086 32B / 32B 22.1s done
2026-05-25T11:36:11.3156431Z #122 loading layer 72e16fc096ef 196.78MB / 196.78MB 22.1s done
2026-05-25T11:36:11.3157047Z #122 loading layer a8521dc4ce33 17.70kB / 17.70kB 18.0s done
2026-05-25T11:36:11.3157613Z #122 loading layer 82b5ae18aa77 93B / 93B 18.0s done
2026-05-25T11:36:11.3158168Z #122 loading layer e618877a3568 21.64MB / 21.64MB 18.0s done
2026-05-25T11:36:11.3158749Z #122 loading layer 1f2757de44b9 3.14kB / 3.14kB 17.1s done
2026-05-25T11:36:11.3159647Z #122 loading layer c211b6101db6 84.30MB / 84.30MB 17.1s done
2026-05-25T11:36:11.3160267Z #122 loading layer f18d57567e94 1.45kB / 1.45kB 8.8s done
2026-05-25T11:36:11.3160772Z #122 loading layer 37a214bf7d8d 16.62kB / 16.62kB 8.8s done
2026-05-25T11:36:11.3161116Z #122 loading layer 0252e4726ca2 1.36kB / 1.36kB 8.8s done
2026-05-25T11:36:11.3161457Z #122 loading layer 9c2554a00fa6 85.94MB / 85.94MB 8.8s done
2026-05-25T11:36:11.3162014Z #122 loading layer 4dce62b5b4aa 153B / 153B 7.4s done
2026-05-25T11:36:11.3162341Z #122 loading layer ba73c8eafb64 6.78MB / 6.78MB 7.4s done
2026-05-25T11:36:11.3162674Z #122 loading layer 176c8148b505 39.45MB / 39.45MB 7.4s done
2026-05-25T11:36:11.3163205Z #122 loading layer 56945332999e 11.19MB / 11.19MB 6.9s done
2026-05-25T11:36:11.3163537Z #122 loading layer 3b04e6ee8762 58.05MB / 58.05MB 6.3s done
2026-05-25T11:36:11.3163861Z #122 loading layer 700533813e47 12.10MB / 12.10MB 5.4s done
2026-05-25T11:36:11.3164383Z #122 loading layer 654de919d804 18.92MB / 18.92MB 5.3s done
2026-05-25T11:36:11.3164725Z #122 loading layer 3ee2ef72fe2b 24.65MB / 24.65MB 5.0s done
2026-05-25T11:36:11.3165294Z #122 loading layer b9379ffbfe7f 12.42MB / 12.42MB 4.6s done
2026-05-25T11:36:11.3165787Z #122 loading layer 4f19bfe8ce05 9.13MB / 9.13MB 4.5s done
2026-05-25T11:36:11.3166390Z #122 loading layer ed4e3e5ef05d 19.08MB / 19.08MB 4.4s done
2026-05-25T11:36:11.3166978Z #122 loading layer 65b73b48bb0c 19.51MB / 19.51MB 4.2s done
2026-05-25T11:36:11.3167313Z #122 loading layer 8b28c2bdfc61 22.99MB / 22.99MB 4.0s done
2026-05-25T11:36:11.3167641Z #122 loading layer 488fa61d551c 14.76MB / 14.76MB 3.6s done
2026-05-25T11:36:11.3168139Z #122 loading layer 29eed81bfe75 333B / 333B 3.5s done
2026-05-25T11:36:11.3168452Z #122 loading layer c58a64b2af30 378B / 378B 3.5s done
2026-05-25T11:36:11.3168765Z #122 loading layer a83f96b0e929 95.99MB / 95.99MB 3.5s done
2026-05-25T11:36:11.3169298Z #122 loading layer 3aca14e13f56 24.60MB / 24.60MB 2.4s done
2026-05-25T11:36:11.3169674Z #122 DONE 29.3s
2026-05-25T11:36:11.3169792Z 
2026-05-25T11:36:11.3169893Z #121 exporting to docker image format
2026-05-25T11:36:11.3170278Z #121 sending tarball 33.1s done
2026-05-25T11:36:11.3170729Z #121 DONE 39.9s
2026-05-25T11:36:11.3170938Z 
2026-05-25T11:36:11.3171125Z #123 resolving provenance for metadata file
2026-05-25T11:36:11.3171610Z #123 DONE 0.0s
2026-05-25T11:36:11.3232855Z ##[group]Metadata
2026-05-25T11:36:11.3233391Z {
2026-05-25T11:36:11.3233715Z   "integration-tests": {
2026-05-25T11:36:11.3234129Z     "buildx.build.provenance": {
2026-05-25T11:36:11.3234567Z       "builder": {
2026-05-25T11:36:11.3234894Z         "id": ""
2026-05-25T11:36:11.3235579Z       },
2026-05-25T11:36:11.3236016Z       "buildType": "https://mobyproject.org/buildkit@v1",
2026-05-25T11:36:11.3236548Z       "materials": [
2026-05-25T11:36:11.3236867Z         {
2026-05-25T11:36:11.3237315Z           "uri": "pkg:docker/docker/buildx-bin@0.34.0?platform=linux%2Famd64",
2026-05-25T11:36:11.3237958Z           "digest": {
2026-05-25T11:36:11.3238586Z             "sha256": "1023c4a1ac77cee49520b620e1fa29d78be4ee3660bffd1a23b8a35f4e9ca417"
2026-05-25T11:36:11.3239578Z           }
2026-05-25T11:36:11.3239879Z         },
2026-05-25T11:36:11.3240166Z         {
2026-05-25T11:36:11.3240599Z           "uri": "pkg:docker/docker/dockerfile-upstream@master",
2026-05-25T11:36:11.3241152Z           "digest": {
2026-05-25T11:36:11.3241693Z             "sha256": "ab2acc61258a5d096ac5ac4ab5a3d556578f848f23f3a0b4f25716be2e10c9fd"
2026-05-25T11:36:11.3242304Z           }
2026-05-25T11:36:11.3242577Z         },
2026-05-25T11:36:11.3242837Z         {
2026-05-25T11:36:11.3243262Z           "uri": "pkg:docker/dockereng/cli-bin@29.4?platform=linux%2Famd64",
2026-05-25T11:36:11.3243815Z           "digest": {
2026-05-25T11:36:11.3244403Z             "sha256": "84eb7d2d5c598c46dcd5a5d765ffe954a9b4138ce570016e241fd2c70030c2cb"
2026-05-25T11:36:11.3245537Z           }
2026-05-25T11:36:11.3245838Z         },
2026-05-25T11:36:11.3246141Z         {
2026-05-25T11:36:11.3246787Z           "uri": "pkg:docker/alpine@3.23?platform=linux%2Famd64",
2026-05-25T11:36:11.3247315Z           "digest": {
2026-05-25T11:36:11.3247912Z             "sha256": "5b10f432ef3da1b8d4c7eb6c487f2f5a8f096bc91145e68878dd4a5019afde11"
2026-05-25T11:36:11.3248578Z           }
2026-05-25T11:36:11.3248883Z         },
2026-05-25T11:36:11.3249400Z         {
2026-05-25T11:36:11.3249927Z           "uri": "pkg:docker/golang@1.26-alpine3.23?platform=linux%2Famd64",
2026-05-25T11:36:11.3250581Z           "digest": {
2026-05-25T11:36:11.3251197Z             "sha256": "91eda9776261207ea25fd06b5b7fed8d397dd2c0a283e77f2ab6e91bfa71079d"
2026-05-25T11:36:11.3251889Z           }
2026-05-25T11:36:11.3252161Z         },
2026-05-25T11:36:11.3252485Z         {
2026-05-25T11:36:11.3252914Z           "uri": "pkg:docker/moby/moby-bin@29.4?platform=linux%2Famd64",
2026-05-25T11:36:11.3253495Z           "digest": {
2026-05-25T11:36:11.3254117Z             "sha256": "f4a78f950acd6e870ae5de5ae89ff68972a96699fff72a91bb3526a07227d740"
2026-05-25T11:36:11.3254561Z           }
2026-05-25T11:36:11.3254739Z         },
2026-05-25T11:36:11.3254902Z         {
2026-05-25T11:36:11.3255842Z           "uri": "pkg:docker/tonistiigi/binfmt@buildkit-v10.2.1-64?digest=sha256:4cf4c0ad4919b18996362536883de02420c1010654d3c2a2b63e9b72600fa3a9&platform=linux%2Famd64",
2026-05-25T11:36:11.3256566Z           "digest": {
2026-05-25T11:36:11.3256928Z             "sha256": "4cf4c0ad4919b18996362536883de02420c1010654d3c2a2b63e9b72600fa3a9"
2026-05-25T11:36:11.3257351Z           }
2026-05-25T11:36:11.3257517Z         },
2026-05-25T11:36:11.3257695Z         {
2026-05-25T11:36:11.3257971Z           "uri": "pkg:docker/tonistiigi/xx@1.9.0?platform=linux%2Famd64",
2026-05-25T11:36:11.3258316Z           "digest": {
2026-05-25T11:36:11.3258680Z             "sha256": "c64defb9ed5a91eacb37f96ccc3d4cd72521c4bd18d5442905b95e2226b0e707"
2026-05-25T11:36:11.3259078Z           }
2026-05-25T11:36:11.3259256Z         },
2026-05-25T11:36:11.3259409Z         {
2026-05-25T11:36:11.3259771Z           "uri": "pkg:docker/quay.io/minio/mc@RELEASE.2025-08-13T08-35-41Z?platform=linux%2Famd64",
2026-05-25T11:36:11.3260208Z           "digest": {
2026-05-25T11:36:11.3260558Z             "sha256": "a7fe349ef4bd8521fb8497f55c6042871b2ae640607cf99d9bede5e9bdf11727"
2026-05-25T11:36:11.3260968Z           }
2026-05-25T11:36:11.3261127Z         },
2026-05-25T11:36:11.3261306Z         {
2026-05-25T11:36:11.3261684Z           "uri": "pkg:docker/quay.io/minio/minio@RELEASE.2025-09-07T16-13-09Z?platform=linux%2Famd64",
2026-05-25T11:36:11.3262140Z           "digest": {
2026-05-25T11:36:11.3262486Z             "sha256": "14cea493d9a34af32f524e538b8346cf79f3321eff8e708c1e2960462bd8936e"
2026-05-25T11:36:11.3262887Z           }
2026-05-25T11:36:11.3263063Z         },
2026-05-25T11:36:11.3263222Z         {
2026-05-25T11:36:11.3263509Z           "uri": "https://github.com/containerd/containerd.git#v1.7.31",
2026-05-25T11:36:11.3263879Z           "digest": {
2026-05-25T11:36:11.3264147Z             "sha1": "fae9a13a6373263dc7c0d86a3efab7c643f620aa"
2026-05-25T11:36:11.3264651Z           }
2026-05-25T11:36:11.3264813Z         },
2026-05-25T11:36:11.3264989Z         {
2026-05-25T11:36:11.3265799Z           "uri": "https://github.com/containerd/containerd.git#v2.1.7",
2026-05-25T11:36:11.3266188Z           "digest": {
2026-05-25T11:36:11.3266473Z             "sha1": "9ee78df23ed99a919539c88c7d40d05c8384b00f"
2026-05-25T11:36:11.3266778Z           }
2026-05-25T11:36:11.3266942Z         },
2026-05-25T11:36:11.3267123Z         {
2026-05-25T11:36:11.3267397Z           "uri": "https://github.com/containerd/containerd.git#v2.2.3",
2026-05-25T11:36:11.3267739Z           "digest": {
2026-05-25T11:36:11.3267998Z             "sha1": "0c020f0ae8dc3496422d90784b8c58aa91abe09e"
2026-05-25T11:36:11.3268293Z           }
2026-05-25T11:36:11.3268463Z         },
2026-05-25T11:36:11.3268625Z         {
2026-05-25T11:36:11.3268921Z           "uri": "https://github.com/containerd/stargz-snapshotter.git#v0.18.2",
2026-05-25T11:36:11.3269476Z           "digest": {
2026-05-25T11:36:11.3269749Z             "sha1": "3070538befb5a6c09f93e99164762b3a76310357"
2026-05-25T11:36:11.3270041Z           }
2026-05-25T11:36:11.3270196Z         },
2026-05-25T11:36:11.3270371Z         {
2026-05-25T11:36:11.3270635Z           "uri": "https://github.com/containers/dnsname.git#v1.3.1",
2026-05-25T11:36:11.3270962Z           "digest": {
2026-05-25T11:36:11.3271225Z             "sha1": "512aea91bf1095fbcad0abceec38798df5c40c14"
2026-05-25T11:36:11.3271526Z           }
2026-05-25T11:36:11.3271703Z         },
2026-05-25T11:36:11.3271859Z         {
2026-05-25T11:36:11.3272139Z           "uri": "https://github.com/distribution/distribution.git#v2.8.3",
2026-05-25T11:36:11.3272516Z           "digest": {
2026-05-25T11:36:11.3272778Z             "sha1": "df5f20f2e92e343f314c8f0192fff6de159f71a3"
2026-05-25T11:36:11.3273082Z           }
2026-05-25T11:36:11.3273254Z         },
2026-05-25T11:36:11.3273428Z         {
2026-05-25T11:36:11.3273784Z           "uri": "https://github.com/moby/buildkit.git#d6b444d4e18204d7f7e6fac28037ab1e28666d1b",
2026-05-25T11:36:11.3274248Z           "digest": {
2026-05-25T11:36:11.3274507Z             "sha1": "d6b444d4e18204d7f7e6fac28037ab1e28666d1b"
2026-05-25T11:36:11.3274808Z           }
2026-05-25T11:36:11.3274964Z         },
2026-05-25T11:36:11.3275434Z         {
2026-05-25T11:36:11.3275896Z           "uri": "https://github.com/opencontainers/runc.git#v1.3.5",
2026-05-25T11:36:11.3276244Z           "digest": {
2026-05-25T11:36:11.3276535Z             "sha1": "4db10680b270dfd505651cdfe21f412ff029c037"
2026-05-25T11:36:11.3276841Z           }
2026-05-25T11:36:11.3277053Z         },
2026-05-25T11:36:11.3277235Z         {
2026-05-25T11:36:11.3277542Z           "uri": "https://github.com/rootless-containers/rootlesskit.git#v3.0.0",
2026-05-25T11:36:11.3277920Z           "digest": {
2026-05-25T11:36:11.3278150Z             "sha1": "4058db2928d13f4db5c02341e8bc321cd7c7fc25"
2026-05-25T11:36:11.3278423Z           }
2026-05-25T11:36:11.3278580Z         }
2026-05-25T11:36:11.3278741Z       ],
2026-05-25T11:36:11.3278922Z       "invocation": {
2026-05-25T11:36:11.3279126Z         "configSource": {
2026-05-25T11:36:11.3279518Z           "uri": "https://github.com/moby/buildkit.git#d6b444d4e18204d7f7e6fac28037ab1e28666d1b",
2026-05-25T11:36:11.3279925Z           "digest": {
2026-05-25T11:36:11.3280152Z             "sha1": "d6b444d4e18204d7f7e6fac28037ab1e28666d1b"
2026-05-25T11:36:11.3280446Z           },
2026-05-25T11:36:11.3280636Z           "entryPoint": "Dockerfile"
2026-05-25T11:36:11.3280880Z         },
2026-05-25T11:36:11.3281181Z         "parameters": {
2026-05-25T11:36:11.3281515Z           "frontend": "gateway.v0",
2026-05-25T11:36:11.3281960Z           "args": {
2026-05-25T11:36:11.3282403Z             "build-arg:BUILDKITD_TAGS": "",
2026-05-25T11:36:11.3282941Z             "build-arg:BUILDKIT_CONTEXT_KEEP_GIT_DIR": "1",
2026-05-25T11:36:11.3283495Z             "build-arg:GOBUILDFLAGS": "-cover",
2026-05-25T11:36:11.3283818Z             "build-arg:GO_VERSION": "1.26",
2026-05-25T11:36:11.3284297Z             "cmdline": "docker/dockerfile-upstream:master",
2026-05-25T11:36:11.3284627Z             "source": "docker/dockerfile-upstream:master",
2026-05-25T11:36:11.3284923Z             "target": "integration-tests"
2026-05-25T11:36:11.3285471Z           },
2026-05-25T11:36:11.3285650Z           "secrets": [
2026-05-25T11:36:11.3285841Z             {
2026-05-25T11:36:11.3286025Z               "id": "GIT_AUTH_HEADER",
2026-05-25T11:36:11.3286271Z               "optional": true
2026-05-25T11:36:11.3286480Z             },
2026-05-25T11:36:11.3286647Z             {
2026-05-25T11:36:11.3286820Z               "id": "GIT_AUTH_TOKEN",
2026-05-25T11:36:11.3287057Z               "optional": true
2026-05-25T11:36:11.3287262Z             }
2026-05-25T11:36:11.3287423Z           ],
2026-05-25T11:36:11.3287589Z           "root": {
2026-05-25T11:36:11.3287779Z             "configSource": {
2026-05-25T11:36:11.3288298Z               "uri": "https://github.com/moby/buildkit.git#d6b444d4e18204d7f7e6fac28037ab1e28666d1b",
2026-05-25T11:36:11.3288744Z               "digest": {
2026-05-25T11:36:11.3289010Z                 "sha1": "d6b444d4e18204d7f7e6fac28037ab1e28666d1b"
2026-05-25T11:36:11.3289304Z               },
2026-05-25T11:36:11.3289495Z               "path": "Dockerfile"
2026-05-25T11:36:11.3289715Z             },
2026-05-25T11:36:11.3289889Z             "request": {
2026-05-25T11:36:11.3290088Z               "args": {
2026-05-25T11:36:11.3290307Z                 "build-arg:BUILDKITD_TAGS": "",
2026-05-25T11:36:11.3290622Z                 "build-arg:BUILDKIT_CONTEXT_KEEP_GIT_DIR": "1",
2026-05-25T11:36:11.3290946Z                 "build-arg:GOBUILDFLAGS": "-cover",
2026-05-25T11:36:11.3291232Z                 "build-arg:GO_VERSION": "1.26",
2026-05-25T11:36:11.3291505Z                 "target": "integration-tests"
2026-05-25T11:36:11.3291748Z               }
2026-05-25T11:36:11.3291918Z             }
2026-05-25T11:36:11.3292081Z           },
2026-05-25T11:36:11.3292274Z           "compatibilityVersion": 20
2026-05-25T11:36:11.3292514Z         },
2026-05-25T11:36:11.3292686Z         "environment": {
2026-05-25T11:36:11.3292904Z           "github_actor": "crazy-max",
2026-05-25T11:36:11.3300911Z           "github_actor_id": "1951866",
2026-05-25T11:36:11.3301489Z           "github_event_name": "schedule",
2026-05-25T11:36:11.3301827Z           "github_event_payload": {
2026-05-25T11:36:11.3302086Z             "enterprise": {
2026-05-25T11:36:11.3302689Z               "avatar_url": "https://avatars.githubusercontent.com/b/208541?v=4",
2026-05-25T11:36:11.3303363Z               "created_at": "2024-08-08T20:47:18Z",
2026-05-25T11:36:11.3304233Z               "description": "An open framework to assemble specialized container systems without reinventing the wheel.",
2026-05-25T11:36:11.3305439Z               "html_url": "https://github.com/enterprises/mobyproject",
2026-05-25T11:36:11.3305988Z               "id": 208541,
2026-05-25T11:36:11.3306354Z               "name": "Moby",
2026-05-25T11:36:11.3306743Z               "node_id": "E_kgDOAAMunQ",
2026-05-25T11:36:11.3307177Z               "slug": "mobyproject",
2026-05-25T11:36:11.3307622Z               "updated_at": "2026-04-29T17:28:08Z",
2026-05-25T11:36:11.3308143Z               "website_url": "https://mobyproject.org"
2026-05-25T11:36:11.3308617Z             },
2026-05-25T11:36:11.3308934Z             "organization": {
2026-05-25T11:36:11.3309523Z               "avatar_url": "https://avatars.githubusercontent.com/u/27259197?v=4",
2026-05-25T11:36:11.3310602Z               "description": "An open framework to assemble specialized container systems without reinventing the wheel.",
2026-05-25T11:36:11.3311571Z               "events_url": "https://api.github.com/orgs/moby/events",
2026-05-25T11:36:11.3312246Z               "hooks_url": "https://api.github.com/orgs/moby/hooks",
2026-05-25T11:36:11.3312786Z               "id": 27259197,
2026-05-25T11:36:11.3313292Z               "issues_url": "https://api.github.com/orgs/moby/issues",
2026-05-25T11:36:11.3313841Z               "login": "moby",
2026-05-25T11:36:11.3314608Z               "members_url": "https://api.github.com/orgs/moby/members{/member}",
2026-05-25T11:36:11.3315489Z               "node_id": "MDEyOk9yZ2FuaXphdGlvbjI3MjU5MTk3",
2026-05-25T11:36:11.3316278Z               "public_members_url": "https://api.github.com/orgs/moby/public_members{/member}",
2026-05-25T11:36:11.3317110Z               "repos_url": "https://api.github.com/orgs/moby/repos",
2026-05-25T11:36:11.3317754Z               "url": "https://api.github.com/orgs/moby"
2026-05-25T11:36:11.3318236Z             },
2026-05-25T11:36:11.3318554Z             "repository": {
2026-05-25T11:36:11.3318949Z               "allow_forking": true,
2026-05-25T11:36:11.3319642Z               "archive_url": "https://api.github.com/repos/moby/buildkit/{archive_format}{/ref}",
2026-05-25T11:36:11.3320355Z               "archived": false,
2026-05-25T11:36:11.3321141Z               "assignees_url": "https://api.github.com/repos/moby/buildkit/assignees{/user}",
2026-05-25T11:36:11.3322065Z               "blobs_url": "https://api.github.com/repos/moby/buildkit/git/blobs{/sha}",
2026-05-25T11:36:11.3322967Z               "branches_url": "https://api.github.com/repos/moby/buildkit/branches{/branch}",
2026-05-25T11:36:11.3323764Z               "clone_url": "https://github.com/moby/buildkit.git",
2026-05-25T11:36:11.3324659Z               "collaborators_url": "https://api.github.com/repos/moby/buildkit/collaborators{/collaborator}",
2026-05-25T11:36:11.3325931Z               "comments_url": "https://api.github.com/repos/moby/buildkit/comments{/number}",
2026-05-25T11:36:11.3326798Z               "commits_url": "https://api.github.com/repos/moby/buildkit/commits{/sha}",
2026-05-25T11:36:11.3327694Z               "compare_url": "https://api.github.com/repos/moby/buildkit/compare/{base}...{head}",
2026-05-25T11:36:11.3328688Z               "contents_url": "https://api.github.com/repos/moby/buildkit/contents/{+path}",
2026-05-25T11:36:11.3329617Z               "contributors_url": "https://api.github.com/repos/moby/buildkit/contributors",
2026-05-25T11:36:11.3330339Z               "created_at": "2017-05-31T17:04:10Z",
2026-05-25T11:36:11.3330818Z               "custom_properties": {},
2026-05-25T11:36:11.3331256Z               "default_branch": "master",
2026-05-25T11:36:11.3331913Z               "deployments_url": "https://api.github.com/repos/moby/buildkit/deployments",
2026-05-25T11:36:11.3332896Z               "description": "concurrent, cache-efficient, and Dockerfile-agnostic builder toolkit",
2026-05-25T11:36:11.3333650Z               "disabled": false,
2026-05-25T11:36:11.3334247Z               "downloads_url": "https://api.github.com/repos/moby/buildkit/downloads",
2026-05-25T11:36:11.3335240Z               "events_url": "https://api.github.com/repos/moby/buildkit/events",
2026-05-25T11:36:11.3335859Z               "fork": false,
2026-05-25T11:36:11.3336224Z               "forks": 1419,
2026-05-25T11:36:11.3336604Z               "forks_count": 1419,
2026-05-25T11:36:11.3337197Z               "forks_url": "https://api.github.com/repos/moby/buildkit/forks",
2026-05-25T11:36:11.3337835Z               "full_name": "moby/buildkit",
2026-05-25T11:36:11.3338533Z               "git_commits_url": "https://api.github.com/repos/moby/buildkit/git/commits{/sha}",
2026-05-25T11:36:11.3339455Z               "git_refs_url": "https://api.github.com/repos/moby/buildkit/git/refs{/sha}",
2026-05-25T11:36:11.3340331Z               "git_tags_url": "https://api.github.com/repos/moby/buildkit/git/tags{/sha}",
2026-05-25T11:36:11.3340886Z               "git_url": "git://github.com/moby/buildkit.git",
2026-05-25T11:36:11.3341212Z               "has_discussions": true,
2026-05-25T11:36:11.3341477Z               "has_downloads": true,
2026-05-25T11:36:11.3341727Z               "has_issues": true,
2026-05-25T11:36:11.3341962Z               "has_pages": false,
2026-05-25T11:36:11.3342193Z               "has_projects": true,
2026-05-25T11:36:11.3342450Z               "has_pull_requests": true,
2026-05-25T11:36:11.3342864Z               "has_wiki": false,
2026-05-25T11:36:11.3343176Z               "homepage": "https://github.com/moby/moby/issues/34227",
2026-05-25T11:36:11.3343596Z               "hooks_url": "https://api.github.com/repos/moby/buildkit/hooks",
2026-05-25T11:36:11.3343992Z               "html_url": "https://github.com/moby/buildkit",
2026-05-25T11:36:11.3344290Z               "id": 92969352,
2026-05-25T11:36:11.3344515Z               "is_template": false,
2026-05-25T11:36:11.3344944Z               "issue_comment_url": "https://api.github.com/repos/moby/buildkit/issues/comments{/number}",
2026-05-25T11:36:11.3345878Z               "issue_events_url": "https://api.github.com/repos/moby/buildkit/issues/events{/number}",
2026-05-25T11:36:11.3346431Z               "issues_url": "https://api.github.com/repos/moby/buildkit/issues{/number}",
2026-05-25T11:36:11.3346921Z               "keys_url": "https://api.github.com/repos/moby/buildkit/keys{/key_id}",
2026-05-25T11:36:11.3347534Z               "labels_url": "https://api.github.com/repos/moby/buildkit/labels{/name}",
2026-05-25T11:36:11.3347954Z               "language": "Go",
2026-05-25T11:36:11.3348317Z               "languages_url": "https://api.github.com/repos/moby/buildkit/languages",
2026-05-25T11:36:11.3348705Z               "license": {
2026-05-25T11:36:11.3348932Z                 "key": "apache-2.0",
2026-05-25T11:36:11.3349196Z                 "name": "Apache License 2.0",
2026-05-25T11:36:11.3349476Z                 "node_id": "MDc6TGljZW5zZTI=",
2026-05-25T11:36:11.3349747Z                 "spdx_id": "Apache-2.0",
2026-05-25T11:36:11.3350061Z                 "url": "https://api.github.com/licenses/apache-2.0"
2026-05-25T11:36:11.3350367Z               },
2026-05-25T11:36:11.3350655Z               "merges_url": "https://api.github.com/repos/moby/buildkit/merges",
2026-05-25T11:36:11.3351164Z               "milestones_url": "https://api.github.com/repos/moby/buildkit/milestones{/number}",
2026-05-25T11:36:11.3351594Z               "mirror_url": null,
2026-05-25T11:36:11.3351834Z               "name": "buildkit",
2026-05-25T11:36:11.3352117Z               "node_id": "MDEwOlJlcG9zaXRvcnk5Mjk2OTM1Mg==",
2026-05-25T11:36:11.3352671Z               "notifications_url": "https://api.github.com/repos/moby/buildkit/notifications{?since,all,participating}",
2026-05-25T11:36:11.3353194Z               "open_issues": 908,
2026-05-25T11:36:11.3353439Z               "open_issues_count": 908,
2026-05-25T11:36:11.3353685Z               "owner": {
2026-05-25T11:36:11.3354018Z                 "avatar_url": "https://avatars.githubusercontent.com/u/27259197?v=4",
2026-05-25T11:36:11.3354499Z                 "events_url": "https://api.github.com/users/moby/events{/privacy}",
2026-05-25T11:36:11.3354959Z                 "followers_url": "https://api.github.com/users/moby/followers",
2026-05-25T11:36:11.3355861Z                 "following_url": "https://api.github.com/users/moby/following{/other_user}",
2026-05-25T11:36:11.3356358Z                 "gists_url": "https://api.github.com/users/moby/gists{/gist_id}",
2026-05-25T11:36:11.3356718Z                 "gravatar_id": "",
2026-05-25T11:36:11.3356992Z                 "html_url": "https://github.com/moby",
2026-05-25T11:36:11.3357266Z                 "id": 27259197,
2026-05-25T11:36:11.3357491Z                 "login": "moby",
2026-05-25T11:36:11.3357778Z                 "node_id": "MDEyOk9yZ2FuaXphdGlvbjI3MjU5MTk3",
2026-05-25T11:36:11.3358185Z                 "organizations_url": "https://api.github.com/users/moby/orgs",
2026-05-25T11:36:11.3358666Z                 "received_events_url": "https://api.github.com/users/moby/received_events",
2026-05-25T11:36:11.3359124Z                 "repos_url": "https://api.github.com/users/moby/repos",
2026-05-25T11:36:11.3359451Z                 "site_admin": false,
2026-05-25T11:36:11.3359811Z                 "starred_url": "https://api.github.com/users/moby/starred{/owner}{/repo}",
2026-05-25T11:36:11.3360314Z                 "subscriptions_url": "https://api.github.com/users/moby/subscriptions",
2026-05-25T11:36:11.3360846Z                 "type": "Organization",
2026-05-25T11:36:11.3361137Z                 "url": "https://api.github.com/users/moby",
2026-05-25T11:36:11.3361434Z                 "user_view_type": "public"
2026-05-25T11:36:11.3361684Z               },
2026-05-25T11:36:11.3361875Z               "private": false,
2026-05-25T11:36:11.3362131Z               "pull_request_creation_policy": "all",
2026-05-25T11:36:11.3362526Z               "pulls_url": "https://api.github.com/repos/moby/buildkit/pulls{/number}",
2026-05-25T11:36:11.3362922Z               "pushed_at": "2026-05-25T00:44:09Z",
2026-05-25T11:36:11.3363312Z               "releases_url": "https://api.github.com/repos/moby/buildkit/releases{/id}",
2026-05-25T11:36:11.3363699Z               "size": 60352,
2026-05-25T11:36:11.3363961Z               "ssh_url": "git@github.com:moby/buildkit.git",
2026-05-25T11:36:11.3364261Z               "stargazers_count": 9987,
2026-05-25T11:36:11.3364804Z               "stargazers_url": "https://api.github.com/repos/moby/buildkit/stargazers",
2026-05-25T11:36:11.3365608Z               "statuses_url": "https://api.github.com/repos/moby/buildkit/statuses/{sha}",
2026-05-25T11:36:11.3366133Z               "subscribers_url": "https://api.github.com/repos/moby/buildkit/subscribers",
2026-05-25T11:36:11.3366674Z               "subscription_url": "https://api.github.com/repos/moby/buildkit/subscription",
2026-05-25T11:36:11.3367112Z               "svn_url": "https://github.com/moby/buildkit",
2026-05-25T11:36:11.3367500Z               "tags_url": "https://api.github.com/repos/moby/buildkit/tags",
2026-05-25T11:36:11.3367921Z               "teams_url": "https://api.github.com/repos/moby/buildkit/teams",
2026-05-25T11:36:11.3368262Z               "topics": [
2026-05-25T11:36:11.3368473Z                 "builder",
2026-05-25T11:36:11.3368680Z                 "buildkit",
2026-05-25T11:36:11.3368895Z                 "cloud-native",
2026-05-25T11:36:11.3369120Z                 "containers",
2026-05-25T11:36:11.3369339Z                 "docker",
2026-05-25T11:36:11.3369539Z                 "dockerfile",
2026-05-25T11:36:11.3369747Z                 "go",
2026-05-25T11:36:11.3369933Z                 "golang",
2026-05-25T11:36:11.3370130Z                 "oci",
2026-05-25T11:36:11.3370326Z                 "oci-image"
2026-05-25T11:36:11.3370526Z               ],
2026-05-25T11:36:11.3370832Z               "trees_url": "https://api.github.com/repos/moby/buildkit/git/trees{/sha}",
2026-05-25T11:36:11.3371241Z               "updated_at": "2026-05-25T04:50:31Z",
2026-05-25T11:36:11.3371572Z               "url": "https://api.github.com/repos/moby/buildkit",
2026-05-25T11:36:11.3371886Z               "visibility": "public",
2026-05-25T11:36:11.3372133Z               "watchers": 9987,
2026-05-25T11:36:11.3372361Z               "watchers_count": 9987,
2026-05-25T11:36:11.3372629Z               "web_commit_signoff_required": true
2026-05-25T11:36:11.3372887Z             },
2026-05-25T11:36:11.3373084Z             "schedule": "0 10 * * *",
2026-05-25T11:36:11.3373373Z             "workflow": ".github/workflows/buildkit.yml"
2026-05-25T11:36:11.3373647Z           },
2026-05-25T11:36:11.3373828Z           "github_job": "run",
2026-05-25T11:36:11.3374067Z           "github_ref": "refs/heads/master",
2026-05-25T11:36:11.3374328Z           "github_ref_name": "master",
2026-05-25T11:36:11.3374584Z           "github_ref_protected": "true",
2026-05-25T11:36:11.3374837Z           "github_ref_type": "branch",
2026-05-25T11:36:11.3375350Z           "github_repository": "moby/buildkit",
2026-05-25T11:36:11.3375653Z           "github_repository_id": "92969352",
2026-05-25T11:36:11.3375928Z           "github_repository_owner": "moby",
2026-05-25T11:36:11.3376208Z           "github_repository_owner_id": "27259197",
2026-05-25T11:36:11.3376484Z           "github_run_attempt": "1",
2026-05-25T11:36:11.3376729Z           "github_run_id": "26398034851",
2026-05-25T11:36:11.3376980Z           "github_run_number": "9247",
2026-05-25T11:36:11.3377223Z           "github_runner_arch": "X64",
2026-05-25T11:36:11.3377637Z           "github_runner_environment": "github-hosted",
2026-05-25T11:36:11.3377940Z           "github_runner_image_os": "ubuntu24",
2026-05-25T11:36:11.3378241Z           "github_runner_image_version": "20260518.149.1",
2026-05-25T11:36:11.3378569Z           "github_runner_name": "GitHub Actions 1001449622",
2026-05-25T11:36:11.3378864Z           "github_runner_os": "Linux",
2026-05-25T11:36:11.3379221Z           "github_runner_tracking_id": "github_1009e354-c9ac-4315-b8a7-57a49c7d2481",
2026-05-25T11:36:11.3379632Z           "github_server_url": "https://github.com",
2026-05-25T11:36:11.3379937Z           "github_triggering_actor": "crazy-max",
2026-05-25T11:36:11.3380219Z           "github_workflow": "buildkit",
2026-05-25T11:36:11.3380636Z           "github_workflow_ref": "moby/buildkit/.github/workflows/buildkit.yml@refs/heads/master",
2026-05-25T11:36:11.3381263Z           "github_workflow_sha": "d6b444d4e18204d7f7e6fac28037ab1e28666d1b",
2026-05-25T11:36:11.3381618Z           "platform": "linux/amd64"
2026-05-25T11:36:11.3381848Z         }
2026-05-25T11:36:11.3382009Z       }
2026-05-25T11:36:11.3382168Z     },
2026-05-25T11:36:11.3382714Z     "buildx.build.ref": "builder-b1a4b324-6a7f-4375-bf13-35cad6edf1c4/builder-b1a4b324-6a7f-4375-bf13-35cad6edf1c40/rjmblw5ug73ica6utex3pcnnu",
2026-05-25T11:36:11.3383581Z     "containerimage.config.digest": "sha256:3c71bb6406ea89067ff053af902c41adcac7621cdb4b75082958ae1467826486",
2026-05-25T11:36:11.3384088Z     "containerimage.descriptor": {
2026-05-25T11:36:11.3384456Z       "mediaType": "application/vnd.docker.distribution.manifest.v2+json",
2026-05-25T11:36:11.3384964Z       "digest": "sha256:af606f97ef0dd3447b59582409a4f278d9622a12a19db57c987605b4153d284d",
2026-05-25T11:36:11.3385819Z       "size": 7018,
2026-05-25T11:36:11.3386016Z       "annotations": {
2026-05-25T11:36:11.3386300Z         "org.opencontainers.image.created": "2026-05-25T11:35:38Z"
2026-05-25T11:36:11.3386620Z       },
2026-05-25T11:36:11.3386792Z       "platform": {
2026-05-25T11:36:11.3386995Z         "architecture": "amd64",
2026-05-25T11:36:11.3387219Z         "os": "linux"
2026-05-25T11:36:11.3387403Z       }
2026-05-25T11:36:11.3387556Z     },
2026-05-25T11:36:11.3387931Z     "containerimage.digest": "sha256:af606f97ef0dd3447b59582409a4f278d9622a12a19db57c987605b4153d284d",
2026-05-25T11:36:11.3388454Z     "image.name": "docker.io/library/buildkit-tests:latest"
2026-05-25T11:36:11.3388754Z   }
2026-05-25T11:36:11.3388910Z }
2026-05-25T11:36:11.3389311Z ##[endgroup]
2026-05-25T11:36:11.3389649Z ##[group]Build references
2026-05-25T11:36:11.3390167Z builder-b1a4b324-6a7f-4375-bf13-35cad6edf1c4/builder-b1a4b324-6a7f-4375-bf13-35cad6edf1c40/rjmblw5ug73ica6utex3pcnnu
2026-05-25T11:36:11.3390837Z ##[endgroup]
2026-05-25T11:36:11.3391157Z ##[group]Check build summary support
2026-05-25T11:36:11.3391562Z Build summary supported!
2026-05-25T11:36:11.3391895Z ##[endgroup]
2026-05-25T11:36:11.3420186Z ##[group]Run ./hack/test ${KIND}
2026-05-25T11:36:11.3420510Z [36;1m./hack/test ${KIND}[0m
2026-05-25T11:36:11.3453525Z shell: /usr/bin/bash -e {0}
2026-05-25T11:36:11.3453772Z env:
2026-05-25T11:36:11.3453949Z   GO_VERSION: 1.26
2026-05-25T11:36:11.3454160Z   SETUP_BUILDX_VERSION: edge
2026-05-25T11:36:11.3454424Z   SETUP_BUILDKIT_IMAGE: moby/buildkit:latest
2026-05-25T11:36:11.3454930Z   TESTFLAGS: -v --parallel=6 --timeout=30m --run=//worker=oci-rootless-gvisor-tap-vsock-detachnetns$
2026-05-25T11:36:11.3455649Z   GOTESTSUM_FORMAT: standard-verbose
2026-05-25T11:36:11.3455906Z   TEST_IMAGE_BUILD: 0
2026-05-25T11:36:11.3456528Z   TEST_REPORT_NAME: run-clientcmdbuildctlworkercontainerdsolverfrontend--integration-oci-rootless-gvisor-tap-vsock-detachnetns-
2026-05-25T11:36:11.3457277Z   ACTIONS_RUNNER_ACTION_ARCHIVE_CACHE: /opt/actionarchivecache
2026-05-25T11:36:11.3458030Z   ACTIONS_RUNTIME_URL: https://pipelinesghubeus2.actions.githubusercontent.com/VSeSJsGRiRCTiu0PRaYdcZnubUW6TSVddo0DTZpqG1wDqsIbXb/
2026-05-25T11:36:11.3501973Z   ACTIONS_RUNTIME_TOKEN: ***
2026-05-25T11:36:11.3502753Z   ACTIONS_CACHE_URL: https://acghubeus1.actions.githubusercontent.com/VSeSJsGRiRCTiu0PRaYdcZnubUW6TSVddo0DTZpqG1wDqsIbXb/
2026-05-25T11:36:11.3503497Z   ACTIONS_RESULTS_URL: https://results-receiver.actions.githubusercontent.com/
2026-05-25T11:36:11.3503912Z   ACTIONS_CACHE_SERVICE_V2: True
2026-05-25T11:36:11.3504375Z   ACTIONS_ORCHESTRATION_ID: 4bcbfa92-5c9d-4184-86ba-442276311e4f.test.run.oci-rootless-gvisor-tap-v
2026-05-25T11:36:11.3504854Z   KIND: integration
2026-05-25T11:36:11.3505785Z   TEST_REPORT_SUFFIX: -run-clientcmdbuildctlworkercontainerdsolverfrontend--integration-oci-rootless-gvisor-tap-vsock-detachnetns-
2026-05-25T11:36:11.3506476Z   TEST_COVERAGE: 1
2026-05-25T11:36:11.3506787Z   TESTPKGS: ./client ./cmd/buildctl ./worker/containerd ./solver ./frontend
2026-05-25T11:36:11.3507159Z   SKIP_INTEGRATION_TESTS: 
2026-05-25T11:36:11.3507436Z   CACHE_FROM: type=gha,scope=build-integration-tests
2026-05-25T11:36:11.3507730Z ##[endgroup]
2026-05-25T11:36:11.3756695Z + docker create -v /root/.cache -v /root/.cache/registry -v /go/pkg/mod --name buildkit-test-cache alpine
2026-05-25T11:36:11.3870964Z Unable to find image 'alpine:latest' locally
2026-05-25T11:36:12.2478112Z latest: Pulling from library/alpine
2026-05-25T11:36:12.5203327Z 6a0ac1617861: Already exists
2026-05-25T11:36:12.7607640Z Digest: sha256:5b10f432ef3da1b8d4c7eb6c487f2f5a8f096bc91145e68878dd4a5019afde11
2026-05-25T11:36:12.7617380Z Status: Downloaded newer image for alpine:latest
2026-05-25T11:36:12.7769511Z af44ec0b2e9be841ab8560c9dd555d3e43107c99f5440de48dca39356a008813
2026-05-25T11:36:12.7795928Z ++ docker create --rm --privileged -v /home/runner/.docker/config.json:/root/.docker/config.json:ro -v /tmp -v /home/runner/work/buildkit/buildkit/bin/testreports:/testreports --volumes-from=buildkit-test-cache -e CGO_ENABLED -e GITHUB_REF -e ACTIONS_RUNTIME_TOKEN -e ACTIONS_CACHE_SERVICE_V2 -e ACTIONS_CACHE_URL -e ACTIONS_RESULTS_URL -e TEST_DOCKERD -e BUILDKIT_TEST_ENABLE_FEATURES -e BUILDKIT_TEST_DISABLE_FEATURES -e BUILDKIT_TEST_EXPECTED_COMPATIBILITY_VERSION -e GOTESTSUM_FORMAT -e BUILDKIT_REGISTRY_MIRROR_DIR=/root/.cache/registry -e BUILDKIT_INTEGRATION_DOCKERD_FLAGS -e GORACE -e GO_TEST_COVERPROFILE -e SKIP_INTEGRATION_TESTS buildkit-tests gotestsumandcover --format=standard-verbose --jsonfile=/testreports/go-test-report-run-clientcmdbuildctlworkercontainerdsolverfrontend--integration-oci-rootless-gvisor-tap-vsock-detachnetns-.json --junitfile=/testreports/junit-report-run-clientcmdbuildctlworkercontainerdsolverfrontend--integration-oci-rootless-gvisor-tap-vsock-detachnetns-.xml '--packages=./client ./cmd/buildctl ./worker/containerd ./solver ./frontend' -- -mod=vendor -v --parallel=6 --timeout=30m '--run=//worker=oci-rootless-gvisor-tap-vsock-detachnetns$'
2026-05-25T11:36:12.8701014Z + docker start -a 2ce7dca5c8822e9cbb53f57978702fcca2f7d882ca4af7e1d2f98736664a92d5
2026-05-25T11:36:12.9913110Z + '[' -z /testreports/coverage-report-run-clientcmdbuildctlworkercontainerdsolverfrontend--integration-oci-rootless-gvisor-tap-vsock-detachnetns-.txt ]
2026-05-25T11:36:12.9914933Z + dirname /testreports/coverage-report-run-clientcmdbuildctlworkercontainerdsolverfrontend--integration-oci-rootless-gvisor-tap-vsock-detachnetns-.txt
2026-05-25T11:36:12.9917436Z + coverdir=/testreports
2026-05-25T11:36:12.9917853Z + mkdir -p /testreports/helpers
2026-05-25T11:36:12.9928077Z + gotestsum '--format=standard-verbose' '--jsonfile=/testreports/go-test-report-run-clientcmdbuildctlworkercontainerdsolverfrontend--integration-oci-rootless-gvisor-tap-vsock-detachnetns-.json' '--junitfile=/testreports/junit-report-run-clientcmdbuildctlworkercontainerdsolverfrontend--integration-oci-rootless-gvisor-tap-vsock-detachnetns-.xml' '--packages=./client ./cmd/buildctl ./worker/containerd ./solver ./frontend' -- '-mod=vendor' -v '--parallel=6' '--timeout=30m' '--run=//worker=oci-rootless-gvisor-tap-vsock-detachnetns$' '-coverprofile=/testreports/coverage-report-run-clientcmdbuildctlworkercontainerdsolverfrontend--integration-oci-rootless-gvisor-tap-vsock-detachnetns-.txt'
2026-05-25T11:36:55.7762311Z === RUN   TestClientGatewayIntegration
2026-05-25T11:36:55.7764094Z === RUN   TestClientGatewayIntegration/TestClientGatewaySolve/worker=oci-rootless-gvisor-tap-vsock-detachnetns
2026-05-25T11:36:55.7766692Z === PAUSE TestClientGatewayIntegration/TestClientGatewaySolve/worker=oci-rootless-gvisor-tap-vsock-detachnetns
2026-05-25T11:36:55.7768576Z === RUN   TestClientGatewayIntegration/TestClientGatewayFailedSolve/worker=oci-rootless-gvisor-tap-vsock-detachnetns
2026-05-25T11:36:55.7770602Z === PAUSE TestClientGatewayIntegration/TestClientGatewayFailedSolve/worker=oci-rootless-gvisor-tap-vsock-detachnetns
2026-05-25T11:36:55.7772238Z === RUN   TestClientGatewayIntegration/TestClientGatewayEmptySolve/worker=oci-rootless-gvisor-tap-vsock-detachnetns
2026-05-25T11:36:55.7773847Z === PAUSE TestClientGatewayIntegration/TestClientGatewayEmptySolve/worker=oci-rootless-gvisor-tap-vsock-detachnetns
2026-05-25T11:36:55.7782559Z === RUN   TestClientGatewayIntegration/TestNoBuildID/worker=oci-rootless-gvisor-tap-vsock-detachnetns
2026-05-25T11:36:55.7784642Z === PAUSE TestClientGatewayIntegration/TestNoBuildID/worker=oci-rootless-gvisor-tap-vsock-detachnetns
2026-05-25T11:36:55.7788295Z === RUN   TestClientGatewayIntegration/TestUnknownBuildID/worker=oci-rootless-gvisor-tap-vsock-detachnetns
2026-05-25T11:36:55.7790140Z === PAUSE TestClientGatewayIntegration/TestUnknownBuildID/worker=oci-rootless-gvisor-tap-vsock-detachnetns
2026-05-25T11:36:55.7798247Z === RUN   TestClientGatewayIntegration/TestClientGatewayContainerExecPipe/worker=oci-rootless-gvisor-tap-vsock-detachnetns
2026-05-25T11:36:55.7800172Z === PAUSE TestClientGatewayIntegration/TestClientGatewayContainerExecPipe/worker=oci-rootless-gvisor-tap-vsock-detachnetns
2026-05-25T11:36:55.7805979Z === RUN   TestClientGatewayIntegration/TestClientGatewayContainerCancelOnRelease/worker=oci-rootless-gvisor-tap-vsock-detachnetns
2026-05-25T11:36:55.7808089Z === PAUSE TestClientGatewayIntegration/TestClientGatewayContainerCancelOnRelease/worker=oci-rootless-gvisor-tap-vsock-detachnetns
2026-05-25T11:36:55.7810006Z === RUN   TestClientGatewayIntegration/TestClientGatewayContainerPID1Fail/worker=oci-rootless-gvisor-tap-vsock-detachnetns
2026-05-25T11:36:55.7811846Z === PAUSE TestClientGatewayIntegration/TestClientGatewayContainerPID1Fail/worker=oci-rootless-gvisor-tap-vsock-detachnetns
2026-05-25T11:36:55.7813697Z === RUN   TestClientGatewayIntegration/TestClientGatewayContainerPID1Exit/worker=oci-rootless-gvisor-tap-vsock-detachnetns
2026-05-25T11:36:55.7815763Z === PAUSE TestClientGatewayIntegration/TestClientGatewayContainerPID1Exit/worker=oci-rootless-gvisor-tap-vsock-detachnetns
2026-05-25T11:36:55.7869830Z === RUN   TestClientGatewayIntegration/TestClientGatewayContainerMounts/worker=oci-rootless-gvisor-tap-vsock-detachnetns
2026-05-25T11:36:55.7873204Z === PAUSE TestClientGatewayIntegration/TestClientGatewayContainerMounts/worker=oci-rootless-gvisor-tap-vsock-detachnetns
2026-05-25T11:36:55.7877623Z === RUN   TestClientGatewayIntegration/TestClientGatewayContainerSecretEnv/worker=oci-rootless-gvisor-tap-vsock-detachnetns
2026-05-25T11:36:55.7880967Z === PAUSE TestClientGatewayIntegration/TestClientGatewayContainerSecretEnv/worker=oci-rootless-gvisor-tap-vsock-detachnetns
2026-05-25T11:36:55.7883116Z === RUN   TestClientGatewayIntegration/TestClientGatewayContainerPID1Tty/worker=oci-rootless-gvisor-tap-vsock-detachnetns
2026-05-25T11:36:55.7885230Z === PAUSE TestClientGatewayIntegration/TestClientGatewayContainerPID1Tty/worker=oci-rootless-gvisor-tap-vsock-detachnetns
2026-05-25T11:36:55.7888894Z === RUN   TestClientGatewayIntegration/TestClientGatewayContainerCancelPID1Tty/worker=oci-rootless-gvisor-tap-vsock-detachnetns
2026-05-25T11:36:55.7890932Z === PAUSE TestClientGatewayIntegration/TestClientGatewayContainerCancelPID1Tty/worker=oci-rootless-gvisor-tap-vsock-detachnetns
2026-05-25T11:36:55.7894409Z === RUN   TestClientGatewayIntegration/TestClientGatewayContainerExecTty/worker=oci-rootless-gvisor-tap-vsock-detachnetns
2026-05-25T11:36:55.7896863Z === PAUSE TestClientGatewayIntegration/TestClientGatewayContainerExecTty/worker=oci-rootless-gvisor-tap-vsock-detachnetns
2026-05-25T11:36:55.7900481Z === RUN   TestClientGatewayIntegration/TestClientGatewayContainerCancelExecTty/worker=oci-rootless-gvisor-tap-vsock-detachnetns
2026-05-25T11:36:55.7903988Z === PAUSE TestClientGatewayIntegration/TestClientGatewayContainerCancelExecTty/worker=oci-rootless-gvisor-tap-vsock-detachnetns
2026-05-25T11:36:55.7907763Z === RUN   TestClientGatewayIntegration/TestClientSlowCacheRootfsRef/worker=oci-rootless-gvisor-tap-vsock-detachnetns
2026-05-25T11:36:55.7909644Z === PAUSE TestClientGatewayIntegration/TestClientSlowCacheRootfsRef/worker=oci-rootless-gvisor-tap-vsock-detachnetns
2026-05-25T11:36:55.7912945Z === RUN   TestClientGatewayIntegration/TestClientGatewayContainerPlatformPATH/worker=oci-rootless-gvisor-tap-vsock-detachnetns
2026-05-25T11:36:55.7914880Z === PAUSE TestClientGatewayIntegration/TestClientGatewayContainerPlatformPATH/worker=oci-rootless-gvisor-tap-vsock-detachnetns
2026-05-25T11:36:55.7918058Z === RUN   TestClientGatewayIntegration/TestClientGatewayExecError/worker=oci-rootless-gvisor-tap-vsock-detachnetns
2026-05-25T11:36:55.7936031Z === PAUSE TestClientGatewayIntegration/TestClientGatewayExecError/worker=oci-rootless-gvisor-tap-vsock-detachnetns
2026-05-25T11:36:55.7937885Z === RUN   TestClientGatewayIntegration/TestClientGatewaySlowCacheExecError/worker=oci-rootless-gvisor-tap-vsock-detachnetns
2026-05-25T11:36:55.7939681Z === PAUSE TestClientGatewayIntegration/TestClientGatewaySlowCacheExecError/worker=oci-rootless-gvisor-tap-vsock-detachnetns
2026-05-25T11:36:55.7941599Z === RUN   TestClientGatewayIntegration/TestClientGatewayExecFileActionError/worker=oci-rootless-gvisor-tap-vsock-detachnetns
2026-05-25T11:36:55.7943406Z === PAUSE TestClientGatewayIntegration/TestClientGatewayExecFileActionError/worker=oci-rootless-gvisor-tap-vsock-detachnetns
2026-05-25T11:36:55.7945525Z === RUN   TestClientGatewayIntegration/TestClientGatewayContainerExtraHosts/worker=oci-rootless-gvisor-tap-vsock-detachnetns
2026-05-25T11:36:55.7947530Z === PAUSE TestClientGatewayIntegration/TestClientGatewayContainerExtraHosts/worker=oci-rootless-gvisor-tap-vsock-detachnetns
2026-05-25T11:36:55.7949651Z === RUN   TestClientGatewayIntegration/TestClientGatewayContainerSignal/worker=oci-rootless-gvisor-tap-vsock-detachnetns
2026-05-25T11:36:55.7951589Z === PAUSE TestClientGatewayIntegration/TestClientGatewayContainerSignal/worker=oci-rootless-gvisor-tap-vsock-detachnetns
2026-05-25T11:36:55.7953453Z === RUN   TestClientGatewayIntegration/TestWarnings/worker=oci-rootless-gvisor-tap-vsock-detachnetns
2026-05-25T11:36:55.7955257Z === PAUSE TestClientGatewayIntegration/TestWarnings/worker=oci-rootless-gvisor-tap-vsock-detachnetns
2026-05-25T11:36:55.7957618Z === RUN   TestClientGatewayIntegration/TestClientGatewayCanceledCredentialsCallbackReturns/worker=oci-rootless-gvisor-tap-vsock-detachnetns
2026-05-25T11:36:55.7960032Z === PAUSE TestClientGatewayIntegration/TestClientGatewayCanceledCredentialsCallbackReturns/worker=oci-rootless-gvisor-tap-vsock-detachnetns
2026-05-25T11:36:55.7962142Z === RUN   TestClientGatewayIntegration/TestClientGatewayNilResult/worker=oci-rootless-gvisor-tap-vsock-detachnetns
2026-05-25T11:36:55.7963810Z === PAUSE TestClientGatewayIntegration/TestClientGatewayNilResult/worker=oci-rootless-gvisor-tap-vsock-detachnetns
2026-05-25T11:36:55.7965836Z === RUN   TestClientGatewayIntegration/TestClientGatewayEmptyImageExec/worker=oci-rootless-gvisor-tap-vsock-detachnetns
2026-05-25T11:36:55.7967613Z === PAUSE TestClientGatewayIntegration/TestClientGatewayEmptyImageExec/worker=oci-rootless-gvisor-tap-vsock-detachnetns
2026-05-25T11:36:55.8049333Z === RUN   TestClientGatewayIntegration/TestClientGatewayContainerSecurityModeCaps/worker=oci-rootless-gvisor-tap-vsock-detachnetns/secmode=sandbox
2026-05-25T11:36:55.8051782Z === PAUSE TestClientGatewayIntegration/TestClientGatewayContainerSecurityModeCaps/worker=oci-rootless-gvisor-tap-vsock-detachnetns/secmode=sandbox
2026-05-25T11:36:55.8054595Z === RUN   TestClientGatewayIntegration/TestClientGatewayContainerSecurityModeCaps/worker=oci-rootless-gvisor-tap-vsock-detachnetns/secmode=insecure
2026-05-25T11:36:55.8057170Z === PAUSE TestClientGatewayIntegration/TestClientGatewayContainerSecurityModeCaps/worker=oci-rootless-gvisor-tap-vsock-detachnetns/secmode=insecure
2026-05-25T11:36:55.8059784Z === RUN   TestClientGatewayIntegration/TestClientGatewayContainerSecurityModeValidation/worker=oci-rootless-gvisor-tap-vsock-detachnetns/secmode=sandbox
2026-05-25T11:36:55.8062163Z === PAUSE TestClientGatewayIntegration/TestClientGatewayContainerSecurityModeValidation/worker=oci-rootless-gvisor-tap-vsock-detachnetns/secmode=sandbox
2026-05-25T11:36:55.8064595Z === RUN   TestClientGatewayIntegration/TestClientGatewayContainerSecurityModeValidation/worker=oci-rootless-gvisor-tap-vsock-detachnetns/secmode=insecure
2026-05-25T11:36:55.8067267Z === PAUSE TestClientGatewayIntegration/TestClientGatewayContainerSecurityModeValidation/worker=oci-rootless-gvisor-tap-vsock-detachnetns/secmode=insecure
2026-05-25T11:36:55.8069837Z === RUN   TestClientGatewayIntegration/TestClientGatewayContainerHostNetworkingAccess/worker=oci-rootless-gvisor-tap-vsock-detachnetns/netmode=default
2026-05-25T11:36:55.8072186Z === PAUSE TestClientGatewayIntegration/TestClientGatewayContainerHostNetworkingAccess/worker=oci-rootless-gvisor-tap-vsock-detachnetns/netmode=default
2026-05-25T11:36:55.8074643Z === RUN   TestClientGatewayIntegration/TestClientGatewayContainerHostNetworkingAccess/worker=oci-rootless-gvisor-tap-vsock-detachnetns/netmode=host
2026-05-25T11:36:55.8077225Z === PAUSE TestClientGatewayIntegration/TestClientGatewayContainerHostNetworkingAccess/worker=oci-rootless-gvisor-tap-vsock-detachnetns/netmode=host
2026-05-25T11:36:55.8079783Z === RUN   TestClientGatewayIntegration/TestClientGatewayContainerHostNetworkingValidation/worker=oci-rootless-gvisor-tap-vsock-detachnetns/netmode=default
2026-05-25T11:36:55.8082471Z === PAUSE TestClientGatewayIntegration/TestClientGatewayContainerHostNetworkingValidation/worker=oci-rootless-gvisor-tap-vsock-detachnetns/netmode=default
2026-05-25T11:36:55.8084895Z === RUN   TestClientGatewayIntegration/TestClientGatewayContainerHostNetworkingValidation/worker=oci-rootless-gvisor-tap-vsock-detachnetns/netmode=host
2026-05-25T11:36:55.8087344Z === PAUSE TestClientGatewayIntegration/TestClientGatewayContainerHostNetworkingValidation/worker=oci-rootless-gvisor-tap-vsock-detachnetns/netmode=host
2026-05-25T11:36:55.8118382Z === CONT  TestClientGatewayIntegration/TestClientGatewaySolve/worker=oci-rootless-gvisor-tap-vsock-detachnetns
2026-05-25T11:36:55.8120590Z === CONT  TestClientGatewayIntegration/TestClientGatewayExecError/worker=oci-rootless-gvisor-tap-vsock-detachnetns
2026-05-25T11:36:55.8123098Z === CONT  TestClientGatewayIntegration/TestClientGatewayContainerHostNetworkingValidation/worker=oci-rootless-gvisor-tap-vsock-detachnetns/netmode=host
2026-05-25T11:36:55.8125832Z === CONT  TestClientGatewayIntegration/TestClientGatewayContainerHostNetworkingValidation/worker=oci-rootless-gvisor-tap-vsock-detachnetns/netmode=default
2026-05-25T11:36:55.8128491Z === CONT  TestClientGatewayIntegration/TestClientGatewayContainerHostNetworkingAccess/worker=oci-rootless-gvisor-tap-vsock-detachnetns/netmode=host
2026-05-25T11:36:55.8130723Z === CONT  TestClientGatewayIntegration/TestClientGatewayContainerHostNetworkingAccess/worker=oci-rootless-gvisor-tap-vsock-detachnetns/netmode=default
2026-05-25T11:36:55.8275631Z time="2026-05-25T11:36:55Z" level=info msg="fetch failed after status: 404 Not Found" host="localhost:41109"
2026-05-25T11:36:57.0660930Z     run.go:331: copied docker.io/amd64/busybox:latest@sha256:023917ec6a886d0e8e15f28fb543515a5fcd8d938edb091e8147db4efed388ee to local mirror localhost:41109/library/busybox:latest
2026-05-25T11:36:59.0889087Z === RUN   TestClientGatewayIntegration/TestClientGatewayExecError/worker=oci-rootless-gvisor-tap-vsock-detachnetns/only_rootfs
2026-05-25T11:36:59.1340220Z === CONT  TestClientGatewayIntegration/TestClientGatewayContainerSecurityModeValidation/worker=oci-rootless-gvisor-tap-vsock-detachnetns/secmode=insecure
2026-05-25T11:36:59.5741764Z     build_test.go:2171: Stdout: ""
2026-05-25T11:36:59.5742758Z     build_test.go:2172: Stderr: ""
2026-05-25T11:36:59.6423307Z     client_test.go:9430: checkAllReleasable: skipping check for exported tars in non-containerd test
2026-05-25T11:36:59.6794181Z     build_test.go:2171: Stdout: "foo\n"
2026-05-25T11:36:59.6804335Z     build_test.go:2172: Stderr: ""
2026-05-25T11:36:59.6851268Z === CONT  TestClientGatewayIntegration/TestClientGatewayContainerSecurityModeValidation/worker=oci-rootless-gvisor-tap-vsock-detachnetns/secmode=sandbox
2026-05-25T11:36:59.7540142Z     client_test.go:9430: checkAllReleasable: skipping check for exported tars in non-containerd test
2026-05-25T11:36:59.7904238Z === CONT  TestClientGatewayIntegration/TestClientGatewayContainerSecurityModeCaps/worker=oci-rootless-gvisor-tap-vsock-detachnetns/secmode=insecure
2026-05-25T11:36:59.8931247Z     client_test.go:9430: checkAllReleasable: skipping check for exported tars in non-containerd test
2026-05-25T11:36:59.9238744Z === CONT  TestClientGatewayIntegration/TestClientGatewayContainerSecurityModeCaps/worker=oci-rootless-gvisor-tap-vsock-detachnetns/secmode=sandbox
2026-05-25T11:37:00.1120305Z === CONT  TestClientGatewayIntegration/TestClientGatewayEmptyImageExec/worker=oci-rootless-gvisor-tap-vsock-detachnetns
2026-05-25T11:37:00.2013480Z === RUN   TestClientGatewayIntegration/TestClientGatewayExecError/worker=oci-rootless-gvisor-tap-vsock-detachnetns/rootfs_and_readwrite_scratch_mount
2026-05-25T11:37:00.4021453Z === CONT  TestClientGatewayIntegration/TestClientGatewayNilResult/worker=oci-rootless-gvisor-tap-vsock-detachnetns
2026-05-25T11:37:00.7223145Z     build_test.go:1982: Stdout: ""
2026-05-25T11:37:00.7224249Z     build_test.go:1983: Stderr: ""
2026-05-25T11:37:00.7963121Z     client_test.go:9430: checkAllReleasable: skipping check for exported tars in non-containerd test
2026-05-25T11:37:00.8663527Z === CONT  TestClientGatewayIntegration/TestClientGatewayCanceledCredentialsCallbackReturns/worker=oci-rootless-gvisor-tap-vsock-detachnetns
2026-05-25T11:37:01.0019817Z     build_test.go:1982: Stdout: "000001ffffffffff\n"
2026-05-25T11:37:01.0020443Z     build_test.go:1983: Stderr: ""
2026-05-25T11:37:01.1034603Z     client_test.go:9430: checkAllReleasable: skipping check for exported tars in non-containerd test
2026-05-25T11:37:01.1643666Z === CONT  TestClientGatewayIntegration/TestWarnings/worker=oci-rootless-gvisor-tap-vsock-detachnetns
2026-05-25T11:37:01.1871753Z === RUN   TestClientGatewayIntegration/TestClientGatewayExecError/worker=oci-rootless-gvisor-tap-vsock-detachnetns/rootfs_and_readwrite_mount
2026-05-25T11:37:01.2888979Z     build_test.go:1982: Stdout: "00000000a80425fb\n"
2026-05-25T11:37:01.2890491Z     build_test.go:1983: Stderr: ""
2026-05-25T11:37:01.3430005Z     client_test.go:9430: checkAllReleasable: skipping check for exported tars in non-containerd test
2026-05-25T11:37:01.3838125Z === CONT  TestClientGatewayIntegration/TestClientGatewayContainerSignal/worker=oci-rootless-gvisor-tap-vsock-detachnetns
2026-05-25T11:37:01.7315988Z === CONT  TestClientGatewayIntegration/TestClientGatewayContainerExtraHosts/worker=oci-rootless-gvisor-tap-vsock-detachnetns
2026-05-25T11:37:01.7881919Z === CONT  TestClientGatewayIntegration/TestClientGatewayExecFileActionError/worker=oci-rootless-gvisor-tap-vsock-detachnetns
2026-05-25T11:37:02.0166652Z     client_test.go:9430: checkAllReleasable: skipping check for exported tars in non-containerd test
2026-05-25T11:37:02.0726643Z === CONT  TestClientGatewayIntegration/TestClientGatewaySlowCacheExecError/worker=oci-rootless-gvisor-tap-vsock-detachnetns
2026-05-25T11:37:02.0957757Z === RUN   TestClientGatewayIntegration/TestClientGatewayExecError/worker=oci-rootless-gvisor-tap-vsock-detachnetns/rootfs_and_readonly_scratch_mount
2026-05-25T11:37:02.2928462Z     client_test.go:9430: checkAllReleasable: skipping check for exported tars in non-containerd test
2026-05-25T11:37:02.3276224Z === CONT  TestClientGatewayIntegration/TestClientGatewayContainerMounts/worker=oci-rootless-gvisor-tap-vsock-detachnetns
2026-05-25T11:37:02.5990111Z === RUN   TestClientGatewayIntegration/TestClientGatewayExecError/worker=oci-rootless-gvisor-tap-vsock-detachnetns/rootfs_and_readwrite_force_no_output_mount
2026-05-25T11:37:02.7114622Z === RUN   TestClientGatewayIntegration/TestClientGatewayExecFileActionError/worker=oci-rootless-gvisor-tap-vsock-detachnetns/mkfile
2026-05-25T11:37:02.8942195Z     build_test.go:2072: Stdout: "169.254.11.22\tsome.host\n"
2026-05-25T11:37:02.8943435Z     build_test.go:2073: Stderr: ""
2026-05-25T11:37:02.9585860Z     client_test.go:9430: checkAllReleasable: skipping check for exported tars in non-containerd test
2026-05-25T11:37:02.9858490Z === CONT  TestClientGatewayIntegration/TestClientGatewayContainerPlatformPATH/worker=oci-rootless-gvisor-tap-vsock-detachnetns
2026-05-25T11:37:03.1969773Z === RUN   TestClientGatewayIntegration/TestClientGatewayExecFileActionError/worker=oci-rootless-gvisor-tap-vsock-detachnetns/copy_from_input
2026-05-25T11:37:03.4234702Z === RUN   TestClientGatewayIntegration/TestClientGatewayExecFileActionError/worker=oci-rootless-gvisor-tap-vsock-detachnetns/copy_from_action
2026-05-25T11:37:03.4502659Z     client_test.go:9430: checkAllReleasable: skipping check for exported tars in non-containerd test
2026-05-25T11:37:03.4878629Z === CONT  TestClientGatewayIntegration/TestClientSlowCacheRootfsRef/worker=oci-rootless-gvisor-tap-vsock-detachnetns
2026-05-25T11:37:03.7572404Z     client_test.go:9430: checkAllReleasable: skipping check for exported tars in non-containerd test
2026-05-25T11:37:03.7940460Z === CONT  TestClientGatewayIntegration/TestClientGatewayContainerCancelExecTty/worker=oci-rootless-gvisor-tap-vsock-detachnetns
2026-05-25T11:37:03.8643710Z     client_test.go:9430: checkAllReleasable: skipping check for exported tars in non-containerd test
2026-05-25T11:37:03.8970370Z === CONT  TestClientGatewayIntegration/TestClientGatewayContainerExecTty/worker=oci-rootless-gvisor-tap-vsock-detachnetns
2026-05-25T11:37:04.1581192Z === RUN   TestClientGatewayIntegration/TestClientGatewayContainerPlatformPATH/worker=oci-rootless-gvisor-tap-vsock-detachnetns/default_path
2026-05-25T11:37:04.6166795Z === RUN   TestClientGatewayIntegration/TestClientGatewayContainerPlatformPATH/worker=oci-rootless-gvisor-tap-vsock-detachnetns/linux_path
2026-05-25T11:37:04.6765819Z     client_test.go:9430: checkAllReleasable: skipping check for exported tars in non-containerd test
2026-05-25T11:37:04.7087860Z === CONT  TestClientGatewayIntegration/TestClientGatewayContainerCancelPID1Tty/worker=oci-rootless-gvisor-tap-vsock-detachnetns
2026-05-25T11:37:04.7159814Z === RUN   TestCLIIntegration
2026-05-25T11:37:04.7166052Z === RUN   TestCLIIntegration/TestDiskUsage/worker=oci-rootless-gvisor-tap-vsock-detachnetns
2026-05-25T11:37:04.7172230Z === PAUSE TestCLIIntegration/TestDiskUsage/worker=oci-rootless-gvisor-tap-vsock-detachnetns
2026-05-25T11:37:04.7194166Z === RUN   TestCLIIntegration/TestBuildWithLocalFiles/worker=oci-rootless-gvisor-tap-vsock-detachnetns
2026-05-25T11:37:04.7196422Z === PAUSE TestCLIIntegration/TestBuildWithLocalFiles/worker=oci-rootless-gvisor-tap-vsock-detachnetns
2026-05-25T11:37:04.7198172Z === RUN   TestCLIIntegration/TestBuildLocalExporter/worker=oci-rootless-gvisor-tap-vsock-detachnetns
2026-05-25T11:37:04.7207278Z === PAUSE TestCLIIntegration/TestBuildLocalExporter/worker=oci-rootless-gvisor-tap-vsock-detachnetns
2026-05-25T11:37:04.7209047Z === RUN   TestCLIIntegration/TestBuildContainerdExporter/worker=oci-rootless-gvisor-tap-vsock-detachnetns
2026-05-25T11:37:04.7210679Z === PAUSE TestCLIIntegration/TestBuildContainerdExporter/worker=oci-rootless-gvisor-tap-vsock-detachnetns
2026-05-25T11:37:04.7212378Z === RUN   TestCLIIntegration/TestBuildMetadataFile/worker=oci-rootless-gvisor-tap-vsock-detachnetns
2026-05-25T11:37:04.7213909Z === PAUSE TestCLIIntegration/TestBuildMetadataFile/worker=oci-rootless-gvisor-tap-vsock-detachnetns
2026-05-25T11:37:04.7216109Z === RUN   TestCLIIntegration/TestBuildPushProgress/worker=oci-rootless-gvisor-tap-vsock-detachnetns
2026-05-25T11:37:04.7217600Z === PAUSE TestCLIIntegration/TestBuildPushProgress/worker=oci-rootless-gvisor-tap-vsock-detachnetns
2026-05-25T11:37:04.7219033Z === RUN   TestCLIIntegration/TestPrune/worker=oci-rootless-gvisor-tap-vsock-detachnetns
2026-05-25T11:37:04.7220265Z === PAUSE TestCLIIntegration/TestPrune/worker=oci-rootless-gvisor-tap-vsock-detachnetns
2026-05-25T11:37:04.7221643Z === RUN   TestCLIIntegration/TestUsage/worker=oci-rootless-gvisor-tap-vsock-detachnetns
2026-05-25T11:37:04.7223033Z === PAUSE TestCLIIntegration/TestUsage/worker=oci-rootless-gvisor-tap-vsock-detachnetns
2026-05-25T11:37:04.7292888Z === CONT  TestCLIIntegration/TestDiskUsage/worker=oci-rootless-gvisor-tap-vsock-detachnetns
2026-05-25T11:37:04.7300483Z === CONT  TestCLIIntegration/TestBuildMetadataFile/worker=oci-rootless-gvisor-tap-vsock-detachnetns
2026-05-25T11:37:04.7302419Z === CONT  TestCLIIntegration/TestUsage/worker=oci-rootless-gvisor-tap-vsock-detachnetns
2026-05-25T11:37:04.7303920Z === CONT  TestCLIIntegration/TestPrune/worker=oci-rootless-gvisor-tap-vsock-detachnetns
2026-05-25T11:37:04.7305633Z === CONT  TestCLIIntegration/TestBuildPushProgress/worker=oci-rootless-gvisor-tap-vsock-detachnetns
2026-05-25T11:37:04.7307181Z === CONT  TestCLIIntegration/TestBuildLocalExporter/worker=oci-rootless-gvisor-tap-vsock-detachnetns
2026-05-25T11:37:04.7553501Z     client_test.go:9430: checkAllReleasable: skipping check for exported tars in non-containerd test
2026-05-25T11:37:04.8113439Z === RUN   TestClientGatewayIntegration/TestClientGatewayContainerPlatformPATH/worker=oci-rootless-gvisor-tap-vsock-detachnetns/windows_path
2026-05-25T11:37:04.8200736Z === CONT  TestClientGatewayIntegration/TestClientGatewayContainerPID1Tty/worker=oci-rootless-gvisor-tap-vsock-detachnetns
2026-05-25T11:37:05.2523043Z     client_test.go:9430: checkAllReleasable: skipping check for exported tars in non-containerd test
2026-05-25T11:37:05.3455870Z === CONT  TestClientGatewayIntegration/TestClientGatewayContainerSecretEnv/worker=oci-rootless-gvisor-tap-vsock-detachnetns
2026-05-25T11:37:05.4669941Z === CONT  TestCLIIntegration/TestBuildContainerdExporter/worker=oci-rootless-gvisor-tap-vsock-detachnetns
2026-05-25T11:37:05.4693637Z === CONT  TestCLIIntegration/TestBuildWithLocalFiles/worker=oci-rootless-gvisor-tap-vsock-detachnetns
2026-05-25T11:37:05.8315852Z     build_test.go:82: test is only for containerd worker
2026-05-25T11:37:06.3517239Z     build_test.go:181: no containerd worker, skipping digest verification
2026-05-25T11:37:06.5340964Z     client_test.go:9430: checkAllReleasable: skipping check for exported tars in non-containerd test
2026-05-25T11:37:06.5735970Z === CONT  TestClientGatewayIntegration/TestClientGatewayContainerExecPipe/worker=oci-rootless-gvisor-tap-vsock-detachnetns
2026-05-25T11:37:06.6915516Z     client_test.go:9430: checkAllReleasable: skipping check for exported tars in non-containerd test
2026-05-25T11:37:06.7269027Z === CONT  TestClientGatewayIntegration/TestClientGatewayContainerPID1Exit/worker=oci-rootless-gvisor-tap-vsock-detachnetns
2026-05-25T11:37:06.8726708Z     client_test.go:9430: checkAllReleasable: skipping check for exported tars in non-containerd test
2026-05-25T11:37:06.9181858Z === CONT  TestClientGatewayIntegration/TestClientGatewayContainerPID1Fail/worker=oci-rootless-gvisor-tap-vsock-detachnetns
2026-05-25T11:37:07.1862921Z     client_test.go:9430: checkAllReleasable: skipping check for exported tars in non-containerd test
2026-05-25T11:37:07.2513561Z === CONT  TestClientGatewayIntegration/TestClientGatewayContainerCancelOnRelease/worker=oci-rootless-gvisor-tap-vsock-detachnetns
2026-05-25T11:37:07.2572386Z --- PASS: TestCLIIntegration (0.02s)
2026-05-25T11:37:07.2574030Z     --- PASS: TestCLIIntegration/TestPrune/worker=oci-rootless-gvisor-tap-vsock-detachnetns (0.74s)
2026-05-25T11:37:07.2576090Z     --- PASS: TestCLIIntegration/TestUsage/worker=oci-rootless-gvisor-tap-vsock-detachnetns (0.74s)
2026-05-25T11:37:07.2583532Z     --- PASS: TestCLIIntegration/TestDiskUsage/worker=oci-rootless-gvisor-tap-vsock-detachnetns (0.76s)
2026-05-25T11:37:07.2585945Z     --- SKIP: TestCLIIntegration/TestBuildContainerdExporter/worker=oci-rootless-gvisor-tap-vsock-detachnetns (0.56s)
2026-05-25T11:37:07.2587909Z     --- PASS: TestCLIIntegration/TestBuildPushProgress/worker=oci-rootless-gvisor-tap-vsock-detachnetns (1.50s)
2026-05-25T11:37:07.2589655Z     --- PASS: TestCLIIntegration/TestBuildMetadataFile/worker=oci-rootless-gvisor-tap-vsock-detachnetns (1.71s)
2026-05-25T11:37:07.2591236Z     --- PASS: TestCLIIntegration/TestBuildLocalExporter/worker=oci-rootless-gvisor-tap-vsock-detachnetns (2.12s)
2026-05-25T11:37:07.2592909Z     --- PASS: TestCLIIntegration/TestBuildWithLocalFiles/worker=oci-rootless-gvisor-tap-vsock-detachnetns (1.78s)
2026-05-25T11:37:07.2594057Z === RUN   TestWriteMetadataFile
2026-05-25T11:37:07.2594753Z === RUN   TestWriteMetadataFile/common
2026-05-25T11:37:07.2600344Z === RUN   TestWriteMetadataFile/b64json
2026-05-25T11:37:07.2613899Z === RUN   TestWriteMetadataFile/emptyjson
2026-05-25T11:37:07.2625923Z === RUN   TestWriteMetadataFile/invalidjson
2026-05-25T11:37:07.2646189Z === RUN   TestWriteMetadataFile/nullobject
2026-05-25T11:37:07.2674977Z --- PASS: TestWriteMetadataFile (0.01s)
2026-05-25T11:37:07.2680074Z     --- PASS: TestWriteMetadataFile/common (0.00s)
2026-05-25T11:37:07.2681508Z     --- PASS: TestWriteMetadataFile/b64json (0.00s)
2026-05-25T11:37:07.2682417Z     --- PASS: TestWriteMetadataFile/emptyjson (0.00s)
2026-05-25T11:37:07.2690668Z     --- PASS: TestWriteMetadataFile/invalidjson (0.00s)
2026-05-25T11:37:07.2691812Z     --- PASS: TestWriteMetadataFile/nullobject (0.00s)
2026-05-25T11:37:07.2698473Z PASS
2026-05-25T11:37:07.2788455Z coverage: 3.8% of statements
2026-05-25T11:37:07.2914513Z ok  	github.com/moby/buildkit/cmd/buildctl	2.600s	coverage: 3.8% of statements
2026-05-25T11:37:07.7755648Z     client_test.go:9430: checkAllReleasable: skipping check for exported tars in non-containerd test
2026-05-25T11:37:07.8105916Z === CONT  TestClientGatewayIntegration/TestNoBuildID/worker=oci-rootless-gvisor-tap-vsock-detachnetns
2026-05-25T11:37:08.3592767Z     client_test.go:9430: checkAllReleasable: skipping check for exported tars in non-containerd test
2026-05-25T11:37:08.3739986Z     client_test.go:9430: checkAllReleasable: skipping check for exported tars in non-containerd test
2026-05-25T11:37:08.4191099Z === CONT  TestClientGatewayIntegration/TestUnknownBuildID/worker=oci-rootless-gvisor-tap-vsock-detachnetns
2026-05-25T11:37:08.4385527Z === CONT  TestClientGatewayIntegration/TestClientGatewayEmptySolve/worker=oci-rootless-gvisor-tap-vsock-detachnetns
2026-05-25T11:37:09.0636785Z === CONT  TestClientGatewayIntegration/TestClientGatewayFailedSolve/worker=oci-rootless-gvisor-tap-vsock-detachnetns
2026-05-25T11:37:09.0785302Z     client_test.go:9430: checkAllReleasable: skipping check for exported tars in non-containerd test
2026-05-25T11:37:09.4751648Z     client_test.go:9430: checkAllReleasable: skipping check for exported tars in non-containerd test
2026-05-25T11:37:09.4768152Z     client_test.go:9430: checkAllReleasable: skipping check for exported tars in non-containerd test
2026-05-25T11:37:12.6913292Z --- PASS: TestClientGatewayIntegration (0.04s)
2026-05-25T11:37:12.6915578Z     --- SKIP: TestClientGatewayIntegration/TestClientGatewayContainerHostNetworkingValidation/worker=oci-rootless-gvisor-tap-vsock-detachnetns/netmode=default (3.32s)
2026-05-25T11:37:12.6920721Z     --- PASS: TestClientGatewayIntegration/TestClientGatewayContainerHostNetworkingValidation/worker=oci-rootless-gvisor-tap-vsock-detachnetns/netmode=host (3.87s)
2026-05-25T11:37:12.6933759Z     --- PASS: TestClientGatewayIntegration/TestClientGatewayContainerHostNetworkingAccess/worker=oci-rootless-gvisor-tap-vsock-detachnetns/netmode=host (3.98s)
2026-05-25T11:37:12.6944336Z     --- PASS: TestClientGatewayIntegration/TestClientGatewaySolve/worker=oci-rootless-gvisor-tap-vsock-detachnetns (4.11s)
2026-05-25T11:37:12.6947392Z     --- SKIP: TestClientGatewayIntegration/TestClientGatewayContainerHostNetworkingAccess/worker=oci-rootless-gvisor-tap-vsock-detachnetns/netmode=default (4.30s)
2026-05-25T11:37:12.6950190Z     --- PASS: TestClientGatewayIntegration/TestClientGatewayContainerSecurityModeValidation/worker=oci-rootless-gvisor-tap-vsock-detachnetns/secmode=sandbox (0.72s)
2026-05-25T11:37:12.6952880Z     --- PASS: TestClientGatewayIntegration/TestClientGatewayContainerSecurityModeValidation/worker=oci-rootless-gvisor-tap-vsock-detachnetns/secmode=insecure (1.73s)
2026-05-25T11:37:12.6955728Z     --- PASS: TestClientGatewayIntegration/TestClientGatewayContainerSecurityModeCaps/worker=oci-rootless-gvisor-tap-vsock-detachnetns/secmode=insecure (1.37s)
2026-05-25T11:37:12.6958443Z     --- PASS: TestClientGatewayIntegration/TestClientGatewayContainerSecurityModeCaps/worker=oci-rootless-gvisor-tap-vsock-detachnetns/secmode=sandbox (1.46s)
2026-05-25T11:37:12.6960823Z     --- PASS: TestClientGatewayIntegration/TestClientGatewayNilResult/worker=oci-rootless-gvisor-tap-vsock-detachnetns (1.33s)
2026-05-25T11:37:12.6962977Z     --- PASS: TestClientGatewayIntegration/TestClientGatewayEmptyImageExec/worker=oci-rootless-gvisor-tap-vsock-detachnetns (1.68s)
2026-05-25T11:37:12.6965513Z     --- PASS: TestClientGatewayIntegration/TestClientGatewayCanceledCredentialsCallbackReturns/worker=oci-rootless-gvisor-tap-vsock-detachnetns (1.21s)
2026-05-25T11:37:12.6967591Z     --- PASS: TestClientGatewayIntegration/TestWarnings/worker=oci-rootless-gvisor-tap-vsock-detachnetns (1.16s)
2026-05-25T11:37:12.6969563Z     --- PASS: TestClientGatewayIntegration/TestClientGatewayContainerExtraHosts/worker=oci-rootless-gvisor-tap-vsock-detachnetns (1.25s)
2026-05-25T11:37:12.6971635Z     --- PASS: TestClientGatewayIntegration/TestClientGatewayExecError/worker=oci-rootless-gvisor-tap-vsock-detachnetns (7.68s)
2026-05-25T11:37:12.6973810Z         --- PASS: TestClientGatewayIntegration/TestClientGatewayExecError/worker=oci-rootless-gvisor-tap-vsock-detachnetns/only_rootfs (1.11s)
2026-05-25T11:37:12.6976575Z         --- PASS: TestClientGatewayIntegration/TestClientGatewayExecError/worker=oci-rootless-gvisor-tap-vsock-detachnetns/rootfs_and_readwrite_scratch_mount (0.98s)
2026-05-25T11:37:12.6979121Z         --- PASS: TestClientGatewayIntegration/TestClientGatewayExecError/worker=oci-rootless-gvisor-tap-vsock-detachnetns/rootfs_and_readwrite_mount (0.91s)
2026-05-25T11:37:12.6981553Z         --- PASS: TestClientGatewayIntegration/TestClientGatewayExecError/worker=oci-rootless-gvisor-tap-vsock-detachnetns/rootfs_and_readonly_scratch_mount (0.50s)
2026-05-25T11:37:12.6984242Z         --- PASS: TestClientGatewayIntegration/TestClientGatewayExecError/worker=oci-rootless-gvisor-tap-vsock-detachnetns/rootfs_and_readwrite_force_no_output_mount (0.70s)
2026-05-25T11:37:12.6987220Z     --- PASS: TestClientGatewayIntegration/TestClientGatewayExecFileActionError/worker=oci-rootless-gvisor-tap-vsock-detachnetns (2.01s)
2026-05-25T11:37:12.6989489Z         --- PASS: TestClientGatewayIntegration/TestClientGatewayExecFileActionError/worker=oci-rootless-gvisor-tap-vsock-detachnetns/mkfile (0.49s)
2026-05-25T11:37:12.6996567Z         --- PASS: TestClientGatewayIntegration/TestClientGatewayExecFileActionError/worker=oci-rootless-gvisor-tap-vsock-detachnetns/copy_from_input (0.23s)
2026-05-25T11:37:12.6999170Z         --- PASS: TestClientGatewayIntegration/TestClientGatewayExecFileActionError/worker=oci-rootless-gvisor-tap-vsock-detachnetns/copy_from_action (0.23s)
2026-05-25T11:37:12.7001521Z     --- PASS: TestClientGatewayIntegration/TestClientGatewaySlowCacheExecError/worker=oci-rootless-gvisor-tap-vsock-detachnetns (1.82s)
2026-05-25T11:37:12.7003683Z     --- PASS: TestClientGatewayIntegration/TestClientSlowCacheRootfsRef/worker=oci-rootless-gvisor-tap-vsock-detachnetns (1.22s)
2026-05-25T11:37:12.7006082Z     --- PASS: TestClientGatewayIntegration/TestClientGatewayContainerSignal/worker=oci-rootless-gvisor-tap-vsock-detachnetns (3.44s)
2026-05-25T11:37:12.7008551Z     --- PASS: TestClientGatewayIntegration/TestClientGatewayContainerPlatformPATH/worker=oci-rootless-gvisor-tap-vsock-detachnetns (2.36s)
2026-05-25T11:37:12.7010944Z         --- PASS: TestClientGatewayIntegration/TestClientGatewayContainerPlatformPATH/worker=oci-rootless-gvisor-tap-vsock-detachnetns/default_path (0.46s)
2026-05-25T11:37:12.7013415Z         --- PASS: TestClientGatewayIntegration/TestClientGatewayContainerPlatformPATH/worker=oci-rootless-gvisor-tap-vsock-detachnetns/linux_path (0.19s)
2026-05-25T11:37:12.7016032Z         --- PASS: TestClientGatewayIntegration/TestClientGatewayContainerPlatformPATH/worker=oci-rootless-gvisor-tap-vsock-detachnetns/windows_path (0.29s)
2026-05-25T11:37:12.7018642Z     --- PASS: TestClientGatewayIntegration/TestClientGatewayContainerCancelExecTty/worker=oci-rootless-gvisor-tap-vsock-detachnetns (2.78s)
2026-05-25T11:37:12.7021369Z     --- PASS: TestClientGatewayIntegration/TestClientGatewayContainerCancelPID1Tty/worker=oci-rootless-gvisor-tap-vsock-detachnetns (2.02s)
2026-05-25T11:37:12.7024340Z     --- PASS: TestClientGatewayIntegration/TestClientGatewayContainerMounts/worker=oci-rootless-gvisor-tap-vsock-detachnetns (4.59s)
2026-05-25T11:37:12.7046601Z     --- PASS: TestClientGatewayIntegration/TestClientGatewayContainerExecTty/worker=oci-rootless-gvisor-tap-vsock-detachnetns (3.35s)
2026-05-25T11:37:12.7048800Z     --- PASS: TestClientGatewayIntegration/TestClientGatewayContainerSecretEnv/worker=oci-rootless-gvisor-tap-vsock-detachnetns (2.47s)
2026-05-25T11:37:12.7051014Z     --- PASS: TestClientGatewayIntegration/TestClientGatewayContainerPID1Tty/worker=oci-rootless-gvisor-tap-vsock-detachnetns (3.60s)
2026-05-25T11:37:12.7053150Z     --- PASS: TestClientGatewayIntegration/TestClientGatewayContainerExecPipe/worker=oci-rootless-gvisor-tap-vsock-detachnetns (1.87s)
2026-05-25T11:37:12.7055426Z     --- PASS: TestClientGatewayIntegration/TestNoBuildID/worker=oci-rootless-gvisor-tap-vsock-detachnetns (1.25s)
2026-05-25T11:37:12.7057471Z     --- PASS: TestClientGatewayIntegration/TestClientGatewayContainerPID1Fail/worker=oci-rootless-gvisor-tap-vsock-detachnetns (2.21s)
2026-05-25T11:37:12.7059630Z     --- PASS: TestClientGatewayIntegration/TestClientGatewayContainerPID1Exit/worker=oci-rootless-gvisor-tap-vsock-detachnetns (2.80s)
2026-05-25T11:37:12.7061839Z     --- PASS: TestClientGatewayIntegration/TestClientGatewayContainerCancelOnRelease/worker=oci-rootless-gvisor-tap-vsock-detachnetns (2.28s)
2026-05-25T11:37:12.7063975Z     --- PASS: TestClientGatewayIntegration/TestClientGatewayEmptySolve/worker=oci-rootless-gvisor-tap-vsock-detachnetns (1.24s)
2026-05-25T11:37:12.7066308Z     --- PASS: TestClientGatewayIntegration/TestClientGatewayFailedSolve/worker=oci-rootless-gvisor-tap-vsock-detachnetns (0.85s)
2026-05-25T11:37:12.7068706Z     --- PASS: TestClientGatewayIntegration/TestUnknownBuildID/worker=oci-rootless-gvisor-tap-vsock-detachnetns (4.27s)
2026-05-25T11:37:12.7070167Z === RUN   TestIntegration
2026-05-25T11:37:12.7350421Z === RUN   TestIntegration/TestCacheExportCacheKeyLoop/worker=oci-rootless-gvisor-tap-vsock-detachnetns
2026-05-25T11:37:12.7352107Z === PAUSE TestIntegration/TestCacheExportCacheKeyLoop/worker=oci-rootless-gvisor-tap-vsock-detachnetns
2026-05-25T11:37:12.7353795Z === RUN   TestIntegration/TestRelativeWorkDir/worker=oci-rootless-gvisor-tap-vsock-detachnetns
2026-05-25T11:37:12.7355533Z === PAUSE TestIntegration/TestRelativeWorkDir/worker=oci-rootless-gvisor-tap-vsock-detachnetns
2026-05-25T11:37:12.7357043Z === RUN   TestIntegration/TestFileOpMkdirMkfile/worker=oci-rootless-gvisor-tap-vsock-detachnetns
2026-05-25T11:37:12.7359839Z === PAUSE TestIntegration/TestFileOpMkdirMkfile/worker=oci-rootless-gvisor-tap-vsock-detachnetns
2026-05-25T11:37:12.7361584Z === RUN   TestIntegration/TestFileOpCopyRm/worker=oci-rootless-gvisor-tap-vsock-detachnetns
2026-05-25T11:37:12.7363218Z === PAUSE TestIntegration/TestFileOpCopyRm/worker=oci-rootless-gvisor-tap-vsock-detachnetns
2026-05-25T11:37:12.7365571Z === RUN   TestIntegration/TestFileOpCopyIncludeExclude/worker=oci-rootless-gvisor-tap-vsock-detachnetns
2026-05-25T11:37:12.7367352Z === PAUSE TestIntegration/TestFileOpCopyIncludeExclude/worker=oci-rootless-gvisor-tap-vsock-detachnetns
2026-05-25T11:37:12.7369682Z === RUN   TestIntegration/TestFileOpCopyAlwaysReplaceExistingDestPaths/worker=oci-rootless-gvisor-tap-vsock-detachnetns
2026-05-25T11:37:12.7371610Z === PAUSE TestIntegration/TestFileOpCopyAlwaysReplaceExistingDestPaths/worker=oci-rootless-gvisor-tap-vsock-detachnetns
2026-05-25T11:37:12.7374091Z === RUN   TestIntegration/TestFileOpRmWildcard/worker=oci-rootless-gvisor-tap-vsock-detachnetns
2026-05-25T11:37:12.7375813Z === PAUSE TestIntegration/TestFileOpRmWildcard/worker=oci-rootless-gvisor-tap-vsock-detachnetns
2026-05-25T11:37:12.7378151Z === RUN   TestIntegration/TestFileOpCopyUIDCache/worker=oci-rootless-gvisor-tap-vsock-detachnetns
2026-05-25T11:37:12.7379712Z === PAUSE TestIntegration/TestFileOpCopyUIDCache/worker=oci-rootless-gvisor-tap-vsock-detachnetns
2026-05-25T11:37:12.7381802Z === RUN   TestIntegration/TestFileOpCopyChmodText/worker=oci-rootless-gvisor-tap-vsock-detachnetns
2026-05-25T11:37:12.7383853Z === PAUSE TestIntegration/TestFileOpCopyChmodText/worker=oci-rootless-gvisor-tap-vsock-detachnetns
2026-05-25T11:37:12.7385801Z === RUN   TestIntegration/TestCallDiskUsage/worker=oci-rootless-gvisor-tap-vsock-detachnetns
2026-05-25T11:37:12.7387486Z === PAUSE TestIntegration/TestCallDiskUsage/worker=oci-rootless-gvisor-tap-vsock-detachnetns
2026-05-25T11:37:12.7389154Z === RUN   TestIntegration/TestBuildMultiMount/worker=oci-rootless-gvisor-tap-vsock-detachnetns
2026-05-25T11:37:12.7390649Z === PAUSE TestIntegration/TestBuildMultiMount/worker=oci-rootless-gvisor-tap-vsock-detachnetns
2026-05-25T11:37:12.7392113Z === RUN   TestIntegration/TestBuildHTTPSource/worker=oci-rootless-gvisor-tap-vsock-detachnetns
2026-05-25T11:37:12.7393606Z === PAUSE TestIntegration/TestBuildHTTPSource/worker=oci-rootless-gvisor-tap-vsock-detachnetns
2026-05-25T11:37:12.7398029Z === RUN   TestIntegration/TestBuildHTTPSourceEtagScope/worker=oci-rootless-gvisor-tap-vsock-detachnetns
2026-05-25T11:37:12.7399689Z === PAUSE TestIntegration/TestBuildHTTPSourceEtagScope/worker=oci-rootless-gvisor-tap-vsock-detachnetns
2026-05-25T11:37:12.7428918Z === RUN   TestIntegration/TestBuildHTTPSourceAuthHeaderSecret/worker=oci-rootless-gvisor-tap-vsock-detachnetns
2026-05-25T11:37:12.7430736Z === PAUSE TestIntegration/TestBuildHTTPSourceAuthHeaderSecret/worker=oci-rootless-gvisor-tap-vsock-detachnetns
2026-05-25T11:37:12.7432600Z === RUN   TestIntegration/TestBuildHTTPSourceHostTokenSecret/worker=oci-rootless-gvisor-tap-vsock-detachnetns
2026-05-25T11:37:12.7458337Z === PAUSE TestIntegration/TestBuildHTTPSourceHostTokenSecret/worker=oci-rootless-gvisor-tap-vsock-detachnetns
2026-05-25T11:37:12.7460130Z === RUN   TestIntegration/TestBuildHTTPSourceHeader/worker=oci-rootless-gvisor-tap-vsock-detachnetns
2026-05-25T11:37:12.7462118Z === PAUSE TestIntegration/TestBuildHTTPSourceHeader/worker=oci-rootless-gvisor-tap-vsock-detachnetns
2026-05-25T11:37:12.7463860Z === RUN   TestIntegration/TestBuildHTTPSourcePGPSignatureVerify/worker=oci-rootless-gvisor-tap-vsock-detachnetns
2026-05-25T11:37:12.7465833Z === PAUSE TestIntegration/TestBuildHTTPSourcePGPSignatureVerify/worker=oci-rootless-gvisor-tap-vsock-detachnetns
2026-05-25T11:37:12.7467435Z === RUN   TestIntegration/TestBuildPushAndValidate/worker=oci-rootless-gvisor-tap-vsock-detachnetns
2026-05-25T11:37:12.7468962Z === PAUSE TestIntegration/TestBuildPushAndValidate/worker=oci-rootless-gvisor-tap-vsock-detachnetns
2026-05-25T11:37:12.7470560Z === RUN   TestIntegration/TestBuildExportWithUncompressed/worker=oci-rootless-gvisor-tap-vsock-detachnetns
2026-05-25T11:37:12.7472232Z === PAUSE TestIntegration/TestBuildExportWithUncompressed/worker=oci-rootless-gvisor-tap-vsock-detachnetns
2026-05-25T11:37:12.7473833Z === RUN   TestIntegration/TestBuildExportScratch/worker=oci-rootless-gvisor-tap-vsock-detachnetns
2026-05-25T11:37:12.7475901Z === PAUSE TestIntegration/TestBuildExportScratch/worker=oci-rootless-gvisor-tap-vsock-detachnetns
2026-05-25T11:37:12.7477449Z === RUN   TestIntegration/TestResolveAndHosts/worker=oci-rootless-gvisor-tap-vsock-detachnetns
2026-05-25T11:37:12.7478950Z === PAUSE TestIntegration/TestResolveAndHosts/worker=oci-rootless-gvisor-tap-vsock-detachnetns
2026-05-25T11:37:12.7480306Z === RUN   TestIntegration/TestUser/worker=oci-rootless-gvisor-tap-vsock-detachnetns
2026-05-25T11:37:12.7481523Z === PAUSE TestIntegration/TestUser/worker=oci-rootless-gvisor-tap-vsock-detachnetns
2026-05-25T11:37:12.7493499Z === RUN   TestIntegration/TestOCIExporter/worker=oci-rootless-gvisor-tap-vsock-detachnetns
2026-05-25T11:37:12.7495298Z === PAUSE TestIntegration/TestOCIExporter/worker=oci-rootless-gvisor-tap-vsock-detachnetns
2026-05-25T11:37:12.7496867Z === RUN   TestIntegration/TestOCIExporterContentStore/worker=oci-rootless-gvisor-tap-vsock-detachnetns
2026-05-25T11:37:12.7498487Z === PAUSE TestIntegration/TestOCIExporterContentStore/worker=oci-rootless-gvisor-tap-vsock-detachnetns
2026-05-25T11:37:12.7500106Z === RUN   TestIntegration/TestSessionExporter/worker=oci-rootless-gvisor-tap-vsock-detachnetns
2026-05-25T11:37:12.7501605Z === PAUSE TestIntegration/TestSessionExporter/worker=oci-rootless-gvisor-tap-vsock-detachnetns
2026-05-25T11:37:12.7503079Z === RUN   TestIntegration/TestWhiteoutParentDir/worker=oci-rootless-gvisor-tap-vsock-detachnetns
2026-05-25T11:37:12.7504499Z === PAUSE TestIntegration/TestWhiteoutParentDir/worker=oci-rootless-gvisor-tap-vsock-detachnetns
2026-05-25T11:37:12.7506173Z === RUN   TestIntegration/TestFrontendImageNaming/worker=oci-rootless-gvisor-tap-vsock-detachnetns
2026-05-25T11:37:12.7507819Z === PAUSE TestIntegration/TestFrontendImageNaming/worker=oci-rootless-gvisor-tap-vsock-detachnetns
2026-05-25T11:37:12.7509277Z === RUN   TestIntegration/TestDuplicateWhiteouts/worker=oci-rootless-gvisor-tap-vsock-detachnetns
2026-05-25T11:37:12.7510733Z === PAUSE TestIntegration/TestDuplicateWhiteouts/worker=oci-rootless-gvisor-tap-vsock-detachnetns
2026-05-25T11:37:12.7512170Z === RUN   TestIntegration/TestMountWithNoSource/worker=oci-rootless-gvisor-tap-vsock-detachnetns
2026-05-25T11:37:12.7520684Z === PAUSE TestIntegration/TestMountWithNoSource/worker=oci-rootless-gvisor-tap-vsock-detachnetns
2026-05-25T11:37:12.7529286Z === RUN   TestIntegration/TestInvalidExporter/worker=oci-rootless-gvisor-tap-vsock-detachnetns
2026-05-25T11:37:12.7530796Z === PAUSE TestIntegration/TestInvalidExporter/worker=oci-rootless-gvisor-tap-vsock-detachnetns
2026-05-25T11:37:12.7532350Z === RUN   TestIntegration/TestReadonlyRootFS/worker=oci-rootless-gvisor-tap-vsock-detachnetns
2026-05-25T11:37:12.7533951Z === PAUSE TestIntegration/TestReadonlyRootFS/worker=oci-rootless-gvisor-tap-vsock-detachnetns
2026-05-25T11:37:12.7535725Z === RUN   TestIntegration/TestBasicRegistryCacheImportExport/worker=oci-rootless-gvisor-tap-vsock-detachnetns
2026-05-25T11:37:12.7537783Z === PAUSE TestIntegration/TestBasicRegistryCacheImportExport/worker=oci-rootless-gvisor-tap-vsock-detachnetns
2026-05-25T11:37:12.7539575Z === RUN   TestIntegration/TestBasicLocalCacheImportExport/worker=oci-rootless-gvisor-tap-vsock-detachnetns
2026-05-25T11:37:12.7541467Z === PAUSE TestIntegration/TestBasicLocalCacheImportExport/worker=oci-rootless-gvisor-tap-vsock-detachnetns
2026-05-25T11:37:12.7543122Z === RUN   TestIntegration/TestBasicS3CacheImportExport/worker=oci-rootless-gvisor-tap-vsock-detachnetns
2026-05-25T11:37:12.7544744Z === PAUSE TestIntegration/TestBasicS3CacheImportExport/worker=oci-rootless-gvisor-tap-vsock-detachnetns
2026-05-25T11:37:12.7546553Z === RUN   TestIntegration/TestBasicAzblobCacheImportExport/worker=oci-rootless-gvisor-tap-vsock-detachnetns
2026-05-25T11:37:12.7548237Z === PAUSE TestIntegration/TestBasicAzblobCacheImportExport/worker=oci-rootless-gvisor-tap-vsock-detachnetns
2026-05-25T11:37:12.7549890Z === RUN   TestIntegration/TestCachedMounts/worker=oci-rootless-gvisor-tap-vsock-detachnetns
2026-05-25T11:37:12.7551269Z === PAUSE TestIntegration/TestCachedMounts/worker=oci-rootless-gvisor-tap-vsock-detachnetns
2026-05-25T11:37:12.7553035Z === RUN   TestIntegration/TestCopyFromEmptyImage/worker=oci-rootless-gvisor-tap-vsock-detachnetns
2026-05-25T11:37:12.7554579Z === PAUSE TestIntegration/TestCopyFromEmptyImage/worker=oci-rootless-gvisor-tap-vsock-detachnetns
2026-05-25T11:37:12.7556210Z === RUN   TestIntegration/TestProxyEnv/worker=oci-rootless-gvisor-tap-vsock-detachnetns
2026-05-25T11:37:12.7557573Z === PAUSE TestIntegration/TestProxyEnv/worker=oci-rootless-gvisor-tap-vsock-detachnetns
2026-05-25T11:37:12.7559000Z === RUN   TestIntegration/TestLocalSymlinkEscape/worker=oci-rootless-gvisor-tap-vsock-detachnetns
2026-05-25T11:37:12.7560509Z === PAUSE TestIntegration/TestLocalSymlinkEscape/worker=oci-rootless-gvisor-tap-vsock-detachnetns
2026-05-25T11:37:12.7561994Z === RUN   TestIntegration/TestTmpfsMounts/worker=oci-rootless-gvisor-tap-vsock-detachnetns
2026-05-25T11:37:12.7563388Z === PAUSE TestIntegration/TestTmpfsMounts/worker=oci-rootless-gvisor-tap-vsock-detachnetns
2026-05-25T11:37:12.7588744Z === RUN   TestIntegration/TestSharedCacheMounts/worker=oci-rootless-gvisor-tap-vsock-detachnetns
2026-05-25T11:37:12.7590262Z === PAUSE TestIntegration/TestSharedCacheMounts/worker=oci-rootless-gvisor-tap-vsock-detachnetns
2026-05-25T11:37:12.7591867Z === RUN   TestIntegration/TestSharedCacheMountsNoScratch/worker=oci-rootless-gvisor-tap-vsock-detachnetns
2026-05-25T11:37:12.7593580Z === PAUSE TestIntegration/TestSharedCacheMountsNoScratch/worker=oci-rootless-gvisor-tap-vsock-detachnetns
2026-05-25T11:37:12.7595376Z === RUN   TestIntegration/TestLockedCacheMounts/worker=oci-rootless-gvisor-tap-vsock-detachnetns
2026-05-25T11:37:12.7596895Z === PAUSE TestIntegration/TestLockedCacheMounts/worker=oci-rootless-gvisor-tap-vsock-detachnetns
2026-05-25T11:37:12.7598430Z === RUN   TestIntegration/TestDuplicateCacheMount/worker=oci-rootless-gvisor-tap-vsock-detachnetns
2026-05-25T11:37:12.7600054Z === PAUSE TestIntegration/TestDuplicateCacheMount/worker=oci-rootless-gvisor-tap-vsock-detachnetns
2026-05-25T11:37:12.7601580Z === RUN   TestIntegration/TestRunCacheWithMounts/worker=oci-rootless-gvisor-tap-vsock-detachnetns
2026-05-25T11:37:12.7603062Z === PAUSE TestIntegration/TestRunCacheWithMounts/worker=oci-rootless-gvisor-tap-vsock-detachnetns
2026-05-25T11:37:12.7604665Z === RUN   TestIntegration/TestParallelLocalBuilds/worker=oci-rootless-gvisor-tap-vsock-detachnetns
2026-05-25T11:37:12.7606403Z === PAUSE TestIntegration/TestParallelLocalBuilds/worker=oci-rootless-gvisor-tap-vsock-detachnetns
2026-05-25T11:37:12.7607891Z === RUN   TestIntegration/TestSecretEnv/worker=oci-rootless-gvisor-tap-vsock-detachnetns
2026-05-25T11:37:12.7609356Z === PAUSE TestIntegration/TestSecretEnv/worker=oci-rootless-gvisor-tap-vsock-detachnetns
2026-05-25T11:37:12.7610782Z === RUN   TestIntegration/TestSecretMounts/worker=oci-rootless-gvisor-tap-vsock-detachnetns
2026-05-25T11:37:12.7612501Z === PAUSE TestIntegration/TestSecretMounts/worker=oci-rootless-gvisor-tap-vsock-detachnetns
2026-05-25T11:37:12.7614383Z === RUN   TestIntegration/TestSessionHealthMonitorFailsBlockedSecretResponse/worker=oci-rootless-gvisor-tap-vsock-detachnetns
2026-05-25T11:37:12.7616906Z === PAUSE TestIntegration/TestSessionHealthMonitorFailsBlockedSecretResponse/worker=oci-rootless-gvisor-tap-vsock-detachnetns
2026-05-25T11:37:12.7618570Z === RUN   TestIntegration/TestExtraHosts/worker=oci-rootless-gvisor-tap-vsock-detachnetns
2026-05-25T11:37:12.7620117Z === PAUSE TestIntegration/TestExtraHosts/worker=oci-rootless-gvisor-tap-vsock-detachnetns
2026-05-25T11:37:12.7621469Z === RUN   TestIntegration/TestShmSize/worker=oci-rootless-gvisor-tap-vsock-detachnetns
2026-05-25T11:37:12.7622760Z === PAUSE TestIntegration/TestShmSize/worker=oci-rootless-gvisor-tap-vsock-detachnetns
2026-05-25T11:37:12.7624012Z === RUN   TestIntegration/TestUlimit/worker=oci-rootless-gvisor-tap-vsock-detachnetns
2026-05-25T11:37:12.7625549Z === PAUSE TestIntegration/TestUlimit/worker=oci-rootless-gvisor-tap-vsock-detachnetns
2026-05-25T11:37:12.7627208Z === RUN   TestIntegration/TestCgroupParent/worker=oci-rootless-gvisor-tap-vsock-detachnetns
2026-05-25T11:37:12.7628764Z === PAUSE TestIntegration/TestCgroupParent/worker=oci-rootless-gvisor-tap-vsock-detachnetns
2026-05-25T11:37:12.7630131Z === RUN   TestIntegration/TestNetworkMode/worker=oci-rootless-gvisor-tap-vsock-detachnetns
2026-05-25T11:37:12.7631472Z === PAUSE TestIntegration/TestNetworkMode/worker=oci-rootless-gvisor-tap-vsock-detachnetns
2026-05-25T11:37:12.7632889Z === RUN   TestIntegration/TestFrontendMetadataReturn/worker=oci-rootless-gvisor-tap-vsock-detachnetns
2026-05-25T11:37:12.7634430Z === PAUSE TestIntegration/TestFrontendMetadataReturn/worker=oci-rootless-gvisor-tap-vsock-detachnetns
2026-05-25T11:37:12.7636236Z === RUN   TestIntegration/TestFrontendUseSolveResults/worker=oci-rootless-gvisor-tap-vsock-detachnetns
2026-05-25T11:37:12.7637832Z === PAUSE TestIntegration/TestFrontendUseSolveResults/worker=oci-rootless-gvisor-tap-vsock-detachnetns
2026-05-25T11:37:12.7682870Z === RUN   TestIntegration/TestSSHMount/worker=oci-rootless-gvisor-tap-vsock-detachnetns
2026-05-25T11:37:12.7684304Z === PAUSE TestIntegration/TestSSHMount/worker=oci-rootless-gvisor-tap-vsock-detachnetns
2026-05-25T11:37:12.7686546Z === RUN   TestIntegration/TestRawSocketMount/worker=oci-rootless-gvisor-tap-vsock-detachnetns
2026-05-25T11:37:12.7688195Z === PAUSE TestIntegration/TestRawSocketMount/worker=oci-rootless-gvisor-tap-vsock-detachnetns
2026-05-25T11:37:12.7689672Z === RUN   TestIntegration/TestStdinClosed/worker=oci-rootless-gvisor-tap-vsock-detachnetns
2026-05-25T11:37:12.7691111Z === PAUSE TestIntegration/TestStdinClosed/worker=oci-rootless-gvisor-tap-vsock-detachnetns
2026-05-25T11:37:12.7692613Z === RUN   TestIntegration/TestHostnameLookup/worker=oci-rootless-gvisor-tap-vsock-detachnetns
2026-05-25T11:37:12.7694034Z === PAUSE TestIntegration/TestHostnameLookup/worker=oci-rootless-gvisor-tap-vsock-detachnetns
2026-05-25T11:37:12.7695805Z === RUN   TestIntegration/TestHostnameSpecifying/worker=oci-rootless-gvisor-tap-vsock-detachnetns
2026-05-25T11:37:12.7697358Z === PAUSE TestIntegration/TestHostnameSpecifying/worker=oci-rootless-gvisor-tap-vsock-detachnetns
2026-05-25T11:37:12.7698836Z === RUN   TestIntegration/TestPushByDigest/worker=oci-rootless-gvisor-tap-vsock-detachnetns
2026-05-25T11:37:12.7700295Z === PAUSE TestIntegration/TestPushByDigest/worker=oci-rootless-gvisor-tap-vsock-detachnetns
2026-05-25T11:37:12.7701815Z === RUN   TestIntegration/TestPushProgressSameVertex/worker=oci-rootless-gvisor-tap-vsock-detachnetns
2026-05-25T11:37:12.7703382Z === PAUSE TestIntegration/TestPushProgressSameVertex/worker=oci-rootless-gvisor-tap-vsock-detachnetns
2026-05-25T11:37:12.7704979Z === RUN   TestIntegration/TestPullWithDigestCheck/worker=oci-rootless-gvisor-tap-vsock-detachnetns
2026-05-25T11:37:12.7706857Z === PAUSE TestIntegration/TestPullWithDigestCheck/worker=oci-rootless-gvisor-tap-vsock-detachnetns
2026-05-25T11:37:12.7708749Z === RUN   TestIntegration/TestBasicInlineCacheImportExport/worker=oci-rootless-gvisor-tap-vsock-detachnetns
2026-05-25T11:37:12.7710485Z === PAUSE TestIntegration/TestBasicInlineCacheImportExport/worker=oci-rootless-gvisor-tap-vsock-detachnetns
2026-05-25T11:37:12.7712142Z === RUN   TestIntegration/TestExportBusyboxLocal/worker=oci-rootless-gvisor-tap-vsock-detachnetns
2026-05-25T11:37:12.7713838Z === PAUSE TestIntegration/TestExportBusyboxLocal/worker=oci-rootless-gvisor-tap-vsock-detachnetns
2026-05-25T11:37:12.7715629Z === RUN   TestIntegration/TestBridgeNetworking/worker=oci-rootless-gvisor-tap-vsock-detachnetns
2026-05-25T11:37:12.7717177Z === PAUSE TestIntegration/TestBridgeNetworking/worker=oci-rootless-gvisor-tap-vsock-detachnetns
2026-05-25T11:37:12.7718781Z === RUN   TestIntegration/TestCacheMountNoCache/worker=oci-rootless-gvisor-tap-vsock-detachnetns
2026-05-25T11:37:12.7720329Z === PAUSE TestIntegration/TestCacheMountNoCache/worker=oci-rootless-gvisor-tap-vsock-detachnetns
2026-05-25T11:37:12.7721917Z === RUN   TestIntegration/TestExporterTargetExists/worker=oci-rootless-gvisor-tap-vsock-detachnetns
2026-05-25T11:37:12.7723787Z === PAUSE TestIntegration/TestExporterTargetExists/worker=oci-rootless-gvisor-tap-vsock-detachnetns
2026-05-25T11:37:12.7725638Z === RUN   TestIntegration/TestTarExporterWithSocket/worker=oci-rootless-gvisor-tap-vsock-detachnetns
2026-05-25T11:37:12.7727294Z === PAUSE TestIntegration/TestTarExporterWithSocket/worker=oci-rootless-gvisor-tap-vsock-detachnetns
2026-05-25T11:37:12.7728940Z === RUN   TestIntegration/TestTarExporterWithSocketCopy/worker=oci-rootless-gvisor-tap-vsock-detachnetns
2026-05-25T11:37:12.7730630Z === PAUSE TestIntegration/TestTarExporterWithSocketCopy/worker=oci-rootless-gvisor-tap-vsock-detachnetns
2026-05-25T11:37:12.7732345Z === RUN   TestIntegration/TestTarExporterSymlink/worker=oci-rootless-gvisor-tap-vsock-detachnetns
2026-05-25T11:37:12.7733928Z === PAUSE TestIntegration/TestTarExporterSymlink/worker=oci-rootless-gvisor-tap-vsock-detachnetns
2026-05-25T11:37:12.7735850Z === RUN   TestIntegration/TestMultipleRegistryCacheImportExport/worker=oci-rootless-gvisor-tap-vsock-detachnetns
2026-05-25T11:37:12.7737773Z === PAUSE TestIntegration/TestMultipleRegistryCacheImportExport/worker=oci-rootless-gvisor-tap-vsock-detachnetns
2026-05-25T11:37:12.7739462Z === RUN   TestIntegration/TestMultipleExporters/worker=oci-rootless-gvisor-tap-vsock-detachnetns
2026-05-25T11:37:12.7740945Z === PAUSE TestIntegration/TestMultipleExporters/worker=oci-rootless-gvisor-tap-vsock-detachnetns
2026-05-25T11:37:12.7742384Z === RUN   TestIntegration/TestSourceMap/worker=oci-rootless-gvisor-tap-vsock-detachnetns
2026-05-25T11:37:12.7743760Z === PAUSE TestIntegration/TestSourceMap/worker=oci-rootless-gvisor-tap-vsock-detachnetns
2026-05-25T11:37:12.7745594Z === RUN   TestIntegration/TestSourceMapFromRef/worker=oci-rootless-gvisor-tap-vsock-detachnetns
2026-05-25T11:37:12.7747136Z === PAUSE TestIntegration/TestSourceMapFromRef/worker=oci-rootless-gvisor-tap-vsock-detachnetns
2026-05-25T11:37:12.7748582Z === RUN   TestIntegration/TestLazyImagePush/worker=oci-rootless-gvisor-tap-vsock-detachnetns
2026-05-25T11:37:12.7749982Z === PAUSE TestIntegration/TestLazyImagePush/worker=oci-rootless-gvisor-tap-vsock-detachnetns
2026-05-25T11:37:12.7751458Z === RUN   TestIntegration/TestStargzLazyPull/worker=oci-rootless-gvisor-tap-vsock-detachnetns
2026-05-25T11:37:12.7752868Z === PAUSE TestIntegration/TestStargzLazyPull/worker=oci-rootless-gvisor-tap-vsock-detachnetns
2026-05-25T11:37:12.7757769Z === RUN   TestIntegration/TestStargzLazyInlineCacheImportExport/worker=oci-rootless-gvisor-tap-vsock-detachnetns
2026-05-25T11:37:12.7759680Z === PAUSE TestIntegration/TestStargzLazyInlineCacheImportExport/worker=oci-rootless-gvisor-tap-vsock-detachnetns
2026-05-25T11:37:12.7762604Z === RUN   TestIntegration/TestFileOpInputSwap/worker=oci-rootless-gvisor-tap-vsock-detachnetns
2026-05-25T11:37:12.7764126Z === PAUSE TestIntegration/TestFileOpInputSwap/worker=oci-rootless-gvisor-tap-vsock-detachnetns
2026-05-25T11:37:12.7766274Z === RUN   TestIntegration/TestRelativeMountpoint/worker=oci-rootless-gvisor-tap-vsock-detachnetns
2026-05-25T11:37:12.7767931Z === PAUSE TestIntegration/TestRelativeMountpoint/worker=oci-rootless-gvisor-tap-vsock-detachnetns
2026-05-25T11:37:12.7769821Z === RUN   TestIntegration/TestLocalSourceDiffer/worker=oci-rootless-gvisor-tap-vsock-detachnetns
2026-05-25T11:37:12.7771828Z === PAUSE TestIntegration/TestLocalSourceDiffer/worker=oci-rootless-gvisor-tap-vsock-detachnetns
2026-05-25T11:37:12.7773742Z === RUN   TestIntegration/TestLocalSourceWithHardlinksFilter/worker=oci-rootless-gvisor-tap-vsock-detachnetns
2026-05-25T11:37:12.7775704Z === PAUSE TestIntegration/TestLocalSourceWithHardlinksFilter/worker=oci-rootless-gvisor-tap-vsock-detachnetns
2026-05-25T11:37:12.7784041Z === RUN   TestIntegration/TestNoTarOCIIndexMediaType/worker=oci-rootless-gvisor-tap-vsock-detachnetns
2026-05-25T11:37:12.7789161Z === PAUSE TestIntegration/TestNoTarOCIIndexMediaType/worker=oci-rootless-gvisor-tap-vsock-detachnetns
2026-05-25T11:37:12.7791421Z === RUN   TestIntegration/TestOCILayoutSource/worker=oci-rootless-gvisor-tap-vsock-detachnetns
2026-05-25T11:37:12.7793310Z === PAUSE TestIntegration/TestOCILayoutSource/worker=oci-rootless-gvisor-tap-vsock-detachnetns
2026-05-25T11:37:12.7794928Z === RUN   TestIntegration/TestOCILayoutPlatformSource/worker=oci-rootless-gvisor-tap-vsock-detachnetns
2026-05-25T11:37:12.7796753Z === PAUSE TestIntegration/TestOCILayoutPlatformSource/worker=oci-rootless-gvisor-tap-vsock-detachnetns
2026-05-25T11:37:12.7798259Z === RUN   TestIntegration/TestBuildExportZstd/worker=oci-rootless-gvisor-tap-vsock-detachnetns
2026-05-25T11:37:12.7799758Z === PAUSE TestIntegration/TestBuildExportZstd/worker=oci-rootless-gvisor-tap-vsock-detachnetns
2026-05-25T11:37:12.7801205Z === RUN   TestIntegration/TestPullZstdImage/worker=oci-rootless-gvisor-tap-vsock-detachnetns
2026-05-25T11:37:12.7803718Z === PAUSE TestIntegration/TestPullZstdImage/worker=oci-rootless-gvisor-tap-vsock-detachnetns
2026-05-25T11:37:12.7805315Z === RUN   TestIntegration/TestMergeOp/worker=oci-rootless-gvisor-tap-vsock-detachnetns
2026-05-25T11:37:12.7810267Z === PAUSE TestIntegration/TestMergeOp/worker=oci-rootless-gvisor-tap-vsock-detachnetns
2026-05-25T11:37:12.7814363Z === RUN   TestIntegration/TestMergeOpCacheInline/worker=oci-rootless-gvisor-tap-vsock-detachnetns
2026-05-25T11:37:12.7816408Z === PAUSE TestIntegration/TestMergeOpCacheInline/worker=oci-rootless-gvisor-tap-vsock-detachnetns
2026-05-25T11:37:12.7849026Z === RUN   TestIntegration/TestMergeOpCacheMin/worker=oci-rootless-gvisor-tap-vsock-detachnetns
2026-05-25T11:37:12.7850610Z === PAUSE TestIntegration/TestMergeOpCacheMin/worker=oci-rootless-gvisor-tap-vsock-detachnetns
2026-05-25T11:37:12.7852238Z === RUN   TestIntegration/TestMergeOpCacheMax/worker=oci-rootless-gvisor-tap-vsock-detachnetns
2026-05-25T11:37:12.7853911Z === PAUSE TestIntegration/TestMergeOpCacheMax/worker=oci-rootless-gvisor-tap-vsock-detachnetns
2026-05-25T11:37:12.7855634Z === RUN   TestIntegration/TestRmSymlink/worker=oci-rootless-gvisor-tap-vsock-detachnetns
2026-05-25T11:37:12.7857058Z === PAUSE TestIntegration/TestRmSymlink/worker=oci-rootless-gvisor-tap-vsock-detachnetns
2026-05-25T11:37:12.7858466Z === RUN   TestIntegration/TestMoveParentDir/worker=oci-rootless-gvisor-tap-vsock-detachnetns
2026-05-25T11:37:12.7859939Z === PAUSE TestIntegration/TestMoveParentDir/worker=oci-rootless-gvisor-tap-vsock-detachnetns
2026-05-25T11:37:12.7861486Z === RUN   TestIntegration/TestBuildExportWithForeignLayer/worker=oci-rootless-gvisor-tap-vsock-detachnetns
2026-05-25T11:37:12.7863219Z === PAUSE TestIntegration/TestBuildExportWithForeignLayer/worker=oci-rootless-gvisor-tap-vsock-detachnetns
2026-05-25T11:37:12.7864874Z === RUN   TestIntegration/TestZstdLocalCacheExport/worker=oci-rootless-gvisor-tap-vsock-detachnetns
2026-05-25T11:37:12.7866962Z === PAUSE TestIntegration/TestZstdLocalCacheExport/worker=oci-rootless-gvisor-tap-vsock-detachnetns
2026-05-25T11:37:12.7868864Z === RUN   TestIntegration/TestCacheExportIgnoreError/worker=oci-rootless-gvisor-tap-vsock-detachnetns
2026-05-25T11:37:12.7870539Z === PAUSE TestIntegration/TestCacheExportIgnoreError/worker=oci-rootless-gvisor-tap-vsock-detachnetns
2026-05-25T11:37:12.7872212Z === RUN   TestIntegration/TestCacheExportCacheDeletedContent/worker=oci-rootless-gvisor-tap-vsock-detachnetns
2026-05-25T11:37:12.7873930Z === PAUSE TestIntegration/TestCacheExportCacheDeletedContent/worker=oci-rootless-gvisor-tap-vsock-detachnetns
2026-05-25T11:37:12.7875848Z === RUN   TestIntegration/TestLocalCacheExportReset/worker=oci-rootless-gvisor-tap-vsock-detachnetns
2026-05-25T11:37:12.7877439Z === PAUSE TestIntegration/TestLocalCacheExportReset/worker=oci-rootless-gvisor-tap-vsock-detachnetns
2026-05-25T11:37:12.7879130Z === RUN   TestIntegration/TestZstdRegistryCacheImportExport/worker=oci-rootless-gvisor-tap-vsock-detachnetns
2026-05-25T11:37:12.7880884Z === PAUSE TestIntegration/TestZstdRegistryCacheImportExport/worker=oci-rootless-gvisor-tap-vsock-detachnetns
2026-05-25T11:37:12.7882625Z === RUN   TestIntegration/TestZstdLocalCacheImportExport/worker=oci-rootless-gvisor-tap-vsock-detachnetns
2026-05-25T11:37:12.7884852Z === PAUSE TestIntegration/TestZstdLocalCacheImportExport/worker=oci-rootless-gvisor-tap-vsock-detachnetns
2026-05-25T11:37:12.7886943Z === RUN   TestIntegration/TestUncompressedLocalCacheImportExport/worker=oci-rootless-gvisor-tap-vsock-detachnetns
2026-05-25T11:37:12.7888749Z === PAUSE TestIntegration/TestUncompressedLocalCacheImportExport/worker=oci-rootless-gvisor-tap-vsock-detachnetns
2026-05-25T11:37:12.7890614Z === RUN   TestIntegration/TestUncompressedRegistryCacheImportExport/worker=oci-rootless-gvisor-tap-vsock-detachnetns
2026-05-25T11:37:12.7892575Z === PAUSE TestIntegration/TestUncompressedRegistryCacheImportExport/worker=oci-rootless-gvisor-tap-vsock-detachnetns
2026-05-25T11:37:12.7894695Z === RUN   TestIntegration/TestStargzLazyRegistryCacheImportExport/worker=oci-rootless-gvisor-tap-vsock-detachnetns
2026-05-25T11:37:12.7897072Z === PAUSE TestIntegration/TestStargzLazyRegistryCacheImportExport/worker=oci-rootless-gvisor-tap-vsock-detachnetns
2026-05-25T11:37:12.7898810Z === RUN   TestIntegration/TestValidateDigestOrigin/worker=oci-rootless-gvisor-tap-vsock-detachnetns
2026-05-25T11:37:12.7900332Z === PAUSE TestIntegration/TestValidateDigestOrigin/worker=oci-rootless-gvisor-tap-vsock-detachnetns
2026-05-25T11:37:12.7901724Z === RUN   TestIntegration/TestCallInfo/worker=oci-rootless-gvisor-tap-vsock-detachnetns
2026-05-25T11:37:12.7903027Z === PAUSE TestIntegration/TestCallInfo/worker=oci-rootless-gvisor-tap-vsock-detachnetns
2026-05-25T11:37:12.7904408Z === RUN   TestIntegration/TestPullWithLayerLimit/worker=oci-rootless-gvisor-tap-vsock-detachnetns
2026-05-25T11:37:12.7906178Z === PAUSE TestIntegration/TestPullWithLayerLimit/worker=oci-rootless-gvisor-tap-vsock-detachnetns
2026-05-25T11:37:12.7907652Z === RUN   TestIntegration/TestExportAnnotations/worker=oci-rootless-gvisor-tap-vsock-detachnetns
2026-05-25T11:37:12.7909129Z === PAUSE TestIntegration/TestExportAnnotations/worker=oci-rootless-gvisor-tap-vsock-detachnetns
2026-05-25T11:37:12.7910712Z === RUN   TestIntegration/TestExportAnnotationsMediaTypes/worker=oci-rootless-gvisor-tap-vsock-detachnetns
2026-05-25T11:37:12.7912352Z === PAUSE TestIntegration/TestExportAnnotationsMediaTypes/worker=oci-rootless-gvisor-tap-vsock-detachnetns
2026-05-25T11:37:12.7918066Z === RUN   TestIntegration/TestExportAttestationsOCIArtifact/worker=oci-rootless-gvisor-tap-vsock-detachnetns
2026-05-25T11:37:12.7919876Z === PAUSE TestIntegration/TestExportAttestationsOCIArtifact/worker=oci-rootless-gvisor-tap-vsock-detachnetns
2026-05-25T11:37:12.7921777Z === RUN   TestIntegration/TestExportAttestationsImageManifest/worker=oci-rootless-gvisor-tap-vsock-detachnetns
2026-05-25T11:37:12.7923811Z === PAUSE TestIntegration/TestExportAttestationsImageManifest/worker=oci-rootless-gvisor-tap-vsock-detachnetns
2026-05-25T11:37:12.7925890Z === RUN   TestIntegration/TestExportedImageLabels/worker=oci-rootless-gvisor-tap-vsock-detachnetns
2026-05-25T11:37:12.7927478Z === PAUSE TestIntegration/TestExportedImageLabels/worker=oci-rootless-gvisor-tap-vsock-detachnetns
2026-05-25T11:37:12.7929047Z === RUN   TestIntegration/TestAttestationDefaultSubject/worker=oci-rootless-gvisor-tap-vsock-detachnetns
2026-05-25T11:37:12.7930679Z === PAUSE TestIntegration/TestAttestationDefaultSubject/worker=oci-rootless-gvisor-tap-vsock-detachnetns
2026-05-25T11:37:12.7932383Z === RUN   TestIntegration/TestSourceDateEpochLayerTimestamps/worker=oci-rootless-gvisor-tap-vsock-detachnetns
2026-05-25T11:37:12.7934130Z === PAUSE TestIntegration/TestSourceDateEpochLayerTimestamps/worker=oci-rootless-gvisor-tap-vsock-detachnetns
2026-05-25T11:37:12.7936067Z === RUN   TestIntegration/TestSourceDateEpochClamp/worker=oci-rootless-gvisor-tap-vsock-detachnetns
2026-05-25T11:37:12.7937631Z === PAUSE TestIntegration/TestSourceDateEpochClamp/worker=oci-rootless-gvisor-tap-vsock-detachnetns
2026-05-25T11:37:12.7939196Z === RUN   TestIntegration/TestSourceDateEpochReset/worker=oci-rootless-gvisor-tap-vsock-detachnetns
2026-05-25T11:37:12.7941032Z === PAUSE TestIntegration/TestSourceDateEpochReset/worker=oci-rootless-gvisor-tap-vsock-detachnetns
2026-05-25T11:37:12.7942607Z === RUN   TestIntegration/TestSourceDateEpochLocalExporter/worker=oci-rootless-gvisor-tap-vsock-detachnetns
2026-05-25T11:37:12.7944306Z === PAUSE TestIntegration/TestSourceDateEpochLocalExporter/worker=oci-rootless-gvisor-tap-vsock-detachnetns
2026-05-25T11:37:12.7946304Z === RUN   TestIntegration/TestSourceDateEpochTarExporter/worker=oci-rootless-gvisor-tap-vsock-detachnetns
2026-05-25T11:37:12.7947968Z === PAUSE TestIntegration/TestSourceDateEpochTarExporter/worker=oci-rootless-gvisor-tap-vsock-detachnetns
2026-05-25T11:37:12.7949684Z === RUN   TestIntegration/TestSourceDateEpochImageExporter/worker=oci-rootless-gvisor-tap-vsock-detachnetns
2026-05-25T11:37:12.7951353Z === PAUSE TestIntegration/TestSourceDateEpochImageExporter/worker=oci-rootless-gvisor-tap-vsock-detachnetns
2026-05-25T11:37:12.7952907Z === RUN   TestIntegration/TestAttestationBundle/worker=oci-rootless-gvisor-tap-vsock-detachnetns
2026-05-25T11:37:12.7954381Z === PAUSE TestIntegration/TestAttestationBundle/worker=oci-rootless-gvisor-tap-vsock-detachnetns
2026-05-25T11:37:12.7956064Z === RUN   TestIntegration/TestSBOMScan/worker=oci-rootless-gvisor-tap-vsock-detachnetns
2026-05-25T11:37:12.7957364Z === PAUSE TestIntegration/TestSBOMScan/worker=oci-rootless-gvisor-tap-vsock-detachnetns
2026-05-25T11:37:12.7958758Z === RUN   TestIntegration/TestSBOMScanSingleRef/worker=oci-rootless-gvisor-tap-vsock-detachnetns
2026-05-25T11:37:12.7960220Z === PAUSE TestIntegration/TestSBOMScanSingleRef/worker=oci-rootless-gvisor-tap-vsock-detachnetns
2026-05-25T11:37:12.7961651Z === RUN   TestIntegration/TestSBOMSupplements/worker=oci-rootless-gvisor-tap-vsock-detachnetns
2026-05-25T11:37:12.7963091Z === PAUSE TestIntegration/TestSBOMSupplements/worker=oci-rootless-gvisor-tap-vsock-detachnetns
2026-05-25T11:37:12.7964604Z === RUN   TestIntegration/TestMultipleCacheExports/worker=oci-rootless-gvisor-tap-vsock-detachnetns
2026-05-25T11:37:12.7966405Z === PAUSE TestIntegration/TestMultipleCacheExports/worker=oci-rootless-gvisor-tap-vsock-detachnetns
2026-05-25T11:37:12.7967894Z === RUN   TestIntegration/TestMountStubsDirectory/worker=oci-rootless-gvisor-tap-vsock-detachnetns
2026-05-25T11:37:12.7969364Z === PAUSE TestIntegration/TestMountStubsDirectory/worker=oci-rootless-gvisor-tap-vsock-detachnetns
2026-05-25T11:37:12.7970861Z === RUN   TestIntegration/TestMountStubsTimestamp/worker=oci-rootless-gvisor-tap-vsock-detachnetns
2026-05-25T11:37:12.7972324Z === PAUSE TestIntegration/TestMountStubsTimestamp/worker=oci-rootless-gvisor-tap-vsock-detachnetns
2026-05-25T11:37:12.7973743Z === RUN   TestIntegration/TestSourcePolicy/worker=oci-rootless-gvisor-tap-vsock-detachnetns
2026-05-25T11:37:12.7975391Z === PAUSE TestIntegration/TestSourcePolicy/worker=oci-rootless-gvisor-tap-vsock-detachnetns
2026-05-25T11:37:12.7977289Z === RUN   TestIntegration/TestImageManifestRegistryCacheImportExport/worker=oci-rootless-gvisor-tap-vsock-detachnetns
2026-05-25T11:37:12.7979212Z === PAUSE TestIntegration/TestImageManifestRegistryCacheImportExport/worker=oci-rootless-gvisor-tap-vsock-detachnetns
2026-05-25T11:37:12.7980929Z === RUN   TestIntegration/TestLLBMountPerformance/worker=oci-rootless-gvisor-tap-vsock-detachnetns
2026-05-25T11:37:12.7982452Z === PAUSE TestIntegration/TestLLBMountPerformance/worker=oci-rootless-gvisor-tap-vsock-detachnetns
2026-05-25T11:37:12.7983976Z === RUN   TestIntegration/TestClientCustomGRPCOpts/worker=oci-rootless-gvisor-tap-vsock-detachnetns
2026-05-25T11:37:12.7985777Z === PAUSE TestIntegration/TestClientCustomGRPCOpts/worker=oci-rootless-gvisor-tap-vsock-detachnetns
2026-05-25T11:37:12.7987635Z === RUN   TestIntegration/TestMultipleRecordsWithSameLayersCacheImportExport/worker=oci-rootless-gvisor-tap-vsock-detachnetns
2026-05-25T11:37:12.7989656Z === PAUSE TestIntegration/TestMultipleRecordsWithSameLayersCacheImportExport/worker=oci-rootless-gvisor-tap-vsock-detachnetns
2026-05-25T11:37:12.7991542Z === RUN   TestIntegration/TestRegistryEmptyCacheExport/worker=oci-rootless-gvisor-tap-vsock-detachnetns
2026-05-25T11:37:12.7993572Z === PAUSE TestIntegration/TestRegistryEmptyCacheExport/worker=oci-rootless-gvisor-tap-vsock-detachnetns
2026-05-25T11:37:12.7995470Z === RUN   TestIntegration/TestSnapshotWithMultipleBlobs/worker=oci-rootless-gvisor-tap-vsock-detachnetns
2026-05-25T11:37:12.7997253Z === PAUSE TestIntegration/TestSnapshotWithMultipleBlobs/worker=oci-rootless-gvisor-tap-vsock-detachnetns
2026-05-25T11:37:12.7998837Z === RUN   TestIntegration/TestImageBlobSource/worker=oci-rootless-gvisor-tap-vsock-detachnetns
2026-05-25T11:37:12.8000337Z === PAUSE TestIntegration/TestImageBlobSource/worker=oci-rootless-gvisor-tap-vsock-detachnetns
2026-05-25T11:37:12.8001852Z === RUN   TestIntegration/TestOCILayoutBlobSource/worker=oci-rootless-gvisor-tap-vsock-detachnetns
2026-05-25T11:37:12.8003423Z === PAUSE TestIntegration/TestOCILayoutBlobSource/worker=oci-rootless-gvisor-tap-vsock-detachnetns
2026-05-25T11:37:12.8005290Z === RUN   TestIntegration/TestExportLocalNoPlatformSplit/worker=oci-rootless-gvisor-tap-vsock-detachnetns
2026-05-25T11:37:12.8006965Z === PAUSE TestIntegration/TestExportLocalNoPlatformSplit/worker=oci-rootless-gvisor-tap-vsock-detachnetns
2026-05-25T11:37:12.8008672Z === RUN   TestIntegration/TestExportLocalNoPlatformSplitOverwrite/worker=oci-rootless-gvisor-tap-vsock-detachnetns
2026-05-25T11:37:12.8010442Z === PAUSE TestIntegration/TestExportLocalNoPlatformSplitOverwrite/worker=oci-rootless-gvisor-tap-vsock-detachnetns
2026-05-25T11:37:12.8012182Z === RUN   TestIntegration/TestExportLocalForcePlatformSplit/worker=oci-rootless-gvisor-tap-vsock-detachnetns
2026-05-25T11:37:12.8013928Z === PAUSE TestIntegration/TestExportLocalForcePlatformSplit/worker=oci-rootless-gvisor-tap-vsock-detachnetns
2026-05-25T11:37:12.8015975Z === RUN   TestIntegration/TestOCIIndexMediatype/worker=oci-rootless-gvisor-tap-vsock-detachnetns
2026-05-25T11:37:12.8017502Z === PAUSE TestIntegration/TestOCIIndexMediatype/worker=oci-rootless-gvisor-tap-vsock-detachnetns
2026-05-25T11:37:12.8019044Z === RUN   TestIntegration/TestLayerLimitOnMounts/worker=oci-rootless-gvisor-tap-vsock-detachnetns
2026-05-25T11:37:12.8020567Z === PAUSE TestIntegration/TestLayerLimitOnMounts/worker=oci-rootless-gvisor-tap-vsock-detachnetns
2026-05-25T11:37:12.8022117Z === RUN   TestIntegration/TestFrontendVerifyPlatforms/worker=oci-rootless-gvisor-tap-vsock-detachnetns
2026-05-25T11:37:12.8023648Z === PAUSE TestIntegration/TestFrontendVerifyPlatforms/worker=oci-rootless-gvisor-tap-vsock-detachnetns
2026-05-25T11:37:12.8025618Z === RUN   TestIntegration/TestFrontendLintSkipVerifyPlatforms/worker=oci-rootless-gvisor-tap-vsock-detachnetns
2026-05-25T11:37:12.8027533Z === PAUSE TestIntegration/TestFrontendLintSkipVerifyPlatforms/worker=oci-rootless-gvisor-tap-vsock-detachnetns
2026-05-25T11:37:12.8029199Z === RUN   TestIntegration/TestRunValidExitCodes/worker=oci-rootless-gvisor-tap-vsock-detachnetns
2026-05-25T11:37:12.8031076Z === PAUSE TestIntegration/TestRunValidExitCodes/worker=oci-rootless-gvisor-tap-vsock-detachnetns
2026-05-25T11:37:12.8032591Z === RUN   TestIntegration/TestFileOpSymlink/worker=oci-rootless-gvisor-tap-vsock-detachnetns
2026-05-25T11:37:12.8033988Z === PAUSE TestIntegration/TestFileOpSymlink/worker=oci-rootless-gvisor-tap-vsock-detachnetns
2026-05-25T11:37:12.8035774Z === RUN   TestIntegration/TestMetadataOnlyLocal/worker=oci-rootless-gvisor-tap-vsock-detachnetns
2026-05-25T11:37:12.8037297Z === PAUSE TestIntegration/TestMetadataOnlyLocal/worker=oci-rootless-gvisor-tap-vsock-detachnetns
2026-05-25T11:37:12.8038970Z === RUN   TestIntegration/TestGitResolveSourceMetadata/worker=oci-rootless-gvisor-tap-vsock-detachnetns
2026-05-25T11:37:12.8040720Z === PAUSE TestIntegration/TestGitResolveSourceMetadata/worker=oci-rootless-gvisor-tap-vsock-detachnetns
2026-05-25T11:37:12.8042499Z === RUN   TestIntegration/TestHTTPResolveSourceMetadata/worker=oci-rootless-gvisor-tap-vsock-detachnetns
2026-05-25T11:37:12.8044392Z === PAUSE TestIntegration/TestHTTPResolveSourceMetadata/worker=oci-rootless-gvisor-tap-vsock-detachnetns
2026-05-25T11:37:12.8046730Z === RUN   TestIntegration/TestHTTPPruneAfterCacheKey/worker=oci-rootless-gvisor-tap-vsock-detachnetns
2026-05-25T11:37:12.8048231Z === PAUSE TestIntegration/TestHTTPPruneAfterCacheKey/worker=oci-rootless-gvisor-tap-vsock-detachnetns
2026-05-25T11:37:12.8049776Z === RUN   TestIntegration/TestHTTPPruneAfterResolveMeta/worker=oci-rootless-gvisor-tap-vsock-detachnetns
2026-05-25T11:37:12.8051422Z === PAUSE TestIntegration/TestHTTPPruneAfterResolveMeta/worker=oci-rootless-gvisor-tap-vsock-detachnetns
2026-05-25T11:37:12.8053022Z === RUN   TestIntegration/TestHTTPResolveMetaReuse/worker=oci-rootless-gvisor-tap-vsock-detachnetns
2026-05-25T11:37:12.8054462Z === PAUSE TestIntegration/TestHTTPResolveMetaReuse/worker=oci-rootless-gvisor-tap-vsock-detachnetns
2026-05-25T11:37:12.8089663Z === RUN   TestIntegration/TestHTTPResolveMultiBuild/worker=oci-rootless-gvisor-tap-vsock-detachnetns
2026-05-25T11:37:12.8091323Z === PAUSE TestIntegration/TestHTTPResolveMultiBuild/worker=oci-rootless-gvisor-tap-vsock-detachnetns
2026-05-25T11:37:12.8093039Z === RUN   TestIntegration/TestGitResolveMutatedSource/worker=oci-rootless-gvisor-tap-vsock-detachnetns
2026-05-25T11:37:12.8094709Z === PAUSE TestIntegration/TestGitResolveMutatedSource/worker=oci-rootless-gvisor-tap-vsock-detachnetns
2026-05-25T11:37:12.8096619Z === RUN   TestIntegration/TestGitBundleRoundTrip/worker=oci-rootless-gvisor-tap-vsock-detachnetns
2026-05-25T11:37:12.8098189Z === PAUSE TestIntegration/TestGitBundleRoundTrip/worker=oci-rootless-gvisor-tap-vsock-detachnetns
2026-05-25T11:37:12.8099856Z === RUN   TestIntegration/TestGitBundleRoundTripRegistry/worker=oci-rootless-gvisor-tap-vsock-detachnetns
2026-05-25T11:37:12.8101543Z === PAUSE TestIntegration/TestGitBundleRoundTripRegistry/worker=oci-rootless-gvisor-tap-vsock-detachnetns
2026-05-25T11:37:12.8103472Z === RUN   TestIntegration/TestImageResolveAttestationChainRequiresNetwork/worker=oci-rootless-gvisor-tap-vsock-detachnetns
2026-05-25T11:37:12.8105674Z === PAUSE TestIntegration/TestImageResolveAttestationChainRequiresNetwork/worker=oci-rootless-gvisor-tap-vsock-detachnetns
2026-05-25T11:37:12.8107562Z === RUN   TestIntegration/TestImageResolveAttestationChainLocal/worker=oci-rootless-gvisor-tap-vsock-detachnetns
2026-05-25T11:37:12.8109397Z === PAUSE TestIntegration/TestImageResolveAttestationChainLocal/worker=oci-rootless-gvisor-tap-vsock-detachnetns
2026-05-25T11:37:12.8111197Z === RUN   TestIntegration/TestImageResolveProvenanceAttestation/worker=oci-rootless-gvisor-tap-vsock-detachnetns
2026-05-25T11:37:12.8113060Z === PAUSE TestIntegration/TestImageResolveProvenanceAttestation/worker=oci-rootless-gvisor-tap-vsock-detachnetns
2026-05-25T11:37:12.8114717Z === RUN   TestIntegration/TestSourcePolicySession/worker=oci-rootless-gvisor-tap-vsock-detachnetns
2026-05-25T11:37:12.8116743Z === PAUSE TestIntegration/TestSourcePolicySession/worker=oci-rootless-gvisor-tap-vsock-detachnetns
2026-05-25T11:37:12.8118405Z === RUN   TestIntegration/TestSourcePolicySessionDenyMessages/worker=oci-rootless-gvisor-tap-vsock-detachnetns
2026-05-25T11:37:12.8120186Z === PAUSE TestIntegration/TestSourcePolicySessionDenyMessages/worker=oci-rootless-gvisor-tap-vsock-detachnetns
2026-05-25T11:37:12.8121866Z === RUN   TestIntegration/TestSourceMetaPolicySession/worker=oci-rootless-gvisor-tap-vsock-detachnetns
2026-05-25T11:37:12.8123396Z === PAUSE TestIntegration/TestSourceMetaPolicySession/worker=oci-rootless-gvisor-tap-vsock-detachnetns
2026-05-25T11:37:12.8125309Z === RUN   TestIntegration/TestSourceMetaPolicySessionResolveAttestations/worker=oci-rootless-gvisor-tap-vsock-detachnetns
2026-05-25T11:37:12.8127221Z === PAUSE TestIntegration/TestSourceMetaPolicySessionResolveAttestations/worker=oci-rootless-gvisor-tap-vsock-detachnetns
2026-05-25T11:37:12.8136161Z === RUN   TestIntegration/TestSourcePolicyParallelSession/worker=oci-rootless-gvisor-tap-vsock-detachnetns
2026-05-25T11:37:12.8138016Z === PAUSE TestIntegration/TestSourcePolicyParallelSession/worker=oci-rootless-gvisor-tap-vsock-detachnetns
2026-05-25T11:37:12.8139962Z === RUN   TestIntegration/TestSourcePolicySignedCommit/worker=oci-rootless-gvisor-tap-vsock-detachnetns
2026-05-25T11:37:12.8141585Z === PAUSE TestIntegration/TestSourcePolicySignedCommit/worker=oci-rootless-gvisor-tap-vsock-detachnetns
2026-05-25T11:37:12.8143279Z === RUN   TestIntegration/TestSourcePolicySessionHTTPChecksumAssist/worker=oci-rootless-gvisor-tap-vsock-detachnetns
2026-05-25T11:37:12.8145859Z === PAUSE TestIntegration/TestSourcePolicySessionHTTPChecksumAssist/worker=oci-rootless-gvisor-tap-vsock-detachnetns
2026-05-25T11:37:12.8147653Z === RUN   TestIntegration/TestSourcePolicySessionConvert/worker=oci-rootless-gvisor-tap-vsock-detachnetns
2026-05-25T11:37:12.8149378Z === PAUSE TestIntegration/TestSourcePolicySessionConvert/worker=oci-rootless-gvisor-tap-vsock-detachnetns
2026-05-25T11:37:12.8151263Z === RUN   TestIntegration/TestListenBuildHistoryExcludesSoftDeletedRecords/worker=oci-rootless-gvisor-tap-vsock-detachnetns
2026-05-25T11:37:12.8153252Z === PAUSE TestIntegration/TestListenBuildHistoryExcludesSoftDeletedRecords/worker=oci-rootless-gvisor-tap-vsock-detachnetns
2026-05-25T11:37:12.8154979Z === RUN   TestIntegration/TestPinRaceIgnoreCacheShift/worker=oci-rootless-gvisor-tap-vsock-detachnetns
2026-05-25T11:37:12.8156910Z === PAUSE TestIntegration/TestPinRaceIgnoreCacheShift/worker=oci-rootless-gvisor-tap-vsock-detachnetns
2026-05-25T11:37:12.8158562Z === RUN   TestIntegration/TestValidateNullConfig/worker=oci-rootless-gvisor-tap-vsock-detachnetns
2026-05-25T11:37:12.8160112Z === PAUSE TestIntegration/TestValidateNullConfig/worker=oci-rootless-gvisor-tap-vsock-detachnetns
2026-05-25T11:37:12.8162035Z === RUN   TestIntegration/TestValidateInvalidConfig/worker=oci-rootless-gvisor-tap-vsock-detachnetns
2026-05-25T11:37:12.8163659Z === PAUSE TestIntegration/TestValidateInvalidConfig/worker=oci-rootless-gvisor-tap-vsock-detachnetns
2026-05-25T11:37:12.8165534Z === RUN   TestIntegration/TestValidatePlatformsEmpty/worker=oci-rootless-gvisor-tap-vsock-detachnetns
2026-05-25T11:37:12.8167070Z === PAUSE TestIntegration/TestValidatePlatformsEmpty/worker=oci-rootless-gvisor-tap-vsock-detachnetns
2026-05-25T11:37:12.8168477Z === RUN   TestIntegration/TestValidatePlatformsInvalid/worker=oci-rootless-gvisor-tap-vsock-detachnetns
2026-05-25T11:37:12.8170136Z === PAUSE TestIntegration/TestValidatePlatformsInvalid/worker=oci-rootless-gvisor-tap-vsock-detachnetns
2026-05-25T11:37:12.8171782Z === RUN   TestIntegration/TestValidateSourcePolicy/worker=oci-rootless-gvisor-tap-vsock-detachnetns
2026-05-25T11:37:12.8173344Z === PAUSE TestIntegration/TestValidateSourcePolicy/worker=oci-rootless-gvisor-tap-vsock-detachnetns
2026-05-25T11:37:12.8174797Z === RUN   TestIntegration/TestDiffScratch/worker=oci-rootless-gvisor-tap-vsock-detachnetns
2026-05-25T11:37:12.8176487Z === PAUSE TestIntegration/TestDiffScratch/worker=oci-rootless-gvisor-tap-vsock-detachnetns
2026-05-25T11:37:12.8186005Z === RUN   TestIntegration/TestDiffSelf/worker=oci-rootless-gvisor-tap-vsock-detachnetns
2026-05-25T11:37:12.8189061Z === PAUSE TestIntegration/TestDiffSelf/worker=oci-rootless-gvisor-tap-vsock-detachnetns
2026-05-25T11:37:12.8190540Z === RUN   TestIntegration/TestDiffSelfDeletes/worker=oci-rootless-gvisor-tap-vsock-detachnetns
2026-05-25T11:37:12.8192063Z === PAUSE TestIntegration/TestDiffSelfDeletes/worker=oci-rootless-gvisor-tap-vsock-detachnetns
2026-05-25T11:37:12.8195553Z === RUN   TestIntegration/TestDiffLowerScratch/worker=oci-rootless-gvisor-tap-vsock-detachnetns
2026-05-25T11:37:12.8197081Z === PAUSE TestIntegration/TestDiffLowerScratch/worker=oci-rootless-gvisor-tap-vsock-detachnetns
2026-05-25T11:37:12.8198632Z === RUN   TestIntegration/TestDiffLowerScratchDeletes/worker=oci-rootless-gvisor-tap-vsock-detachnetns
2026-05-25T11:37:12.8200268Z === PAUSE TestIntegration/TestDiffLowerScratchDeletes/worker=oci-rootless-gvisor-tap-vsock-detachnetns
2026-05-25T11:37:12.8201864Z === RUN   TestIntegration/TestDiffUpperScratch/worker=oci-rootless-gvisor-tap-vsock-detachnetns
2026-05-25T11:37:12.8203670Z === PAUSE TestIntegration/TestDiffUpperScratch/worker=oci-rootless-gvisor-tap-vsock-detachnetns
2026-05-25T11:37:12.8205373Z === RUN   TestIntegration/TestDiffNewFiles/worker=oci-rootless-gvisor-tap-vsock-detachnetns
2026-05-25T11:37:12.8206853Z === PAUSE TestIntegration/TestDiffNewFiles/worker=oci-rootless-gvisor-tap-vsock-detachnetns
2026-05-25T11:37:12.8208378Z === RUN   TestIntegration/TestDiffModifiedFiles/worker=oci-rootless-gvisor-tap-vsock-detachnetns
2026-05-25T11:37:12.8209864Z === PAUSE TestIntegration/TestDiffModifiedFiles/worker=oci-rootless-gvisor-tap-vsock-detachnetns
2026-05-25T11:37:12.8211396Z === RUN   TestIntegration/TestDiffNewDirs/worker=oci-rootless-gvisor-tap-vsock-detachnetns
2026-05-25T11:37:12.8212896Z === PAUSE TestIntegration/TestDiffNewDirs/worker=oci-rootless-gvisor-tap-vsock-detachnetns
2026-05-25T11:37:12.8214335Z === RUN   TestIntegration/TestDiffModifiedDirs/worker=oci-rootless-gvisor-tap-vsock-detachnetns
2026-05-25T11:37:12.8216024Z === PAUSE TestIntegration/TestDiffModifiedDirs/worker=oci-rootless-gvisor-tap-vsock-detachnetns
2026-05-25T11:37:12.8217536Z === RUN   TestIntegration/TestDiffOverrideDirs/worker=oci-rootless-gvisor-tap-vsock-detachnetns
2026-05-25T11:37:12.8218984Z === PAUSE TestIntegration/TestDiffOverrideDirs/worker=oci-rootless-gvisor-tap-vsock-detachnetns
2026-05-25T11:37:12.8220493Z === RUN   TestIntegration/TestDiffOverrideFiles/worker=oci-rootless-gvisor-tap-vsock-detachnetns
2026-05-25T11:37:12.8221960Z === PAUSE TestIntegration/TestDiffOverrideFiles/worker=oci-rootless-gvisor-tap-vsock-detachnetns
2026-05-25T11:37:12.8223380Z === RUN   TestIntegration/TestDiffDeleteFiles/worker=oci-rootless-gvisor-tap-vsock-detachnetns
2026-05-25T11:37:12.8224777Z === PAUSE TestIntegration/TestDiffDeleteFiles/worker=oci-rootless-gvisor-tap-vsock-detachnetns
2026-05-25T11:37:12.8228922Z === RUN   TestIntegration/TestDiffDeleteFilesMerge/worker=oci-rootless-gvisor-tap-vsock-detachnetns
2026-05-25T11:37:12.8230406Z === PAUSE TestIntegration/TestDiffDeleteFilesMerge/worker=oci-rootless-gvisor-tap-vsock-detachnetns
2026-05-25T11:37:12.8244945Z === RUN   TestIntegration/TestDiffDeleteDirs/worker=oci-rootless-gvisor-tap-vsock-detachnetns
2026-05-25T11:37:12.8246609Z === PAUSE TestIntegration/TestDiffDeleteDirs/worker=oci-rootless-gvisor-tap-vsock-detachnetns
2026-05-25T11:37:12.8248123Z === RUN   TestIntegration/TestDiffDeleteDirsMerge/worker=oci-rootless-gvisor-tap-vsock-detachnetns
2026-05-25T11:37:12.8249727Z === PAUSE TestIntegration/TestDiffDeleteDirsMerge/worker=oci-rootless-gvisor-tap-vsock-detachnetns
2026-05-25T11:37:12.8251799Z === RUN   TestIntegration/TestDiffUnmatchedDelete/worker=oci-rootless-gvisor-tap-vsock-detachnetns
2026-05-25T11:37:12.8253409Z === PAUSE TestIntegration/TestDiffUnmatchedDelete/worker=oci-rootless-gvisor-tap-vsock-detachnetns
2026-05-25T11:37:12.8255790Z === RUN   TestIntegration/TestDiffDeleteFilesAfterMerge/worker=oci-rootless-gvisor-tap-vsock-detachnetns
2026-05-25T11:37:12.8257529Z === PAUSE TestIntegration/TestDiffDeleteFilesAfterMerge/worker=oci-rootless-gvisor-tap-vsock-detachnetns
2026-05-25T11:37:12.8259145Z === RUN   TestIntegration/TestDiffOpaqueDirs/worker=oci-rootless-gvisor-tap-vsock-detachnetns
2026-05-25T11:37:12.8260630Z === PAUSE TestIntegration/TestDiffOpaqueDirs/worker=oci-rootless-gvisor-tap-vsock-detachnetns
2026-05-25T11:37:12.8262148Z === RUN   TestIntegration/TestDiffOpaqueDirsMerge/worker=oci-rootless-gvisor-tap-vsock-detachnetns
2026-05-25T11:37:12.8263728Z === PAUSE TestIntegration/TestDiffOpaqueDirsMerge/worker=oci-rootless-gvisor-tap-vsock-detachnetns
2026-05-25T11:37:12.8265465Z === RUN   TestIntegration/TestDiffShuffleFiles/worker=oci-rootless-gvisor-tap-vsock-detachnetns
2026-05-25T11:37:12.8267015Z === PAUSE TestIntegration/TestDiffShuffleFiles/worker=oci-rootless-gvisor-tap-vsock-detachnetns
2026-05-25T11:37:12.8268655Z === RUN   TestIntegration/TestDiffShuffleFilesMerge/worker=oci-rootless-gvisor-tap-vsock-detachnetns
2026-05-25T11:37:12.8270298Z === PAUSE TestIntegration/TestDiffShuffleFilesMerge/worker=oci-rootless-gvisor-tap-vsock-detachnetns
2026-05-25T11:37:12.8272176Z === RUN   TestIntegration/TestDiffFifos/worker=oci-rootless-gvisor-tap-vsock-detachnetns
2026-05-25T11:37:12.8273554Z === PAUSE TestIntegration/TestDiffFifos/worker=oci-rootless-gvisor-tap-vsock-detachnetns
2026-05-25T11:37:12.8275477Z === RUN   TestIntegration/TestDiffChardevs/worker=oci-rootless-gvisor-tap-vsock-detachnetns
2026-05-25T11:37:12.8276981Z === PAUSE TestIntegration/TestDiffChardevs/worker=oci-rootless-gvisor-tap-vsock-detachnetns
2026-05-25T11:37:12.8279632Z === RUN   TestIntegration/TestDiffCombinedSingleLayer/worker=oci-rootless-gvisor-tap-vsock-detachnetns
2026-05-25T11:37:12.8281297Z === PAUSE TestIntegration/TestDiffCombinedSingleLayer/worker=oci-rootless-gvisor-tap-vsock-detachnetns
2026-05-25T11:37:12.8284107Z === RUN   TestIntegration/TestDiffCombinedMultiLayer/worker=oci-rootless-gvisor-tap-vsock-detachnetns
2026-05-25T11:37:12.8307973Z === PAUSE TestIntegration/TestDiffCombinedMultiLayer/worker=oci-rootless-gvisor-tap-vsock-detachnetns
2026-05-25T11:37:12.8309842Z === RUN   TestIntegration/TestDiffDirOverridesSymlink/worker=oci-rootless-gvisor-tap-vsock-detachnetns
2026-05-25T11:37:12.8311743Z === PAUSE TestIntegration/TestDiffDirOverridesSymlink/worker=oci-rootless-gvisor-tap-vsock-detachnetns
2026-05-25T11:37:12.8313634Z === RUN   TestIntegration/TestDiffSymlinkOverridesDir/worker=oci-rootless-gvisor-tap-vsock-detachnetns
2026-05-25T11:37:12.8315654Z === PAUSE TestIntegration/TestDiffSymlinkOverridesDir/worker=oci-rootless-gvisor-tap-vsock-detachnetns
2026-05-25T11:37:12.8317399Z === RUN   TestIntegration/TestDiffSymlinkOverridesSymlink/worker=oci-rootless-gvisor-tap-vsock-detachnetns
2026-05-25T11:37:12.8319177Z === PAUSE TestIntegration/TestDiffSymlinkOverridesSymlink/worker=oci-rootless-gvisor-tap-vsock-detachnetns
2026-05-25T11:37:12.8321060Z === RUN   TestIntegration/TestDiffDeleteDoesNotFollowSymlink/worker=oci-rootless-gvisor-tap-vsock-detachnetns
2026-05-25T11:37:12.8322892Z === PAUSE TestIntegration/TestDiffDeleteDoesNotFollowSymlink/worker=oci-rootless-gvisor-tap-vsock-detachnetns
2026-05-25T11:37:12.8324849Z === RUN   TestIntegration/TestDiffDeleteDoesNotFollowParentSymlink/worker=oci-rootless-gvisor-tap-vsock-detachnetns
2026-05-25T11:37:12.8327080Z === PAUSE TestIntegration/TestDiffDeleteDoesNotFollowParentSymlink/worker=oci-rootless-gvisor-tap-vsock-detachnetns
2026-05-25T11:37:12.8328823Z === RUN   TestIntegration/TestDiffCircularSymlinks/worker=oci-rootless-gvisor-tap-vsock-detachnetns
2026-05-25T11:37:12.8330451Z === PAUSE TestIntegration/TestDiffCircularSymlinks/worker=oci-rootless-gvisor-tap-vsock-detachnetns
2026-05-25T11:37:12.8332107Z === RUN   TestIntegration/TestDiffCircularDirSymlink/worker=oci-rootless-gvisor-tap-vsock-detachnetns
2026-05-25T11:37:12.8333743Z === PAUSE TestIntegration/TestDiffCircularDirSymlink/worker=oci-rootless-gvisor-tap-vsock-detachnetns
2026-05-25T11:37:12.8335864Z === RUN   TestIntegration/TestDiffCircularParentDirSymlinks/worker=oci-rootless-gvisor-tap-vsock-detachnetns
2026-05-25T11:37:12.8337760Z === PAUSE TestIntegration/TestDiffCircularParentDirSymlinks/worker=oci-rootless-gvisor-tap-vsock-detachnetns
2026-05-25T11:37:12.8339425Z === RUN   TestIntegration/TestDiffHardlinks/worker=oci-rootless-gvisor-tap-vsock-detachnetns
2026-05-25T11:37:12.8340876Z === PAUSE TestIntegration/TestDiffHardlinks/worker=oci-rootless-gvisor-tap-vsock-detachnetns
2026-05-25T11:37:12.8342598Z === RUN   TestIntegration/TestDiffHardlinkChangesDoNotPropagateBetweenSnapshots/worker=oci-rootless-gvisor-tap-vsock-detachnetns
2026-05-25T11:37:12.8344746Z === PAUSE TestIntegration/TestDiffHardlinkChangesDoNotPropagateBetweenSnapshots/worker=oci-rootless-gvisor-tap-vsock-detachnetns
2026-05-25T11:37:12.8346745Z === RUN   TestIntegration/TestDiffLazyBlobMerge/worker=oci-rootless-gvisor-tap-vsock-detachnetns
2026-05-25T11:37:12.8348253Z === PAUSE TestIntegration/TestDiffLazyBlobMerge/worker=oci-rootless-gvisor-tap-vsock-detachnetns
2026-05-25T11:37:12.8349747Z === RUN   TestIntegration/TestDiffExecRoot/worker=oci-rootless-gvisor-tap-vsock-detachnetns
2026-05-25T11:37:12.8351439Z === PAUSE TestIntegration/TestDiffExecRoot/worker=oci-rootless-gvisor-tap-vsock-detachnetns
2026-05-25T11:37:12.8352932Z === RUN   TestIntegration/TestDiffExecMount/worker=oci-rootless-gvisor-tap-vsock-detachnetns
2026-05-25T11:37:12.8354375Z === PAUSE TestIntegration/TestDiffExecMount/worker=oci-rootless-gvisor-tap-vsock-detachnetns
2026-05-25T11:37:12.8356110Z === RUN   TestIntegration/TestDiffOnlyMerge/worker=oci-rootless-gvisor-tap-vsock-detachnetns
2026-05-25T11:37:12.8357621Z === PAUSE TestIntegration/TestDiffOnlyMerge/worker=oci-rootless-gvisor-tap-vsock-detachnetns
2026-05-25T11:37:12.8359119Z === RUN   TestIntegration/TestDiffOfMerges/worker=oci-rootless-gvisor-tap-vsock-detachnetns
2026-05-25T11:37:12.8360591Z === PAUSE TestIntegration/TestDiffOfMerges/worker=oci-rootless-gvisor-tap-vsock-detachnetns
2026-05-25T11:37:12.8362193Z === RUN   TestIntegration/TestDiffOfMergesWithDeletes/worker=oci-rootless-gvisor-tap-vsock-detachnetns
2026-05-25T11:37:12.8363880Z === PAUSE TestIntegration/TestDiffOfMergesWithDeletes/worker=oci-rootless-gvisor-tap-vsock-detachnetns
2026-05-25T11:37:12.8365842Z === RUN   TestIntegration/TestDiffSingleLayerOnMerge/worker=oci-rootless-gvisor-tap-vsock-detachnetns
2026-05-25T11:37:12.8367569Z === PAUSE TestIntegration/TestDiffSingleLayerOnMerge/worker=oci-rootless-gvisor-tap-vsock-detachnetns
2026-05-25T11:37:12.8369438Z === RUN   TestIntegration/TestDiffSingleDeleteLayerOnMerge/worker=oci-rootless-gvisor-tap-vsock-detachnetns
2026-05-25T11:37:12.8371226Z === PAUSE TestIntegration/TestDiffSingleDeleteLayerOnMerge/worker=oci-rootless-gvisor-tap-vsock-detachnetns
2026-05-25T11:37:12.8373006Z === RUN   TestIntegration/TestDiffMultipleLayerOnMerge/worker=oci-rootless-gvisor-tap-vsock-detachnetns
2026-05-25T11:37:12.8374799Z === PAUSE TestIntegration/TestDiffMultipleLayerOnMerge/worker=oci-rootless-gvisor-tap-vsock-detachnetns
2026-05-25T11:37:12.8376773Z === RUN   TestIntegration/TestDiffNestedLayeredMerges/worker=oci-rootless-gvisor-tap-vsock-detachnetns
2026-05-25T11:37:12.8378459Z === PAUSE TestIntegration/TestDiffNestedLayeredMerges/worker=oci-rootless-gvisor-tap-vsock-detachnetns
2026-05-25T11:37:12.8380139Z === RUN   TestIntegration/TestDiffNestedLayeredMergeDeletes/worker=oci-rootless-gvisor-tap-vsock-detachnetns
2026-05-25T11:37:12.8381934Z === PAUSE TestIntegration/TestDiffNestedLayeredMergeDeletes/worker=oci-rootless-gvisor-tap-vsock-detachnetns
2026-05-25T11:37:12.8383600Z === RUN   TestIntegration/TestDiffOfDiffs/worker=oci-rootless-gvisor-tap-vsock-detachnetns
2026-05-25T11:37:12.8385481Z === PAUSE TestIntegration/TestDiffOfDiffs/worker=oci-rootless-gvisor-tap-vsock-detachnetns
2026-05-25T11:37:12.8387031Z === RUN   TestIntegration/TestDiffOfDiffsWithDeletes/worker=oci-rootless-gvisor-tap-vsock-detachnetns
2026-05-25T11:37:12.8388886Z === PAUSE TestIntegration/TestDiffOfDiffsWithDeletes/worker=oci-rootless-gvisor-tap-vsock-detachnetns
2026-05-25T11:37:12.8390688Z === RUN   TestIntegration/TestDiffAsParentSingleLayer/worker=oci-rootless-gvisor-tap-vsock-detachnetns
2026-05-25T11:37:12.8392160Z === PAUSE TestIntegration/TestDiffAsParentSingleLayer/worker=oci-rootless-gvisor-tap-vsock-detachnetns
2026-05-25T11:37:12.8418227Z === RUN   TestIntegration/TestDiffAsParentSingleLayerDelete/worker=oci-rootless-gvisor-tap-vsock-detachnetns
2026-05-25T11:37:12.8420012Z === PAUSE TestIntegration/TestDiffAsParentSingleLayerDelete/worker=oci-rootless-gvisor-tap-vsock-detachnetns
2026-05-25T11:37:12.8421837Z === RUN   TestIntegration/TestDiffAsParentMultipleLayers/worker=oci-rootless-gvisor-tap-vsock-detachnetns
2026-05-25T11:37:12.8423629Z === PAUSE TestIntegration/TestDiffAsParentMultipleLayers/worker=oci-rootless-gvisor-tap-vsock-detachnetns
2026-05-25T11:37:12.8425605Z === RUN   TestIntegration/TestDiffAsParentMultipleLayerDelete/worker=oci-rootless-gvisor-tap-vsock-detachnetns
2026-05-25T11:37:12.8427487Z === PAUSE TestIntegration/TestDiffAsParentMultipleLayerDelete/worker=oci-rootless-gvisor-tap-vsock-detachnetns
2026-05-25T11:37:12.8429603Z === RUN   TestIntegration/TestDiffSingleLayerBlobReuse/worker=oci-rootless-gvisor-tap-vsock-detachnetns
2026-05-25T11:37:12.8431323Z === PAUSE TestIntegration/TestDiffSingleLayerBlobReuse/worker=oci-rootless-gvisor-tap-vsock-detachnetns
2026-05-25T11:37:12.8432851Z === RUN   TestIntegration/TestDiffSingleLayerOnMergeBlobReuse/worker=oci-rootless-gvisor-tap-vsock-detachnetns
2026-05-25T11:37:12.8434669Z === PAUSE TestIntegration/TestDiffSingleLayerOnMergeBlobReuse/worker=oci-rootless-gvisor-tap-vsock-detachnetns
2026-05-25T11:37:12.8437009Z === RUN   TestIntegration/TestDiffMergeOpaqueRegression/worker=oci-rootless-gvisor-tap-vsock-detachnetns
2026-05-25T11:37:12.8438888Z === PAUSE TestIntegration/TestDiffMergeOpaqueRegression/worker=oci-rootless-gvisor-tap-vsock-detachnetns
2026-05-25T11:37:12.8440906Z === RUN   TestIntegration/TestDiffMergeOpaqueRegressionWithFileOverwrite/worker=oci-rootless-gvisor-tap-vsock-detachnetns
2026-05-25T11:37:12.8443082Z === PAUSE TestIntegration/TestDiffMergeOpaqueRegressionWithFileOverwrite/worker=oci-rootless-gvisor-tap-vsock-detachnetns
2026-05-25T11:37:12.8509320Z === RUN   TestIntegration/TestSecurityMode/worker=oci-rootless-gvisor-tap-vsock-detachnetns/secmode=insecure
2026-05-25T11:37:12.8519552Z === PAUSE TestIntegration/TestSecurityMode/worker=oci-rootless-gvisor-tap-vsock-detachnetns/secmode=insecure
2026-05-25T11:37:12.8522181Z === RUN   TestIntegration/TestSecurityMode/worker=oci-rootless-gvisor-tap-vsock-detachnetns/secmode=sandbox
2026-05-25T11:37:12.8523743Z === PAUSE TestIntegration/TestSecurityMode/worker=oci-rootless-gvisor-tap-vsock-detachnetns/secmode=sandbox
2026-05-25T11:37:12.8526734Z === RUN   TestIntegration/TestSecurityModeSysfs/worker=oci-rootless-gvisor-tap-vsock-detachnetns/secmode=insecure
2026-05-25T11:37:12.8528506Z === PAUSE TestIntegration/TestSecurityModeSysfs/worker=oci-rootless-gvisor-tap-vsock-detachnetns/secmode=insecure
2026-05-25T11:37:12.8531064Z === RUN   TestIntegration/TestSecurityModeSysfs/worker=oci-rootless-gvisor-tap-vsock-detachnetns/secmode=sandbox
2026-05-25T11:37:12.8532898Z === PAUSE TestIntegration/TestSecurityModeSysfs/worker=oci-rootless-gvisor-tap-vsock-detachnetns/secmode=sandbox
2026-05-25T11:37:12.8534920Z === RUN   TestIntegration/TestSecurityModeErrors/worker=oci-rootless-gvisor-tap-vsock-detachnetns/secmode=insecure
2026-05-25T11:37:12.8537036Z === PAUSE TestIntegration/TestSecurityModeErrors/worker=oci-rootless-gvisor-tap-vsock-detachnetns/secmode=insecure
2026-05-25T11:37:12.8538847Z === RUN   TestIntegration/TestSecurityModeErrors/worker=oci-rootless-gvisor-tap-vsock-detachnetns/secmode=sandbox
2026-05-25T11:37:12.8540684Z === PAUSE TestIntegration/TestSecurityModeErrors/worker=oci-rootless-gvisor-tap-vsock-detachnetns/secmode=sandbox
2026-05-25T11:37:12.8568950Z === RUN   TestIntegration/TestHostNetworking/worker=oci-rootless-gvisor-tap-vsock-detachnetns/netmode=default
2026-05-25T11:37:12.8576212Z === PAUSE TestIntegration/TestHostNetworking/worker=oci-rootless-gvisor-tap-vsock-detachnetns/netmode=default
2026-05-25T11:37:12.8577792Z === RUN   TestIntegration/TestHostNetworking/worker=oci-rootless-gvisor-tap-vsock-detachnetns/netmode=host
2026-05-25T11:37:12.8579319Z === PAUSE TestIntegration/TestHostNetworking/worker=oci-rootless-gvisor-tap-vsock-detachnetns/netmode=host
2026-05-25T11:37:12.8580961Z === RUN   TestIntegration/TestBridgeNetworkingDNSNoRootless/worker=oci-rootless-gvisor-tap-vsock-detachnetns/netmode=dns
2026-05-25T11:37:12.8582136Z     run.go:225: rootless
2026-05-25T11:37:12.8582929Z === RUN   TestIntegration/TestCDI/worker=oci-rootless-gvisor-tap-vsock-detachnetns
2026-05-25T11:37:12.8584112Z === PAUSE TestIntegration/TestCDI/worker=oci-rootless-gvisor-tap-vsock-detachnetns
2026-05-25T11:37:12.8585542Z === RUN   TestIntegration/TestCDINotAllowed/worker=oci-rootless-gvisor-tap-vsock-detachnetns
2026-05-25T11:37:12.8586873Z === PAUSE TestIntegration/TestCDINotAllowed/worker=oci-rootless-gvisor-tap-vsock-detachnetns
2026-05-25T11:37:12.8588197Z === RUN   TestIntegration/TestCDIEntitlement/worker=oci-rootless-gvisor-tap-vsock-detachnetns
2026-05-25T11:37:12.8589752Z === PAUSE TestIntegration/TestCDIEntitlement/worker=oci-rootless-gvisor-tap-vsock-detachnetns
2026-05-25T11:37:12.8591032Z === RUN   TestIntegration/TestCDIFirst/worker=oci-rootless-gvisor-tap-vsock-detachnetns
2026-05-25T11:37:12.8592244Z === PAUSE TestIntegration/TestCDIFirst/worker=oci-rootless-gvisor-tap-vsock-detachnetns
2026-05-25T11:37:12.8593490Z === RUN   TestIntegration/TestCDIWildcard/worker=oci-rootless-gvisor-tap-vsock-detachnetns
2026-05-25T11:37:12.8594759Z === PAUSE TestIntegration/TestCDIWildcard/worker=oci-rootless-gvisor-tap-vsock-detachnetns
2026-05-25T11:37:12.8596281Z === RUN   TestIntegration/TestCDIClass/worker=oci-rootless-gvisor-tap-vsock-detachnetns
2026-05-25T11:37:12.8597603Z === PAUSE TestIntegration/TestCDIClass/worker=oci-rootless-gvisor-tap-vsock-detachnetns
2026-05-25T11:37:12.8608123Z === CONT  TestIntegration/TestDiffSymlinkOverridesDir/worker=oci-rootless-gvisor-tap-vsock-detachnetns
2026-05-25T11:37:12.8609947Z === CONT  TestIntegration/TestCacheExportCacheKeyLoop/worker=oci-rootless-gvisor-tap-vsock-detachnetns
2026-05-25T11:37:12.8611751Z === CONT  TestIntegration/TestDiffDirOverridesSymlink/worker=oci-rootless-gvisor-tap-vsock-detachnetns
2026-05-25T11:37:12.8613549Z === CONT  TestIntegration/TestDiffCombinedMultiLayer/worker=oci-rootless-gvisor-tap-vsock-detachnetns
2026-05-25T11:37:12.8615496Z === CONT  TestIntegration/TestDiffCombinedSingleLayer/worker=oci-rootless-gvisor-tap-vsock-detachnetns
2026-05-25T11:37:12.8617253Z === CONT  TestIntegration/TestDiffChardevs/worker=oci-rootless-gvisor-tap-vsock-detachnetns
2026-05-25T11:37:12.8734755Z time="2026-05-25T11:37:12Z" level=info msg="fetch failed after status: 404 Not Found" host="localhost:41455"
2026-05-25T11:37:13.6415429Z time="2026-05-25T11:37:13Z" level=info msg=request digest="sha256:be691b1535726014cdf3b715ff39361b19e121ca34498a9ceea61ad776b9c215" mediatype=application/vnd.docker.image.rootfs.foreign.diff.tar size=10240 url="https://gist.github.com/cpuguy83/fcf3041e5d8fb1bb5c340915aabeebe0/raw/eebc59ee14939fc38067aa8b8dfbfba053d0af94/base.tar"
2026-05-25T11:37:13.9575937Z     run.go:331: copied docker.io/cpuguy83/buildkit-foreign:latest to local mirror localhost:41455/cpuguy83/buildkit-foreign:latest
2026-05-25T11:37:13.9658848Z time="2026-05-25T11:37:13Z" level=info msg="fetch failed after status: 404 Not Found" host="localhost:41455"
2026-05-25T11:37:15.0190018Z     run.go:331: copied docker.io/amd64/alpine:latest@sha256:25fad2a32ad1f6f510e528448ae1ec69a28ef81916a004d3629874104f8a7f70 to local mirror localhost:41455/library/alpine:latest
2026-05-25T11:37:15.0199376Z time="2026-05-25T11:37:15Z" level=info msg="fetch failed after status: 404 Not Found" host="localhost:41455"
2026-05-25T11:37:15.9961326Z     run.go:331: copied docker.io/tonistiigi/test:nolayers to local mirror localhost:41455/tonistiigi/test:nolayers
2026-05-25T11:37:16.2546098Z === RUN   TestIntegration/TestCacheExportCacheKeyLoop/worker=oci-rootless-gvisor-tap-vsock-detachnetns/mode=false
2026-05-25T11:37:16.4718938Z     client_test.go:9430: checkAllReleasable: skipping check for exported tars in non-containerd test
2026-05-25T11:37:16.4779890Z     client_test.go:9430: checkAllReleasable: skipping check for exported tars in non-containerd test
2026-05-25T11:37:16.5007783Z     client_test.go:9430: checkAllReleasable: skipping check for exported tars in non-containerd test
2026-05-25T11:37:16.5434044Z === RUN   TestContainerdWorkerIntegration
2026-05-25T11:37:16.5450507Z --- PASS: TestContainerdWorkerIntegration (0.00s)
2026-05-25T11:37:16.5459596Z testing: warning: no tests to run
2026-05-25T11:37:16.5515477Z PASS
2026-05-25T11:37:16.5515986Z coverage: 1.9% of statements
2026-05-25T11:37:16.5605723Z ok  	github.com/moby/buildkit/worker/containerd	0.064s	coverage: 1.9% of statements [no tests to run]
2026-05-25T11:37:17.1410560Z === RUN   TestIntegration/TestCacheExportCacheKeyLoop/worker=oci-rootless-gvisor-tap-vsock-detachnetns/mode=true
2026-05-25T11:37:17.4833822Z === CONT  TestIntegration/TestDiffFifos/worker=oci-rootless-gvisor-tap-vsock-detachnetns
2026-05-25T11:37:17.8529667Z     client_test.go:9430: checkAllReleasable: skipping check for exported tars in non-containerd test
2026-05-25T11:37:19.6341644Z     client_test.go:9430: checkAllReleasable: skipping check for exported tars in non-containerd test
2026-05-25T11:37:19.7936993Z     client_test.go:9430: checkAllReleasable: skipping check for exported tars in non-containerd test
2026-05-25T11:37:20.2053572Z     client_test.go:9430: checkAllReleasable: skipping check for exported tars in non-containerd test
2026-05-25T11:37:20.2580202Z === RUN   TestInMemoryCache
2026-05-25T11:37:20.2592465Z --- PASS: TestInMemoryCache (0.00s)
2026-05-25T11:37:20.2603784Z === RUN   TestInMemoryCacheSelector
2026-05-25T11:37:20.2613907Z --- PASS: TestInMemoryCacheSelector (0.00s)
2026-05-25T11:37:20.2623253Z === RUN   TestInMemoryCacheSelectorNested
2026-05-25T11:37:20.2654161Z --- PASS: TestInMemoryCacheSelectorNested (0.00s)
2026-05-25T11:37:20.2667913Z === RUN   TestInMemoryCacheReleaseParent
2026-05-25T11:37:20.2669074Z --- PASS: TestInMemoryCacheReleaseParent (0.00s)
2026-05-25T11:37:20.2670152Z === RUN   TestInMemoryCacheRestoreOfflineDeletion
2026-05-25T11:37:20.2670879Z --- PASS: TestInMemoryCacheRestoreOfflineDeletion (0.00s)
2026-05-25T11:37:20.2671515Z === RUN   TestCarryOverFromSublink
2026-05-25T11:37:20.2672104Z --- PASS: TestCarryOverFromSublink (0.00s)
2026-05-25T11:37:20.2672622Z === RUN   TestCompareCacheRecord
2026-05-25T11:37:20.2673090Z --- PASS: TestCompareCacheRecord (0.00s)
2026-05-25T11:37:20.2673573Z === RUN   TestIndexSimple
2026-05-25T11:37:20.2673986Z --- PASS: TestIndexSimple (0.00s)
2026-05-25T11:37:20.2674444Z === RUN   TestIndexMultiLevelSimple
2026-05-25T11:37:20.2674941Z --- PASS: TestIndexMultiLevelSimple (0.00s)
2026-05-25T11:37:20.2675697Z === RUN   TestIndexThreeLevels
2026-05-25T11:37:20.2676181Z --- PASS: TestIndexThreeLevels (0.00s)
2026-05-25T11:37:20.2676668Z === RUN   TestJobsIntegration
2026-05-25T11:37:20.2677675Z === RUN   TestJobsIntegration/TestParallelism/worker=oci-rootless-gvisor-tap-vsock-detachnetns/max-parallelism=single
2026-05-25T11:37:20.2679269Z === PAUSE TestJobsIntegration/TestParallelism/worker=oci-rootless-gvisor-tap-vsock-detachnetns/max-parallelism=single
2026-05-25T11:37:20.2680775Z === RUN   TestJobsIntegration/TestParallelism/worker=oci-rootless-gvisor-tap-vsock-detachnetns/max-parallelism=unlimited
2026-05-25T11:37:20.2682336Z === PAUSE TestJobsIntegration/TestParallelism/worker=oci-rootless-gvisor-tap-vsock-detachnetns/max-parallelism=unlimited
2026-05-25T11:37:20.2684289Z === CONT  TestJobsIntegration/TestParallelism/worker=oci-rootless-gvisor-tap-vsock-detachnetns/max-parallelism=single
2026-05-25T11:37:20.2695023Z === CONT  TestJobsIntegration/TestParallelism/worker=oci-rootless-gvisor-tap-vsock-detachnetns/max-parallelism=unlimited
2026-05-25T11:37:20.2702097Z === RUN   TestFrontendIntegration
2026-05-25T11:37:20.2709712Z === RUN   TestFrontendIntegration/TestRefReadFile/worker=oci-rootless-gvisor-tap-vsock-detachnetns
2026-05-25T11:37:20.2719505Z === PAUSE TestFrontendIntegration/TestRefReadFile/worker=oci-rootless-gvisor-tap-vsock-detachnetns
2026-05-25T11:37:20.2729266Z === RUN   TestFrontendIntegration/TestRefReadDir/worker=oci-rootless-gvisor-tap-vsock-detachnetns
2026-05-25T11:37:20.2738239Z === PAUSE TestFrontendIntegration/TestRefReadDir/worker=oci-rootless-gvisor-tap-vsock-detachnetns
2026-05-25T11:37:20.2751280Z === RUN   TestFrontendIntegration/TestRefStatFile/worker=oci-rootless-gvisor-tap-vsock-detachnetns
2026-05-25T11:37:20.2756530Z === PAUSE TestFrontendIntegration/TestRefStatFile/worker=oci-rootless-gvisor-tap-vsock-detachnetns
2026-05-25T11:37:20.2766769Z === RUN   TestFrontendIntegration/TestRefEvaluate/worker=oci-rootless-gvisor-tap-vsock-detachnetns
2026-05-25T11:37:20.2770113Z === PAUSE TestFrontendIntegration/TestRefEvaluate/worker=oci-rootless-gvisor-tap-vsock-detachnetns
2026-05-25T11:37:20.2771970Z === RUN   TestFrontendIntegration/TestReturnNil/worker=oci-rootless-gvisor-tap-vsock-detachnetns
2026-05-25T11:37:20.2774062Z === PAUSE TestFrontendIntegration/TestReturnNil/worker=oci-rootless-gvisor-tap-vsock-detachnetns
2026-05-25T11:37:20.2775732Z === CONT  TestFrontendIntegration/TestRefReadFile/worker=oci-rootless-gvisor-tap-vsock-detachnetns
2026-05-25T11:37:20.2777214Z === CONT  TestFrontendIntegration/TestRefEvaluate/worker=oci-rootless-gvisor-tap-vsock-detachnetns
2026-05-25T11:37:20.2778779Z === CONT  TestFrontendIntegration/TestReturnNil/worker=oci-rootless-gvisor-tap-vsock-detachnetns
2026-05-25T11:37:20.2780484Z === CONT  TestFrontendIntegration/TestRefStatFile/worker=oci-rootless-gvisor-tap-vsock-detachnetns
2026-05-25T11:37:20.2782149Z === CONT  TestFrontendIntegration/TestRefReadDir/worker=oci-rootless-gvisor-tap-vsock-detachnetns
2026-05-25T11:37:20.4163477Z     client_test.go:9430: checkAllReleasable: skipping check for exported tars in non-containerd test
2026-05-25T11:37:20.9045129Z === RUN   TestFrontendIntegration/TestRefReadFile/worker=oci-rootless-gvisor-tap-vsock-detachnetns/fullfile
2026-05-25T11:37:20.9426742Z === RUN   TestFrontendIntegration/TestRefReadFile/worker=oci-rootless-gvisor-tap-vsock-detachnetns/prefix
2026-05-25T11:37:20.9443346Z === RUN   TestFrontendIntegration/TestRefReadFile/worker=oci-rootless-gvisor-tap-vsock-detachnetns/suffix
2026-05-25T11:37:20.9453042Z === RUN   TestFrontendIntegration/TestRefReadFile/worker=oci-rootless-gvisor-tap-vsock-detachnetns/mid
2026-05-25T11:37:20.9475890Z === RUN   TestFrontendIntegration/TestRefReadFile/worker=oci-rootless-gvisor-tap-vsock-detachnetns/overrun
2026-05-25T11:37:21.1065333Z     client_test.go:9430: checkAllReleasable: skipping check for exported tars in non-containerd test
2026-05-25T11:37:21.3492650Z     client_test.go:9430: checkAllReleasable: skipping check for exported tars in non-containerd test
2026-05-25T11:37:21.3850808Z === RUN   TestFrontendIntegration/TestRefReadDir/worker=oci-rootless-gvisor-tap-vsock-detachnetns/toplevel
2026-05-25T11:37:21.4202229Z === RUN   TestFrontendIntegration/TestRefReadDir/worker=oci-rootless-gvisor-tap-vsock-detachnetns/subdir
2026-05-25T11:37:21.4204140Z === RUN   TestFrontendIntegration/TestRefReadDir/worker=oci-rootless-gvisor-tap-vsock-detachnetns/globtxt
2026-05-25T11:37:21.4223926Z === RUN   TestFrontendIntegration/TestRefReadDir/worker=oci-rootless-gvisor-tap-vsock-detachnetns/globlog
2026-05-25T11:37:21.4243690Z === RUN   TestFrontendIntegration/TestRefReadDir/worker=oci-rootless-gvisor-tap-vsock-detachnetns/subsubdir
2026-05-25T11:37:21.4851215Z --- PASS: TestFrontendIntegration (0.00s)
2026-05-25T11:37:21.4861616Z     --- PASS: TestFrontendIntegration/TestReturnNil/worker=oci-rootless-gvisor-tap-vsock-detachnetns (0.72s)
2026-05-25T11:37:21.4869386Z     --- PASS: TestFrontendIntegration/TestRefReadFile/worker=oci-rootless-gvisor-tap-vsock-detachnetns (0.76s)
2026-05-25T11:37:21.4872732Z         --- PASS: TestFrontendIntegration/TestRefReadFile/worker=oci-rootless-gvisor-tap-vsock-detachnetns/fullfile (0.04s)
2026-05-25T11:37:21.4875883Z         --- PASS: TestFrontendIntegration/TestRefReadFile/worker=oci-rootless-gvisor-tap-vsock-detachnetns/prefix (0.00s)
2026-05-25T11:37:21.4877407Z         --- PASS: TestFrontendIntegration/TestRefReadFile/worker=oci-rootless-gvisor-tap-vsock-detachnetns/suffix (0.00s)
2026-05-25T11:37:21.4878880Z         --- PASS: TestFrontendIntegration/TestRefReadFile/worker=oci-rootless-gvisor-tap-vsock-detachnetns/mid (0.00s)
2026-05-25T11:37:21.4880373Z         --- PASS: TestFrontendIntegration/TestRefReadFile/worker=oci-rootless-gvisor-tap-vsock-detachnetns/overrun (0.00s)
2026-05-25T11:37:21.4887106Z     --- PASS: TestFrontendIntegration/TestRefEvaluate/worker=oci-rootless-gvisor-tap-vsock-detachnetns (0.79s)
2026-05-25T11:37:21.4890874Z     --- PASS: TestFrontendIntegration/TestRefStatFile/worker=oci-rootless-gvisor-tap-vsock-detachnetns (0.81s)
2026-05-25T11:37:21.4909021Z     --- PASS: TestFrontendIntegration/TestRefReadDir/worker=oci-rootless-gvisor-tap-vsock-detachnetns (1.21s)
2026-05-25T11:37:21.4911291Z         --- PASS: TestFrontendIntegration/TestRefReadDir/worker=oci-rootless-gvisor-tap-vsock-detachnetns/toplevel (0.04s)
2026-05-25T11:37:21.4913095Z         --- PASS: TestFrontendIntegration/TestRefReadDir/worker=oci-rootless-gvisor-tap-vsock-detachnetns/subdir (0.00s)
2026-05-25T11:37:21.4914957Z         --- PASS: TestFrontendIntegration/TestRefReadDir/worker=oci-rootless-gvisor-tap-vsock-detachnetns/globtxt (0.00s)
2026-05-25T11:37:21.4916962Z         --- PASS: TestFrontendIntegration/TestRefReadDir/worker=oci-rootless-gvisor-tap-vsock-detachnetns/globlog (0.00s)
2026-05-25T11:37:21.4918752Z         --- PASS: TestFrontendIntegration/TestRefReadDir/worker=oci-rootless-gvisor-tap-vsock-detachnetns/subsubdir (0.00s)
2026-05-25T11:37:21.4919920Z PASS
2026-05-25T11:37:21.4920395Z coverage: [no statements]
2026-05-25T11:37:21.4920965Z ok  	github.com/moby/buildkit/frontend	1.258s	coverage: [no statements]
2026-05-25T11:37:21.6644105Z     client_test.go:9430: checkAllReleasable: skipping check for exported tars in non-containerd test
2026-05-25T11:37:21.7546935Z     client_test.go:9430: checkAllReleasable: skipping check for exported tars in non-containerd test
2026-05-25T11:37:21.8178603Z === CONT  TestIntegration/TestDiffShuffleFilesMerge/worker=oci-rootless-gvisor-tap-vsock-detachnetns
2026-05-25T11:37:21.8269741Z     client_test.go:9430: checkAllReleasable: skipping check for exported tars in non-containerd test
2026-05-25T11:37:21.9180101Z     client_test.go:9430: checkAllReleasable: skipping check for exported tars in non-containerd test
2026-05-25T11:37:21.9588921Z     mergediff_test.go:1220: rootless
2026-05-25T11:37:22.0288801Z === CONT  TestIntegration/TestDiffShuffleFiles/worker=oci-rootless-gvisor-tap-vsock-detachnetns
2026-05-25T11:37:22.2446173Z     client_test.go:9430: checkAllReleasable: skipping check for exported tars in non-containerd test
2026-05-25T11:37:22.3730778Z     client_test.go:9430: checkAllReleasable: skipping check for exported tars in non-containerd test
2026-05-25T11:37:23.0629443Z     client_test.go:9430: checkAllReleasable: skipping check for exported tars in non-containerd test
2026-05-25T11:37:23.4341220Z     client_test.go:9430: checkAllReleasable: skipping check for exported tars in non-containerd test
2026-05-25T11:37:23.4902543Z     client_test.go:9430: checkAllReleasable: skipping check for exported tars in non-containerd test
2026-05-25T11:37:23.5684242Z     client_test.go:9430: checkAllReleasable: skipping check for exported tars in non-containerd test
2026-05-25T11:37:23.8052456Z     client_test.go:9430: checkAllReleasable: skipping check for exported tars in non-containerd test
2026-05-25T11:37:23.9374354Z     client_test.go:9430: checkAllReleasable: skipping check for exported tars in non-containerd test
2026-05-25T11:37:24.0712653Z     client_test.go:9430: checkAllReleasable: skipping check for exported tars in non-containerd test
2026-05-25T11:37:24.2377019Z     client_test.go:9430: checkAllReleasable: skipping check for exported tars in non-containerd test
2026-05-25T11:37:24.3344289Z     client_test.go:9430: checkAllReleasable: skipping check for exported tars in non-containerd test
2026-05-25T11:37:24.4578603Z === CONT  TestIntegration/TestDiffOpaqueDirsMerge/worker=oci-rootless-gvisor-tap-vsock-detachnetns
2026-05-25T11:37:24.5653658Z     client_test.go:9430: checkAllReleasable: skipping check for exported tars in non-containerd test
2026-05-25T11:37:24.6009735Z     client_test.go:9430: checkAllReleasable: skipping check for exported tars in non-containerd test
2026-05-25T11:37:24.6938366Z === CONT  TestIntegration/TestDiffOpaqueDirs/worker=oci-rootless-gvisor-tap-vsock-detachnetns
2026-05-25T11:37:24.8554938Z     client_test.go:9430: checkAllReleasable: skipping check for exported tars in non-containerd test
2026-05-25T11:37:24.9718557Z     client_test.go:9430: checkAllReleasable: skipping check for exported tars in non-containerd test
2026-05-25T11:37:25.0761681Z     client_test.go:9430: checkAllReleasable: skipping check for exported tars in non-containerd test
2026-05-25T11:37:26.5136469Z     client_test.go:9430: checkAllReleasable: skipping check for exported tars in non-containerd test
2026-05-25T11:37:26.6079610Z     client_test.go:9430: checkAllReleasable: skipping check for exported tars in non-containerd test
2026-05-25T11:37:26.6099965Z     client_test.go:9430: checkAllReleasable: skipping check for exported tars in non-containerd test
2026-05-25T11:37:26.6560962Z     client_test.go:9430: checkAllReleasable: skipping check for exported tars in non-containerd test
2026-05-25T11:37:26.9199992Z     client_test.go:9430: checkAllReleasable: skipping check for exported tars in non-containerd test
2026-05-25T11:37:27.0515273Z     client_test.go:9430: checkAllReleasable: skipping check for exported tars in non-containerd test
2026-05-25T11:37:27.3165393Z     client_test.go:9430: checkAllReleasable: skipping check for exported tars in non-containerd test
2026-05-25T11:37:27.4633750Z === CONT  TestIntegration/TestDiffDeleteFilesAfterMerge/worker=oci-rootless-gvisor-tap-vsock-detachnetns
2026-05-25T11:37:27.6747437Z     client_test.go:9430: checkAllReleasable: skipping check for exported tars in non-containerd test
2026-05-25T11:37:27.9975942Z     client_test.go:9430: checkAllReleasable: skipping check for exported tars in non-containerd test
2026-05-25T11:37:28.1976601Z === CONT  TestIntegration/TestDiffUnmatchedDelete/worker=oci-rootless-gvisor-tap-vsock-detachnetns
2026-05-25T11:37:28.2566454Z === CONT  TestIntegration/TestDiffDeleteDirsMerge/worker=oci-rootless-gvisor-tap-vsock-detachnetns
2026-05-25T11:37:28.3399354Z     client_test.go:9430: checkAllReleasable: skipping check for exported tars in non-containerd test
2026-05-25T11:37:28.3761663Z     client_test.go:9430: checkAllReleasable: skipping check for exported tars in non-containerd test
2026-05-25T11:37:30.3276810Z     client_test.go:9430: checkAllReleasable: skipping check for exported tars in non-containerd test
2026-05-25T11:37:30.4447974Z     client_test.go:9430: checkAllReleasable: skipping check for exported tars in non-containerd test
2026-05-25T11:37:30.5540507Z     client_test.go:9430: checkAllReleasable: skipping check for exported tars in non-containerd test
2026-05-25T11:37:30.7120707Z     client_test.go:9430: checkAllReleasable: skipping check for exported tars in non-containerd test
2026-05-25T11:37:30.7604772Z     client_test.go:9430: checkAllReleasable: skipping check for exported tars in non-containerd test
2026-05-25T11:37:30.8637665Z     client_test.go:9430: checkAllReleasable: skipping check for exported tars in non-containerd test
2026-05-25T11:37:31.0659683Z     client_test.go:9430: checkAllReleasable: skipping check for exported tars in non-containerd test
2026-05-25T11:37:31.0923377Z     client_test.go:9430: checkAllReleasable: skipping check for exported tars in non-containerd test
2026-05-25T11:37:31.1612545Z     client_test.go:9430: checkAllReleasable: skipping check for exported tars in non-containerd test
2026-05-25T11:37:31.2656154Z     client_test.go:9430: checkAllReleasable: skipping check for exported tars in non-containerd test
2026-05-25T11:37:31.3209553Z === CONT  TestIntegration/TestDiffDeleteDirs/worker=oci-rootless-gvisor-tap-vsock-detachnetns
2026-05-25T11:37:31.5041522Z     client_test.go:9430: checkAllReleasable: skipping check for exported tars in non-containerd test
2026-05-25T11:37:31.6109414Z     client_test.go:9430: checkAllReleasable: skipping check for exported tars in non-containerd test
2026-05-25T11:37:31.6473702Z --- PASS: TestJobsIntegration (0.01s)
2026-05-25T11:37:31.6475787Z     --- PASS: TestJobsIntegration/TestParallelism/worker=oci-rootless-gvisor-tap-vsock-detachnetns/max-parallelism=unlimited (2.29s)
2026-05-25T11:37:31.6478221Z     --- PASS: TestJobsIntegration/TestParallelism/worker=oci-rootless-gvisor-tap-vsock-detachnetns/max-parallelism=single (11.38s)
2026-05-25T11:37:31.6479629Z === RUN   TestResolverCache_SerialAccess
2026-05-25T11:37:31.6480771Z --- PASS: TestResolverCache_SerialAccess (0.00s)
2026-05-25T11:37:31.6481337Z === RUN   TestResolverCache_ConcurrentWaiters
2026-05-25T11:37:31.7437353Z === CONT  TestIntegration/TestDiffDeleteFilesMerge/worker=oci-rootless-gvisor-tap-vsock-detachnetns
2026-05-25T11:37:31.7476881Z --- PASS: TestResolverCache_ConcurrentWaiters (0.10s)
2026-05-25T11:37:31.7485404Z === RUN   TestResolverCache_MultipleIndependentKeys
2026-05-25T11:37:31.7539140Z --- PASS: TestResolverCache_MultipleIndependentKeys (0.00s)
2026-05-25T11:37:31.7540406Z === RUN   TestResolverCache_ReleaseNilDoesNotAdd
2026-05-25T11:37:31.7548790Z --- PASS: TestResolverCache_ReleaseNilDoesNotAdd (0.00s)
2026-05-25T11:37:31.7549918Z === RUN   TestResolverCache_SequentialLocks
2026-05-25T11:37:31.7550777Z --- PASS: TestResolverCache_SequentialLocks (0.00s)
2026-05-25T11:37:31.7551614Z === RUN   TestCombinedResolverCache_BasicMerge
2026-05-25T11:37:31.7552505Z --- PASS: TestCombinedResolverCache_BasicMerge (0.00s)
2026-05-25T11:37:31.7553425Z === RUN   TestCombinedResolverCache_EmptyInput
2026-05-25T11:37:31.7562060Z --- PASS: TestCombinedResolverCache_EmptyInput (0.00s)
2026-05-25T11:37:31.7563228Z === RUN   TestCombinedResolverCache_ErrorHandlingAndRollback
2026-05-25T11:37:31.7564252Z --- PASS: TestCombinedResolverCache_ErrorHandlingAndRollback (0.00s)
2026-05-25T11:37:31.7565600Z === RUN   TestCombinedResolverCache_ParallelReleaseErrorPropagation
2026-05-25T11:37:31.7566813Z --- PASS: TestCombinedResolverCache_ParallelReleaseErrorPropagation (0.00s)
2026-05-25T11:37:31.7567975Z === RUN   TestSingleLevelActiveGraph
2026-05-25T11:37:31.7568727Z === PAUSE TestSingleLevelActiveGraph
2026-05-25T11:37:31.7569458Z === RUN   TestSingleLevelCache
2026-05-25T11:37:31.7570210Z === PAUSE TestSingleLevelCache
2026-05-25T11:37:31.7570914Z === RUN   TestSingleLevelCacheParallel
2026-05-25T11:37:31.7571732Z === PAUSE TestSingleLevelCacheParallel
2026-05-25T11:37:31.7572486Z === RUN   TestMultiLevelCacheParallel
2026-05-25T11:37:31.7573239Z === PAUSE TestMultiLevelCacheParallel
2026-05-25T11:37:31.7574021Z === RUN   TestSingleCancelCache
2026-05-25T11:37:31.7574742Z === PAUSE TestSingleCancelCache
2026-05-25T11:37:31.7584016Z === RUN   TestSingleCancelExec
2026-05-25T11:37:31.7585259Z === PAUSE TestSingleCancelExec
2026-05-25T11:37:31.7594540Z === RUN   TestSingleCancelParallel
2026-05-25T11:37:31.7595466Z === PAUSE TestSingleCancelParallel
2026-05-25T11:37:31.7596317Z === RUN   TestMultiLevelCalculation
2026-05-25T11:37:31.7597065Z === PAUSE TestMultiLevelCalculation
2026-05-25T11:37:31.7597760Z === RUN   TestHugeGraph
2026-05-25T11:37:31.7598359Z === PAUSE TestHugeGraph
2026-05-25T11:37:31.7599088Z === RUN   TestOptimizedCacheAccess
2026-05-25T11:37:31.7599793Z === PAUSE TestOptimizedCacheAccess
2026-05-25T11:37:31.7600490Z === RUN   TestOptimizedCacheAccess2
2026-05-25T11:37:31.7601194Z === PAUSE TestOptimizedCacheAccess2
2026-05-25T11:37:31.7601881Z === RUN   TestSlowCache
2026-05-25T11:37:31.7602468Z === PAUSE TestSlowCache
2026-05-25T11:37:31.7603092Z === RUN   TestParallelInputs
2026-05-25T11:37:31.7604045Z === PAUSE TestParallelInputs
2026-05-25T11:37:31.7604762Z === RUN   TestErrorReturns
2026-05-25T11:37:31.7605678Z === PAUSE TestErrorReturns
2026-05-25T11:37:31.7606343Z === RUN   TestMultipleCacheSources
2026-05-25T11:37:31.7607080Z === PAUSE TestMultipleCacheSources
2026-05-25T11:37:31.7607802Z === RUN   TestRepeatBuildWithIgnoreCache
2026-05-25T11:37:31.7608548Z === PAUSE TestRepeatBuildWithIgnoreCache
2026-05-25T11:37:31.7609305Z === RUN   TestIgnoreCacheResumeFromSlowCache
2026-05-25T11:37:31.7610093Z === PAUSE TestIgnoreCacheResumeFromSlowCache
2026-05-25T11:37:31.7610923Z === RUN   TestParallelBuildsIgnoreCache
2026-05-25T11:37:31.7611734Z === PAUSE TestParallelBuildsIgnoreCache
2026-05-25T11:37:31.7612419Z === RUN   TestSubbuild
2026-05-25T11:37:31.7620885Z === PAUSE TestSubbuild
2026-05-25T11:37:31.7621992Z === RUN   TestCacheWithSelector
2026-05-25T11:37:31.7622737Z === PAUSE TestCacheWithSelector
2026-05-25T11:37:31.7623418Z === RUN   TestCacheSlowWithSelector
2026-05-25T11:37:31.7624134Z === PAUSE TestCacheSlowWithSelector
2026-05-25T11:37:31.7625511Z === RUN   TestCacheExporting
2026-05-25T11:37:31.7626322Z === PAUSE TestCacheExporting
2026-05-25T11:37:31.7626984Z === RUN   TestCacheExportingModeMin
2026-05-25T11:37:31.7627680Z === PAUSE TestCacheExportingModeMin
2026-05-25T11:37:31.7628364Z === RUN   TestSlowCacheAvoidAccess
2026-05-25T11:37:31.7629041Z === PAUSE TestSlowCacheAvoidAccess
2026-05-25T11:37:31.7629733Z === RUN   TestSlowCacheAvoidLoadOnCache
2026-05-25T11:37:31.7630452Z === PAUSE TestSlowCacheAvoidLoadOnCache
2026-05-25T11:37:31.7631141Z === RUN   TestCacheMultipleMaps
2026-05-25T11:37:31.7631791Z === PAUSE TestCacheMultipleMaps
2026-05-25T11:37:31.7632465Z === RUN   TestCacheInputMultipleMaps
2026-05-25T11:37:31.7633168Z === PAUSE TestCacheInputMultipleMaps
2026-05-25T11:37:31.7633891Z === RUN   TestCacheExportingPartialSelector
2026-05-25T11:37:31.7634657Z === PAUSE TestCacheExportingPartialSelector
2026-05-25T11:37:31.7635644Z === RUN   TestCacheExportingMergedKey
2026-05-25T11:37:31.7636390Z === PAUSE TestCacheExportingMergedKey
2026-05-25T11:37:31.7637112Z === RUN   TestMergedEdgesLookup
2026-05-25T11:37:31.7637775Z === PAUSE TestMergedEdgesLookup
2026-05-25T11:37:31.7638417Z === RUN   TestMergedEdgesCycle
2026-05-25T11:37:31.7639084Z === PAUSE TestMergedEdgesCycle
2026-05-25T11:37:31.7639768Z === RUN   TestMergedEdgesCycleMultipleOwners
2026-05-25T11:37:31.7640542Z === PAUSE TestMergedEdgesCycleMultipleOwners
2026-05-25T11:37:31.7641278Z === RUN   TestCacheErrNotFound
2026-05-25T11:37:31.7641928Z --- PASS: TestCacheErrNotFound (0.00s)
2026-05-25T11:37:31.7642670Z === RUN   TestCacheLoadError
2026-05-25T11:37:31.7643304Z === PAUSE TestCacheLoadError
2026-05-25T11:37:31.7643957Z === RUN   TestInputRequestDeadlock
2026-05-25T11:37:31.7644640Z === PAUSE TestInputRequestDeadlock
2026-05-25T11:37:31.7645539Z === RUN   TestUnknownBuildID
2026-05-25T11:37:31.8310322Z     client_test.go:9430: checkAllReleasable: skipping check for exported tars in non-containerd test
2026-05-25T11:37:31.9159316Z     client_test.go:9430: checkAllReleasable: skipping check for exported tars in non-containerd test
2026-05-25T11:37:35.2032230Z     client_test.go:9430: checkAllReleasable: skipping check for exported tars in non-containerd test
2026-05-25T11:37:35.5989917Z     client_test.go:9430: checkAllReleasable: skipping check for exported tars in non-containerd test
2026-05-25T11:37:36.1314731Z     client_test.go:9430: checkAllReleasable: skipping check for exported tars in non-containerd test
2026-05-25T11:37:37.6391927Z     client_test.go:9430: checkAllReleasable: skipping check for exported tars in non-containerd test
2026-05-25T11:37:37.7593718Z --- PASS: TestUnknownBuildID (6.01s)
2026-05-25T11:37:37.7610363Z === RUN   TestStaleEdgeMerge
2026-05-25T11:37:37.7613657Z === PAUSE TestStaleEdgeMerge
2026-05-25T11:37:37.7617611Z === CONT  TestSingleLevelActiveGraph
2026-05-25T11:37:37.7622293Z === CONT  TestCacheExportingPartialSelector
2026-05-25T11:37:37.7628412Z === CONT  TestStaleEdgeMerge
2026-05-25T11:37:37.7630833Z === CONT  TestInputRequestDeadlock
2026-05-25T11:37:37.7634731Z === CONT  TestCacheLoadError
2026-05-25T11:37:37.7648220Z === CONT  TestMergedEdgesCycleMultipleOwners
2026-05-25T11:37:37.7659136Z time="2026-05-25T11:37:37Z" level=error msg="releasing already released reference ftjhbjjihgca2mu462bc2px7j"
2026-05-25T11:37:37.7761617Z time="2026-05-25T11:37:37Z" level=error msg="releasing already released reference ftjhbjjihgca2mu462bc2px7j"
2026-05-25T11:37:37.7764666Z time="2026-05-25T11:37:37Z" level=error msg="releasing already released reference ftjhbjjihgca2mu462bc2px7j"
2026-05-25T11:37:37.7771210Z --- PASS: TestCacheExportingPartialSelector (0.01s)
2026-05-25T11:37:37.7778158Z === CONT  TestMergedEdgesCycle
2026-05-25T11:37:37.7784927Z time="2026-05-25T11:37:37Z" level=error msg="releasing already released reference ftjhbjjihgca2mu462bc2px7j"
2026-05-25T11:37:37.7792981Z time="2026-05-25T11:37:37Z" level=error msg="releasing already released reference q5v8a74o54ywgae9vcd8ukygf"
2026-05-25T11:37:37.7800219Z --- PASS: TestStaleEdgeMerge (0.01s)
2026-05-25T11:37:37.7812642Z === CONT  TestMergedEdgesLookup
2026-05-25T11:37:37.7899436Z --- PASS: TestCacheLoadError (0.03s)
2026-05-25T11:37:37.7913990Z === CONT  TestCacheExportingMergedKey
2026-05-25T11:37:37.7968035Z --- PASS: TestInputRequestDeadlock (0.03s)
2026-05-25T11:37:37.7969609Z === CONT  TestOptimizedCacheAccess
2026-05-25T11:37:37.7970814Z time="2026-05-25T11:37:37Z" level=error msg="releasing already released reference l82sisi8elk9rkq7yv8sjhf5m"
2026-05-25T11:37:37.8082950Z time="2026-05-25T11:37:37Z" level=error msg="releasing already released reference ee9w8ixy6n92492w5td74926t"
2026-05-25T11:37:37.8093211Z --- PASS: TestCacheExportingMergedKey (0.02s)
2026-05-25T11:37:37.8143121Z time="2026-05-25T11:37:37Z" level=error msg="releasing already released reference hsgqcsjyaoe8nxl0qhodk96x9"
2026-05-25T11:37:37.8200530Z === CONT  TestParallelBuildsIgnoreCache
2026-05-25T11:37:37.8219321Z --- PASS: TestOptimizedCacheAccess (0.03s)
2026-05-25T11:37:37.8221934Z === CONT  TestIgnoreCacheResumeFromSlowCache
2026-05-25T11:37:37.8245861Z --- PASS: TestIgnoreCacheResumeFromSlowCache (0.00s)
2026-05-25T11:37:37.8254733Z === CONT  TestRepeatBuildWithIgnoreCache
2026-05-25T11:37:37.8304002Z --- PASS: TestParallelBuildsIgnoreCache (0.01s)
2026-05-25T11:37:37.8322652Z === CONT  TestMultipleCacheSources
2026-05-25T11:37:37.8335891Z --- PASS: TestRepeatBuildWithIgnoreCache (0.01s)
2026-05-25T11:37:37.8336761Z === CONT  TestErrorReturns
2026-05-25T11:37:37.8397971Z --- PASS: TestMultipleCacheSources (0.01s)
2026-05-25T11:37:37.8407317Z === CONT  TestParallelInputs
2026-05-25T11:37:37.8462729Z time="2026-05-25T11:37:37Z" level=error msg="releasing already released reference ulgb1514opwccehodxzqe6xae"
2026-05-25T11:37:37.8495586Z --- PASS: TestErrorReturns (0.02s)
2026-05-25T11:37:37.8518080Z === CONT  TestSlowCache
2026-05-25T11:37:37.8518875Z --- PASS: TestParallelInputs (0.01s)
2026-05-25T11:37:37.8519822Z === CONT  TestOptimizedCacheAccess2
2026-05-25T11:37:37.8547731Z --- PASS: TestSlowCache (0.00s)
2026-05-25T11:37:37.8610395Z === CONT  TestSingleCancelExec
2026-05-25T11:37:37.8617434Z --- PASS: TestSingleCancelExec (0.00s)
2026-05-25T11:37:37.8617943Z === CONT  TestHugeGraph
2026-05-25T11:37:37.8682850Z --- PASS: TestOptimizedCacheAccess2 (0.01s)
2026-05-25T11:37:37.8692809Z === CONT  TestMultiLevelCalculation
2026-05-25T11:37:37.8700716Z --- PASS: TestMultiLevelCalculation (0.00s)
2026-05-25T11:37:37.8710760Z === CONT  TestSingleCancelParallel
2026-05-25T11:37:37.8802102Z --- PASS: TestSingleLevelActiveGraph (0.11s)
2026-05-25T11:37:37.8803642Z === CONT  TestMultiLevelCacheParallel
2026-05-25T11:37:37.8805002Z --- PASS: TestMultiLevelCacheParallel (0.00s)
2026-05-25T11:37:37.8805910Z === CONT  TestSingleCancelCache
2026-05-25T11:37:37.8812017Z --- PASS: TestSingleCancelCache (0.00s)
2026-05-25T11:37:37.8813150Z === CONT  TestSingleLevelCacheParallel
2026-05-25T11:37:37.8815412Z --- PASS: TestSingleLevelCacheParallel (0.00s)
2026-05-25T11:37:37.8817825Z === CONT  TestSlowCacheAvoidAccess
2026-05-25T11:37:37.9783752Z --- PASS: TestMergedEdgesLookup (0.20s)
2026-05-25T11:37:37.9784367Z === CONT  TestCacheInputMultipleMaps
2026-05-25T11:37:37.9812956Z time="2026-05-25T11:37:37Z" level=error msg="releasing already released reference 6i86baxn39fgwf42rlxtznao3"
2026-05-25T11:37:37.9830968Z --- PASS: TestCacheInputMultipleMaps (0.00s)
2026-05-25T11:37:37.9831875Z === CONT  TestCacheMultipleMaps
2026-05-25T11:37:37.9843303Z --- PASS: TestCacheMultipleMaps (0.00s)
2026-05-25T11:37:37.9851814Z === CONT  TestSlowCacheAvoidLoadOnCache
2026-05-25T11:37:37.9855048Z --- PASS: TestMergedEdgesCycle (0.21s)
2026-05-25T11:37:37.9856518Z === CONT  TestCacheExporting
2026-05-25T11:37:37.9884616Z time="2026-05-25T11:37:37Z" level=error msg="releasing already released reference oytmuk94nbc2lsefc1z7jf1xy"
2026-05-25T11:37:37.9886416Z --- PASS: TestCacheExporting (0.00s)
2026-05-25T11:37:37.9886915Z === CONT  TestCacheExportingModeMin
2026-05-25T11:37:37.9894321Z time="2026-05-25T11:37:37Z" level=error msg="releasing already released reference q1qdgjh5n3m62qam28xvrm73f"
2026-05-25T11:37:37.9902401Z time="2026-05-25T11:37:37Z" level=error msg="releasing already released reference q1qdgjh5n3m62qam28xvrm73f"
2026-05-25T11:37:37.9903918Z time="2026-05-25T11:37:37Z" level=error msg="releasing already released reference wje5ma95v6t1ts1f92ua7kloz"
2026-05-25T11:37:37.9905300Z --- PASS: TestCacheExportingModeMin (0.00s)
2026-05-25T11:37:37.9906003Z === CONT  TestSingleLevelCache
2026-05-25T11:37:37.9913392Z --- PASS: TestSlowCacheAvoidLoadOnCache (0.01s)
2026-05-25T11:37:37.9914140Z --- PASS: TestSingleLevelCache (0.00s)
2026-05-25T11:37:37.9914832Z === CONT  TestCacheSlowWithSelector
2026-05-25T11:37:37.9919900Z === CONT  TestCacheWithSelector
2026-05-25T11:37:37.9944990Z --- PASS: TestCacheSlowWithSelector (0.00s)
2026-05-25T11:37:37.9946148Z === CONT  TestSubbuild
2026-05-25T11:37:37.9946540Z --- PASS: TestCacheWithSelector (0.00s)
2026-05-25T11:37:37.9947559Z time="2026-05-25T11:37:37Z" level=error msg="releasing already released reference lxhd1uzye410cyx37dsh63zlf"
2026-05-25T11:37:37.9948661Z --- PASS: TestSlowCacheAvoidAccess (0.12s)
2026-05-25T11:37:37.9949758Z time="2026-05-25T11:37:37Z" level=error msg="releasing already released reference p4bizv0j54v2iak3xjtiqq1ba"
2026-05-25T11:37:38.0000093Z --- PASS: TestSubbuild (0.01s)
2026-05-25T11:37:38.0720402Z --- PASS: TestMergedEdgesCycleMultipleOwners (0.31s)
2026-05-25T11:37:38.0809954Z --- PASS: TestSingleCancelParallel (0.21s)
2026-05-25T11:37:38.2217077Z --- PASS: TestHugeGraph (0.36s)
2026-05-25T11:37:38.2218420Z PASS
2026-05-25T11:37:38.2259016Z coverage: 71.2% of statements
2026-05-25T11:37:38.2377384Z ok  	github.com/moby/buildkit/solver	18.006s	coverage: 71.2% of statements
2026-05-25T11:37:38.6781260Z     client_test.go:9430: checkAllReleasable: skipping check for exported tars in non-containerd test
2026-05-25T11:37:39.2889347Z     client_test.go:9430: checkAllReleasable: skipping check for exported tars in non-containerd test
2026-05-25T11:37:40.5989891Z     client_test.go:9430: checkAllReleasable: skipping check for exported tars in non-containerd test
2026-05-25T11:37:42.3452266Z     client_test.go:9430: checkAllReleasable: skipping check for exported tars in non-containerd test
2026-05-25T11:37:44.6938908Z     client_test.go:9430: checkAllReleasable: skipping check for exported tars in non-containerd test
2026-05-25T11:37:45.3436465Z     client_test.go:9430: checkAllReleasable: skipping check for exported tars in non-containerd test
2026-05-25T11:37:45.4537359Z     client_test.go:9430: checkAllReleasable: skipping check for exported tars in non-containerd test
2026-05-25T11:37:46.5776561Z     client_test.go:9430: checkAllReleasable: skipping check for exported tars in non-containerd test
2026-05-25T11:37:47.7052837Z     client_test.go:9430: checkAllReleasable: skipping check for exported tars in non-containerd test
2026-05-25T11:37:48.7055653Z     client_test.go:9430: checkAllReleasable: skipping check for exported tars in non-containerd test
2026-05-25T11:37:49.4132070Z     client_test.go:9430: checkAllReleasable: skipping check for exported tars in non-containerd test
2026-05-25T11:37:49.4141523Z === CONT  TestIntegration/TestDiffDeleteFiles/worker=oci-rootless-gvisor-tap-vsock-detachnetns
2026-05-25T11:37:51.0918739Z     client_test.go:9430: checkAllReleasable: skipping check for exported tars in non-containerd test
2026-05-25T11:37:51.2094705Z     client_test.go:9430: checkAllReleasable: skipping check for exported tars in non-containerd test
2026-05-25T11:37:51.5113581Z     client_test.go:9430: checkAllReleasable: skipping check for exported tars in non-containerd test
2026-05-25T11:37:51.6092152Z     client_test.go:9430: checkAllReleasable: skipping check for exported tars in non-containerd test
2026-05-25T11:37:51.8682215Z     client_test.go:9430: checkAllReleasable: skipping check for exported tars in non-containerd test
2026-05-25T11:37:51.9860235Z === CONT  TestIntegration/TestDiffOverrideFiles/worker=oci-rootless-gvisor-tap-vsock-detachnetns
2026-05-25T11:37:52.1731223Z     client_test.go:9430: checkAllReleasable: skipping check for exported tars in non-containerd test
2026-05-25T11:37:52.1832924Z     client_test.go:9430: checkAllReleasable: skipping check for exported tars in non-containerd test
2026-05-25T11:37:53.5540394Z     client_test.go:9430: checkAllReleasable: skipping check for exported tars in non-containerd test
2026-05-25T11:37:54.6619408Z     client_test.go:9430: checkAllReleasable: skipping check for exported tars in non-containerd test
2026-05-25T11:37:54.9681517Z     client_test.go:9430: checkAllReleasable: skipping check for exported tars in non-containerd test
2026-05-25T11:37:55.1517352Z === CONT  TestIntegration/TestDiffOverrideDirs/worker=oci-rootless-gvisor-tap-vsock-detachnetns
2026-05-25T11:37:56.2667877Z     client_test.go:9430: checkAllReleasable: skipping check for exported tars in non-containerd test
2026-05-25T11:37:56.6585846Z     client_test.go:9430: checkAllReleasable: skipping check for exported tars in non-containerd test
2026-05-25T11:37:56.7927192Z === CONT  TestIntegration/TestDiffModifiedDirs/worker=oci-rootless-gvisor-tap-vsock-detachnetns
2026-05-25T11:37:57.0411235Z     client_test.go:9430: checkAllReleasable: skipping check for exported tars in non-containerd test
2026-05-25T11:37:57.1881847Z     client_test.go:9430: checkAllReleasable: skipping check for exported tars in non-containerd test
2026-05-25T11:37:57.5083325Z     client_test.go:9430: checkAllReleasable: skipping check for exported tars in non-containerd test
2026-05-25T11:37:57.6143154Z     client_test.go:9430: checkAllReleasable: skipping check for exported tars in non-containerd test
2026-05-25T11:37:57.7925625Z     client_test.go:9430: checkAllReleasable: skipping check for exported tars in non-containerd test
2026-05-25T11:37:57.8874099Z === CONT  TestIntegration/TestDiffNewDirs/worker=oci-rootless-gvisor-tap-vsock-detachnetns
2026-05-25T11:37:57.9084716Z     client_test.go:9430: checkAllReleasable: skipping check for exported tars in non-containerd test
2026-05-25T11:37:58.0207417Z === CONT  TestIntegration/TestDiffModifiedFiles/worker=oci-rootless-gvisor-tap-vsock-detachnetns
2026-05-25T11:37:58.1796186Z     client_test.go:9430: checkAllReleasable: skipping check for exported tars in non-containerd test
2026-05-25T11:37:58.5266577Z     client_test.go:9430: checkAllReleasable: skipping check for exported tars in non-containerd test
2026-05-25T11:37:58.6902073Z     client_test.go:9430: checkAllReleasable: skipping check for exported tars in non-containerd test
2026-05-25T11:37:58.9987397Z     client_test.go:9430: checkAllReleasable: skipping check for exported tars in non-containerd test
2026-05-25T11:37:59.1386747Z     client_test.go:9430: checkAllReleasable: skipping check for exported tars in non-containerd test
2026-05-25T11:37:59.3434235Z     client_test.go:9430: checkAllReleasable: skipping check for exported tars in non-containerd test
2026-05-25T11:37:59.3953774Z     client_test.go:9430: checkAllReleasable: skipping check for exported tars in non-containerd test
2026-05-25T11:37:59.5349114Z === CONT  TestIntegration/TestDiffNewFiles/worker=oci-rootless-gvisor-tap-vsock-detachnetns
2026-05-25T11:37:59.5716045Z     client_test.go:9430: checkAllReleasable: skipping check for exported tars in non-containerd test
2026-05-25T11:37:59.6628649Z     client_test.go:9430: checkAllReleasable: skipping check for exported tars in non-containerd test
2026-05-25T11:37:59.7067021Z     client_test.go:9430: checkAllReleasable: skipping check for exported tars in non-containerd test
2026-05-25T11:37:59.9049140Z     client_test.go:9430: checkAllReleasable: skipping check for exported tars in non-containerd test
2026-05-25T11:37:59.9271093Z     client_test.go:9430: checkAllReleasable: skipping check for exported tars in non-containerd test
2026-05-25T11:38:00.0096204Z     client_test.go:9430: checkAllReleasable: skipping check for exported tars in non-containerd test
2026-05-25T11:38:00.0477726Z     client_test.go:9430: checkAllReleasable: skipping check for exported tars in non-containerd test
2026-05-25T11:38:00.2389681Z     client_test.go:9430: checkAllReleasable: skipping check for exported tars in non-containerd test
2026-05-25T11:38:00.2856741Z     client_test.go:9430: checkAllReleasable: skipping check for exported tars in non-containerd test
2026-05-25T11:38:00.3878843Z === CONT  TestIntegration/TestDiffUpperScratch/worker=oci-rootless-gvisor-tap-vsock-detachnetns
2026-05-25T11:38:00.4135862Z     client_test.go:9430: checkAllReleasable: skipping check for exported tars in non-containerd test
2026-05-25T11:38:00.5394288Z     client_test.go:9430: checkAllReleasable: skipping check for exported tars in non-containerd test
2026-05-25T11:38:00.6346495Z     client_test.go:9430: checkAllReleasable: skipping check for exported tars in non-containerd test
2026-05-25T11:38:00.7458529Z === CONT  TestIntegration/TestDiffLowerScratchDeletes/worker=oci-rootless-gvisor-tap-vsock-detachnetns
2026-05-25T11:38:00.9011185Z     client_test.go:9430: checkAllReleasable: skipping check for exported tars in non-containerd test
2026-05-25T11:38:01.2538360Z     client_test.go:9430: checkAllReleasable: skipping check for exported tars in non-containerd test
2026-05-25T11:38:01.3918283Z     client_test.go:9430: checkAllReleasable: skipping check for exported tars in non-containerd test
2026-05-25T11:38:01.6852259Z     client_test.go:9430: checkAllReleasable: skipping check for exported tars in non-containerd test
2026-05-25T11:38:01.7989596Z     client_test.go:9430: checkAllReleasable: skipping check for exported tars in non-containerd test
2026-05-25T11:38:02.0483173Z     client_test.go:9430: checkAllReleasable: skipping check for exported tars in non-containerd test
2026-05-25T11:38:02.2063628Z === CONT  TestIntegration/TestDiffLowerScratch/worker=oci-rootless-gvisor-tap-vsock-detachnetns
2026-05-25T11:38:02.2284299Z     client_test.go:9430: checkAllReleasable: skipping check for exported tars in non-containerd test
2026-05-25T11:38:02.3582485Z     client_test.go:9430: checkAllReleasable: skipping check for exported tars in non-containerd test
2026-05-25T11:38:02.4596868Z     client_test.go:9430: checkAllReleasable: skipping check for exported tars in non-containerd test
2026-05-25T11:38:02.6654164Z     client_test.go:9430: checkAllReleasable: skipping check for exported tars in non-containerd test
2026-05-25T11:38:02.7362700Z     client_test.go:9430: checkAllReleasable: skipping check for exported tars in non-containerd test
2026-05-25T11:38:02.7683116Z     client_test.go:9430: checkAllReleasable: skipping check for exported tars in non-containerd test
2026-05-25T11:38:02.8617938Z     client_test.go:9430: checkAllReleasable: skipping check for exported tars in non-containerd test
2026-05-25T11:38:03.0387405Z     client_test.go:9430: checkAllReleasable: skipping check for exported tars in non-containerd test
2026-05-25T11:38:03.0683530Z     client_test.go:9430: checkAllReleasable: skipping check for exported tars in non-containerd test
2026-05-25T11:38:03.1449388Z     client_test.go:9430: checkAllReleasable: skipping check for exported tars in non-containerd test
2026-05-25T11:38:03.1732688Z === CONT  TestIntegration/TestDiffSelfDeletes/worker=oci-rootless-gvisor-tap-vsock-detachnetns
2026-05-25T11:38:03.2394043Z     client_test.go:9430: checkAllReleasable: skipping check for exported tars in non-containerd test
2026-05-25T11:38:03.3389735Z     client_test.go:9430: checkAllReleasable: skipping check for exported tars in non-containerd test
2026-05-25T11:38:03.4436799Z     client_test.go:9430: checkAllReleasable: skipping check for exported tars in non-containerd test
2026-05-25T11:38:03.5033299Z     client_test.go:9430: checkAllReleasable: skipping check for exported tars in non-containerd test
2026-05-25T11:38:03.5671898Z === CONT  TestIntegration/TestDiffSelf/worker=oci-rootless-gvisor-tap-vsock-detachnetns
2026-05-25T11:38:03.6527618Z     client_test.go:9430: checkAllReleasable: skipping check for exported tars in non-containerd test
2026-05-25T11:38:03.7011904Z     client_test.go:9430: checkAllReleasable: skipping check for exported tars in non-containerd test
2026-05-25T11:38:03.7968361Z     client_test.go:9430: checkAllReleasable: skipping check for exported tars in non-containerd test
2026-05-25T11:38:04.1457956Z     client_test.go:9430: checkAllReleasable: skipping check for exported tars in non-containerd test
2026-05-25T11:38:04.1459683Z     client_test.go:9430: checkAllReleasable: skipping check for exported tars in non-containerd test
2026-05-25T11:38:04.3220415Z     client_test.go:9430: checkAllReleasable: skipping check for exported tars in non-containerd test
2026-05-25T11:38:04.4324704Z     client_test.go:9430: checkAllReleasable: skipping check for exported tars in non-containerd test
2026-05-25T11:38:04.5994816Z     client_test.go:9430: checkAllReleasable: skipping check for exported tars in non-containerd test
2026-05-25T11:38:04.6353601Z     client_test.go:9430: checkAllReleasable: skipping check for exported tars in non-containerd test
2026-05-25T11:38:04.8942366Z === CONT  TestIntegration/TestDiffScratch/worker=oci-rootless-gvisor-tap-vsock-detachnetns
2026-05-25T11:38:05.0623117Z     client_test.go:9430: checkAllReleasable: skipping check for exported tars in non-containerd test
2026-05-25T11:38:05.0924916Z     client_test.go:9430: checkAllReleasable: skipping check for exported tars in non-containerd test
2026-05-25T11:38:05.1911859Z     client_test.go:9430: checkAllReleasable: skipping check for exported tars in non-containerd test
2026-05-25T11:38:05.2012002Z     client_test.go:9430: checkAllReleasable: skipping check for exported tars in non-containerd test
2026-05-25T11:38:05.7851500Z === CONT  TestIntegration/TestValidateSourcePolicy/worker=oci-rootless-gvisor-tap-vsock-detachnetns
2026-05-25T11:38:05.8611593Z     client_test.go:9430: checkAllReleasable: skipping check for exported tars in non-containerd test
2026-05-25T11:38:05.8886660Z     client_test.go:9430: checkAllReleasable: skipping check for exported tars in non-containerd test
2026-05-25T11:38:05.9325767Z     client_test.go:9430: checkAllReleasable: skipping check for exported tars in non-containerd test
2026-05-25T11:38:06.0894851Z     client_test.go:9430: checkAllReleasable: skipping check for exported tars in non-containerd test
2026-05-25T11:38:06.2029427Z     client_test.go:9430: checkAllReleasable: skipping check for exported tars in non-containerd test
2026-05-25T11:38:06.3652163Z     client_test.go:9430: checkAllReleasable: skipping check for exported tars in non-containerd test
2026-05-25T11:38:06.4213724Z     client_test.go:9430: checkAllReleasable: skipping check for exported tars in non-containerd test
2026-05-25T11:38:06.5008844Z     client_test.go:9430: checkAllReleasable: skipping check for exported tars in non-containerd test
2026-05-25T11:38:06.5069597Z     client_test.go:9430: checkAllReleasable: skipping check for exported tars in non-containerd test
2026-05-25T11:38:06.5344880Z     client_test.go:9430: checkAllReleasable: skipping check for exported tars in non-containerd test
2026-05-25T11:38:06.6351772Z === CONT  TestIntegration/TestValidatePlatformsInvalid/worker=oci-rootless-gvisor-tap-vsock-detachnetns
2026-05-25T11:38:06.8517415Z     client_test.go:9430: checkAllReleasable: skipping check for exported tars in non-containerd test
2026-05-25T11:38:06.9874145Z     client_test.go:9430: checkAllReleasable: skipping check for exported tars in non-containerd test
2026-05-25T11:38:07.0584227Z     client_test.go:9430: checkAllReleasable: skipping check for exported tars in non-containerd test
2026-05-25T11:38:07.1316545Z     client_test.go:9430: checkAllReleasable: skipping check for exported tars in non-containerd test
2026-05-25T11:38:07.1873110Z     client_test.go:9430: checkAllReleasable: skipping check for exported tars in non-containerd test
2026-05-25T11:38:07.1890819Z     client_test.go:9430: checkAllReleasable: skipping check for exported tars in non-containerd test
2026-05-25T11:38:07.2749230Z     client_test.go:9430: checkAllReleasable: skipping check for exported tars in non-containerd test
2026-05-25T11:38:07.2778228Z     client_test.go:9430: checkAllReleasable: skipping check for exported tars in non-containerd test
2026-05-25T11:38:07.3400110Z === CONT  TestIntegration/TestValidatePlatformsEmpty/worker=oci-rootless-gvisor-tap-vsock-detachnetns
2026-05-25T11:38:07.4715654Z === RUN   TestIntegration/TestValidateSourcePolicy/worker=oci-rootless-gvisor-tap-vsock-detachnetns/nilselector
2026-05-25T11:38:07.8332608Z === RUN   TestIntegration/TestValidatePlatformsInvalid/worker=oci-rootless-gvisor-tap-vsock-detachnetns/emptyID
2026-05-25T11:38:07.8459866Z === CONT  TestIntegration/TestValidateInvalidConfig/worker=oci-rootless-gvisor-tap-vsock-detachnetns
2026-05-25T11:38:07.9341933Z === RUN   TestIntegration/TestValidatePlatformsInvalid/worker=oci-rootless-gvisor-tap-vsock-detachnetns/missingOS
2026-05-25T11:38:07.9763486Z === CONT  TestIntegration/TestValidateNullConfig/worker=oci-rootless-gvisor-tap-vsock-detachnetns
2026-05-25T11:38:08.0184869Z     client_test.go:9430: checkAllReleasable: skipping check for exported tars in non-containerd test
2026-05-25T11:38:08.0623444Z     client_test.go:9430: checkAllReleasable: skipping check for exported tars in non-containerd test
2026-05-25T11:38:08.1449515Z === CONT  TestIntegration/TestPinRaceIgnoreCacheShift/worker=oci-rootless-gvisor-tap-vsock-detachnetns
2026-05-25T11:38:08.3189806Z === CONT  TestIntegration/TestListenBuildHistoryExcludesSoftDeletedRecords/worker=oci-rootless-gvisor-tap-vsock-detachnetns
2026-05-25T11:38:08.5200237Z === CONT  TestIntegration/TestSourcePolicySessionConvert/worker=oci-rootless-gvisor-tap-vsock-detachnetns
2026-05-25T11:38:08.6163579Z     client_test.go:9430: checkAllReleasable: skipping check for exported tars in non-containerd test
2026-05-25T11:38:08.6706485Z     pinrace_6731_test.go:80: http hit:  method=GET url=/pin-race-0 t+20ms
2026-05-25T11:38:09.1176870Z === CONT  TestIntegration/TestSourcePolicySessionHTTPChecksumAssist/worker=oci-rootless-gvisor-tap-vsock-detachnetns
2026-05-25T11:38:09.2204199Z === CONT  TestIntegration/TestSourcePolicySignedCommit/worker=oci-rootless-gvisor-tap-vsock-detachnetns
2026-05-25T11:38:09.3036711Z === RUN   TestIntegration/TestSourcePolicySessionConvert/worker=oci-rootless-gvisor-tap-vsock-detachnetns/convert_and_allow
2026-05-25T11:38:09.4046868Z === RUN   TestIntegration/TestSourcePolicySessionConvert/worker=oci-rootless-gvisor-tap-vsock-detachnetns/convert_and_deny
2026-05-25T11:38:09.4272715Z === RUN   TestIntegration/TestSourcePolicySessionConvert/worker=oci-rootless-gvisor-tap-vsock-detachnetns/convert_loop
2026-05-25T11:38:09.4757358Z === CONT  TestIntegration/TestSourcePolicyParallelSession/worker=oci-rootless-gvisor-tap-vsock-detachnetns
2026-05-25T11:38:09.5574634Z === RUN   TestIntegration/TestSourcePolicySessionHTTPChecksumAssist/worker=oci-rootless-gvisor-tap-vsock-detachnetns/valid_checksum_request
2026-05-25T11:38:09.6225375Z === RUN   TestIntegration/TestSourcePolicySessionHTTPChecksumAssist/worker=oci-rootless-gvisor-tap-vsock-detachnetns/oversized_suffix_denied
2026-05-25T11:38:09.6380932Z === RUN   TestIntegration/TestSourcePolicySessionHTTPChecksumAssist/worker=oci-rootless-gvisor-tap-vsock-detachnetns/unsupported_algo_denied
2026-05-25T11:38:09.6739398Z === CONT  TestIntegration/TestSourceMetaPolicySessionResolveAttestations/worker=oci-rootless-gvisor-tap-vsock-detachnetns
2026-05-25T11:38:09.9721044Z === RUN   TestIntegration/TestSourcePolicySignedCommit/worker=oci-rootless-gvisor-tap-vsock-detachnetns/unsigned_commit_fails
2026-05-25T11:38:10.0572967Z === RUN   TestIntegration/TestSourcePolicySignedCommit/worker=oci-rootless-gvisor-tap-vsock-detachnetns/valid_gpg_signature_for_branch
2026-05-25T11:38:10.1715701Z     pinrace_6731_test.go:82: http resp: method=GET url=/pin-race-0 t+1.52s
2026-05-25T11:38:10.1970339Z     pinrace_6731_test.go:80: http hit:  method=GET url=/pin-race-0 t+1.546s
2026-05-25T11:38:10.2010623Z === RUN   TestIntegration/TestSourcePolicySignedCommit/worker=oci-rootless-gvisor-tap-vsock-detachnetns/valid_ssh_signature_for_signed_tag
2026-05-25T11:38:10.2556861Z === RUN   TestIntegration/TestSourcePolicySignedCommit/worker=oci-rootless-gvisor-tap-vsock-detachnetns/invalid_ssh_signature_for_signed_tag
2026-05-25T11:38:10.3063955Z === RUN   TestIntegration/TestSourcePolicySignedCommit/worker=oci-rootless-gvisor-tap-vsock-detachnetns/commit_ssh_signature_for_signed_tag
2026-05-25T11:38:10.3547814Z === RUN   TestIntegration/TestSourcePolicySignedCommit/worker=oci-rootless-gvisor-tap-vsock-detachnetns/invalid_tag_signature_for_commit
2026-05-25T11:38:10.4052438Z === RUN   TestIntegration/TestSourcePolicySignedCommit/worker=oci-rootless-gvisor-tap-vsock-detachnetns/gitchecksum
2026-05-25T11:38:10.4276890Z === RUN   TestIntegration/TestSourcePolicySignedCommit/worker=oci-rootless-gvisor-tap-vsock-detachnetns/gitobjects
2026-05-25T11:38:10.4983404Z === CONT  TestIntegration/TestSourceMetaPolicySession/worker=oci-rootless-gvisor-tap-vsock-detachnetns
2026-05-25T11:38:11.0923164Z === CONT  TestIntegration/TestSourcePolicySessionDenyMessages/worker=oci-rootless-gvisor-tap-vsock-detachnetns
2026-05-25T11:38:11.3699902Z === CONT  TestIntegration/TestSourcePolicySession/worker=oci-rootless-gvisor-tap-vsock-detachnetns
2026-05-25T11:38:11.4314518Z     client_test.go:9430: checkAllReleasable: skipping check for exported tars in non-containerd test
2026-05-25T11:38:11.4461785Z === RUN   TestIntegration/TestSourceMetaPolicySession/worker=oci-rootless-gvisor-tap-vsock-detachnetns/basic_alpine
2026-05-25T11:38:11.5167547Z === RUN   TestIntegration/TestSourceMetaPolicySession/worker=oci-rootless-gvisor-tap-vsock-detachnetns/alpine_denied
2026-05-25T11:38:11.5486482Z === CONT  TestIntegration/TestImageResolveProvenanceAttestation/worker=oci-rootless-gvisor-tap-vsock-detachnetns
2026-05-25T11:38:11.6978601Z     pinrace_6731_test.go:82: http resp: method=GET url=/pin-race-0 t+3.046s
2026-05-25T11:38:11.7686729Z === CONT  TestIntegration/TestImageResolveAttestationChainLocal/worker=oci-rootless-gvisor-tap-vsock-detachnetns
2026-05-25T11:38:11.7746707Z     pinrace_6731_test.go:80: http hit:  method=GET url=/pin-race-1 t+3.124s
2026-05-25T11:38:11.8432931Z === RUN   TestIntegration/TestSourcePolicySession/worker=oci-rootless-gvisor-tap-vsock-detachnetns/basic_alpine
2026-05-25T11:38:11.9224905Z === RUN   TestIntegration/TestSourcePolicySession/worker=oci-rootless-gvisor-tap-vsock-detachnetns/alpine_with_attrs
2026-05-25T11:38:11.9390590Z === RUN   TestIntegration/TestSourcePolicySession/worker=oci-rootless-gvisor-tap-vsock-detachnetns/deny_alpine
2026-05-25T11:38:11.9503164Z === RUN   TestIntegration/TestSourcePolicySession/worker=oci-rootless-gvisor-tap-vsock-detachnetns/alpine_with_digest_policy
2026-05-25T11:38:12.0107546Z === CONT  TestIntegration/TestImageResolveAttestationChainRequiresNetwork/worker=oci-rootless-gvisor-tap-vsock-detachnetns
2026-05-25T11:38:12.3065582Z === CONT  TestIntegration/TestGitBundleRoundTripRegistry/worker=oci-rootless-gvisor-tap-vsock-detachnetns
2026-05-25T11:38:12.5460539Z === RUN   TestIntegration/TestValidateSourcePolicy/worker=oci-rootless-gvisor-tap-vsock-detachnetns/emptyaction
2026-05-25T11:38:12.5934747Z === RUN   TestIntegration/TestValidateSourcePolicy/worker=oci-rootless-gvisor-tap-vsock-detachnetns/nilupdates
2026-05-25T11:38:12.6452445Z === CONT  TestIntegration/TestGitBundleRoundTrip/worker=oci-rootless-gvisor-tap-vsock-detachnetns
2026-05-25T11:38:12.6478733Z === CONT  TestIntegration/TestGitResolveMutatedSource/worker=oci-rootless-gvisor-tap-vsock-detachnetns
2026-05-25T11:38:12.9674302Z time="2026-05-25T11:38:12Z" level=warning msg="reference for unknown type: "
2026-05-25T11:38:12.9800294Z === RUN   TestIntegration/TestGitBundleRoundTripRegistry/worker=oci-rootless-gvisor-tap-vsock-detachnetns/checkout
2026-05-25T11:38:13.1490086Z === RUN   TestIntegration/TestGitBundleRoundTripRegistry/worker=oci-rootless-gvisor-tap-vsock-detachnetns/provenance
2026-05-25T11:38:13.2134967Z === CONT  TestIntegration/TestHTTPResolveMultiBuild/worker=oci-rootless-gvisor-tap-vsock-detachnetns
2026-05-25T11:38:13.2730070Z     client_test.go:9430: checkAllReleasable: skipping check for exported tars in non-containerd test
2026-05-25T11:38:13.2766761Z     pinrace_6731_test.go:82: http resp: method=GET url=/pin-race-1 t+4.625s
2026-05-25T11:38:13.3016794Z === CONT  TestIntegration/TestHTTPResolveMetaReuse/worker=oci-rootless-gvisor-tap-vsock-detachnetns
2026-05-25T11:38:13.3147307Z     pinrace_6731_test.go:80: http hit:  method=GET url=/pin-race-1 t+4.664s
2026-05-25T11:38:13.3301203Z === RUN   TestIntegration/TestGitBundleRoundTrip/worker=oci-rootless-gvisor-tap-vsock-detachnetns/sha-ref
2026-05-25T11:38:13.4111070Z === RUN   TestIntegration/TestGitBundleRoundTrip/worker=oci-rootless-gvisor-tap-vsock-detachnetns/symbolic-ref
2026-05-25T11:38:13.4618921Z === RUN   TestIntegration/TestGitBundleRoundTrip/worker=oci-rootless-gvisor-tap-vsock-detachnetns/keepgitdir-no-namespace-leak
2026-05-25T11:38:13.5979323Z === RUN   TestIntegration/TestGitBundleRoundTrip/worker=oci-rootless-gvisor-tap-vsock-detachnetns/provenance
2026-05-25T11:38:13.6212867Z     client_test.go:9430: checkAllReleasable: skipping check for exported tars in non-containerd test
2026-05-25T11:38:13.6452732Z === CONT  TestIntegration/TestHTTPPruneAfterResolveMeta/worker=oci-rootless-gvisor-tap-vsock-detachnetns
2026-05-25T11:38:13.7171566Z     client_test.go:9430: checkAllReleasable: skipping check for exported tars in non-containerd test
2026-05-25T11:38:13.7450691Z === CONT  TestIntegration/TestHTTPPruneAfterCacheKey/worker=oci-rootless-gvisor-tap-vsock-detachnetns
2026-05-25T11:38:13.8765884Z === CONT  TestIntegration/TestHTTPResolveSourceMetadata/worker=oci-rootless-gvisor-tap-vsock-detachnetns
2026-05-25T11:38:13.9363379Z === CONT  TestIntegration/TestGitResolveSourceMetadata/worker=oci-rootless-gvisor-tap-vsock-detachnetns
2026-05-25T11:38:14.0624608Z     client_test.go:9430: checkAllReleasable: skipping check for exported tars in non-containerd test
2026-05-25T11:38:14.0866640Z === CONT  TestIntegration/TestMetadataOnlyLocal/worker=oci-rootless-gvisor-tap-vsock-detachnetns
2026-05-25T11:38:14.1138584Z     client_test.go:13390: entry no longer in use, pruning
2026-05-25T11:38:14.1374724Z     client_test.go:9430: checkAllReleasable: skipping check for exported tars in non-containerd test
2026-05-25T11:38:14.1675062Z     client_test.go:13390: entry no longer in use, pruning
2026-05-25T11:38:14.1815916Z     client_test.go:9430: checkAllReleasable: skipping check for exported tars in non-containerd test
2026-05-25T11:38:14.2121901Z     client_test.go:13390: entry no longer in use, pruning
2026-05-25T11:38:14.2267856Z     client_test.go:9430: checkAllReleasable: skipping check for exported tars in non-containerd test
2026-05-25T11:38:14.2585339Z     client_test.go:13390: entry no longer in use, pruning
2026-05-25T11:38:14.2757293Z     client_test.go:9430: checkAllReleasable: skipping check for exported tars in non-containerd test
2026-05-25T11:38:14.2763197Z === CONT  TestIntegration/TestFileOpSymlink/worker=oci-rootless-gvisor-tap-vsock-detachnetns
2026-05-25T11:38:14.3108087Z     client_test.go:13390: entry no longer in use, pruning
2026-05-25T11:38:14.3276738Z     client_test.go:9430: checkAllReleasable: skipping check for exported tars in non-containerd test
2026-05-25T11:38:14.3691676Z     client_test.go:13390: entry no longer in use, pruning
2026-05-25T11:38:14.3915965Z === CONT  TestIntegration/TestRunValidExitCodes/worker=oci-rootless-gvisor-tap-vsock-detachnetns
2026-05-25T11:38:14.3932150Z     client_test.go:9430: checkAllReleasable: skipping check for exported tars in non-containerd test
2026-05-25T11:38:14.4387535Z     client_test.go:13390: entry no longer in use, pruning
2026-05-25T11:38:14.4588918Z     client_test.go:9430: checkAllReleasable: skipping check for exported tars in non-containerd test
2026-05-25T11:38:14.4992705Z     client_test.go:13390: entry no longer in use, pruning
2026-05-25T11:38:14.5204202Z     client_test.go:9430: checkAllReleasable: skipping check for exported tars in non-containerd test
2026-05-25T11:38:14.5702780Z     client_test.go:13390: entry no longer in use, pruning
2026-05-25T11:38:14.5971879Z     client_test.go:9430: checkAllReleasable: skipping check for exported tars in non-containerd test
2026-05-25T11:38:14.6186857Z === CONT  TestIntegration/TestFrontendLintSkipVerifyPlatforms/worker=oci-rootless-gvisor-tap-vsock-detachnetns
2026-05-25T11:38:14.6341615Z     client_test.go:13390: entry no longer in use, pruning
2026-05-25T11:38:14.6547358Z     client_test.go:9430: checkAllReleasable: skipping check for exported tars in non-containerd test
2026-05-25T11:38:14.6838252Z === CONT  TestIntegration/TestFrontendVerifyPlatforms/worker=oci-rootless-gvisor-tap-vsock-detachnetns
2026-05-25T11:38:14.6860471Z === CONT  TestIntegration/TestLayerLimitOnMounts/worker=oci-rootless-gvisor-tap-vsock-detachnetns
2026-05-25T11:38:14.8164600Z     pinrace_6731_test.go:82: http resp: method=GET url=/pin-race-1 t+6.164s
2026-05-25T11:38:14.8815542Z === CONT  TestIntegration/TestOCIIndexMediatype/worker=oci-rootless-gvisor-tap-vsock-detachnetns
2026-05-25T11:38:14.8972119Z     pinrace_6731_test.go:80: http hit:  method=GET url=/pin-race-2 t+6.245s
2026-05-25T11:38:14.9257235Z === CONT  TestIntegration/TestExportLocalForcePlatformSplit/worker=oci-rootless-gvisor-tap-vsock-detachnetns
2026-05-25T11:38:15.1983616Z === CONT  TestIntegration/TestExportLocalNoPlatformSplitOverwrite/worker=oci-rootless-gvisor-tap-vsock-detachnetns
2026-05-25T11:38:15.6471453Z === CONT  TestIntegration/TestExportLocalNoPlatformSplit/worker=oci-rootless-gvisor-tap-vsock-detachnetns
2026-05-25T11:38:15.7801003Z     client_test.go:9430: checkAllReleasable: skipping check for exported tars in non-containerd test
2026-05-25T11:38:15.8057158Z === CONT  TestIntegration/TestOCILayoutBlobSource/worker=oci-rootless-gvisor-tap-vsock-detachnetns
2026-05-25T11:38:15.8717943Z === CONT  TestIntegration/TestImageBlobSource/worker=oci-rootless-gvisor-tap-vsock-detachnetns
2026-05-25T11:38:16.0766696Z === CONT  TestIntegration/TestSnapshotWithMultipleBlobs/worker=oci-rootless-gvisor-tap-vsock-detachnetns
2026-05-25T11:38:16.3966178Z     pinrace_6731_test.go:82: http resp: method=GET url=/pin-race-2 t+7.745s
2026-05-25T11:38:16.4176796Z     pinrace_6731_test.go:80: http hit:  method=GET url=/pin-race-2 t+7.767s
2026-05-25T11:38:16.5844137Z === CONT  TestIntegration/TestRegistryEmptyCacheExport/worker=oci-rootless-gvisor-tap-vsock-detachnetns
2026-05-25T11:38:17.1316008Z === CONT  TestIntegration/TestMultipleRecordsWithSameLayersCacheImportExport/worker=oci-rootless-gvisor-tap-vsock-detachnetns
2026-05-25T11:38:17.9183889Z     pinrace_6731_test.go:82: http resp: method=GET url=/pin-race-2 t+9.267s
2026-05-25T11:38:17.9662917Z     pinrace_6731_test.go:80: http hit:  method=GET url=/pin-race-3 t+9.315s
2026-05-25T11:38:19.4672354Z     pinrace_6731_test.go:82: http resp: method=GET url=/pin-race-3 t+10.816s
2026-05-25T11:38:19.4871114Z     pinrace_6731_test.go:80: http hit:  method=GET url=/pin-race-3 t+10.836s
2026-05-25T11:38:20.9873424Z     pinrace_6731_test.go:82: http resp: method=GET url=/pin-race-3 t+12.336s
2026-05-25T11:38:21.0528248Z === CONT  TestIntegration/TestClientCustomGRPCOpts/worker=oci-rootless-gvisor-tap-vsock-detachnetns
2026-05-25T11:38:21.1835970Z === RUN   TestIntegration/TestRegistryEmptyCacheExport/worker=oci-rootless-gvisor-tap-vsock-detachnetns/TestIntegration/TestRegistryEmptyCacheExport/worker=oci-rootless-gvisor-tap-vsock-detachnetns/ociMediaTypes=true/imageManifest=true
2026-05-25T11:38:21.2038782Z === RUN   TestIntegration/TestRegistryEmptyCacheExport/worker=oci-rootless-gvisor-tap-vsock-detachnetns/TestIntegration/TestRegistryEmptyCacheExport/worker=oci-rootless-gvisor-tap-vsock-detachnetns/ociMediaTypes=true/imageManifest=false
2026-05-25T11:38:21.2231585Z === RUN   TestIntegration/TestRegistryEmptyCacheExport/worker=oci-rootless-gvisor-tap-vsock-detachnetns/TestIntegration/TestRegistryEmptyCacheExport/worker=oci-rootless-gvisor-tap-vsock-detachnetns/ociMediaTypes=false/imageManifest=false
2026-05-25T11:38:21.2648979Z === CONT  TestIntegration/TestLLBMountPerformance/worker=oci-rootless-gvisor-tap-vsock-detachnetns
2026-05-25T11:38:21.8228556Z === CONT  TestIntegration/TestImageManifestRegistryCacheImportExport/worker=oci-rootless-gvisor-tap-vsock-detachnetns
2026-05-25T11:38:22.0174143Z === CONT  TestIntegration/TestSourcePolicy/worker=oci-rootless-gvisor-tap-vsock-detachnetns
2026-05-25T11:38:23.1461107Z === CONT  TestIntegration/TestMountStubsTimestamp/worker=oci-rootless-gvisor-tap-vsock-detachnetns
2026-05-25T11:38:23.5362783Z === CONT  TestIntegration/TestMountStubsDirectory/worker=oci-rootless-gvisor-tap-vsock-detachnetns
2026-05-25T11:38:23.6101847Z === RUN   TestIntegration/TestSourcePolicy/worker=oci-rootless-gvisor-tap-vsock-detachnetns/0
2026-05-25T11:38:23.7697433Z === CONT  TestIntegration/TestMultipleCacheExports/worker=oci-rootless-gvisor-tap-vsock-detachnetns
2026-05-25T11:38:24.1578969Z     client_test.go:11945: Verifying "bin/" (&{Typeflag:53 Name:bin/ Linkname: Size:0 Mode:493 Uid:0 Gid:0 Uname: Gname: ModTime:2009-02-13 23:31:30 +0000 UTC AccessTime:0001-01-01 00:00:00 +0000 UTC ChangeTime:0001-01-01 00:00:00 +0000 UTC Devmajor:0 Devminor:0 Xattrs:map[] PAXRecords:map[] Format:USTAR})
2026-05-25T11:38:24.1582082Z     client_test.go:11945: Verifying "etc/" (&{Typeflag:53 Name:etc/ Linkname: Size:0 Mode:493 Uid:0 Gid:0 Uname: Gname: ModTime:2009-02-13 23:31:30 +0000 UTC AccessTime:0001-01-01 00:00:00 +0000 UTC ChangeTime:0001-01-01 00:00:00 +0000 UTC Devmajor:0 Devminor:0 Xattrs:map[] PAXRecords:map[] Format:USTAR})
2026-05-25T11:38:24.1584353Z     client_test.go:11945: Verifying "var/" (&{Typeflag:53 Name:var/ Linkname: Size:0 Mode:493 Uid:0 Gid:0 Uname: Gname: ModTime:2009-02-13 23:31:30 +0000 UTC AccessTime:0001-01-01 00:00:00 +0000 UTC ChangeTime:0001-01-01 00:00:00 +0000 UTC Devmajor:0 Devminor:0 Xattrs:map[] PAXRecords:map[] Format:USTAR})
2026-05-25T11:38:24.1587510Z     client_test.go:11945: Verifying "tmp/" (&{Typeflag:53 Name:tmp/ Linkname: Size:0 Mode:1023 Uid:0 Gid:0 Uname: Gname: ModTime:2009-02-13 23:31:30 +0000 UTC AccessTime:0001-01-01 00:00:00 +0000 UTC ChangeTime:0001-01-01 00:00:00 +0000 UTC Devmajor:0 Devminor:0 Xattrs:map[] PAXRecords:map[] Format:USTAR})
2026-05-25T11:38:24.1892034Z === CONT  TestIntegration/TestSBOMSupplements/worker=oci-rootless-gvisor-tap-vsock-detachnetns
2026-05-25T11:38:24.5873121Z === CONT  TestIntegration/TestSBOMScanSingleRef/worker=oci-rootless-gvisor-tap-vsock-detachnetns
2026-05-25T11:38:24.7026684Z === RUN   TestIntegration/TestSourcePolicy/worker=oci-rootless-gvisor-tap-vsock-detachnetns/1
2026-05-25T11:38:24.9244390Z === RUN   TestIntegration/TestSourcePolicy/worker=oci-rootless-gvisor-tap-vsock-detachnetns/2
2026-05-25T11:38:24.9492738Z === RUN   TestIntegration/TestSourcePolicy/worker=oci-rootless-gvisor-tap-vsock-detachnetns/Frontend_policies
2026-05-25T11:38:24.9496781Z === RUN   TestIntegration/TestSourcePolicy/worker=oci-rootless-gvisor-tap-vsock-detachnetns/Frontend_policies/deny_http
2026-05-25T11:38:24.9617960Z === RUN   TestIntegration/TestSourcePolicy/worker=oci-rootless-gvisor-tap-vsock-detachnetns/Frontend_policies/resolve_image_config
2026-05-25T11:38:25.0481157Z === CONT  TestIntegration/TestSBOMScan/worker=oci-rootless-gvisor-tap-vsock-detachnetns
2026-05-25T11:38:25.3432038Z === CONT  TestIntegration/TestAttestationBundle/worker=oci-rootless-gvisor-tap-vsock-detachnetns
2026-05-25T11:38:25.4266985Z     client_test.go:9430: checkAllReleasable: skipping check for exported tars in non-containerd test
2026-05-25T11:38:25.4550841Z === CONT  TestIntegration/TestSourceDateEpochImageExporter/worker=oci-rootless-gvisor-tap-vsock-detachnetns
2026-05-25T11:38:25.9654106Z === CONT  TestIntegration/TestSourceDateEpochTarExporter/worker=oci-rootless-gvisor-tap-vsock-detachnetns
2026-05-25T11:38:26.2628187Z === CONT  TestIntegration/TestSourceDateEpochLocalExporter/worker=oci-rootless-gvisor-tap-vsock-detachnetns
2026-05-25T11:38:26.4026106Z === CONT  TestIntegration/TestSourceDateEpochReset/worker=oci-rootless-gvisor-tap-vsock-detachnetns
2026-05-25T11:38:26.5747689Z === CONT  TestIntegration/TestSourceDateEpochClamp/worker=oci-rootless-gvisor-tap-vsock-detachnetns
2026-05-25T11:38:26.8161646Z     client_test.go:9430: checkAllReleasable: skipping check for exported tars in non-containerd test
2026-05-25T11:38:26.8333307Z === CONT  TestIntegration/TestSourceDateEpochLayerTimestamps/worker=oci-rootless-gvisor-tap-vsock-detachnetns
2026-05-25T11:38:26.9716303Z     client_test.go:9430: checkAllReleasable: skipping check for exported tars in non-containerd test
2026-05-25T11:38:26.9939415Z === CONT  TestIntegration/TestAttestationDefaultSubject/worker=oci-rootless-gvisor-tap-vsock-detachnetns
2026-05-25T11:38:27.3906866Z     client_test.go:9430: checkAllReleasable: skipping check for exported tars in non-containerd test
2026-05-25T11:38:27.4110830Z === CONT  TestIntegration/TestExportedImageLabels/worker=oci-rootless-gvisor-tap-vsock-detachnetns
2026-05-25T11:38:27.5276055Z     client_test.go:9430: checkAllReleasable: skipping check for exported tars in non-containerd test
2026-05-25T11:38:27.5502082Z === CONT  TestIntegration/TestExportAttestationsImageManifest/worker=oci-rootless-gvisor-tap-vsock-detachnetns
2026-05-25T11:38:27.8583020Z === CONT  TestIntegration/TestExportAttestationsOCIArtifact/worker=oci-rootless-gvisor-tap-vsock-detachnetns
2026-05-25T11:38:27.9545640Z     client_test.go:9430: checkAllReleasable: skipping check for exported tars in non-containerd test
2026-05-25T11:38:27.9738456Z === CONT  TestIntegration/TestExportAnnotationsMediaTypes/worker=oci-rootless-gvisor-tap-vsock-detachnetns
2026-05-25T11:38:27.9897447Z     client_test.go:711: only supported with containerd
2026-05-25T11:38:28.0221309Z === CONT  TestIntegration/TestExportAnnotations/worker=oci-rootless-gvisor-tap-vsock-detachnetns
2026-05-25T11:38:28.1157683Z === RUN   TestIntegration/TestExportAttestationsImageManifest/worker=oci-rootless-gvisor-tap-vsock-detachnetns/image
2026-05-25T11:38:28.1487962Z === RUN   TestIntegration/TestExportAttestationsOCIArtifact/worker=oci-rootless-gvisor-tap-vsock-detachnetns/image
2026-05-25T11:38:28.4890297Z === RUN   TestIntegration/TestExportAttestationsImageManifest/worker=oci-rootless-gvisor-tap-vsock-detachnetns/local
2026-05-25T11:38:28.5188996Z === RUN   TestIntegration/TestExportAttestationsImageManifest/worker=oci-rootless-gvisor-tap-vsock-detachnetns/tar
2026-05-25T11:38:28.5194502Z === RUN   TestIntegration/TestExportAttestationsOCIArtifact/worker=oci-rootless-gvisor-tap-vsock-detachnetns/local
2026-05-25T11:38:28.5519670Z === RUN   TestIntegration/TestExportAttestationsOCIArtifact/worker=oci-rootless-gvisor-tap-vsock-detachnetns/tar
2026-05-25T11:38:28.5833569Z === CONT  TestIntegration/TestPullWithLayerLimit/worker=oci-rootless-gvisor-tap-vsock-detachnetns
2026-05-25T11:38:28.6130238Z === CONT  TestIntegration/TestCallInfo/worker=oci-rootless-gvisor-tap-vsock-detachnetns
2026-05-25T11:38:28.9216287Z === CONT  TestIntegration/TestValidateDigestOrigin/worker=oci-rootless-gvisor-tap-vsock-detachnetns
2026-05-25T11:38:28.9683139Z === CONT  TestIntegration/TestStargzLazyRegistryCacheImportExport/worker=oci-rootless-gvisor-tap-vsock-detachnetns
2026-05-25T11:38:29.1206233Z === CONT  TestIntegration/TestUncompressedRegistryCacheImportExport/worker=oci-rootless-gvisor-tap-vsock-detachnetns
2026-05-25T11:38:29.3223086Z === CONT  TestIntegration/TestUncompressedLocalCacheImportExport/worker=oci-rootless-gvisor-tap-vsock-detachnetns
2026-05-25T11:38:29.4515993Z     client_test.go:6019: test requires containerd worker with stargz snapshotter
2026-05-25T11:38:29.4699349Z === CONT  TestIntegration/TestZstdLocalCacheImportExport/worker=oci-rootless-gvisor-tap-vsock-detachnetns
2026-05-25T11:38:30.0990168Z === CONT  TestIntegration/TestZstdRegistryCacheImportExport/worker=oci-rootless-gvisor-tap-vsock-detachnetns
2026-05-25T11:38:30.2474245Z === CONT  TestIntegration/TestLocalCacheExportReset/worker=oci-rootless-gvisor-tap-vsock-detachnetns
2026-05-25T11:38:30.5083252Z === CONT  TestIntegration/TestCacheExportCacheDeletedContent/worker=oci-rootless-gvisor-tap-vsock-detachnetns
2026-05-25T11:38:30.7528958Z === CONT  TestIntegration/TestCacheExportIgnoreError/worker=oci-rootless-gvisor-tap-vsock-detachnetns
2026-05-25T11:38:30.9009973Z === CONT  TestIntegration/TestZstdLocalCacheExport/worker=oci-rootless-gvisor-tap-vsock-detachnetns
2026-05-25T11:38:31.1493142Z === CONT  TestIntegration/TestBuildExportWithForeignLayer/worker=oci-rootless-gvisor-tap-vsock-detachnetns
2026-05-25T11:38:31.2253999Z === RUN   TestIntegration/TestCacheExportIgnoreError/worker=oci-rootless-gvisor-tap-vsock-detachnetns/s3-ignore-error-true
2026-05-25T11:38:31.4479677Z === CONT  TestIntegration/TestMoveParentDir/worker=oci-rootless-gvisor-tap-vsock-detachnetns
2026-05-25T11:38:31.7068299Z === RUN   TestIntegration/TestCacheExportIgnoreError/worker=oci-rootless-gvisor-tap-vsock-detachnetns/local-ignore-error-true
2026-05-25T11:38:31.7320027Z === CONT  TestIntegration/TestRmSymlink/worker=oci-rootless-gvisor-tap-vsock-detachnetns
2026-05-25T11:38:31.7386256Z === RUN   TestIntegration/TestCacheExportIgnoreError/worker=oci-rootless-gvisor-tap-vsock-detachnetns/registry-ignore-error-true
2026-05-25T11:38:31.7810048Z === RUN   TestIntegration/TestCacheExportIgnoreError/worker=oci-rootless-gvisor-tap-vsock-detachnetns/local-ignore-error-false
2026-05-25T11:38:31.8116353Z === RUN   TestIntegration/TestCacheExportIgnoreError/worker=oci-rootless-gvisor-tap-vsock-detachnetns/registry-ignore-error-false
2026-05-25T11:38:31.8392654Z === RUN   TestIntegration/TestBuildExportWithForeignLayer/worker=oci-rootless-gvisor-tap-vsock-detachnetns/propagate=1
2026-05-25T11:38:31.8574052Z === CONT  TestIntegration/TestMergeOpCacheMax/worker=oci-rootless-gvisor-tap-vsock-detachnetns
2026-05-25T11:38:31.9106822Z === RUN   TestIntegration/TestCacheExportIgnoreError/worker=oci-rootless-gvisor-tap-vsock-detachnetns/s3-ignore-error-false
2026-05-25T11:38:31.9727454Z === RUN   TestIntegration/TestBuildExportWithForeignLayer/worker=oci-rootless-gvisor-tap-vsock-detachnetns/propagate=0
2026-05-25T11:38:31.9823630Z === CONT  TestIntegration/TestMergeOpCacheMin/worker=oci-rootless-gvisor-tap-vsock-detachnetns
2026-05-25T11:38:32.1026308Z === CONT  TestIntegration/TestMergeOpCacheInline/worker=oci-rootless-gvisor-tap-vsock-detachnetns
2026-05-25T11:38:32.2242322Z     client_test.go:8883: test requires containerd worker
2026-05-25T11:38:32.2434676Z === CONT  TestIntegration/TestMergeOp/worker=oci-rootless-gvisor-tap-vsock-detachnetns
2026-05-25T11:38:32.3802084Z     client_test.go:8879: test requires containerd worker
2026-05-25T11:38:32.4102740Z === CONT  TestIntegration/TestPullZstdImage/worker=oci-rootless-gvisor-tap-vsock-detachnetns
2026-05-25T11:38:32.4129549Z === CONT  TestIntegration/TestBuildExportZstd/worker=oci-rootless-gvisor-tap-vsock-detachnetns
2026-05-25T11:38:32.5268976Z     client_test.go:8875: test requires containerd worker
2026-05-25T11:38:32.5779189Z === CONT  TestIntegration/TestOCILayoutPlatformSource/worker=oci-rootless-gvisor-tap-vsock-detachnetns
2026-05-25T11:38:32.5834430Z === CONT  TestIntegration/TestOCILayoutSource/worker=oci-rootless-gvisor-tap-vsock-detachnetns
2026-05-25T11:38:32.6693392Z === RUN   TestIntegration/TestPullZstdImage/worker=oci-rootless-gvisor-tap-vsock-detachnetns/TestIntegration/TestPullZstdImage/worker=oci-rootless-gvisor-tap-vsock-detachnetns/ociMediaTypes=true
2026-05-25T11:38:32.9263929Z     client_test.go:9430: checkAllReleasable: skipping check for exported tars in non-containerd test
2026-05-25T11:38:33.0831467Z === CONT  TestIntegration/TestNoTarOCIIndexMediaType/worker=oci-rootless-gvisor-tap-vsock-detachnetns
2026-05-25T11:38:33.1413471Z === RUN   TestIntegration/TestPullZstdImage/worker=oci-rootless-gvisor-tap-vsock-detachnetns/TestIntegration/TestPullZstdImage/worker=oci-rootless-gvisor-tap-vsock-detachnetns/ociMediaTypes=false
2026-05-25T11:38:33.3767168Z === CONT  TestIntegration/TestLocalSourceWithHardlinksFilter/worker=oci-rootless-gvisor-tap-vsock-detachnetns
2026-05-25T11:38:33.6348994Z === CONT  TestIntegration/TestLocalSourceDiffer/worker=oci-rootless-gvisor-tap-vsock-detachnetns
2026-05-25T11:38:33.6384481Z     client_test.go:9430: checkAllReleasable: skipping check for exported tars in non-containerd test
2026-05-25T11:38:34.0058473Z === CONT  TestIntegration/TestRelativeMountpoint/worker=oci-rootless-gvisor-tap-vsock-detachnetns
2026-05-25T11:38:34.1342697Z     client_test.go:9430: checkAllReleasable: skipping check for exported tars in non-containerd test
2026-05-25T11:38:34.1567545Z === CONT  TestIntegration/TestFileOpInputSwap/worker=oci-rootless-gvisor-tap-vsock-detachnetns
2026-05-25T11:38:34.1969782Z === CONT  TestIntegration/TestStargzLazyInlineCacheImportExport/worker=oci-rootless-gvisor-tap-vsock-detachnetns
2026-05-25T11:38:34.2908347Z === RUN   TestIntegration/TestLocalSourceDiffer/worker=oci-rootless-gvisor-tap-vsock-detachnetns/differ=none
2026-05-25T11:38:34.3755779Z === RUN   TestIntegration/TestLocalSourceDiffer/worker=oci-rootless-gvisor-tap-vsock-detachnetns/differ=metadata
2026-05-25T11:38:34.4384618Z === CONT  TestIntegration/TestStargzLazyPull/worker=oci-rootless-gvisor-tap-vsock-detachnetns
2026-05-25T11:38:34.4411396Z     client_test.go:9430: checkAllReleasable: skipping check for exported tars in non-containerd test
2026-05-25T11:38:34.6822282Z === CONT  TestIntegration/TestLazyImagePush/worker=oci-rootless-gvisor-tap-vsock-detachnetns
2026-05-25T11:38:34.7015361Z === CONT  TestIntegration/TestSourceMapFromRef/worker=oci-rootless-gvisor-tap-vsock-detachnetns
2026-05-25T11:38:34.7973931Z     client_test.go:6223: test requires containerd worker with stargz snapshotter
2026-05-25T11:38:34.8310693Z     client_test.go:6375: test requires containerd worker with stargz snapshotter
2026-05-25T11:38:34.8403869Z === CONT  TestIntegration/TestSourceMap/worker=oci-rootless-gvisor-tap-vsock-detachnetns
2026-05-25T11:38:34.8874825Z === CONT  TestIntegration/TestMultipleExporters/worker=oci-rootless-gvisor-tap-vsock-detachnetns
2026-05-25T11:38:34.9503913Z     client_test.go:6530: test requires containerd worker
2026-05-25T11:38:35.0047188Z === CONT  TestIntegration/TestMultipleRegistryCacheImportExport/worker=oci-rootless-gvisor-tap-vsock-detachnetns
2026-05-25T11:38:35.0551706Z === CONT  TestIntegration/TestTarExporterSymlink/worker=oci-rootless-gvisor-tap-vsock-detachnetns
2026-05-25T11:38:35.2333138Z === CONT  TestIntegration/TestTarExporterWithSocketCopy/worker=oci-rootless-gvisor-tap-vsock-detachnetns
2026-05-25T11:38:35.2896043Z === CONT  TestIntegration/TestTarExporterWithSocket/worker=oci-rootless-gvisor-tap-vsock-detachnetns
2026-05-25T11:38:35.7329511Z === CONT  TestIntegration/TestExporterTargetExists/worker=oci-rootless-gvisor-tap-vsock-detachnetns
2026-05-25T11:38:35.9456886Z === CONT  TestIntegration/TestCacheMountNoCache/worker=oci-rootless-gvisor-tap-vsock-detachnetns
2026-05-25T11:38:35.9679841Z === CONT  TestIntegration/TestBridgeNetworking/worker=oci-rootless-gvisor-tap-vsock-detachnetns
2026-05-25T11:38:36.2027585Z === CONT  TestIntegration/TestExportBusyboxLocal/worker=oci-rootless-gvisor-tap-vsock-detachnetns
2026-05-25T11:38:36.3387999Z === CONT  TestIntegration/TestBasicInlineCacheImportExport/worker=oci-rootless-gvisor-tap-vsock-detachnetns
2026-05-25T11:38:36.4700450Z === CONT  TestIntegration/TestPullWithDigestCheck/worker=oci-rootless-gvisor-tap-vsock-detachnetns
2026-05-25T11:38:36.4973440Z === CONT  TestIntegration/TestPushProgressSameVertex/worker=oci-rootless-gvisor-tap-vsock-detachnetns
2026-05-25T11:38:36.8124861Z === CONT  TestIntegration/TestPushByDigest/worker=oci-rootless-gvisor-tap-vsock-detachnetns
2026-05-25T11:38:37.2127832Z === CONT  TestIntegration/TestHostnameSpecifying/worker=oci-rootless-gvisor-tap-vsock-detachnetns
2026-05-25T11:38:37.2520256Z === CONT  TestIntegration/TestHostnameLookup/worker=oci-rootless-gvisor-tap-vsock-detachnetns
2026-05-25T11:38:37.4728502Z time="2026-05-25T11:38:37Z" level=info msg="fetch failed after status: 404 Not Found" host="localhost:41513"
2026-05-25T11:38:37.4813790Z === CONT  TestIntegration/TestStdinClosed/worker=oci-rootless-gvisor-tap-vsock-detachnetns
2026-05-25T11:38:37.5045095Z === CONT  TestIntegration/TestRawSocketMount/worker=oci-rootless-gvisor-tap-vsock-detachnetns
2026-05-25T11:38:37.5083079Z === CONT  TestIntegration/TestSSHMount/worker=oci-rootless-gvisor-tap-vsock-detachnetns
2026-05-25T11:38:37.6479446Z === CONT  TestIntegration/TestFrontendUseSolveResults/worker=oci-rootless-gvisor-tap-vsock-detachnetns
2026-05-25T11:38:37.6636646Z === CONT  TestIntegration/TestFrontendMetadataReturn/worker=oci-rootless-gvisor-tap-vsock-detachnetns
2026-05-25T11:38:37.9281656Z === CONT  TestIntegration/TestNetworkMode/worker=oci-rootless-gvisor-tap-vsock-detachnetns
2026-05-25T11:38:38.0433606Z     client_test.go:1163: fetch https://dl-cdn.alpinelinux.org/alpine/v3.18/main/x86_64/APKINDEX.tar.gz
2026-05-25T11:38:38.0434524Z         
2026-05-25T11:38:38.1134652Z === CONT  TestIntegration/TestCgroupParent/worker=oci-rootless-gvisor-tap-vsock-detachnetns
2026-05-25T11:38:38.2593674Z     client_test.go:9430: checkAllReleasable: skipping check for exported tars in non-containerd test
2026-05-25T11:38:38.2793864Z === CONT  TestIntegration/TestUlimit/worker=oci-rootless-gvisor-tap-vsock-detachnetns
2026-05-25T11:38:38.3193848Z     client_test.go:1163: fetch https://dl-cdn.alpinelinux.org/alpine/v3.18/community/x86_64/APKINDEX.tar.gz
2026-05-25T11:38:38.3195930Z         
2026-05-25T11:38:38.6285404Z === CONT  TestIntegration/TestShmSize/worker=oci-rootless-gvisor-tap-vsock-detachnetns
2026-05-25T11:38:38.7634042Z     client_test.go:1163: (1/8) Installing ca-certificates (20241121-r1)
2026-05-25T11:38:38.7634696Z         
2026-05-25T11:38:38.7760055Z === CONT  TestIntegration/TestExtraHosts/worker=oci-rootless-gvisor-tap-vsock-detachnetns
2026-05-25T11:38:38.7994322Z     client_test.go:1163: (2/8) Installing brotli-libs (1.0.9-r14)
2026-05-25T11:38:38.7995326Z         
2026-05-25T11:38:38.8113897Z     client_test.go:1163: (3/8) Installing libunistring (1.1-r1)
2026-05-25T11:38:38.8114965Z         
2026-05-25T11:38:38.8283267Z     client_test.go:1163: (4/8) Installing libidn2 (2.3.4-r1)
2026-05-25T11:38:38.8284696Z         
2026-05-25T11:38:38.8314954Z     client_test.go:1163: (5/8) Installing nghttp2-libs (1.57.0-r0)
2026-05-25T11:38:38.8315888Z         
2026-05-25T11:38:38.8341367Z     client_test.go:1163: (6/8) Installing libpsl (0.21.5-r0)
2026-05-25T11:38:38.8341924Z         
2026-05-25T11:38:38.8361593Z     client_test.go:1163: (7/8) Installing libcurl (8.12.1-r0)
2026-05-25T11:38:38.8362318Z         
2026-05-25T11:38:38.8450154Z     client_test.go:1163: (8/8) Installing curl (8.12.1-r0)
2026-05-25T11:38:38.8450532Z         
2026-05-25T11:38:38.8500296Z     client_test.go:1163: Executing busybox-1.36.1-r0.trigger
2026-05-25T11:38:38.8501311Z         
2026-05-25T11:38:38.8576515Z     client_test.go:1163: Executing ca-certificates-20241121-r1.trigger
2026-05-25T11:38:38.8577243Z         
2026-05-25T11:38:38.9203515Z     client_test.go:1163: OK: 12 MiB in 23 packages
2026-05-25T11:38:38.9205243Z         
2026-05-25T11:38:39.0960845Z     client_test.go:1163:   % Total    % Received % Xferd  Aver
2026-05-25T11:38:39.0968076Z     client_test.go:1163: age Speed   Time    Time     Time  Current
2026-05-25T11:38:39.0969461Z                                          Dload  Upload   Total   Spent    Left  Speed
2026-05-25T11:38:39.0970387Z         
2026-05-25T11:38:39.0970981Z   0     0    0     0    0     0      0      0 --:--:-- --:--:-- --:--:--     0
2026-05-25T11:38:39.0981815Z     client_test.go:1163: 
2026-05-25T11:38:39.0982420Z  
2026-05-25T11:38:39.0982934Z     client_test.go:1163:  0 
2026-05-25T11:38:39.0983585Z     client_test.go:1163:  
2026-05-25T11:38:39.0984205Z     client_test.go:1163:   
2026-05-25T11:38:39.0984789Z     client_test.go:1163:  
2026-05-25T11:38:39.0985703Z     client_test.go:1163: 0
2026-05-25T11:38:39.0986273Z     client_test.go:1163:    
2026-05-25T11:38:39.0988218Z     client_test.go:1163:  
2026-05-25T11:38:39.0995690Z     client_test.go:1163: 0
2026-05-25T11:38:39.0998314Z     client_test.go:1163:      0    0     0      0      0 --:--:-- --:--
2026-05-25T11:38:39.1018129Z     client_test.go:1163: :-- --:--:--     0
2026-05-25T11:38:39.1020413Z         
2026-05-25T11:38:39.1900168Z === CONT  TestIntegration/TestSessionHealthMonitorFailsBlockedSecretResponse/worker=oci-rootless-gvisor-tap-vsock-detachnetns
2026-05-25T11:38:39.2808131Z === CONT  TestIntegration/TestSecretMounts/worker=oci-rootless-gvisor-tap-vsock-detachnetns
2026-05-25T11:38:39.3438576Z 2026/05/25 11:38:39 agent 17: adding new keys not allowed by buildkit
2026-05-25T11:38:39.5597895Z === CONT  TestIntegration/TestSecretEnv/worker=oci-rootless-gvisor-tap-vsock-detachnetns
2026-05-25T11:38:39.5860811Z === CONT  TestIntegration/TestParallelLocalBuilds/worker=oci-rootless-gvisor-tap-vsock-detachnetns
2026-05-25T11:38:39.7020619Z === CONT  TestIntegration/TestRunCacheWithMounts/worker=oci-rootless-gvisor-tap-vsock-detachnetns
2026-05-25T11:38:40.2598775Z === CONT  TestIntegration/TestDuplicateCacheMount/worker=oci-rootless-gvisor-tap-vsock-detachnetns
2026-05-25T11:38:40.2816864Z === CONT  TestIntegration/TestLockedCacheMounts/worker=oci-rootless-gvisor-tap-vsock-detachnetns
2026-05-25T11:38:40.4477046Z === CONT  TestIntegration/TestSharedCacheMountsNoScratch/worker=oci-rootless-gvisor-tap-vsock-detachnetns
2026-05-25T11:38:40.8022551Z === CONT  TestIntegration/TestSharedCacheMounts/worker=oci-rootless-gvisor-tap-vsock-detachnetns
2026-05-25T11:38:41.1224648Z === CONT  TestIntegration/TestTmpfsMounts/worker=oci-rootless-gvisor-tap-vsock-detachnetns
2026-05-25T11:38:42.6028785Z === CONT  TestIntegration/TestLocalSymlinkEscape/worker=oci-rootless-gvisor-tap-vsock-detachnetns
2026-05-25T11:38:43.3389557Z === CONT  TestIntegration/TestProxyEnv/worker=oci-rootless-gvisor-tap-vsock-detachnetns
2026-05-25T11:38:43.6693553Z === CONT  TestIntegration/TestCopyFromEmptyImage/worker=oci-rootless-gvisor-tap-vsock-detachnetns
2026-05-25T11:38:43.6782635Z === CONT  TestIntegration/TestCachedMounts/worker=oci-rootless-gvisor-tap-vsock-detachnetns
2026-05-25T11:38:43.7285301Z === CONT  TestIntegration/TestBasicAzblobCacheImportExport/worker=oci-rootless-gvisor-tap-vsock-detachnetns
2026-05-25T11:38:44.0889763Z === CONT  TestIntegration/TestBasicS3CacheImportExport/worker=oci-rootless-gvisor-tap-vsock-detachnetns
2026-05-25T11:38:44.1153021Z === CONT  TestIntegration/TestBasicLocalCacheImportExport/worker=oci-rootless-gvisor-tap-vsock-detachnetns
2026-05-25T11:38:44.3773113Z === CONT  TestIntegration/TestBasicRegistryCacheImportExport/worker=oci-rootless-gvisor-tap-vsock-detachnetns
2026-05-25T11:38:44.7976374Z     client_test.go:9430: checkAllReleasable: skipping check for exported tars in non-containerd test
2026-05-25T11:38:44.8239065Z === CONT  TestIntegration/TestReadonlyRootFS/worker=oci-rootless-gvisor-tap-vsock-detachnetns
2026-05-25T11:38:45.3576532Z === CONT  TestIntegration/TestInvalidExporter/worker=oci-rootless-gvisor-tap-vsock-detachnetns
2026-05-25T11:38:45.9275026Z === CONT  TestIntegration/TestMountWithNoSource/worker=oci-rootless-gvisor-tap-vsock-detachnetns
2026-05-25T11:38:46.0462759Z === CONT  TestIntegration/TestDuplicateWhiteouts/worker=oci-rootless-gvisor-tap-vsock-detachnetns
2026-05-25T11:38:46.2884427Z     client_test.go:9430: checkAllReleasable: skipping check for exported tars in non-containerd test
2026-05-25T11:38:46.3127423Z === CONT  TestIntegration/TestFrontendImageNaming/worker=oci-rootless-gvisor-tap-vsock-detachnetns
2026-05-25T11:38:46.3854723Z     client_test.go:9430: checkAllReleasable: skipping check for exported tars in non-containerd test
2026-05-25T11:38:46.4054401Z === CONT  TestIntegration/TestWhiteoutParentDir/worker=oci-rootless-gvisor-tap-vsock-detachnetns
2026-05-25T11:38:46.7333401Z     client_test.go:9430: checkAllReleasable: skipping check for exported tars in non-containerd test
2026-05-25T11:38:46.7526958Z === CONT  TestIntegration/TestSessionExporter/worker=oci-rootless-gvisor-tap-vsock-detachnetns
2026-05-25T11:38:46.8924735Z === RUN   TestIntegration/TestFrontendImageNaming/worker=oci-rootless-gvisor-tap-vsock-detachnetns/frontend
2026-05-25T11:38:46.8926824Z === RUN   TestIntegration/TestFrontendImageNaming/worker=oci-rootless-gvisor-tap-vsock-detachnetns/frontend/oci
2026-05-25T11:38:46.8928096Z     client_test.go:1876: oci exporter does not support named images
2026-05-25T11:38:46.8929723Z === RUN   TestIntegration/TestFrontendImageNaming/worker=oci-rootless-gvisor-tap-vsock-detachnetns/frontend/docker
2026-05-25T11:38:46.9213846Z === RUN   TestIntegration/TestFrontendImageNaming/worker=oci-rootless-gvisor-tap-vsock-detachnetns/frontend/image
2026-05-25T11:38:46.9392208Z === CONT  TestIntegration/TestOCIExporterContentStore/worker=oci-rootless-gvisor-tap-vsock-detachnetns
2026-05-25T11:38:46.9522680Z === RUN   TestIntegration/TestFrontendImageNaming/worker=oci-rootless-gvisor-tap-vsock-detachnetns/caller
2026-05-25T11:38:46.9525713Z === RUN   TestIntegration/TestFrontendImageNaming/worker=oci-rootless-gvisor-tap-vsock-detachnetns/caller/oci
2026-05-25T11:38:46.9527198Z     client_test.go:1876: oci exporter does not support named images
2026-05-25T11:38:46.9529710Z === RUN   TestIntegration/TestFrontendImageNaming/worker=oci-rootless-gvisor-tap-vsock-detachnetns/caller/docker
2026-05-25T11:38:46.9650183Z === RUN   TestIntegration/TestFrontendImageNaming/worker=oci-rootless-gvisor-tap-vsock-detachnetns/caller/image
2026-05-25T11:38:47.0234234Z     client_test.go:9430: checkAllReleasable: skipping check for exported tars in non-containerd test
2026-05-25T11:38:47.0434777Z === CONT  TestIntegration/TestOCIExporter/worker=oci-rootless-gvisor-tap-vsock-detachnetns
2026-05-25T11:38:47.0479213Z === CONT  TestIntegration/TestUser/worker=oci-rootless-gvisor-tap-vsock-detachnetns
2026-05-25T11:38:47.4725054Z === CONT  TestIntegration/TestResolveAndHosts/worker=oci-rootless-gvisor-tap-vsock-detachnetns
2026-05-25T11:38:47.4893882Z     client_test.go:3097: readdir: entries:{path:"bar"  mode:420  size:6  modTime:1779709127468810039}  entries:{path:"foo"  mode:420  size:5  modTime:1779709127390962340}
2026-05-25T11:38:47.5803223Z === CONT  TestIntegration/TestBuildExportScratch/worker=oci-rootless-gvisor-tap-vsock-detachnetns
2026-05-25T11:38:47.8067256Z     client_test.go:9430: checkAllReleasable: skipping check for exported tars in non-containerd test
2026-05-25T11:38:47.8271016Z === CONT  TestIntegration/TestBuildExportWithUncompressed/worker=oci-rootless-gvisor-tap-vsock-detachnetns
2026-05-25T11:38:48.0663988Z     client_test.go:9430: checkAllReleasable: skipping check for exported tars in non-containerd test
2026-05-25T11:38:48.0920388Z === CONT  TestIntegration/TestBuildPushAndValidate/worker=oci-rootless-gvisor-tap-vsock-detachnetns
2026-05-25T11:38:48.3528946Z === CONT  TestIntegration/TestBuildHTTPSourcePGPSignatureVerify/worker=oci-rootless-gvisor-tap-vsock-detachnetns
2026-05-25T11:38:48.4133070Z === CONT  TestIntegration/TestBuildHTTPSourceHeader/worker=oci-rootless-gvisor-tap-vsock-detachnetns
2026-05-25T11:38:48.7015454Z     client_test.go:9430: checkAllReleasable: skipping check for exported tars in non-containerd test
2026-05-25T11:38:48.7252272Z === CONT  TestIntegration/TestBuildHTTPSourceHostTokenSecret/worker=oci-rootless-gvisor-tap-vsock-detachnetns
2026-05-25T11:38:48.8557973Z === RUN   TestIntegration/TestBuildHTTPSourcePGPSignatureVerify/worker=oci-rootless-gvisor-tap-vsock-detachnetns/valid-signature
2026-05-25T11:38:48.8977955Z === RUN   TestIntegration/TestBuildHTTPSourcePGPSignatureVerify/worker=oci-rootless-gvisor-tap-vsock-detachnetns/wrong-pubkey
2026-05-25T11:38:48.9334642Z === RUN   TestIntegration/TestBuildHTTPSourcePGPSignatureVerify/worker=oci-rootless-gvisor-tap-vsock-detachnetns/concatenated-pubkeys-right-key-second
2026-05-25T11:38:48.9842503Z === CONT  TestIntegration/TestBuildHTTPSourceAuthHeaderSecret/worker=oci-rootless-gvisor-tap-vsock-detachnetns
2026-05-25T11:38:49.0214170Z     client_test.go:5510: rest of test requires containerd worker
2026-05-25T11:38:49.0677964Z === CONT  TestIntegration/TestBuildHTTPSourceEtagScope/worker=oci-rootless-gvisor-tap-vsock-detachnetns
2026-05-25T11:38:49.1860648Z     client_test.go:9430: checkAllReleasable: skipping check for exported tars in non-containerd test
2026-05-25T11:38:49.1865608Z     client_test.go:5889: rest of test requires containerd worker
2026-05-25T11:38:49.2076781Z === CONT  TestIntegration/TestBuildHTTPSource/worker=oci-rootless-gvisor-tap-vsock-detachnetns
2026-05-25T11:38:49.2260889Z === CONT  TestIntegration/TestBuildMultiMount/worker=oci-rootless-gvisor-tap-vsock-detachnetns
2026-05-25T11:38:49.2803285Z === CONT  TestIntegration/TestCallDiskUsage/worker=oci-rootless-gvisor-tap-vsock-detachnetns
2026-05-25T11:38:49.4136912Z === CONT  TestIntegration/TestFileOpCopyChmodText/worker=oci-rootless-gvisor-tap-vsock-detachnetns
2026-05-25T11:38:49.4633248Z === CONT  TestIntegration/TestFileOpCopyUIDCache/worker=oci-rootless-gvisor-tap-vsock-detachnetns
2026-05-25T11:38:49.6017024Z     client_test.go:9430: checkAllReleasable: skipping check for exported tars in non-containerd test
2026-05-25T11:38:49.6252133Z === CONT  TestIntegration/TestFileOpRmWildcard/worker=oci-rootless-gvisor-tap-vsock-detachnetns
2026-05-25T11:38:49.6407907Z === CONT  TestIntegration/TestFileOpCopyAlwaysReplaceExistingDestPaths/worker=oci-rootless-gvisor-tap-vsock-detachnetns
2026-05-25T11:38:50.2503971Z === CONT  TestIntegration/TestFileOpCopyIncludeExclude/worker=oci-rootless-gvisor-tap-vsock-detachnetns
2026-05-25T11:38:50.2689379Z     client_test.go:9430: checkAllReleasable: skipping check for exported tars in non-containerd test
2026-05-25T11:38:50.2918972Z === CONT  TestIntegration/TestFileOpCopyRm/worker=oci-rootless-gvisor-tap-vsock-detachnetns
2026-05-25T11:38:50.4531204Z === CONT  TestIntegration/TestFileOpMkdirMkfile/worker=oci-rootless-gvisor-tap-vsock-detachnetns
2026-05-25T11:38:50.5294295Z === CONT  TestIntegration/TestRelativeWorkDir/worker=oci-rootless-gvisor-tap-vsock-detachnetns
2026-05-25T11:38:50.7455186Z === CONT  TestIntegration/TestDiffAsParentSingleLayer/worker=oci-rootless-gvisor-tap-vsock-detachnetns
2026-05-25T11:38:50.9343258Z === CONT  TestIntegration/TestCDIClass/worker=oci-rootless-gvisor-tap-vsock-detachnetns
2026-05-25T11:38:50.9437349Z === CONT  TestIntegration/TestCDIWildcard/worker=oci-rootless-gvisor-tap-vsock-detachnetns
2026-05-25T11:38:51.0854755Z     client_test.go:9430: checkAllReleasable: skipping check for exported tars in non-containerd test
2026-05-25T11:38:51.2848627Z     client_test.go:9430: checkAllReleasable: skipping check for exported tars in non-containerd test
2026-05-25T11:38:51.3275613Z === CONT  TestIntegration/TestCDIFirst/worker=oci-rootless-gvisor-tap-vsock-detachnetns
2026-05-25T11:38:51.3520266Z === CONT  TestIntegration/TestCDIEntitlement/worker=oci-rootless-gvisor-tap-vsock-detachnetns
2026-05-25T11:38:51.3946311Z     client_test.go:9430: checkAllReleasable: skipping check for exported tars in non-containerd test
2026-05-25T11:38:51.5018965Z === CONT  TestIntegration/TestCDINotAllowed/worker=oci-rootless-gvisor-tap-vsock-detachnetns
2026-05-25T11:38:51.5196758Z === CONT  TestIntegration/TestCDI/worker=oci-rootless-gvisor-tap-vsock-detachnetns
2026-05-25T11:38:51.6088356Z     client_test.go:9430: checkAllReleasable: skipping check for exported tars in non-containerd test
2026-05-25T11:38:51.6638439Z === CONT  TestIntegration/TestHostNetworking/worker=oci-rootless-gvisor-tap-vsock-detachnetns/netmode=host
2026-05-25T11:38:51.6996847Z === CONT  TestIntegration/TestHostNetworking/worker=oci-rootless-gvisor-tap-vsock-detachnetns/netmode=default
2026-05-25T11:38:51.7189057Z     client_test.go:9430: checkAllReleasable: skipping check for exported tars in non-containerd test
2026-05-25T11:38:51.8093197Z === CONT  TestIntegration/TestSecurityModeErrors/worker=oci-rootless-gvisor-tap-vsock-detachnetns/secmode=sandbox
2026-05-25T11:38:51.8475294Z === CONT  TestIntegration/TestSecurityModeErrors/worker=oci-rootless-gvisor-tap-vsock-detachnetns/secmode=insecure
2026-05-25T11:38:51.9173216Z     client_test.go:9430: checkAllReleasable: skipping check for exported tars in non-containerd test
2026-05-25T11:38:51.9903368Z === CONT  TestIntegration/TestSecurityModeSysfs/worker=oci-rootless-gvisor-tap-vsock-detachnetns/secmode=sandbox
2026-05-25T11:38:52.0299374Z === CONT  TestIntegration/TestSecurityModeSysfs/worker=oci-rootless-gvisor-tap-vsock-detachnetns/secmode=insecure
2026-05-25T11:38:52.1604972Z 2026/05/25 11:38:52 http2: server connection error from localhost: connection error: PROTOCOL_ERROR
2026-05-25T11:38:52.1915300Z === CONT  TestIntegration/TestSecurityMode/worker=oci-rootless-gvisor-tap-vsock-detachnetns/secmode=sandbox
2026-05-25T11:38:52.2256858Z === CONT  TestIntegration/TestSecurityMode/worker=oci-rootless-gvisor-tap-vsock-detachnetns/secmode=insecure
2026-05-25T11:38:52.3441738Z === CONT  TestIntegration/TestDiffMergeOpaqueRegressionWithFileOverwrite/worker=oci-rootless-gvisor-tap-vsock-detachnetns
2026-05-25T11:38:52.3684927Z === CONT  TestIntegration/TestDiffMergeOpaqueRegression/worker=oci-rootless-gvisor-tap-vsock-detachnetns
2026-05-25T11:38:52.6881369Z     client_test.go:1686: Caps: a80425fb
2026-05-25T11:38:52.6890264Z     client_test.go:1686: Caps: 1ffffffffff
2026-05-25T11:38:52.7228840Z === CONT  TestIntegration/TestDiffSingleLayerOnMergeBlobReuse/worker=oci-rootless-gvisor-tap-vsock-detachnetns
2026-05-25T11:38:52.7328503Z === CONT  TestIntegration/TestDiffSingleLayerBlobReuse/worker=oci-rootless-gvisor-tap-vsock-detachnetns
2026-05-25T11:38:52.8306129Z     client_test.go:9430: checkAllReleasable: skipping check for exported tars in non-containerd test
2026-05-25T11:38:52.8309845Z     client_test.go:9430: checkAllReleasable: skipping check for exported tars in non-containerd test
2026-05-25T11:38:53.0371686Z     client_test.go:9430: checkAllReleasable: skipping check for exported tars in non-containerd test
2026-05-25T11:38:53.0543164Z     client_test.go:9430: checkAllReleasable: skipping check for exported tars in non-containerd test
2026-05-25T11:38:53.1550114Z     client_test.go:9430: checkAllReleasable: skipping check for exported tars in non-containerd test
2026-05-25T11:38:53.1799324Z     client_test.go:9430: checkAllReleasable: skipping check for exported tars in non-containerd test
2026-05-25T11:38:53.3953094Z     client_test.go:9430: checkAllReleasable: skipping check for exported tars in non-containerd test
2026-05-25T11:38:53.4237645Z     client_test.go:9430: checkAllReleasable: skipping check for exported tars in non-containerd test
2026-05-25T11:38:53.5130071Z     client_test.go:9430: checkAllReleasable: skipping check for exported tars in non-containerd test
2026-05-25T11:38:53.5604534Z     client_test.go:9430: checkAllReleasable: skipping check for exported tars in non-containerd test
2026-05-25T11:38:53.7263826Z     client_test.go:9430: checkAllReleasable: skipping check for exported tars in non-containerd test
2026-05-25T11:38:53.7859138Z     client_test.go:9430: checkAllReleasable: skipping check for exported tars in non-containerd test
2026-05-25T11:38:53.8535366Z === CONT  TestIntegration/TestDiffAsParentMultipleLayerDelete/worker=oci-rootless-gvisor-tap-vsock-detachnetns
2026-05-25T11:38:53.9127839Z === CONT  TestIntegration/TestDiffAsParentMultipleLayers/worker=oci-rootless-gvisor-tap-vsock-detachnetns
2026-05-25T11:38:53.9706331Z     mergediff_test.go:1346: test requires containerd worker
2026-05-25T11:38:53.9870316Z === CONT  TestIntegration/TestDiffAsParentSingleLayerDelete/worker=oci-rootless-gvisor-tap-vsock-detachnetns
2026-05-25T11:38:53.9879192Z     mergediff_test.go:1346: test requires containerd worker
2026-05-25T11:38:54.0506563Z === CONT  TestIntegration/TestDiffExecMount/worker=oci-rootless-gvisor-tap-vsock-detachnetns
2026-05-25T11:38:54.1241768Z     client_test.go:9430: checkAllReleasable: skipping check for exported tars in non-containerd test
2026-05-25T11:38:54.1348215Z     client_test.go:9430: checkAllReleasable: skipping check for exported tars in non-containerd test
2026-05-25T11:38:54.3499945Z     client_test.go:9430: checkAllReleasable: skipping check for exported tars in non-containerd test
2026-05-25T11:38:54.3970087Z     client_test.go:9430: checkAllReleasable: skipping check for exported tars in non-containerd test
2026-05-25T11:38:54.4473452Z     client_test.go:9430: checkAllReleasable: skipping check for exported tars in non-containerd test
2026-05-25T11:38:54.5152893Z     client_test.go:9430: checkAllReleasable: skipping check for exported tars in non-containerd test
2026-05-25T11:38:54.6391972Z     client_test.go:9430: checkAllReleasable: skipping check for exported tars in non-containerd test
2026-05-25T11:38:54.7356258Z     client_test.go:9430: checkAllReleasable: skipping check for exported tars in non-containerd test
2026-05-25T11:38:54.7384063Z     client_test.go:9430: checkAllReleasable: skipping check for exported tars in non-containerd test
2026-05-25T11:38:54.8650188Z     client_test.go:9430: checkAllReleasable: skipping check for exported tars in non-containerd test
2026-05-25T11:38:54.9057650Z     client_test.go:9430: checkAllReleasable: skipping check for exported tars in non-containerd test
2026-05-25T11:38:55.0138268Z === CONT  TestIntegration/TestDiffOfDiffsWithDeletes/worker=oci-rootless-gvisor-tap-vsock-detachnetns
2026-05-25T11:38:55.0596762Z     client_test.go:9430: checkAllReleasable: skipping check for exported tars in non-containerd test
2026-05-25T11:38:55.1421753Z     client_test.go:9430: checkAllReleasable: skipping check for exported tars in non-containerd test
2026-05-25T11:38:55.1864531Z === CONT  TestIntegration/TestDiffOfDiffs/worker=oci-rootless-gvisor-tap-vsock-detachnetns
2026-05-25T11:38:55.3094111Z     client_test.go:9430: checkAllReleasable: skipping check for exported tars in non-containerd test
2026-05-25T11:38:55.3461361Z     client_test.go:9430: checkAllReleasable: skipping check for exported tars in non-containerd test
2026-05-25T11:38:55.4529795Z     client_test.go:9430: checkAllReleasable: skipping check for exported tars in non-containerd test
2026-05-25T11:38:55.6441996Z     client_test.go:9430: checkAllReleasable: skipping check for exported tars in non-containerd test
2026-05-25T11:38:55.7334052Z     client_test.go:9430: checkAllReleasable: skipping check for exported tars in non-containerd test
2026-05-25T11:38:55.8909711Z     client_test.go:9430: checkAllReleasable: skipping check for exported tars in non-containerd test
2026-05-25T11:38:56.0045699Z === CONT  TestIntegration/TestDiffNestedLayeredMergeDeletes/worker=oci-rootless-gvisor-tap-vsock-detachnetns
2026-05-25T11:38:56.0862627Z     client_test.go:9430: checkAllReleasable: skipping check for exported tars in non-containerd test
2026-05-25T11:38:56.1247800Z     client_test.go:9430: checkAllReleasable: skipping check for exported tars in non-containerd test
2026-05-25T11:38:56.1521893Z     client_test.go:9430: checkAllReleasable: skipping check for exported tars in non-containerd test
2026-05-25T11:38:56.3194820Z     client_test.go:9430: checkAllReleasable: skipping check for exported tars in non-containerd test
2026-05-25T11:38:56.3762305Z     client_test.go:9430: checkAllReleasable: skipping check for exported tars in non-containerd test
2026-05-25T11:38:56.3815964Z     client_test.go:9430: checkAllReleasable: skipping check for exported tars in non-containerd test
2026-05-25T11:38:56.4866779Z     client_test.go:9430: checkAllReleasable: skipping check for exported tars in non-containerd test
2026-05-25T11:38:56.5246307Z     client_test.go:9430: checkAllReleasable: skipping check for exported tars in non-containerd test
2026-05-25T11:38:56.6077138Z === CONT  TestIntegration/TestDiffNestedLayeredMerges/worker=oci-rootless-gvisor-tap-vsock-detachnetns
2026-05-25T11:38:56.7136541Z     client_test.go:9430: checkAllReleasable: skipping check for exported tars in non-containerd test
2026-05-25T11:38:56.7431143Z     client_test.go:9430: checkAllReleasable: skipping check for exported tars in non-containerd test
2026-05-25T11:38:56.8239357Z     client_test.go:9430: checkAllReleasable: skipping check for exported tars in non-containerd test
2026-05-25T11:38:56.9614421Z     client_test.go:9430: checkAllReleasable: skipping check for exported tars in non-containerd test
2026-05-25T11:38:57.0132349Z     client_test.go:9430: checkAllReleasable: skipping check for exported tars in non-containerd test
2026-05-25T11:38:57.0254191Z     client_test.go:9430: checkAllReleasable: skipping check for exported tars in non-containerd test
2026-05-25T11:38:57.1347618Z === CONT  TestIntegration/TestDiffMultipleLayerOnMerge/worker=oci-rootless-gvisor-tap-vsock-detachnetns
2026-05-25T11:38:57.1720158Z     client_test.go:9430: checkAllReleasable: skipping check for exported tars in non-containerd test
2026-05-25T11:38:57.1827736Z === CONT  TestIntegration/TestDiffSingleDeleteLayerOnMerge/worker=oci-rootless-gvisor-tap-vsock-detachnetns
2026-05-25T11:38:57.2466247Z     client_test.go:9430: checkAllReleasable: skipping check for exported tars in non-containerd test
2026-05-25T11:38:57.2807217Z     client_test.go:9430: checkAllReleasable: skipping check for exported tars in non-containerd test
2026-05-25T11:38:57.3446841Z     client_test.go:9430: checkAllReleasable: skipping check for exported tars in non-containerd test
2026-05-25T11:38:57.4081002Z     client_test.go:9430: checkAllReleasable: skipping check for exported tars in non-containerd test
2026-05-25T11:38:57.4961703Z === CONT  TestIntegration/TestDiffSingleLayerOnMerge/worker=oci-rootless-gvisor-tap-vsock-detachnetns
2026-05-25T11:38:57.6388715Z     client_test.go:9430: checkAllReleasable: skipping check for exported tars in non-containerd test
2026-05-25T11:38:57.8433404Z     client_test.go:9430: checkAllReleasable: skipping check for exported tars in non-containerd test
2026-05-25T11:38:57.8623815Z     client_test.go:9430: checkAllReleasable: skipping check for exported tars in non-containerd test
2026-05-25T11:38:58.0135599Z     client_test.go:9430: checkAllReleasable: skipping check for exported tars in non-containerd test
2026-05-25T11:38:58.0734437Z     client_test.go:9430: checkAllReleasable: skipping check for exported tars in non-containerd test
2026-05-25T11:38:58.0751211Z     client_test.go:9430: checkAllReleasable: skipping check for exported tars in non-containerd test
2026-05-25T11:38:58.2615316Z     client_test.go:9430: checkAllReleasable: skipping check for exported tars in non-containerd test
2026-05-25T11:38:58.3263624Z     client_test.go:9430: checkAllReleasable: skipping check for exported tars in non-containerd test
2026-05-25T11:38:58.4566801Z     client_test.go:9430: checkAllReleasable: skipping check for exported tars in non-containerd test
2026-05-25T11:38:58.4881597Z     client_test.go:9430: checkAllReleasable: skipping check for exported tars in non-containerd test
2026-05-25T11:38:58.6223341Z     client_test.go:9430: checkAllReleasable: skipping check for exported tars in non-containerd test
2026-05-25T11:38:58.6724223Z     client_test.go:9430: checkAllReleasable: skipping check for exported tars in non-containerd test
2026-05-25T11:38:58.7579624Z     client_test.go:9430: checkAllReleasable: skipping check for exported tars in non-containerd test
2026-05-25T11:38:58.8181246Z     client_test.go:9430: checkAllReleasable: skipping check for exported tars in non-containerd test
2026-05-25T11:38:58.9416874Z === CONT  TestIntegration/TestDiffOfMergesWithDeletes/worker=oci-rootless-gvisor-tap-vsock-detachnetns
2026-05-25T11:38:59.0269658Z     client_test.go:9430: checkAllReleasable: skipping check for exported tars in non-containerd test
2026-05-25T11:38:59.0992197Z     client_test.go:9430: checkAllReleasable: skipping check for exported tars in non-containerd test
2026-05-25T11:38:59.1202015Z     client_test.go:9430: checkAllReleasable: skipping check for exported tars in non-containerd test
2026-05-25T11:38:59.2370761Z === CONT  TestIntegration/TestDiffOfMerges/worker=oci-rootless-gvisor-tap-vsock-detachnetns
2026-05-25T11:38:59.3086057Z === CONT  TestIntegration/TestDiffOnlyMerge/worker=oci-rootless-gvisor-tap-vsock-detachnetns
2026-05-25T11:38:59.3997336Z     client_test.go:9430: checkAllReleasable: skipping check for exported tars in non-containerd test
2026-05-25T11:38:59.4576419Z     client_test.go:9430: checkAllReleasable: skipping check for exported tars in non-containerd test
2026-05-25T11:38:59.4724372Z     client_test.go:9430: checkAllReleasable: skipping check for exported tars in non-containerd test
2026-05-25T11:38:59.6051901Z     client_test.go:9430: checkAllReleasable: skipping check for exported tars in non-containerd test
2026-05-25T11:38:59.6411481Z     client_test.go:9430: checkAllReleasable: skipping check for exported tars in non-containerd test
2026-05-25T11:38:59.7417012Z     client_test.go:9430: checkAllReleasable: skipping check for exported tars in non-containerd test
2026-05-25T11:38:59.7882576Z     client_test.go:9430: checkAllReleasable: skipping check for exported tars in non-containerd test
2026-05-25T11:38:59.9143628Z     client_test.go:9430: checkAllReleasable: skipping check for exported tars in non-containerd test
2026-05-25T11:38:59.9226993Z     client_test.go:9430: checkAllReleasable: skipping check for exported tars in non-containerd test
2026-05-25T11:38:59.9519000Z     client_test.go:9430: checkAllReleasable: skipping check for exported tars in non-containerd test
2026-05-25T11:39:00.0009726Z     client_test.go:9430: checkAllReleasable: skipping check for exported tars in non-containerd test
2026-05-25T11:39:00.1203108Z     client_test.go:9430: checkAllReleasable: skipping check for exported tars in non-containerd test
2026-05-25T11:39:00.1473434Z     client_test.go:9430: checkAllReleasable: skipping check for exported tars in non-containerd test
2026-05-25T11:39:00.1889728Z     client_test.go:9430: checkAllReleasable: skipping check for exported tars in non-containerd test
2026-05-25T11:39:00.2500741Z === CONT  TestIntegration/TestDiffCircularParentDirSymlinks/worker=oci-rootless-gvisor-tap-vsock-detachnetns
2026-05-25T11:39:00.3318559Z     client_test.go:9430: checkAllReleasable: skipping check for exported tars in non-containerd test
2026-05-25T11:39:00.3844429Z     client_test.go:9430: checkAllReleasable: skipping check for exported tars in non-containerd test
2026-05-25T11:39:00.4201366Z     client_test.go:9430: checkAllReleasable: skipping check for exported tars in non-containerd test
2026-05-25T11:39:00.5330552Z === CONT  TestIntegration/TestDiffExecRoot/worker=oci-rootless-gvisor-tap-vsock-detachnetns
2026-05-25T11:39:00.5603100Z     client_test.go:9430: checkAllReleasable: skipping check for exported tars in non-containerd test
2026-05-25T11:39:00.6516057Z     client_test.go:9430: checkAllReleasable: skipping check for exported tars in non-containerd test
2026-05-25T11:39:00.6848001Z     client_test.go:9430: checkAllReleasable: skipping check for exported tars in non-containerd test
2026-05-25T11:39:00.6957991Z === CONT  TestIntegration/TestDiffLazyBlobMerge/worker=oci-rootless-gvisor-tap-vsock-detachnetns
2026-05-25T11:39:00.7257769Z     client_test.go:9430: checkAllReleasable: skipping check for exported tars in non-containerd test
2026-05-25T11:39:00.8772260Z     client_test.go:9430: checkAllReleasable: skipping check for exported tars in non-containerd test
2026-05-25T11:39:00.9418377Z     client_test.go:9430: checkAllReleasable: skipping check for exported tars in non-containerd test
2026-05-25T11:39:00.9612849Z     client_test.go:9430: checkAllReleasable: skipping check for exported tars in non-containerd test
2026-05-25T11:39:01.0585286Z     client_test.go:9430: checkAllReleasable: skipping check for exported tars in non-containerd test
2026-05-25T11:39:01.1191682Z     client_test.go:9430: checkAllReleasable: skipping check for exported tars in non-containerd test
2026-05-25T11:39:01.2307460Z     client_test.go:9430: checkAllReleasable: skipping check for exported tars in non-containerd test
2026-05-25T11:39:01.3341394Z === CONT  TestIntegration/TestDiffHardlinkChangesDoNotPropagateBetweenSnapshots/worker=oci-rootless-gvisor-tap-vsock-detachnetns
2026-05-25T11:39:01.3983660Z     client_test.go:9430: checkAllReleasable: skipping check for exported tars in non-containerd test
2026-05-25T11:39:01.4862130Z     client_test.go:9430: checkAllReleasable: skipping check for exported tars in non-containerd test
2026-05-25T11:39:01.5327187Z     client_test.go:9430: checkAllReleasable: skipping check for exported tars in non-containerd test
2026-05-25T11:39:01.7550395Z     client_test.go:9430: checkAllReleasable: skipping check for exported tars in non-containerd test
2026-05-25T11:39:01.8552718Z === CONT  TestIntegration/TestDiffHardlinks/worker=oci-rootless-gvisor-tap-vsock-detachnetns
2026-05-25T11:39:01.9954474Z     client_test.go:9430: checkAllReleasable: skipping check for exported tars in non-containerd test
2026-05-25T11:39:02.3170240Z     client_test.go:9430: checkAllReleasable: skipping check for exported tars in non-containerd test
2026-05-25T11:39:02.3960152Z     client_test.go:9430: checkAllReleasable: skipping check for exported tars in non-containerd test
2026-05-25T11:39:02.4821163Z     client_test.go:9430: checkAllReleasable: skipping check for exported tars in non-containerd test
2026-05-25T11:39:02.6161492Z     client_test.go:9430: checkAllReleasable: skipping check for exported tars in non-containerd test
2026-05-25T11:39:02.7101994Z     client_test.go:9430: checkAllReleasable: skipping check for exported tars in non-containerd test
2026-05-25T11:39:02.9010033Z     client_test.go:9430: checkAllReleasable: skipping check for exported tars in non-containerd test
2026-05-25T11:39:02.9874735Z === CONT  TestIntegration/TestDiffDeleteDoesNotFollowParentSymlink/worker=oci-rootless-gvisor-tap-vsock-detachnetns
2026-05-25T11:39:03.1355351Z     client_test.go:9430: checkAllReleasable: skipping check for exported tars in non-containerd test
2026-05-25T11:39:03.4178611Z     client_test.go:9430: checkAllReleasable: skipping check for exported tars in non-containerd test
2026-05-25T11:39:03.7136611Z     client_test.go:9430: checkAllReleasable: skipping check for exported tars in non-containerd test
2026-05-25T11:39:03.8082745Z     client_test.go:9430: checkAllReleasable: skipping check for exported tars in non-containerd test
2026-05-25T11:39:03.8088679Z     client_test.go:9430: checkAllReleasable: skipping check for exported tars in non-containerd test
2026-05-25T11:39:04.0797030Z     client_test.go:9430: checkAllReleasable: skipping check for exported tars in non-containerd test
2026-05-25T11:39:04.2174744Z     client_test.go:9430: checkAllReleasable: skipping check for exported tars in non-containerd test
2026-05-25T11:39:04.3664306Z     client_test.go:9430: checkAllReleasable: skipping check for exported tars in non-containerd test
2026-05-25T11:39:04.4392079Z     client_test.go:9430: checkAllReleasable: skipping check for exported tars in non-containerd test
2026-05-25T11:39:04.5324393Z === CONT  TestIntegration/TestDiffCircularDirSymlink/worker=oci-rootless-gvisor-tap-vsock-detachnetns
2026-05-25T11:39:04.6604614Z     client_test.go:9430: checkAllReleasable: skipping check for exported tars in non-containerd test
2026-05-25T11:39:05.1115439Z     client_test.go:9430: checkAllReleasable: skipping check for exported tars in non-containerd test
2026-05-25T11:39:05.2045450Z     client_test.go:9430: checkAllReleasable: skipping check for exported tars in non-containerd test
2026-05-25T11:39:05.3041847Z     client_test.go:9430: checkAllReleasable: skipping check for exported tars in non-containerd test
2026-05-25T11:39:05.3946113Z     client_test.go:9430: checkAllReleasable: skipping check for exported tars in non-containerd test
2026-05-25T11:39:05.4128260Z     client_test.go:9430: checkAllReleasable: skipping check for exported tars in non-containerd test
2026-05-25T11:39:05.4760589Z     client_test.go:9430: checkAllReleasable: skipping check for exported tars in non-containerd test
2026-05-25T11:39:05.6390891Z     client_test.go:9430: checkAllReleasable: skipping check for exported tars in non-containerd test
2026-05-25T11:39:05.7223356Z === CONT  TestIntegration/TestDiffCircularSymlinks/worker=oci-rootless-gvisor-tap-vsock-detachnetns
2026-05-25T11:39:05.8797253Z     client_test.go:9430: checkAllReleasable: skipping check for exported tars in non-containerd test
2026-05-25T11:39:06.3966565Z     client_test.go:9430: checkAllReleasable: skipping check for exported tars in non-containerd test
2026-05-25T11:39:06.6156170Z     client_test.go:9430: checkAllReleasable: skipping check for exported tars in non-containerd test
2026-05-25T11:39:07.3727460Z     client_test.go:9430: checkAllReleasable: skipping check for exported tars in non-containerd test
2026-05-25T11:39:07.6038831Z     client_test.go:9430: checkAllReleasable: skipping check for exported tars in non-containerd test
2026-05-25T11:39:07.9372583Z     client_test.go:9430: checkAllReleasable: skipping check for exported tars in non-containerd test
2026-05-25T11:39:08.4143025Z === CONT  TestIntegration/TestDiffDeleteDoesNotFollowSymlink/worker=oci-rootless-gvisor-tap-vsock-detachnetns
2026-05-25T11:39:08.4286526Z     client_test.go:9430: checkAllReleasable: skipping check for exported tars in non-containerd test
2026-05-25T11:39:08.9365539Z     client_test.go:9430: checkAllReleasable: skipping check for exported tars in non-containerd test
2026-05-25T11:39:09.2699282Z === CONT  TestIntegration/TestDiffSymlinkOverridesSymlink/worker=oci-rootless-gvisor-tap-vsock-detachnetns
2026-05-25T11:39:09.3727884Z     client_test.go:9430: checkAllReleasable: skipping check for exported tars in non-containerd test
2026-05-25T11:39:09.9540113Z     client_test.go:9430: checkAllReleasable: skipping check for exported tars in non-containerd test
2026-05-25T11:39:10.3812322Z     client_test.go:9430: checkAllReleasable: skipping check for exported tars in non-containerd test
2026-05-25T11:39:10.8726307Z     client_test.go:9430: checkAllReleasable: skipping check for exported tars in non-containerd test
2026-05-25T11:39:11.1486604Z     client_test.go:9430: checkAllReleasable: skipping check for exported tars in non-containerd test
2026-05-25T11:39:11.6115802Z     client_test.go:9430: checkAllReleasable: skipping check for exported tars in non-containerd test
2026-05-25T11:39:12.0738860Z     client_test.go:9430: checkAllReleasable: skipping check for exported tars in non-containerd test
2026-05-25T11:39:12.4715458Z     client_test.go:9430: checkAllReleasable: skipping check for exported tars in non-containerd test
2026-05-25T11:39:12.9148155Z     client_test.go:9430: checkAllReleasable: skipping check for exported tars in non-containerd test
2026-05-25T11:39:13.4391304Z     client_test.go:9430: checkAllReleasable: skipping check for exported tars in non-containerd test
2026-05-25T11:39:13.6653057Z     client_test.go:9430: checkAllReleasable: skipping check for exported tars in non-containerd test
2026-05-25T11:39:14.2275439Z     client_test.go:9430: checkAllReleasable: skipping check for exported tars in non-containerd test
2026-05-25T11:39:14.6800091Z     client_test.go:9430: checkAllReleasable: skipping check for exported tars in non-containerd test
2026-05-25T11:39:14.9808790Z     client_test.go:9430: checkAllReleasable: skipping check for exported tars in non-containerd test
2026-05-25T11:39:15.7506957Z     client_test.go:9430: checkAllReleasable: skipping check for exported tars in non-containerd test
2026-05-25T11:39:15.9579009Z     client_test.go:9430: checkAllReleasable: skipping check for exported tars in non-containerd test
2026-05-25T11:39:16.3446627Z     client_test.go:9430: checkAllReleasable: skipping check for exported tars in non-containerd test
2026-05-25T11:39:16.9987008Z     client_test.go:9430: checkAllReleasable: skipping check for exported tars in non-containerd test
2026-05-25T11:39:17.7610589Z     client_test.go:9430: checkAllReleasable: skipping check for exported tars in non-containerd test
2026-05-25T11:39:18.2246651Z     client_test.go:9430: checkAllReleasable: skipping check for exported tars in non-containerd test
2026-05-25T11:39:18.8195979Z     client_test.go:9430: checkAllReleasable: skipping check for exported tars in non-containerd test
2026-05-25T11:39:19.2626519Z     client_test.go:9430: checkAllReleasable: skipping check for exported tars in non-containerd test
2026-05-25T11:39:19.9893368Z     client_test.go:9430: checkAllReleasable: skipping check for exported tars in non-containerd test
2026-05-25T11:39:20.3892233Z     client_test.go:9430: checkAllReleasable: skipping check for exported tars in non-containerd test
2026-05-25T11:39:21.0500621Z     client_test.go:9430: checkAllReleasable: skipping check for exported tars in non-containerd test
2026-05-25T11:39:22.1360594Z     client_test.go:9430: checkAllReleasable: skipping check for exported tars in non-containerd test
2026-05-25T11:43:15.9404735Z     sandbox.go:147: sandbox timeout reached, stopping worker
2026-05-25T11:43:15.9406460Z     sandbox.go:178: failed to get debug logs: Get "http://localhost/debug/pprof/goroutine?debug=2": dial unix /tmp/bktest_buildkitd2289234112/buildkitd-debug.sock: connect: no such file or directory
2026-05-25T11:43:21.0199709Z     sandbox.go:202: stdout: /usr/bin/sudo -u #1000 -i -- exec rootlesskit --net=gvisor-tap-vsock --copy-up=/etc --disable-host-loopback --detach-netns buildkitd --oci-worker=true --containerd-worker=false --oci-worker-gc=false --oci-worker-labels=org.mobyproject.buildkit.worker.sandbox=true --config=/tmp/bktest_config3774870215/buildkitd.toml --root /tmp/bktest_buildkitd2289234112 --addr unix:///tmp/bktest_buildkitd2289234112/buildkitd.sock --debug
2026-05-25T11:43:21.0207172Z     sandbox.go:202: stderr: /usr/bin/sudo -u #1000 -i -- exec rootlesskit --net=gvisor-tap-vsock --copy-up=/etc --disable-host-loopback --detach-netns buildkitd --oci-worker=true --containerd-worker=false --oci-worker-gc=false --oci-worker-labels=org.mobyproject.buildkit.worker.sandbox=true --config=/tmp/bktest_config3774870215/buildkitd.toml --root /tmp/bktest_buildkitd2289234112 --addr unix:///tmp/bktest_buildkitd2289234112/buildkitd.sock --debug
2026-05-25T11:43:21.0213613Z     sandbox.go:205: > StartCmd 2026-05-25 11:38:15.780811785 +0000 UTC m=+80.024616840 /usr/bin/sudo -u #1000 -i -- exec rootlesskit --net=gvisor-tap-vsock --copy-up=/etc --disable-host-loopback --detach-netns buildkitd --oci-worker=true --containerd-worker=false --oci-worker-gc=false --oci-worker-labels=org.mobyproject.buildkit.worker.sandbox=true --config=/tmp/bktest_config3774870215/buildkitd.toml --root /tmp/bktest_buildkitd2289234112 --addr unix:///tmp/bktest_buildkitd2289234112/buildkitd.sock --debug
2026-05-25T11:43:21.0218637Z     sandbox.go:205: time="2026-05-25T11:38:15Z" level=warning msg="[rootlesskit:parent] \"gvisor-tap-vsock\" network driver is experimental"
2026-05-25T11:43:21.0220367Z     sandbox.go:205: time="2026-05-25T11:38:15Z" level=warning msg="[rootlesskit:parent] \"--disable-host-loopback\" is not yet supported for gvisor-tap-vsock"
2026-05-25T11:43:21.0221744Z     sandbox.go:205: warning: GOCOVERDIR not set, no coverage data emitted
2026-05-25T11:43:21.0222654Z     sandbox.go:205: time="2026-05-25T11:38:15Z" level=info msg="auto snapshotter: using overlayfs"
2026-05-25T11:43:21.0224671Z     sandbox.go:205: time="2026-05-25T11:38:15Z" level=debug msg="running in rootless mode"
2026-05-25T11:43:21.0226642Z     sandbox.go:205: time="2026-05-25T11:38:15Z" level=warning msg="CDI setup error /tmp/buildkit-integration-cdi963374599: failed to monitor for changes: permission denied"
2026-05-25T11:43:21.0235190Z     sandbox.go:205: time="2026-05-25T11:38:15Z" level=info msg="found worker \"wy2tmvv2q97tvaum9fzcyocqh\", labels=map[org.mobyproject.buildkit.worker.executor:oci org.mobyproject.buildkit.worker.hostname:2ce7dca5c882 org.mobyproject.buildkit.worker.network:host org.mobyproject.buildkit.worker.oci.process-mode:sandbox org.mobyproject.buildkit.worker.sandbox:true org.mobyproject.buildkit.worker.selinux.enabled:false org.mobyproject.buildkit.worker.snapshotter:overlayfs], platforms=[linux/amd64 linux/amd64/v2 linux/amd64/v3 linux/arm64 linux/riscv64 linux/ppc64le linux/s390x linux/386 linux/mips64le linux/mips64 linux/loong64 linux/arm/v7 linux/arm/v6]"
2026-05-25T11:43:21.0241240Z     sandbox.go:205: time="2026-05-25T11:38:15Z" level=info msg="found 1 workers, default=\"wy2tmvv2q97tvaum9fzcyocqh\""
2026-05-25T11:43:21.0242479Z     sandbox.go:205: time="2026-05-25T11:38:15Z" level=warning msg="currently, only the default worker can be used."
2026-05-25T11:43:21.0244292Z     sandbox.go:205: time="2026-05-25T11:38:15Z" level=info msg="running server on /tmp/bktest_buildkitd2289234112/buildkitd.sock"
2026-05-25T11:43:21.0245624Z     sandbox.go:205: time="2026-05-25T11:38:15Z" level=debug msg="resolve exporter local with map[platform-split:false]" spanID=76978075d07421c5 traceID=c6135e3ebc38f71357046ec1c445d7d4
2026-05-25T11:43:21.0246911Z     sandbox.go:205: time="2026-05-25T11:38:15Z" level=debug msg="session started" spanID=851c1ca77ec7795c traceID=ec146e90dde22d635c09eabccbae9333
2026-05-25T11:43:21.0247995Z     sandbox.go:205: time="2026-05-25T11:38:20Z" level=debug msg="reset healthcheck failure" actualDuration=1.16477ms spanID=851c1ca77ec7795c timeout=15s traceID=ec146e90dde22d635c09eabccbae9333
2026-05-25T11:43:21.0251506Z     sandbox.go:205: time="2026-05-25T11:38:25Z" level=debug msg="reset healthcheck failure" actualDuration="983.534µs" spanID=851c1ca77ec7795c timeout=15s traceID=ec146e90dde22d635c09eabccbae9333
2026-05-25T11:43:21.0253921Z     sandbox.go:205: time="2026-05-25T11:38:30Z" level=debug msg="reset healthcheck failure" actualDuration="803.284µs" spanID=851c1ca77ec7795c timeout=15s traceID=ec146e90dde22d635c09eabccbae9333
2026-05-25T11:43:21.0257380Z     sandbox.go:205: time="2026-05-25T11:38:35Z" level=debug msg="reset healthcheck failure" actualDuration="999.714µs" spanID=851c1ca77ec7795c timeout=15s traceID=ec146e90dde22d635c09eabccbae9333
2026-05-25T11:43:21.0260309Z     sandbox.go:205: time="2026-05-25T11:38:40Z" level=debug msg="reset healthcheck failure" actualDuration="824.193µs" spanID=851c1ca77ec7795c timeout=15s traceID=ec146e90dde22d635c09eabccbae9333
2026-05-25T11:43:21.0263569Z     sandbox.go:205: time="2026-05-25T11:38:45Z" level=debug msg="reset healthcheck failure" actualDuration="724.626µs" spanID=851c1ca77ec7795c timeout=15s traceID=ec146e90dde22d635c09eabccbae9333
2026-05-25T11:43:21.0268014Z     sandbox.go:205: time="2026-05-25T11:38:50Z" level=debug msg="reset healthcheck failure" actualDuration=1.096042ms spanID=851c1ca77ec7795c timeout=15s traceID=ec146e90dde22d635c09eabccbae9333
2026-05-25T11:43:21.0270569Z     sandbox.go:205: time="2026-05-25T11:38:55Z" level=debug msg="reset healthcheck failure" actualDuration=1.168074ms spanID=851c1ca77ec7795c timeout=15s traceID=ec146e90dde22d635c09eabccbae9333
2026-05-25T11:43:21.0273285Z     sandbox.go:205: time="2026-05-25T11:39:00Z" level=debug msg="reset healthcheck failure" actualDuration=1.125704ms spanID=851c1ca77ec7795c timeout=15s traceID=ec146e90dde22d635c09eabccbae9333
2026-05-25T11:43:21.0276934Z     sandbox.go:205: time="2026-05-25T11:39:05Z" level=debug msg="reset healthcheck failure" actualDuration="621.584µs" spanID=851c1ca77ec7795c timeout=15s traceID=ec146e90dde22d635c09eabccbae9333
2026-05-25T11:43:21.0279900Z     sandbox.go:205: time="2026-05-25T11:39:10Z" level=debug msg="reset healthcheck failure" actualDuration="898.683µs" spanID=851c1ca77ec7795c timeout=15s traceID=ec146e90dde22d635c09eabccbae9333
2026-05-25T11:43:21.0282843Z     sandbox.go:205: time="2026-05-25T11:39:15Z" level=debug msg="reset healthcheck failure" actualDuration=1.928444ms spanID=851c1ca77ec7795c timeout=15s traceID=ec146e90dde22d635c09eabccbae9333
2026-05-25T11:43:21.0285674Z     sandbox.go:205: time="2026-05-25T11:39:20Z" level=debug msg="reset healthcheck failure" actualDuration="779.683µs" spanID=851c1ca77ec7795c timeout=15s traceID=ec146e90dde22d635c09eabccbae9333
2026-05-25T11:43:21.0288464Z     sandbox.go:205: time="2026-05-25T11:39:25Z" level=debug msg="reset healthcheck failure" actualDuration="718.171µs" spanID=851c1ca77ec7795c timeout=15s traceID=ec146e90dde22d635c09eabccbae9333
2026-05-25T11:43:21.0291156Z     sandbox.go:205: time="2026-05-25T11:39:30Z" level=debug msg="reset healthcheck failure" actualDuration="980.83µs" spanID=851c1ca77ec7795c timeout=15s traceID=ec146e90dde22d635c09eabccbae9333
2026-05-25T11:43:21.0293798Z     sandbox.go:205: time="2026-05-25T11:39:35Z" level=debug msg="reset healthcheck failure" actualDuration="780.418µs" spanID=851c1ca77ec7795c timeout=15s traceID=ec146e90dde22d635c09eabccbae9333
2026-05-25T11:43:21.0296719Z     sandbox.go:205: time="2026-05-25T11:39:40Z" level=debug msg="reset healthcheck failure" actualDuration="802.64µs" spanID=851c1ca77ec7795c timeout=15s traceID=ec146e90dde22d635c09eabccbae9333
2026-05-25T11:43:21.0299640Z     sandbox.go:205: time="2026-05-25T11:39:45Z" level=debug msg="reset healthcheck failure" actualDuration="886.272µs" spanID=851c1ca77ec7795c timeout=15s traceID=ec146e90dde22d635c09eabccbae9333
2026-05-25T11:43:21.0302315Z     sandbox.go:205: time="2026-05-25T11:39:50Z" level=debug msg="reset healthcheck failure" actualDuration="706.622µs" spanID=851c1ca77ec7795c timeout=15s traceID=ec146e90dde22d635c09eabccbae9333
2026-05-25T11:43:21.0305014Z     sandbox.go:205: time="2026-05-25T11:39:55Z" level=debug msg="reset healthcheck failure" actualDuration="805.105µs" spanID=851c1ca77ec7795c timeout=15s traceID=ec146e90dde22d635c09eabccbae9333
2026-05-25T11:43:21.0308713Z     sandbox.go:205: time="2026-05-25T11:40:00Z" level=debug msg="reset healthcheck failure" actualDuration="691.016µs" spanID=851c1ca77ec7795c timeout=15s traceID=ec146e90dde22d635c09eabccbae9333
2026-05-25T11:43:21.0311354Z     sandbox.go:205: time="2026-05-25T11:40:05Z" level=debug msg="reset healthcheck failure" actualDuration="794.555µs" spanID=851c1ca77ec7795c timeout=15s traceID=ec146e90dde22d635c09eabccbae9333
2026-05-25T11:43:21.0313989Z     sandbox.go:205: time="2026-05-25T11:40:10Z" level=debug msg="reset healthcheck failure" actualDuration="714.929µs" spanID=851c1ca77ec7795c timeout=15s traceID=ec146e90dde22d635c09eabccbae9333
2026-05-25T11:43:21.0316843Z     sandbox.go:205: time="2026-05-25T11:40:15Z" level=debug msg="reset healthcheck failure" actualDuration="731.935µs" spanID=851c1ca77ec7795c timeout=15s traceID=ec146e90dde22d635c09eabccbae9333
2026-05-25T11:43:21.0319483Z     sandbox.go:205: time="2026-05-25T11:40:20Z" level=debug msg="reset healthcheck failure" actualDuration="651.49µs" spanID=851c1ca77ec7795c timeout=15s traceID=ec146e90dde22d635c09eabccbae9333
2026-05-25T11:43:21.0322160Z     sandbox.go:205: time="2026-05-25T11:40:25Z" level=debug msg="reset healthcheck failure" actualDuration="641.464µs" spanID=851c1ca77ec7795c timeout=15s traceID=ec146e90dde22d635c09eabccbae9333
2026-05-25T11:43:21.0324844Z     sandbox.go:205: time="2026-05-25T11:40:30Z" level=debug msg="reset healthcheck failure" actualDuration="754.043µs" spanID=851c1ca77ec7795c timeout=15s traceID=ec146e90dde22d635c09eabccbae9333
2026-05-25T11:43:21.0327713Z     sandbox.go:205: time="2026-05-25T11:40:35Z" level=debug msg="reset healthcheck failure" actualDuration="773.964µs" spanID=851c1ca77ec7795c timeout=15s traceID=ec146e90dde22d635c09eabccbae9333
2026-05-25T11:43:21.0330356Z     sandbox.go:205: time="2026-05-25T11:40:40Z" level=debug msg="reset healthcheck failure" actualDuration="728.911µs" spanID=851c1ca77ec7795c timeout=15s traceID=ec146e90dde22d635c09eabccbae9333
2026-05-25T11:43:21.0333001Z     sandbox.go:205: time="2026-05-25T11:40:45Z" level=debug msg="reset healthcheck failure" actualDuration="759.657µs" spanID=851c1ca77ec7795c timeout=15s traceID=ec146e90dde22d635c09eabccbae9333
2026-05-25T11:43:21.0336621Z     sandbox.go:205: time="2026-05-25T11:40:50Z" level=debug msg="reset healthcheck failure" actualDuration="668.951µs" spanID=851c1ca77ec7795c timeout=15s traceID=ec146e90dde22d635c09eabccbae9333
2026-05-25T11:43:21.0339729Z     sandbox.go:205: time="2026-05-25T11:40:55Z" level=debug msg="reset healthcheck failure" actualDuration="675.804µs" spanID=851c1ca77ec7795c timeout=15s traceID=ec146e90dde22d635c09eabccbae9333
2026-05-25T11:43:21.0342245Z     sandbox.go:205: time="2026-05-25T11:41:00Z" level=debug msg="reset healthcheck failure" actualDuration=1.753017ms spanID=851c1ca77ec7795c timeout=15s traceID=ec146e90dde22d635c09eabccbae9333
2026-05-25T11:43:21.0345448Z     sandbox.go:205: time="2026-05-25T11:41:05Z" level=debug msg="reset healthcheck failure" actualDuration="861.047µs" spanID=851c1ca77ec7795c timeout=15s traceID=ec146e90dde22d635c09eabccbae9333
2026-05-25T11:43:21.0348145Z     sandbox.go:205: time="2026-05-25T11:41:10Z" level=debug msg="reset healthcheck failure" actualDuration="701.117µs" spanID=851c1ca77ec7795c timeout=15s traceID=ec146e90dde22d635c09eabccbae9333
2026-05-25T11:43:21.0350898Z     sandbox.go:205: time="2026-05-25T11:41:15Z" level=debug msg="reset healthcheck failure" actualDuration="684.611µs" spanID=851c1ca77ec7795c timeout=15s traceID=ec146e90dde22d635c09eabccbae9333
2026-05-25T11:43:21.0353504Z     sandbox.go:205: time="2026-05-25T11:41:20Z" level=debug msg="reset healthcheck failure" actualDuration="692.934µs" spanID=851c1ca77ec7795c timeout=15s traceID=ec146e90dde22d635c09eabccbae9333
2026-05-25T11:43:21.0356310Z     sandbox.go:205: time="2026-05-25T11:41:25Z" level=debug msg="reset healthcheck failure" actualDuration="693.647µs" spanID=851c1ca77ec7795c timeout=15s traceID=ec146e90dde22d635c09eabccbae9333
2026-05-25T11:43:21.0358817Z     sandbox.go:205: time="2026-05-25T11:41:30Z" level=debug msg="reset healthcheck failure" actualDuration="802.046µs" spanID=851c1ca77ec7795c timeout=15s traceID=ec146e90dde22d635c09eabccbae9333
2026-05-25T11:43:21.0361398Z     sandbox.go:205: time="2026-05-25T11:41:35Z" level=debug msg="reset healthcheck failure" actualDuration="772.371µs" spanID=851c1ca77ec7795c timeout=15s traceID=ec146e90dde22d635c09eabccbae9333
2026-05-25T11:43:21.0364570Z     sandbox.go:205: time="2026-05-25T11:41:40Z" level=debug msg="reset healthcheck failure" actualDuration="645.597µs" spanID=851c1ca77ec7795c timeout=15s traceID=ec146e90dde22d635c09eabccbae9333
2026-05-25T11:43:21.0367538Z     sandbox.go:205: time="2026-05-25T11:41:45Z" level=debug msg="reset healthcheck failure" actualDuration="688.247µs" spanID=851c1ca77ec7795c timeout=15s traceID=ec146e90dde22d635c09eabccbae9333
2026-05-25T11:43:21.0370040Z     sandbox.go:205: time="2026-05-25T11:41:50Z" level=debug msg="reset healthcheck failure" actualDuration="741.27µs" spanID=851c1ca77ec7795c timeout=15s traceID=ec146e90dde22d635c09eabccbae9333
2026-05-25T11:43:21.0372401Z     sandbox.go:205: time="2026-05-25T11:41:55Z" level=debug msg="reset healthcheck failure" actualDuration="713.768µs" spanID=851c1ca77ec7795c timeout=15s traceID=ec146e90dde22d635c09eabccbae9333
2026-05-25T11:43:21.0374910Z     sandbox.go:205: time="2026-05-25T11:42:00Z" level=debug msg="reset healthcheck failure" actualDuration="677.948µs" spanID=851c1ca77ec7795c timeout=15s traceID=ec146e90dde22d635c09eabccbae9333
2026-05-25T11:43:21.0377735Z     sandbox.go:205: time="2026-05-25T11:42:05Z" level=debug msg="reset healthcheck failure" actualDuration="650.837µs" spanID=851c1ca77ec7795c timeout=15s traceID=ec146e90dde22d635c09eabccbae9333
2026-05-25T11:43:21.0380360Z     sandbox.go:205: time="2026-05-25T11:42:10Z" level=debug msg="reset healthcheck failure" actualDuration="672.779µs" spanID=851c1ca77ec7795c timeout=15s traceID=ec146e90dde22d635c09eabccbae9333
2026-05-25T11:43:21.0382898Z     sandbox.go:205: time="2026-05-25T11:42:15Z" level=debug msg="reset healthcheck failure" actualDuration="767.489µs" spanID=851c1ca77ec7795c timeout=15s traceID=ec146e90dde22d635c09eabccbae9333
2026-05-25T11:43:21.0386008Z     sandbox.go:205: time="2026-05-25T11:42:20Z" level=debug msg="reset healthcheck failure" actualDuration="746.851µs" spanID=851c1ca77ec7795c timeout=15s traceID=ec146e90dde22d635c09eabccbae9333
2026-05-25T11:43:21.0388697Z     sandbox.go:205: time="2026-05-25T11:42:25Z" level=debug msg="reset healthcheck failure" actualDuration="796.492µs" spanID=851c1ca77ec7795c timeout=15s traceID=ec146e90dde22d635c09eabccbae9333
2026-05-25T11:43:21.0391274Z     sandbox.go:205: time="2026-05-25T11:42:30Z" level=debug msg="reset healthcheck failure" actualDuration="764.717µs" spanID=851c1ca77ec7795c timeout=15s traceID=ec146e90dde22d635c09eabccbae9333
2026-05-25T11:43:21.0394513Z     sandbox.go:205: time="2026-05-25T11:42:35Z" level=debug msg="reset healthcheck failure" actualDuration="697.641µs" spanID=851c1ca77ec7795c timeout=15s traceID=ec146e90dde22d635c09eabccbae9333
2026-05-25T11:43:21.0397432Z     sandbox.go:205: time="2026-05-25T11:42:40Z" level=debug msg="reset healthcheck failure" actualDuration="647.465µs" spanID=851c1ca77ec7795c timeout=15s traceID=ec146e90dde22d635c09eabccbae9333
2026-05-25T11:43:21.0400045Z     sandbox.go:205: time="2026-05-25T11:42:45Z" level=debug msg="reset healthcheck failure" actualDuration="729.766µs" spanID=851c1ca77ec7795c timeout=15s traceID=ec146e90dde22d635c09eabccbae9333
2026-05-25T11:43:21.0402932Z     sandbox.go:205: time="2026-05-25T11:42:50Z" level=debug msg="reset healthcheck failure" actualDuration="684.869µs" spanID=851c1ca77ec7795c timeout=15s traceID=ec146e90dde22d635c09eabccbae9333
2026-05-25T11:43:21.0405690Z     sandbox.go:205: time="2026-05-25T11:42:55Z" level=debug msg="reset healthcheck failure" actualDuration="625.364µs" spanID=851c1ca77ec7795c timeout=15s traceID=ec146e90dde22d635c09eabccbae9333
2026-05-25T11:43:21.0408194Z     sandbox.go:205: time="2026-05-25T11:43:00Z" level=debug msg="reset healthcheck failure" actualDuration="635.123µs" spanID=851c1ca77ec7795c timeout=15s traceID=ec146e90dde22d635c09eabccbae9333
2026-05-25T11:43:21.0410427Z     sandbox.go:205: time="2026-05-25T11:43:05Z" level=debug msg="reset healthcheck failure" actualDuration=1.031367ms spanID=851c1ca77ec7795c timeout=15s traceID=ec146e90dde22d635c09eabccbae9333
2026-05-25T11:43:21.0412866Z     sandbox.go:205: time="2026-05-25T11:43:10Z" level=debug msg="reset healthcheck failure" actualDuration="742.161µs" spanID=851c1ca77ec7795c timeout=15s traceID=ec146e90dde22d635c09eabccbae9333
2026-05-25T11:43:21.0415537Z     sandbox.go:205: time="2026-05-25T11:43:15Z" level=debug msg="reset healthcheck failure" actualDuration="695.83µs" spanID=851c1ca77ec7795c timeout=15s traceID=ec146e90dde22d635c09eabccbae9333
2026-05-25T11:43:21.0418468Z     sandbox.go:205: time="2026-05-25T11:43:15Z" level=error msg="/moby.buildkit.v1.Control/Solve returned error: rpc error: code = Unknown desc = cannot overwrite hello-linux from linux/arm64 with linux/amd64 when split option is disabled" spanID=76978075d07421c5 traceID=c6135e3ebc38f71357046ec1c445d7d4
2026-05-25T11:43:21.0420949Z     sandbox.go:205: cannot overwrite hello-linux from linux/arm64 with linux/amd64 when split option is disabled
2026-05-25T11:43:21.0423662Z     sandbox.go:205: 27998 d6b444d buildkitd --oci-worker=true --containerd-worker=false --oci-worker-gc=false --oci-worker-labels=org.mobyproject.buildkit.worker.sandbox=true --config=/tmp/bktest_config3774870215/buildkitd.toml --root /tmp/bktest_buildkitd2289234112 --addr unix:///tmp/bktest_buildkitd2289234112/buildkitd.sock --debug
2026-05-25T11:43:21.0426728Z     sandbox.go:205: github.com/moby/buildkit/exporter/local.(*localExporterInstance).Export.(*localExporterInstance).Export.func2.func3.1
2026-05-25T11:43:21.0427943Z     sandbox.go:205: 	/src/exporter/local/export.go:141
2026-05-25T11:43:21.0428688Z     sandbox.go:205: github.com/tonistiigi/fsutil.(*filterFS).Walk.func1
2026-05-25T11:43:21.0429569Z     sandbox.go:205: 	/src/vendor/github.com/tonistiigi/fsutil/filter.go:375
2026-05-25T11:43:21.0430365Z     sandbox.go:205: github.com/tonistiigi/fsutil.(*fs).Walk.func1
2026-05-25T11:43:21.0431332Z     sandbox.go:205: 	/src/vendor/github.com/tonistiigi/fsutil/fs.go:80
2026-05-25T11:43:21.0431993Z     sandbox.go:205: path/filepath.walkDir
2026-05-25T11:43:21.0432638Z     sandbox.go:205: 	/usr/local/go/src/path/filepath/path.go:311
2026-05-25T11:43:21.0433247Z     sandbox.go:205: path/filepath.walkDir
2026-05-25T11:43:21.0433814Z     sandbox.go:205: 	/usr/local/go/src/path/filepath/path.go:333
2026-05-25T11:43:21.0434488Z     sandbox.go:205: path/filepath.WalkDir
2026-05-25T11:43:21.0435291Z     sandbox.go:205: 	/usr/local/go/src/path/filepath/path.go:401
2026-05-25T11:43:21.0435970Z     sandbox.go:205: github.com/tonistiigi/fsutil.(*fs).Walk
2026-05-25T11:43:21.0436657Z     sandbox.go:205: 	/src/vendor/github.com/tonistiigi/fsutil/fs.go:49
2026-05-25T11:43:21.0437089Z     sandbox.go:205: github.com/tonistiigi/fsutil.(*filterFS).Walk
2026-05-25T11:43:21.0437523Z     sandbox.go:205: 	/src/vendor/github.com/tonistiigi/fsutil/filter.go:185
2026-05-25T11:43:21.0437979Z     sandbox.go:205: github.com/moby/buildkit/exporter/local.fsWalk
2026-05-25T11:43:21.0438380Z     sandbox.go:205: 	/src/exporter/local/export_unix.go:13
2026-05-25T11:43:21.0439231Z     sandbox.go:205: github.com/moby/buildkit/exporter/local.(*localExporterInstance).Export.(*localExporterInstance).Export.func2.func3
2026-05-25T11:43:21.0439851Z     sandbox.go:205: 	/src/exporter/local/export.go:131
2026-05-25T11:43:21.0440208Z     sandbox.go:205: golang.org/x/sync/errgroup.(*Group).Go.func1
2026-05-25T11:43:21.0440617Z     sandbox.go:205: 	/src/vendor/golang.org/x/sync/errgroup/errgroup.go:93
2026-05-25T11:43:21.0440972Z     sandbox.go:205: runtime.goexit
2026-05-25T11:43:21.0441277Z     sandbox.go:205: 	/usr/local/go/src/runtime/asm_amd64.s:1771
2026-05-25T11:43:21.0441588Z     sandbox.go:205: 
2026-05-25T11:43:21.0442828Z     sandbox.go:205: 27998 d6b444d buildkitd --oci-worker=true --containerd-worker=false --oci-worker-gc=false --oci-worker-labels=org.mobyproject.buildkit.worker.sandbox=true --config=/tmp/bktest_config3774870215/buildkitd.toml --root /tmp/bktest_buildkitd2289234112 --addr unix:///tmp/bktest_buildkitd2289234112/buildkitd.sock --debug
2026-05-25T11:43:21.0444129Z     sandbox.go:205: main.unaryInterceptor
2026-05-25T11:43:21.0444423Z     sandbox.go:205: 	/src/cmd/buildkitd/main.go:786
2026-05-25T11:43:21.0444988Z     sandbox.go:205: google.golang.org/grpc.NewServer.chainUnaryServerInterceptors.chainUnaryInterceptors.func1
2026-05-25T11:43:21.0445915Z     sandbox.go:205: 	/src/vendor/google.golang.org/grpc/server.go:1234
2026-05-25T11:43:21.0446400Z     sandbox.go:205: github.com/moby/buildkit/api/services/control._Control_Solve_Handler
2026-05-25T11:43:21.0446898Z     sandbox.go:205: 	/src/api/services/control/control_grpc.pb.go:289
2026-05-25T11:43:21.0447325Z     sandbox.go:205: google.golang.org/grpc.(*Server).processUnaryRPC
2026-05-25T11:43:21.0447741Z     sandbox.go:205: 	/src/vendor/google.golang.org/grpc/server.go:1430
2026-05-25T11:43:21.0448145Z     sandbox.go:205: google.golang.org/grpc.(*Server).handleStream
2026-05-25T11:43:21.0448546Z     sandbox.go:205: 	/src/vendor/google.golang.org/grpc/server.go:1856
2026-05-25T11:43:21.0448969Z     sandbox.go:205: google.golang.org/grpc.(*Server).serveStreams.func2.1
2026-05-25T11:43:21.0449397Z     sandbox.go:205: 	/src/vendor/google.golang.org/grpc/server.go:1065
2026-05-25T11:43:21.0449728Z     sandbox.go:205: runtime.goexit
2026-05-25T11:43:21.0450026Z     sandbox.go:205: 	/usr/local/go/src/runtime/asm_amd64.s:1771
2026-05-25T11:43:21.0450331Z     sandbox.go:205: 
2026-05-25T11:43:21.0450889Z     sandbox.go:205: time="2026-05-25T11:43:16Z" level=debug msg="session finished: <nil>" spanID=851c1ca77ec7795c traceID=ec146e90dde22d635c09eabccbae9333
2026-05-25T11:43:21.0451646Z     sandbox.go:205: > sending sigterm 2026-05-25 11:43:21.000960386 +0000 UTC m=+385.244765431
2026-05-25T11:43:21.0452174Z     sandbox.go:205: > sending SIGTERM 2026-05-25 11:43:21.000975314 +0000 UTC m=+385.244780359
2026-05-25T11:43:21.0452665Z     sandbox.go:205: time="2026-05-25T11:43:21Z" level=info msg="stopping server"
2026-05-25T11:43:21.0453244Z     sandbox.go:205: buildkitd: got 1 SIGTERM/SIGINTs, forcing shutdown
2026-05-25T11:43:21.0453699Z     sandbox.go:205: github.com/moby/buildkit/util/appcontext.Context.func1.1
2026-05-25T11:43:21.0454119Z     sandbox.go:205: 	/src/util/appcontext/appcontext.go:38
2026-05-25T11:43:21.0454426Z     sandbox.go:205: runtime.goexit
2026-05-25T11:43:21.0454731Z     sandbox.go:205: 	/usr/local/go/src/runtime/asm_amd64.s:1771
2026-05-25T11:43:21.0456513Z     sandbox.go:205: [rootlesskit:child ] error: command [buildkitd --oci-worker=true --containerd-worker=false --oci-worker-gc=false --oci-worker-labels=org.mobyproject.buildkit.worker.sandbox=true --config=/tmp/bktest_config3774870215/buildkitd.toml --root /tmp/bktest_buildkitd2289234112 --addr unix:///tmp/bktest_buildkitd2289234112/buildkitd.sock --debug] exited: exit status 1
2026-05-25T11:43:21.0458343Z     sandbox.go:205: time="2026-05-25T11:43:21Z" level=error msg="[rootlesskit:parent] cannot receive packets from @, disconnecting: cannot read size from socket: EOF"
2026-05-25T11:43:21.0459094Z     sandbox.go:205: [rootlesskit:parent] error: child exited: exit status 1
2026-05-25T11:43:21.0459738Z     sandbox.go:205: > stopped 2026-05-25 11:43:21.017540925 +0000 UTC m=+385.261345970 exit status 1 1
2026-05-25T11:43:21.0460162Z --- FAIL: TestIntegration (0.17s)
2026-05-25T11:43:21.0460761Z     --- SKIP: TestIntegration/TestBridgeNetworkingDNSNoRootless/worker=oci-rootless-gvisor-tap-vsock-detachnetns/netmode=dns (0.00s)
2026-05-25T11:43:21.0461639Z     --- PASS: TestIntegration/TestCacheExportCacheKeyLoop/worker=oci-rootless-gvisor-tap-vsock-detachnetns (4.62s)
2026-05-25T11:43:21.0462499Z         --- PASS: TestIntegration/TestCacheExportCacheKeyLoop/worker=oci-rootless-gvisor-tap-vsock-detachnetns/mode=false (0.89s)
2026-05-25T11:43:21.0463379Z         --- PASS: TestIntegration/TestCacheExportCacheKeyLoop/worker=oci-rootless-gvisor-tap-vsock-detachnetns/mode=true (0.22s)
2026-05-25T11:43:21.0464214Z     --- PASS: TestIntegration/TestDiffCombinedSingleLayer/worker=oci-rootless-gvisor-tap-vsock-detachnetns (8.96s)
2026-05-25T11:43:21.0464966Z     --- SKIP: TestIntegration/TestDiffChardevs/worker=oci-rootless-gvisor-tap-vsock-detachnetns (9.17s)
2026-05-25T11:43:21.0465861Z     --- PASS: TestIntegration/TestDiffCombinedMultiLayer/worker=oci-rootless-gvisor-tap-vsock-detachnetns (11.60s)
2026-05-25T11:43:21.0466607Z     --- PASS: TestIntegration/TestDiffFifos/worker=oci-rootless-gvisor-tap-vsock-detachnetns (7.21s)
2026-05-25T11:43:21.0467312Z     --- PASS: TestIntegration/TestDiffShuffleFiles/worker=oci-rootless-gvisor-tap-vsock-detachnetns (5.43s)
2026-05-25T11:43:21.0468083Z     --- PASS: TestIntegration/TestDiffDirOverridesSymlink/worker=oci-rootless-gvisor-tap-vsock-detachnetns (15.34s)
2026-05-25T11:43:21.0468878Z     --- PASS: TestIntegration/TestDiffSymlinkOverridesDir/worker=oci-rootless-gvisor-tap-vsock-detachnetns (15.40s)
2026-05-25T11:43:21.0469635Z     --- PASS: TestIntegration/TestDiffOpaqueDirs/worker=oci-rootless-gvisor-tap-vsock-detachnetns (6.63s)
2026-05-25T11:43:21.0470413Z     --- PASS: TestIntegration/TestDiffDeleteFilesAfterMerge/worker=oci-rootless-gvisor-tap-vsock-detachnetns (4.28s)
2026-05-25T11:43:21.0471211Z     --- PASS: TestIntegration/TestDiffShuffleFilesMerge/worker=oci-rootless-gvisor-tap-vsock-detachnetns (27.60s)
2026-05-25T11:43:21.0471958Z     --- PASS: TestIntegration/TestDiffDeleteDirs/worker=oci-rootless-gvisor-tap-vsock-detachnetns (20.67s)
2026-05-25T11:43:21.0472707Z     --- PASS: TestIntegration/TestDiffOpaqueDirsMerge/worker=oci-rootless-gvisor-tap-vsock-detachnetns (30.69s)
2026-05-25T11:43:21.0473467Z     --- PASS: TestIntegration/TestDiffUnmatchedDelete/worker=oci-rootless-gvisor-tap-vsock-detachnetns (28.59s)
2026-05-25T11:43:21.0474222Z     --- PASS: TestIntegration/TestDiffDeleteDirsMerge/worker=oci-rootless-gvisor-tap-vsock-detachnetns (29.63s)
2026-05-25T11:43:21.0474955Z     --- PASS: TestIntegration/TestDiffDeleteFiles/worker=oci-rootless-gvisor-tap-vsock-detachnetns (8.61s)
2026-05-25T11:43:21.0476109Z     --- PASS: TestIntegration/TestDiffOverrideFiles/worker=oci-rootless-gvisor-tap-vsock-detachnetns (7.55s)
2026-05-25T11:43:21.0476887Z     --- PASS: TestIntegration/TestDiffOverrideDirs/worker=oci-rootless-gvisor-tap-vsock-detachnetns (5.24s)
2026-05-25T11:43:21.0477615Z     --- PASS: TestIntegration/TestDiffModifiedDirs/worker=oci-rootless-gvisor-tap-vsock-detachnetns (3.95s)
2026-05-25T11:43:21.0478317Z     --- PASS: TestIntegration/TestDiffNewDirs/worker=oci-rootless-gvisor-tap-vsock-detachnetns (4.32s)
2026-05-25T11:43:21.0479029Z     --- PASS: TestIntegration/TestDiffModifiedFiles/worker=oci-rootless-gvisor-tap-vsock-detachnetns (5.15s)
2026-05-25T11:43:21.0479743Z     --- PASS: TestIntegration/TestDiffNewFiles/worker=oci-rootless-gvisor-tap-vsock-detachnetns (4.03s)
2026-05-25T11:43:21.0480488Z     --- PASS: TestIntegration/TestDiffLowerScratchDeletes/worker=oci-rootless-gvisor-tap-vsock-detachnetns (4.15s)
2026-05-25T11:43:21.0481247Z     --- PASS: TestIntegration/TestDiffUpperScratch/worker=oci-rootless-gvisor-tap-vsock-detachnetns (5.40s)
2026-05-25T11:43:21.0481945Z     --- PASS: TestIntegration/TestDiffSelf/worker=oci-rootless-gvisor-tap-vsock-detachnetns (3.07s)
2026-05-25T11:43:21.0482739Z     --- PASS: TestIntegration/TestDiffScratch/worker=oci-rootless-gvisor-tap-vsock-detachnetns (2.45s)
2026-05-25T11:43:21.0483553Z     --- PASS: TestIntegration/TestDiffLowerScratch/worker=oci-rootless-gvisor-tap-vsock-detachnetns (5.64s)
2026-05-25T11:43:21.0484891Z     --- PASS: TestIntegration/TestValidatePlatformsInvalid/worker=oci-rootless-gvisor-tap-vsock-detachnetns (1.34s)
2026-05-25T11:43:21.0485890Z         --- PASS: TestIntegration/TestValidatePlatformsInvalid/worker=oci-rootless-gvisor-tap-vsock-detachnetns/emptyID (0.10s)
2026-05-25T11:43:21.0486809Z         --- PASS: TestIntegration/TestValidatePlatformsInvalid/worker=oci-rootless-gvisor-tap-vsock-detachnetns/missingOS (0.02s)
2026-05-25T11:43:21.0487646Z     --- PASS: TestIntegration/TestValidatePlatformsEmpty/worker=oci-rootless-gvisor-tap-vsock-detachnetns (0.81s)
2026-05-25T11:43:21.0488436Z     --- PASS: TestIntegration/TestValidateInvalidConfig/worker=oci-rootless-gvisor-tap-vsock-detachnetns (0.47s)
2026-05-25T11:43:21.0489211Z     --- PASS: TestIntegration/TestValidateNullConfig/worker=oci-rootless-gvisor-tap-vsock-detachnetns (0.54s)
2026-05-25T11:43:21.0489949Z     --- PASS: TestIntegration/TestDiffSelfDeletes/worker=oci-rootless-gvisor-tap-vsock-detachnetns (5.94s)
2026-05-25T11:43:21.0490800Z     --- PASS: TestIntegration/TestListenBuildHistoryExcludesSoftDeletedRecords/worker=oci-rootless-gvisor-tap-vsock-detachnetns (0.90s)
2026-05-25T11:43:21.0491707Z     --- PASS: TestIntegration/TestSourcePolicySessionConvert/worker=oci-rootless-gvisor-tap-vsock-detachnetns (0.96s)
2026-05-25T11:43:21.0492597Z         --- PASS: TestIntegration/TestSourcePolicySessionConvert/worker=oci-rootless-gvisor-tap-vsock-detachnetns/convert_and_allow (0.10s)
2026-05-25T11:43:21.0493550Z         --- PASS: TestIntegration/TestSourcePolicySessionConvert/worker=oci-rootless-gvisor-tap-vsock-detachnetns/convert_and_deny (0.02s)
2026-05-25T11:43:21.0494487Z         --- PASS: TestIntegration/TestSourcePolicySessionConvert/worker=oci-rootless-gvisor-tap-vsock-detachnetns/convert_loop (0.03s)
2026-05-25T11:43:21.0495692Z     --- PASS: TestIntegration/TestSourcePolicySessionHTTPChecksumAssist/worker=oci-rootless-gvisor-tap-vsock-detachnetns (0.56s)
2026-05-25T11:43:21.0496716Z         --- PASS: TestIntegration/TestSourcePolicySessionHTTPChecksumAssist/worker=oci-rootless-gvisor-tap-vsock-detachnetns/valid_checksum_request (0.06s)
2026-05-25T11:43:21.0497824Z         --- PASS: TestIntegration/TestSourcePolicySessionHTTPChecksumAssist/worker=oci-rootless-gvisor-tap-vsock-detachnetns/oversized_suffix_denied (0.02s)
2026-05-25T11:43:21.0498922Z         --- PASS: TestIntegration/TestSourcePolicySessionHTTPChecksumAssist/worker=oci-rootless-gvisor-tap-vsock-detachnetns/unsupported_algo_denied (0.01s)
2026-05-25T11:43:21.0500019Z     --- PASS: TestIntegration/TestSourcePolicySignedCommit/worker=oci-rootless-gvisor-tap-vsock-detachnetns (1.28s)
2026-05-25T11:43:21.0500916Z         --- PASS: TestIntegration/TestSourcePolicySignedCommit/worker=oci-rootless-gvisor-tap-vsock-detachnetns/unsigned_commit_fails (0.09s)
2026-05-25T11:43:21.0501925Z         --- PASS: TestIntegration/TestSourcePolicySignedCommit/worker=oci-rootless-gvisor-tap-vsock-detachnetns/valid_gpg_signature_for_branch (0.14s)
2026-05-25T11:43:21.0502973Z         --- PASS: TestIntegration/TestSourcePolicySignedCommit/worker=oci-rootless-gvisor-tap-vsock-detachnetns/valid_ssh_signature_for_signed_tag (0.05s)
2026-05-25T11:43:21.0504041Z         --- PASS: TestIntegration/TestSourcePolicySignedCommit/worker=oci-rootless-gvisor-tap-vsock-detachnetns/invalid_ssh_signature_for_signed_tag (0.05s)
2026-05-25T11:43:21.0505254Z         --- PASS: TestIntegration/TestSourcePolicySignedCommit/worker=oci-rootless-gvisor-tap-vsock-detachnetns/commit_ssh_signature_for_signed_tag (0.05s)
2026-05-25T11:43:21.0506320Z         --- PASS: TestIntegration/TestSourcePolicySignedCommit/worker=oci-rootless-gvisor-tap-vsock-detachnetns/invalid_tag_signature_for_commit (0.05s)
2026-05-25T11:43:21.0507423Z         --- PASS: TestIntegration/TestSourcePolicySignedCommit/worker=oci-rootless-gvisor-tap-vsock-detachnetns/gitchecksum (0.02s)
2026-05-25T11:43:21.0508331Z         --- PASS: TestIntegration/TestSourcePolicySignedCommit/worker=oci-rootless-gvisor-tap-vsock-detachnetns/gitobjects (0.05s)
2026-05-25T11:43:21.0509200Z     --- PASS: TestIntegration/TestSourcePolicyParallelSession/worker=oci-rootless-gvisor-tap-vsock-detachnetns (1.62s)
2026-05-25T11:43:21.0510104Z     --- PASS: TestIntegration/TestSourceMetaPolicySessionResolveAttestations/worker=oci-rootless-gvisor-tap-vsock-detachnetns (1.70s)
2026-05-25T11:43:21.0510983Z     --- PASS: TestIntegration/TestSourceMetaPolicySession/worker=oci-rootless-gvisor-tap-vsock-detachnetns (1.05s)
2026-05-25T11:43:21.0511839Z         --- PASS: TestIntegration/TestSourceMetaPolicySession/worker=oci-rootless-gvisor-tap-vsock-detachnetns/basic_alpine (0.07s)
2026-05-25T11:43:21.0512748Z         --- PASS: TestIntegration/TestSourceMetaPolicySession/worker=oci-rootless-gvisor-tap-vsock-detachnetns/alpine_denied (0.01s)
2026-05-25T11:43:21.0513642Z     --- PASS: TestIntegration/TestSourcePolicySessionDenyMessages/worker=oci-rootless-gvisor-tap-vsock-detachnetns (0.68s)
2026-05-25T11:43:21.0514467Z     --- PASS: TestIntegration/TestSourcePolicySession/worker=oci-rootless-gvisor-tap-vsock-detachnetns (0.64s)
2026-05-25T11:43:21.0515554Z         --- PASS: TestIntegration/TestSourcePolicySession/worker=oci-rootless-gvisor-tap-vsock-detachnetns/basic_alpine (0.08s)
2026-05-25T11:43:21.0516448Z         --- PASS: TestIntegration/TestSourcePolicySession/worker=oci-rootless-gvisor-tap-vsock-detachnetns/alpine_with_attrs (0.02s)
2026-05-25T11:43:21.0517327Z         --- PASS: TestIntegration/TestSourcePolicySession/worker=oci-rootless-gvisor-tap-vsock-detachnetns/deny_alpine (0.01s)
2026-05-25T11:43:21.0518237Z         --- PASS: TestIntegration/TestSourcePolicySession/worker=oci-rootless-gvisor-tap-vsock-detachnetns/alpine_with_digest_policy (0.04s)
2026-05-25T11:43:21.0519161Z     --- PASS: TestIntegration/TestImageResolveProvenanceAttestation/worker=oci-rootless-gvisor-tap-vsock-detachnetns (0.76s)
2026-05-25T11:43:21.0520051Z     --- PASS: TestIntegration/TestImageResolveAttestationChainLocal/worker=oci-rootless-gvisor-tap-vsock-detachnetns (0.88s)
2026-05-25T11:43:21.0520878Z     --- PASS: TestIntegration/TestValidateSourcePolicy/worker=oci-rootless-gvisor-tap-vsock-detachnetns (6.86s)
2026-05-25T11:43:21.0521714Z         --- PASS: TestIntegration/TestValidateSourcePolicy/worker=oci-rootless-gvisor-tap-vsock-detachnetns/nilselector (5.07s)
2026-05-25T11:43:21.0522581Z         --- PASS: TestIntegration/TestValidateSourcePolicy/worker=oci-rootless-gvisor-tap-vsock-detachnetns/emptyaction (0.05s)
2026-05-25T11:43:21.0523436Z         --- PASS: TestIntegration/TestValidateSourcePolicy/worker=oci-rootless-gvisor-tap-vsock-detachnetns/nilupdates (0.04s)
2026-05-25T11:43:21.0524382Z     --- PASS: TestIntegration/TestDiffDeleteFilesMerge/worker=oci-rootless-gvisor-tap-vsock-detachnetns (41.47s)
2026-05-25T11:43:21.0525331Z     --- PASS: TestIntegration/TestGitBundleRoundTripRegistry/worker=oci-rootless-gvisor-tap-vsock-detachnetns (1.00s)
2026-05-25T11:43:21.0526190Z         --- PASS: TestIntegration/TestGitBundleRoundTripRegistry/worker=oci-rootless-gvisor-tap-vsock-detachnetns/checkout (0.17s)
2026-05-25T11:43:21.0527096Z         --- PASS: TestIntegration/TestGitBundleRoundTripRegistry/worker=oci-rootless-gvisor-tap-vsock-detachnetns/provenance (0.08s)
2026-05-25T11:43:21.0527949Z     --- PASS: TestIntegration/TestGitResolveMutatedSource/worker=oci-rootless-gvisor-tap-vsock-detachnetns (1.00s)
2026-05-25T11:43:21.0528721Z     --- PASS: TestIntegration/TestGitBundleRoundTrip/worker=oci-rootless-gvisor-tap-vsock-detachnetns (1.10s)
2026-05-25T11:43:21.0529503Z         --- PASS: TestIntegration/TestGitBundleRoundTrip/worker=oci-rootless-gvisor-tap-vsock-detachnetns/sha-ref (0.08s)
2026-05-25T11:43:21.0530346Z         --- PASS: TestIntegration/TestGitBundleRoundTrip/worker=oci-rootless-gvisor-tap-vsock-detachnetns/symbolic-ref (0.05s)
2026-05-25T11:43:21.0531386Z         --- PASS: TestIntegration/TestGitBundleRoundTrip/worker=oci-rootless-gvisor-tap-vsock-detachnetns/keepgitdir-no-namespace-leak (0.14s)
2026-05-25T11:43:21.0532301Z         --- PASS: TestIntegration/TestGitBundleRoundTrip/worker=oci-rootless-gvisor-tap-vsock-detachnetns/provenance (0.05s)
2026-05-25T11:43:21.0533104Z     --- PASS: TestIntegration/TestHTTPResolveMultiBuild/worker=oci-rootless-gvisor-tap-vsock-detachnetns (0.66s)
2026-05-25T11:43:21.0533879Z     --- PASS: TestIntegration/TestHTTPResolveMetaReuse/worker=oci-rootless-gvisor-tap-vsock-detachnetns (0.63s)
2026-05-25T11:43:21.0534669Z     --- PASS: TestIntegration/TestHTTPPruneAfterResolveMeta/worker=oci-rootless-gvisor-tap-vsock-detachnetns (0.44s)
2026-05-25T11:43:21.0535729Z     --- PASS: TestIntegration/TestHTTPResolveSourceMetadata/worker=oci-rootless-gvisor-tap-vsock-detachnetns (0.40s)
2026-05-25T11:43:21.0536625Z     --- PASS: TestIntegration/TestImageResolveAttestationChainRequiresNetwork/worker=oci-rootless-gvisor-tap-vsock-detachnetns (2.38s)
2026-05-25T11:43:21.0537523Z     --- PASS: TestIntegration/TestGitResolveSourceMetadata/worker=oci-rootless-gvisor-tap-vsock-detachnetns (0.68s)
2026-05-25T11:43:21.0538293Z     --- PASS: TestIntegration/TestMetadataOnlyLocal/worker=oci-rootless-gvisor-tap-vsock-detachnetns (0.60s)
2026-05-25T11:43:21.0539056Z     --- PASS: TestIntegration/TestHTTPPruneAfterCacheKey/worker=oci-rootless-gvisor-tap-vsock-detachnetns (0.94s)
2026-05-25T11:43:21.0539802Z     --- PASS: TestIntegration/TestFileOpSymlink/worker=oci-rootless-gvisor-tap-vsock-detachnetns (0.60s)
2026-05-25T11:43:21.0540594Z     --- PASS: TestIntegration/TestFrontendLintSkipVerifyPlatforms/worker=oci-rootless-gvisor-tap-vsock-detachnetns (0.31s)
2026-05-25T11:43:21.0541421Z     --- PASS: TestIntegration/TestFrontendVerifyPlatforms/worker=oci-rootless-gvisor-tap-vsock-detachnetns (0.51s)
2026-05-25T11:43:21.0542185Z     --- PASS: TestIntegration/TestRunValidExitCodes/worker=oci-rootless-gvisor-tap-vsock-detachnetns (1.25s)
2026-05-25T11:43:21.0542923Z     --- PASS: TestIntegration/TestOCIIndexMediatype/worker=oci-rootless-gvisor-tap-vsock-detachnetns (0.92s)
2026-05-25T11:43:21.0543717Z     --- PASS: TestIntegration/TestExportLocalForcePlatformSplit/worker=oci-rootless-gvisor-tap-vsock-detachnetns (0.94s)
2026-05-25T11:43:21.0544560Z     --- PASS: TestIntegration/TestExportLocalNoPlatformSplit/worker=oci-rootless-gvisor-tap-vsock-detachnetns (0.43s)
2026-05-25T11:43:21.0545466Z     --- PASS: TestIntegration/TestOCILayoutBlobSource/worker=oci-rootless-gvisor-tap-vsock-detachnetns (0.78s)
2026-05-25T11:43:21.0546205Z     --- PASS: TestIntegration/TestImageBlobSource/worker=oci-rootless-gvisor-tap-vsock-detachnetns (1.26s)
2026-05-25T11:43:21.0546966Z     --- PASS: TestIntegration/TestPinRaceIgnoreCacheShift/worker=oci-rootless-gvisor-tap-vsock-detachnetns (12.91s)
2026-05-25T11:43:21.0547911Z     --- PASS: TestIntegration/TestRegistryEmptyCacheExport/worker=oci-rootless-gvisor-tap-vsock-detachnetns (4.68s)
2026-05-25T11:43:21.0549249Z         --- PASS: TestIntegration/TestRegistryEmptyCacheExport/worker=oci-rootless-gvisor-tap-vsock-detachnetns/TestIntegration/TestRegistryEmptyCacheExport/worker=oci-rootless-gvisor-tap-vsock-detachnetns/ociMediaTypes=true/imageManifest=true (0.02s)
2026-05-25T11:43:21.0551102Z         --- PASS: TestIntegration/TestRegistryEmptyCacheExport/worker=oci-rootless-gvisor-tap-vsock-detachnetns/TestIntegration/TestRegistryEmptyCacheExport/worker=oci-rootless-gvisor-tap-vsock-detachnetns/ociMediaTypes=true/imageManifest=false (0.02s)
2026-05-25T11:43:21.0552952Z         --- PASS: TestIntegration/TestRegistryEmptyCacheExport/worker=oci-rootless-gvisor-tap-vsock-detachnetns/TestIntegration/TestRegistryEmptyCacheExport/worker=oci-rootless-gvisor-tap-vsock-detachnetns/ociMediaTypes=false/imageManifest=false (0.02s)
2026-05-25T11:43:21.0554386Z     --- PASS: TestIntegration/TestMultipleRecordsWithSameLayersCacheImportExport/worker=oci-rootless-gvisor-tap-vsock-detachnetns (4.69s)
2026-05-25T11:43:21.0555552Z     --- PASS: TestIntegration/TestClientCustomGRPCOpts/worker=oci-rootless-gvisor-tap-vsock-detachnetns (0.96s)
2026-05-25T11:43:21.0556342Z     --- PASS: TestIntegration/TestSnapshotWithMultipleBlobs/worker=oci-rootless-gvisor-tap-vsock-detachnetns (7.07s)
2026-05-25T11:43:21.0557122Z     --- PASS: TestIntegration/TestLayerLimitOnMounts/worker=oci-rootless-gvisor-tap-vsock-detachnetns (8.85s)
2026-05-25T11:43:21.0557960Z     --- PASS: TestIntegration/TestImageManifestRegistryCacheImportExport/worker=oci-rootless-gvisor-tap-vsock-detachnetns (1.95s)
2026-05-25T11:43:21.0558809Z     --- PASS: TestIntegration/TestMountStubsTimestamp/worker=oci-rootless-gvisor-tap-vsock-detachnetns (1.04s)
2026-05-25T11:43:21.0559576Z     --- PASS: TestIntegration/TestMountStubsDirectory/worker=oci-rootless-gvisor-tap-vsock-detachnetns (1.05s)
2026-05-25T11:43:21.0560308Z     --- PASS: TestIntegration/TestSourcePolicy/worker=oci-rootless-gvisor-tap-vsock-detachnetns (3.03s)
2026-05-25T11:43:21.0561029Z         --- PASS: TestIntegration/TestSourcePolicy/worker=oci-rootless-gvisor-tap-vsock-detachnetns/0 (1.09s)
2026-05-25T11:43:21.0561746Z         --- PASS: TestIntegration/TestSourcePolicy/worker=oci-rootless-gvisor-tap-vsock-detachnetns/1 (0.22s)
2026-05-25T11:43:21.0562456Z         --- PASS: TestIntegration/TestSourcePolicy/worker=oci-rootless-gvisor-tap-vsock-detachnetns/2 (0.02s)
2026-05-25T11:43:21.0563239Z         --- PASS: TestIntegration/TestSourcePolicy/worker=oci-rootless-gvisor-tap-vsock-detachnetns/Frontend_policies (0.06s)
2026-05-25T11:43:21.0564126Z             --- PASS: TestIntegration/TestSourcePolicy/worker=oci-rootless-gvisor-tap-vsock-detachnetns/Frontend_policies/deny_http (0.01s)
2026-05-25T11:43:21.0565214Z             --- PASS: TestIntegration/TestSourcePolicy/worker=oci-rootless-gvisor-tap-vsock-detachnetns/Frontend_policies/resolve_image_config (0.05s)
2026-05-25T11:43:21.0566108Z     --- PASS: TestIntegration/TestMultipleCacheExports/worker=oci-rootless-gvisor-tap-vsock-detachnetns (1.57s)
2026-05-25T11:43:21.0566856Z     --- PASS: TestIntegration/TestSBOMSupplements/worker=oci-rootless-gvisor-tap-vsock-detachnetns (1.27s)
2026-05-25T11:43:21.0567591Z     --- PASS: TestIntegration/TestSBOMScanSingleRef/worker=oci-rootless-gvisor-tap-vsock-detachnetns (1.38s)
2026-05-25T11:43:21.0568325Z     --- PASS: TestIntegration/TestAttestationBundle/worker=oci-rootless-gvisor-tap-vsock-detachnetns (0.92s)
2026-05-25T11:43:21.0569111Z     --- SKIP: TestIntegration/TestSourceDateEpochImageExporter/worker=oci-rootless-gvisor-tap-vsock-detachnetns (0.95s)
2026-05-25T11:43:21.0569907Z     --- PASS: TestIntegration/TestLLBMountPerformance/worker=oci-rootless-gvisor-tap-vsock-detachnetns (5.31s)
2026-05-25T11:43:21.0570691Z     --- PASS: TestIntegration/TestSourceDateEpochTarExporter/worker=oci-rootless-gvisor-tap-vsock-detachnetns (0.87s)
2026-05-25T11:43:21.0571641Z     --- PASS: TestIntegration/TestSourceDateEpochLocalExporter/worker=oci-rootless-gvisor-tap-vsock-detachnetns (0.73s)
2026-05-25T11:43:21.0572448Z     --- PASS: TestIntegration/TestSourceDateEpochReset/worker=oci-rootless-gvisor-tap-vsock-detachnetns (1.01s)
2026-05-25T11:43:21.0573209Z     --- PASS: TestIntegration/TestSourceDateEpochClamp/worker=oci-rootless-gvisor-tap-vsock-detachnetns (0.98s)
2026-05-25T11:43:21.0573992Z     --- PASS: TestIntegration/TestAttestationDefaultSubject/worker=oci-rootless-gvisor-tap-vsock-detachnetns (0.86s)
2026-05-25T11:43:21.0574826Z     --- PASS: TestIntegration/TestSourceDateEpochLayerTimestamps/worker=oci-rootless-gvisor-tap-vsock-detachnetns (1.14s)
2026-05-25T11:43:21.0575749Z     --- SKIP: TestIntegration/TestExportedImageLabels/worker=oci-rootless-gvisor-tap-vsock-detachnetns (0.61s)
2026-05-25T11:43:21.0576563Z     --- PASS: TestIntegration/TestExportAttestationsImageManifest/worker=oci-rootless-gvisor-tap-vsock-detachnetns (1.03s)
2026-05-25T11:43:21.0577450Z         --- PASS: TestIntegration/TestExportAttestationsImageManifest/worker=oci-rootless-gvisor-tap-vsock-detachnetns/image (0.37s)
2026-05-25T11:43:21.0578487Z         --- PASS: TestIntegration/TestExportAttestationsImageManifest/worker=oci-rootless-gvisor-tap-vsock-detachnetns/local (0.03s)
2026-05-25T11:43:21.0586596Z         --- PASS: TestIntegration/TestExportAttestationsImageManifest/worker=oci-rootless-gvisor-tap-vsock-detachnetns/tar (0.03s)
2026-05-25T11:43:21.0587669Z     --- PASS: TestIntegration/TestExportAttestationsOCIArtifact/worker=oci-rootless-gvisor-tap-vsock-detachnetns (0.75s)
2026-05-25T11:43:21.0588593Z         --- PASS: TestIntegration/TestExportAttestationsOCIArtifact/worker=oci-rootless-gvisor-tap-vsock-detachnetns/image (0.37s)
2026-05-25T11:43:21.0589497Z         --- PASS: TestIntegration/TestExportAttestationsOCIArtifact/worker=oci-rootless-gvisor-tap-vsock-detachnetns/local (0.03s)
2026-05-25T11:43:21.0590389Z         --- PASS: TestIntegration/TestExportAttestationsOCIArtifact/worker=oci-rootless-gvisor-tap-vsock-detachnetns/tar (0.03s)
2026-05-25T11:43:21.0591261Z     --- PASS: TestIntegration/TestExportAnnotationsMediaTypes/worker=oci-rootless-gvisor-tap-vsock-detachnetns (0.95s)
2026-05-25T11:43:21.0592062Z     --- PASS: TestIntegration/TestExportAnnotations/worker=oci-rootless-gvisor-tap-vsock-detachnetns (0.95s)
2026-05-25T11:43:21.0592767Z     --- PASS: TestIntegration/TestCallInfo/worker=oci-rootless-gvisor-tap-vsock-detachnetns (0.51s)
2026-05-25T11:43:21.0593489Z     --- PASS: TestIntegration/TestPullWithLayerLimit/worker=oci-rootless-gvisor-tap-vsock-detachnetns (0.74s)
2026-05-25T11:43:21.0594316Z     --- SKIP: TestIntegration/TestStargzLazyRegistryCacheImportExport/worker=oci-rootless-gvisor-tap-vsock-detachnetns (0.50s)
2026-05-25T11:43:21.0595375Z     --- PASS: TestIntegration/TestUncompressedRegistryCacheImportExport/worker=oci-rootless-gvisor-tap-vsock-detachnetns (0.98s)
2026-05-25T11:43:21.0596226Z     --- PASS: TestIntegration/TestValidateDigestOrigin/worker=oci-rootless-gvisor-tap-vsock-detachnetns (1.33s)
2026-05-25T11:43:21.0596943Z     --- PASS: TestIntegration/TestSBOMScan/worker=oci-rootless-gvisor-tap-vsock-detachnetns (5.46s)
2026-05-25T11:43:21.0597725Z     --- PASS: TestIntegration/TestUncompressedLocalCacheImportExport/worker=oci-rootless-gvisor-tap-vsock-detachnetns (1.43s)
2026-05-25T11:43:21.0598569Z     --- PASS: TestIntegration/TestZstdLocalCacheImportExport/worker=oci-rootless-gvisor-tap-vsock-detachnetns (1.43s)
2026-05-25T11:43:21.0599397Z     --- PASS: TestIntegration/TestZstdRegistryCacheImportExport/worker=oci-rootless-gvisor-tap-vsock-detachnetns (1.05s)
2026-05-25T11:43:21.0600199Z     --- PASS: TestIntegration/TestLocalCacheExportReset/worker=oci-rootless-gvisor-tap-vsock-detachnetns (1.20s)
2026-05-25T11:43:21.0601008Z     --- PASS: TestIntegration/TestCacheExportCacheDeletedContent/worker=oci-rootless-gvisor-tap-vsock-detachnetns (1.22s)
2026-05-25T11:43:21.0602022Z     --- PASS: TestIntegration/TestZstdLocalCacheExport/worker=oci-rootless-gvisor-tap-vsock-detachnetns (0.96s)
2026-05-25T11:43:21.0602806Z     --- PASS: TestIntegration/TestCacheExportIgnoreError/worker=oci-rootless-gvisor-tap-vsock-detachnetns (1.23s)
2026-05-25T11:43:21.0603686Z         --- PASS: TestIntegration/TestCacheExportIgnoreError/worker=oci-rootless-gvisor-tap-vsock-detachnetns/s3-ignore-error-true (0.48s)
2026-05-25T11:43:21.0604653Z         --- PASS: TestIntegration/TestCacheExportIgnoreError/worker=oci-rootless-gvisor-tap-vsock-detachnetns/local-ignore-error-true (0.03s)
2026-05-25T11:43:21.0606476Z         --- PASS: TestIntegration/TestCacheExportIgnoreError/worker=oci-rootless-gvisor-tap-vsock-detachnetns/registry-ignore-error-true (0.04s)
2026-05-25T11:43:21.0607484Z         --- PASS: TestIntegration/TestCacheExportIgnoreError/worker=oci-rootless-gvisor-tap-vsock-detachnetns/local-ignore-error-false (0.03s)
2026-05-25T11:43:21.0608475Z         --- PASS: TestIntegration/TestCacheExportIgnoreError/worker=oci-rootless-gvisor-tap-vsock-detachnetns/registry-ignore-error-false (0.10s)
2026-05-25T11:43:21.0609459Z         --- PASS: TestIntegration/TestCacheExportIgnoreError/worker=oci-rootless-gvisor-tap-vsock-detachnetns/s3-ignore-error-false (0.04s)
2026-05-25T11:43:21.0610519Z     --- PASS: TestIntegration/TestBuildExportWithForeignLayer/worker=oci-rootless-gvisor-tap-vsock-detachnetns (0.95s)
2026-05-25T11:43:21.0611400Z         --- PASS: TestIntegration/TestBuildExportWithForeignLayer/worker=oci-rootless-gvisor-tap-vsock-detachnetns/propagate=1 (0.13s)
2026-05-25T11:43:21.0612331Z         --- PASS: TestIntegration/TestBuildExportWithForeignLayer/worker=oci-rootless-gvisor-tap-vsock-detachnetns/propagate=0 (0.10s)
2026-05-25T11:43:21.0613154Z     --- SKIP: TestIntegration/TestMergeOpCacheMax/worker=oci-rootless-gvisor-tap-vsock-detachnetns (0.39s)
2026-05-25T11:43:21.0613870Z     --- PASS: TestIntegration/TestMoveParentDir/worker=oci-rootless-gvisor-tap-vsock-detachnetns (0.96s)
2026-05-25T11:43:21.0614583Z     --- SKIP: TestIntegration/TestMergeOpCacheMin/worker=oci-rootless-gvisor-tap-vsock-detachnetns (0.43s)
2026-05-25T11:43:21.0615572Z     --- PASS: TestIntegration/TestRmSymlink/worker=oci-rootless-gvisor-tap-vsock-detachnetns (0.85s)
2026-05-25T11:43:21.0616311Z     --- SKIP: TestIntegration/TestMergeOpCacheInline/worker=oci-rootless-gvisor-tap-vsock-detachnetns (0.48s)
2026-05-25T11:43:21.0617046Z     --- PASS: TestIntegration/TestBuildExportZstd/worker=oci-rootless-gvisor-tap-vsock-detachnetns (0.67s)
2026-05-25T11:43:21.0617803Z     --- PASS: TestIntegration/TestOCILayoutPlatformSource/worker=oci-rootless-gvisor-tap-vsock-detachnetns (0.80s)
2026-05-25T11:43:21.0618542Z     --- PASS: TestIntegration/TestPullZstdImage/worker=oci-rootless-gvisor-tap-vsock-detachnetns (1.22s)
2026-05-25T11:43:21.0619656Z         --- PASS: TestIntegration/TestPullZstdImage/worker=oci-rootless-gvisor-tap-vsock-detachnetns/TestIntegration/TestPullZstdImage/worker=oci-rootless-gvisor-tap-vsock-detachnetns/ociMediaTypes=true (0.47s)
2026-05-25T11:43:21.0621177Z         --- PASS: TestIntegration/TestPullZstdImage/worker=oci-rootless-gvisor-tap-vsock-detachnetns/TestIntegration/TestPullZstdImage/worker=oci-rootless-gvisor-tap-vsock-detachnetns/ociMediaTypes=false (0.46s)
2026-05-25T11:43:21.0622291Z     --- PASS: TestIntegration/TestOCILayoutSource/worker=oci-rootless-gvisor-tap-vsock-detachnetns (1.42s)
2026-05-25T11:43:21.0623051Z     --- PASS: TestIntegration/TestNoTarOCIIndexMediaType/worker=oci-rootless-gvisor-tap-vsock-detachnetns (1.07s)
2026-05-25T11:43:21.0623868Z     --- PASS: TestIntegration/TestLocalSourceWithHardlinksFilter/worker=oci-rootless-gvisor-tap-vsock-detachnetns (0.82s)
2026-05-25T11:43:21.0624656Z     --- PASS: TestIntegration/TestLocalSourceDiffer/worker=oci-rootless-gvisor-tap-vsock-detachnetns (0.80s)
2026-05-25T11:43:21.0625579Z         --- PASS: TestIntegration/TestLocalSourceDiffer/worker=oci-rootless-gvisor-tap-vsock-detachnetns/differ=none (0.08s)
2026-05-25T11:43:21.0626583Z         --- PASS: TestIntegration/TestLocalSourceDiffer/worker=oci-rootless-gvisor-tap-vsock-detachnetns/differ=metadata (0.04s)
2026-05-25T11:43:21.0627410Z     --- PASS: TestIntegration/TestRelativeMountpoint/worker=oci-rootless-gvisor-tap-vsock-detachnetns (0.68s)
2026-05-25T11:43:21.0628154Z     --- PASS: TestIntegration/TestFileOpInputSwap/worker=oci-rootless-gvisor-tap-vsock-detachnetns (0.54s)
2026-05-25T11:43:21.0628959Z     --- SKIP: TestIntegration/TestStargzLazyInlineCacheImportExport/worker=oci-rootless-gvisor-tap-vsock-detachnetns (0.64s)
2026-05-25T11:43:21.0629754Z     --- SKIP: TestIntegration/TestStargzLazyPull/worker=oci-rootless-gvisor-tap-vsock-detachnetns (0.45s)
2026-05-25T11:43:21.0630460Z     --- SKIP: TestIntegration/TestLazyImagePush/worker=oci-rootless-gvisor-tap-vsock-detachnetns (0.32s)
2026-05-25T11:43:21.0631178Z     --- PASS: TestIntegration/TestSourceMapFromRef/worker=oci-rootless-gvisor-tap-vsock-detachnetns (0.35s)
2026-05-25T11:43:21.0631883Z     --- PASS: TestIntegration/TestSourceMap/worker=oci-rootless-gvisor-tap-vsock-detachnetns (0.39s)
2026-05-25T11:43:21.0632593Z     --- PASS: TestIntegration/TestMultipleExporters/worker=oci-rootless-gvisor-tap-vsock-detachnetns (0.40s)
2026-05-25T11:43:21.0633449Z     --- PASS: TestIntegration/TestTarExporterSymlink/worker=oci-rootless-gvisor-tap-vsock-detachnetns (0.68s)
2026-05-25T11:43:21.0634149Z     --- PASS: TestIntegration/TestMergeOp/worker=oci-rootless-gvisor-tap-vsock-detachnetns (3.70s)
2026-05-25T11:43:21.0634916Z     --- PASS: TestIntegration/TestMultipleRegistryCacheImportExport/worker=oci-rootless-gvisor-tap-vsock-detachnetns (0.96s)
2026-05-25T11:43:21.0635868Z     --- PASS: TestIntegration/TestExporterTargetExists/worker=oci-rootless-gvisor-tap-vsock-detachnetns (0.47s)
2026-05-25T11:43:21.0636660Z     --- PASS: TestIntegration/TestTarExporterWithSocketCopy/worker=oci-rootless-gvisor-tap-vsock-detachnetns (1.11s)
2026-05-25T11:43:21.0637450Z     --- PASS: TestIntegration/TestTarExporterWithSocket/worker=oci-rootless-gvisor-tap-vsock-detachnetns (1.18s)
2026-05-25T11:43:21.0638204Z     --- SKIP: TestIntegration/TestBridgeNetworking/worker=oci-rootless-gvisor-tap-vsock-detachnetns (0.53s)
2026-05-25T11:43:21.0639165Z     --- PASS: TestIntegration/TestCacheMountNoCache/worker=oci-rootless-gvisor-tap-vsock-detachnetns (0.87s)
2026-05-25T11:43:21.0640102Z     --- PASS: TestIntegration/TestPullWithDigestCheck/worker=oci-rootless-gvisor-tap-vsock-detachnetns (0.74s)
2026-05-25T11:43:21.0640875Z     --- PASS: TestIntegration/TestExportBusyboxLocal/worker=oci-rootless-gvisor-tap-vsock-detachnetns (1.05s)
2026-05-25T11:43:21.0641826Z     --- PASS: TestIntegration/TestPushProgressSameVertex/worker=oci-rootless-gvisor-tap-vsock-detachnetns (0.98s)
2026-05-25T11:43:21.0642844Z     --- PASS: TestIntegration/TestBasicInlineCacheImportExport/worker=oci-rootless-gvisor-tap-vsock-detachnetns (1.17s)
2026-05-25T11:43:21.0643857Z     --- PASS: TestIntegration/TestPushByDigest/worker=oci-rootless-gvisor-tap-vsock-detachnetns (0.70s)
2026-05-25T11:43:21.0644700Z     --- SKIP: TestIntegration/TestHostnameSpecifying/worker=oci-rootless-gvisor-tap-vsock-detachnetns (0.44s)
2026-05-25T11:43:21.0645654Z     --- SKIP: TestIntegration/TestHostnameLookup/worker=oci-rootless-gvisor-tap-vsock-detachnetns (0.41s)
2026-05-25T11:43:21.0646547Z     --- PASS: TestIntegration/TestStdinClosed/worker=oci-rootless-gvisor-tap-vsock-detachnetns (0.45s)
2026-05-25T11:43:21.0647477Z     --- PASS: TestIntegration/TestFrontendUseSolveResults/worker=oci-rootless-gvisor-tap-vsock-detachnetns (0.47s)
2026-05-25T11:43:21.0648327Z     --- PASS: TestIntegration/TestFrontendMetadataReturn/worker=oci-rootless-gvisor-tap-vsock-detachnetns (0.62s)
2026-05-25T11:43:21.0649189Z     --- PASS: TestIntegration/TestNetworkMode/worker=oci-rootless-gvisor-tap-vsock-detachnetns (0.70s)
2026-05-25T11:43:21.0650052Z     --- SKIP: TestIntegration/TestCgroupParent/worker=oci-rootless-gvisor-tap-vsock-detachnetns (0.66s)
2026-05-25T11:43:21.0650865Z     --- PASS: TestIntegration/TestRawSocketMount/worker=oci-rootless-gvisor-tap-vsock-detachnetns (1.69s)
2026-05-25T11:43:21.0651936Z     --- PASS: TestIntegration/TestUlimit/worker=oci-rootless-gvisor-tap-vsock-detachnetns (1.00s)
2026-05-25T11:43:21.0652818Z     --- PASS: TestIntegration/TestSSHMount/worker=oci-rootless-gvisor-tap-vsock-detachnetns (2.05s)
2026-05-25T11:43:21.0653473Z     --- PASS: TestIntegration/TestShmSize/worker=oci-rootless-gvisor-tap-vsock-detachnetns (0.96s)
2026-05-25T11:43:21.0654144Z     --- PASS: TestIntegration/TestExtraHosts/worker=oci-rootless-gvisor-tap-vsock-detachnetns (0.93s)
2026-05-25T11:43:21.0654817Z     --- PASS: TestIntegration/TestSecretEnv/worker=oci-rootless-gvisor-tap-vsock-detachnetns (0.70s)
2026-05-25T11:43:21.0655646Z     --- PASS: TestIntegration/TestSecretMounts/worker=oci-rootless-gvisor-tap-vsock-detachnetns (1.00s)
2026-05-25T11:43:21.0656374Z     --- PASS: TestIntegration/TestParallelLocalBuilds/worker=oci-rootless-gvisor-tap-vsock-detachnetns (0.86s)
2026-05-25T11:43:21.0657132Z     --- PASS: TestIntegration/TestDuplicateCacheMount/worker=oci-rootless-gvisor-tap-vsock-detachnetns (0.54s)
2026-05-25T11:43:21.0657886Z     --- PASS: TestIntegration/TestRunCacheWithMounts/worker=oci-rootless-gvisor-tap-vsock-detachnetns (1.42s)
2026-05-25T11:43:21.0658809Z     --- PASS: TestIntegration/TestSharedCacheMountsNoScratch/worker=oci-rootless-gvisor-tap-vsock-detachnetns (2.16s)
2026-05-25T11:43:21.0659583Z     --- PASS: TestIntegration/TestSharedCacheMounts/worker=oci-rootless-gvisor-tap-vsock-detachnetns (2.54s)
2026-05-25T11:43:21.0660296Z     --- PASS: TestIntegration/TestTmpfsMounts/worker=oci-rootless-gvisor-tap-vsock-detachnetns (2.55s)
2026-05-25T11:43:21.0661002Z     --- PASS: TestIntegration/TestLockedCacheMounts/worker=oci-rootless-gvisor-tap-vsock-detachnetns (3.40s)
2026-05-25T11:43:21.0661865Z     --- PASS: TestIntegration/TestSessionHealthMonitorFailsBlockedSecretResponse/worker=oci-rootless-gvisor-tap-vsock-detachnetns (4.54s)
2026-05-25T11:43:21.0662736Z     --- PASS: TestIntegration/TestLocalSymlinkEscape/worker=oci-rootless-gvisor-tap-vsock-detachnetns (1.49s)
2026-05-25T11:43:21.0663460Z     --- PASS: TestIntegration/TestProxyEnv/worker=oci-rootless-gvisor-tap-vsock-detachnetns (0.78s)
2026-05-25T11:43:21.0664180Z     --- PASS: TestIntegration/TestCopyFromEmptyImage/worker=oci-rootless-gvisor-tap-vsock-detachnetns (0.71s)
2026-05-25T11:43:21.0664906Z     --- PASS: TestIntegration/TestCachedMounts/worker=oci-rootless-gvisor-tap-vsock-detachnetns (1.14s)
2026-05-25T11:43:21.0665798Z     --- PASS: TestIntegration/TestBasicLocalCacheImportExport/worker=oci-rootless-gvisor-tap-vsock-detachnetns (1.24s)
2026-05-25T11:43:21.0666665Z     --- PASS: TestIntegration/TestBasicRegistryCacheImportExport/worker=oci-rootless-gvisor-tap-vsock-detachnetns (1.55s)
2026-05-25T11:43:21.0667501Z     --- PASS: TestIntegration/TestBasicS3CacheImportExport/worker=oci-rootless-gvisor-tap-vsock-detachnetns (1.96s)
2026-05-25T11:43:21.0668260Z     --- PASS: TestIntegration/TestReadonlyRootFS/worker=oci-rootless-gvisor-tap-vsock-detachnetns (1.49s)
2026-05-25T11:43:21.0668989Z     --- PASS: TestIntegration/TestInvalidExporter/worker=oci-rootless-gvisor-tap-vsock-detachnetns (1.05s)
2026-05-25T11:43:21.0669731Z     --- PASS: TestIntegration/TestMountWithNoSource/worker=oci-rootless-gvisor-tap-vsock-detachnetns (0.83s)
2026-05-25T11:43:21.0670484Z     --- PASS: TestIntegration/TestDuplicateWhiteouts/worker=oci-rootless-gvisor-tap-vsock-detachnetns (0.89s)
2026-05-25T11:43:21.0671278Z     --- PASS: TestIntegration/TestBasicAzblobCacheImportExport/worker=oci-rootless-gvisor-tap-vsock-detachnetns (3.32s)
2026-05-25T11:43:21.0672081Z     --- PASS: TestIntegration/TestFrontendImageNaming/worker=oci-rootless-gvisor-tap-vsock-detachnetns (0.74s)
2026-05-25T11:43:21.0672884Z         --- PASS: TestIntegration/TestFrontendImageNaming/worker=oci-rootless-gvisor-tap-vsock-detachnetns/frontend (0.06s)
2026-05-25T11:43:21.0673748Z             --- SKIP: TestIntegration/TestFrontendImageNaming/worker=oci-rootless-gvisor-tap-vsock-detachnetns/frontend/oci (0.00s)
2026-05-25T11:43:21.0674754Z             --- PASS: TestIntegration/TestFrontendImageNaming/worker=oci-rootless-gvisor-tap-vsock-detachnetns/frontend/docker (0.03s)
2026-05-25T11:43:21.0675788Z             --- PASS: TestIntegration/TestFrontendImageNaming/worker=oci-rootless-gvisor-tap-vsock-detachnetns/frontend/image (0.03s)
2026-05-25T11:43:21.0676643Z         --- PASS: TestIntegration/TestFrontendImageNaming/worker=oci-rootless-gvisor-tap-vsock-detachnetns/caller (0.03s)
2026-05-25T11:43:21.0677481Z             --- SKIP: TestIntegration/TestFrontendImageNaming/worker=oci-rootless-gvisor-tap-vsock-detachnetns/caller/oci (0.00s)
2026-05-25T11:43:21.0678350Z             --- PASS: TestIntegration/TestFrontendImageNaming/worker=oci-rootless-gvisor-tap-vsock-detachnetns/caller/docker (0.01s)
2026-05-25T11:43:21.0679230Z             --- PASS: TestIntegration/TestFrontendImageNaming/worker=oci-rootless-gvisor-tap-vsock-detachnetns/caller/image (0.02s)
2026-05-25T11:43:21.0680048Z     --- PASS: TestIntegration/TestWhiteoutParentDir/worker=oci-rootless-gvisor-tap-vsock-detachnetns (1.07s)
2026-05-25T11:43:21.0680793Z     --- PASS: TestIntegration/TestSessionExporter/worker=oci-rootless-gvisor-tap-vsock-detachnetns (0.83s)
2026-05-25T11:43:21.0681676Z     --- PASS: TestIntegration/TestOCIExporterContentStore/worker=oci-rootless-gvisor-tap-vsock-detachnetns (0.89s)
2026-05-25T11:43:21.0682424Z     --- PASS: TestIntegration/TestOCIExporter/worker=oci-rootless-gvisor-tap-vsock-detachnetns (1.05s)
2026-05-25T11:43:21.0683130Z     --- PASS: TestIntegration/TestResolveAndHosts/worker=oci-rootless-gvisor-tap-vsock-detachnetns (0.88s)
2026-05-25T11:43:21.0683868Z     --- PASS: TestIntegration/TestBuildExportScratch/worker=oci-rootless-gvisor-tap-vsock-detachnetns (0.83s)
2026-05-25T11:43:21.0684557Z     --- PASS: TestIntegration/TestUser/worker=oci-rootless-gvisor-tap-vsock-detachnetns (1.68s)
2026-05-25T11:43:21.0685437Z     --- PASS: TestIntegration/TestBuildHTTPSourcePGPSignatureVerify/worker=oci-rootless-gvisor-tap-vsock-detachnetns (0.63s)
2026-05-25T11:43:21.0686394Z         --- PASS: TestIntegration/TestBuildHTTPSourcePGPSignatureVerify/worker=oci-rootless-gvisor-tap-vsock-detachnetns/valid-signature (0.04s)
2026-05-25T11:43:21.0687441Z         --- PASS: TestIntegration/TestBuildHTTPSourcePGPSignatureVerify/worker=oci-rootless-gvisor-tap-vsock-detachnetns/wrong-pubkey (0.04s)
2026-05-25T11:43:21.0688545Z         --- PASS: TestIntegration/TestBuildHTTPSourcePGPSignatureVerify/worker=oci-rootless-gvisor-tap-vsock-detachnetns/concatenated-pubkeys-right-key-second (0.03s)
2026-05-25T11:43:21.0689576Z     --- SKIP: TestIntegration/TestBuildExportWithUncompressed/worker=oci-rootless-gvisor-tap-vsock-detachnetns (1.24s)
2026-05-25T11:43:21.0690382Z     --- PASS: TestIntegration/TestBuildHTTPSourceHeader/worker=oci-rootless-gvisor-tap-vsock-detachnetns (0.79s)
2026-05-25T11:43:21.0691153Z     --- SKIP: TestIntegration/TestBuildPushAndValidate/worker=oci-rootless-gvisor-tap-vsock-detachnetns (1.13s)
2026-05-25T11:43:21.0691970Z     --- PASS: TestIntegration/TestBuildHTTPSourceHostTokenSecret/worker=oci-rootless-gvisor-tap-vsock-detachnetns (0.55s)
2026-05-25T11:43:21.0692833Z     --- PASS: TestIntegration/TestBuildHTTPSourceAuthHeaderSecret/worker=oci-rootless-gvisor-tap-vsock-detachnetns (0.43s)
2026-05-25T11:43:21.0693668Z     --- PASS: TestIntegration/TestBuildHTTPSourceEtagScope/worker=oci-rootless-gvisor-tap-vsock-detachnetns (0.40s)
2026-05-25T11:43:21.0694430Z     --- PASS: TestIntegration/TestBuildHTTPSource/worker=oci-rootless-gvisor-tap-vsock-detachnetns (0.42s)
2026-05-25T11:43:21.0695256Z     --- PASS: TestIntegration/TestCallDiskUsage/worker=oci-rootless-gvisor-tap-vsock-detachnetns (0.36s)
2026-05-25T11:43:21.0695983Z     --- PASS: TestIntegration/TestFileOpCopyUIDCache/worker=oci-rootless-gvisor-tap-vsock-detachnetns (0.79s)
2026-05-25T11:43:21.0696715Z     --- PASS: TestIntegration/TestBuildMultiMount/worker=oci-rootless-gvisor-tap-vsock-detachnetns (1.07s)
2026-05-25T11:43:21.0697444Z     --- PASS: TestIntegration/TestFileOpRmWildcard/worker=oci-rootless-gvisor-tap-vsock-detachnetns (0.83s)
2026-05-25T11:43:21.0698404Z     --- PASS: TestIntegration/TestFileOpCopyAlwaysReplaceExistingDestPaths/worker=oci-rootless-gvisor-tap-vsock-detachnetns (0.89s)
2026-05-25T11:43:21.0699242Z     --- PASS: TestIntegration/TestFileOpCopyRm/worker=oci-rootless-gvisor-tap-vsock-detachnetns (0.45s)
2026-05-25T11:43:21.0699996Z     --- PASS: TestIntegration/TestFileOpCopyIncludeExclude/worker=oci-rootless-gvisor-tap-vsock-detachnetns (0.68s)
2026-05-25T11:43:21.0700772Z     --- PASS: TestIntegration/TestFileOpMkdirMkfile/worker=oci-rootless-gvisor-tap-vsock-detachnetns (0.49s)
2026-05-25T11:43:21.0701520Z     --- PASS: TestIntegration/TestFileOpCopyChmodText/worker=oci-rootless-gvisor-tap-vsock-detachnetns (1.91s)
2026-05-25T11:43:21.0702266Z     --- PASS: TestIntegration/TestRelativeWorkDir/worker=oci-rootless-gvisor-tap-vsock-detachnetns (0.82s)
2026-05-25T11:43:21.0702956Z     --- SKIP: TestIntegration/TestCDIClass/worker=oci-rootless-gvisor-tap-vsock-detachnetns (0.57s)
2026-05-25T11:43:21.0703638Z     --- SKIP: TestIntegration/TestCDIWildcard/worker=oci-rootless-gvisor-tap-vsock-detachnetns (0.58s)
2026-05-25T11:43:21.0704423Z     --- SKIP: TestIntegration/TestCDIFirst/worker=oci-rootless-gvisor-tap-vsock-detachnetns (0.34s)
2026-05-25T11:43:21.0705224Z     --- SKIP: TestIntegration/TestCDIEntitlement/worker=oci-rootless-gvisor-tap-vsock-detachnetns (0.35s)
2026-05-25T11:43:21.0705930Z     --- SKIP: TestIntegration/TestCDINotAllowed/worker=oci-rootless-gvisor-tap-vsock-detachnetns (0.31s)
2026-05-25T11:43:21.0706590Z     --- SKIP: TestIntegration/TestCDI/worker=oci-rootless-gvisor-tap-vsock-detachnetns (0.33s)
2026-05-25T11:43:21.0707318Z     --- PASS: TestIntegration/TestHostNetworking/worker=oci-rootless-gvisor-tap-vsock-detachnetns/netmode=default (0.29s)
2026-05-25T11:43:21.0708129Z     --- PASS: TestIntegration/TestDiffAsParentSingleLayer/worker=oci-rootless-gvisor-tap-vsock-detachnetns (1.28s)
2026-05-25T11:43:21.0708966Z     --- PASS: TestIntegration/TestSecurityModeErrors/worker=oci-rootless-gvisor-tap-vsock-detachnetns/secmode=insecure (0.34s)
2026-05-25T11:43:21.0709804Z     --- PASS: TestIntegration/TestHostNetworking/worker=oci-rootless-gvisor-tap-vsock-detachnetns/netmode=host (0.56s)
2026-05-25T11:43:21.0710640Z     --- SKIP: TestIntegration/TestSecurityModeSysfs/worker=oci-rootless-gvisor-tap-vsock-detachnetns/secmode=sandbox (0.35s)
2026-05-25T11:43:21.0711498Z     --- SKIP: TestIntegration/TestSecurityModeSysfs/worker=oci-rootless-gvisor-tap-vsock-detachnetns/secmode=insecure (0.34s)
2026-05-25T11:43:21.0712332Z     --- PASS: TestIntegration/TestSecurityMode/worker=oci-rootless-gvisor-tap-vsock-detachnetns/secmode=sandbox (0.53s)
2026-05-25T11:43:21.0713148Z     --- PASS: TestIntegration/TestSecurityMode/worker=oci-rootless-gvisor-tap-vsock-detachnetns/secmode=insecure (0.51s)
2026-05-25T11:43:21.0714043Z     --- PASS: TestIntegration/TestDiffMergeOpaqueRegressionWithFileOverwrite/worker=oci-rootless-gvisor-tap-vsock-detachnetns (1.51s)
2026-05-25T11:43:21.0714934Z     --- PASS: TestIntegration/TestDiffMergeOpaqueRegression/worker=oci-rootless-gvisor-tap-vsock-detachnetns (1.54s)
2026-05-25T11:43:21.0715886Z     --- SKIP: TestIntegration/TestDiffSingleLayerOnMergeBlobReuse/worker=oci-rootless-gvisor-tap-vsock-detachnetns (1.26s)
2026-05-25T11:43:21.0716714Z     --- SKIP: TestIntegration/TestDiffSingleLayerBlobReuse/worker=oci-rootless-gvisor-tap-vsock-detachnetns (1.32s)
2026-05-25T11:43:21.0717522Z     --- PASS: TestIntegration/TestDiffAsParentMultipleLayers/worker=oci-rootless-gvisor-tap-vsock-detachnetns (1.10s)
2026-05-25T11:43:21.0718358Z     --- PASS: TestIntegration/TestDiffAsParentMultipleLayerDelete/worker=oci-rootless-gvisor-tap-vsock-detachnetns (1.33s)
2026-05-25T11:43:21.0719211Z     --- PASS: TestIntegration/TestDiffAsParentSingleLayerDelete/worker=oci-rootless-gvisor-tap-vsock-detachnetns (2.02s)
2026-05-25T11:43:21.0719991Z     --- PASS: TestIntegration/TestDiffExecMount/worker=oci-rootless-gvisor-tap-vsock-detachnetns (2.56s)
2026-05-25T11:43:21.0720866Z     --- PASS: TestIntegration/TestDiffOfDiffsWithDeletes/worker=oci-rootless-gvisor-tap-vsock-detachnetns (2.12s)
2026-05-25T11:43:21.0721695Z     --- PASS: TestIntegration/TestSecurityModeErrors/worker=oci-rootless-gvisor-tap-vsock-detachnetns/secmode=sandbox (5.37s)
2026-05-25T11:43:21.0722473Z     --- PASS: TestIntegration/TestDiffOfDiffs/worker=oci-rootless-gvisor-tap-vsock-detachnetns (2.31s)
2026-05-25T11:43:21.0723213Z     --- PASS: TestIntegration/TestDiffNestedLayeredMerges/worker=oci-rootless-gvisor-tap-vsock-detachnetns (2.33s)
2026-05-25T11:43:21.0724030Z     --- PASS: TestIntegration/TestDiffNestedLayeredMergeDeletes/worker=oci-rootless-gvisor-tap-vsock-detachnetns (3.23s)
2026-05-25T11:43:21.0724848Z     --- PASS: TestIntegration/TestDiffMultipleLayerOnMerge/worker=oci-rootless-gvisor-tap-vsock-detachnetns (2.17s)
2026-05-25T11:43:21.0725750Z     --- PASS: TestIntegration/TestDiffSingleLayerOnMerge/worker=oci-rootless-gvisor-tap-vsock-detachnetns (2.75s)
2026-05-25T11:43:21.0726563Z     --- PASS: TestIntegration/TestDiffSingleDeleteLayerOnMerge/worker=oci-rootless-gvisor-tap-vsock-detachnetns (3.35s)
2026-05-25T11:43:21.0727488Z     --- PASS: TestIntegration/TestDiffOfMergesWithDeletes/worker=oci-rootless-gvisor-tap-vsock-detachnetns (1.75s)
2026-05-25T11:43:21.0728231Z     --- PASS: TestIntegration/TestDiffOfMerges/worker=oci-rootless-gvisor-tap-vsock-detachnetns (2.10s)
2026-05-25T11:43:21.0728933Z     --- PASS: TestIntegration/TestDiffOnlyMerge/worker=oci-rootless-gvisor-tap-vsock-detachnetns (2.55s)
2026-05-25T11:43:21.0729631Z     --- PASS: TestIntegration/TestDiffExecRoot/worker=oci-rootless-gvisor-tap-vsock-detachnetns (2.45s)
2026-05-25T11:43:21.0730501Z     --- PASS: TestIntegration/TestDiffHardlinkChangesDoNotPropagateBetweenSnapshots/worker=oci-rootless-gvisor-tap-vsock-detachnetns (3.20s)
2026-05-25T11:43:21.0731366Z     --- PASS: TestIntegration/TestDiffHardlinks/worker=oci-rootless-gvisor-tap-vsock-detachnetns (3.87s)
2026-05-25T11:43:21.0732091Z     --- PASS: TestIntegration/TestDiffLazyBlobMerge/worker=oci-rootless-gvisor-tap-vsock-detachnetns (7.72s)
2026-05-25T11:43:21.0732885Z     --- PASS: TestIntegration/TestDiffCircularParentDirSymlinks/worker=oci-rootless-gvisor-tap-vsock-detachnetns (9.02s)
2026-05-25T11:43:21.0733774Z     --- PASS: TestIntegration/TestDiffDeleteDoesNotFollowParentSymlink/worker=oci-rootless-gvisor-tap-vsock-detachnetns (11.15s)
2026-05-25T11:43:21.0734621Z     --- PASS: TestIntegration/TestDiffCircularDirSymlink/worker=oci-rootless-gvisor-tap-vsock-detachnetns (11.73s)
2026-05-25T11:43:21.0735513Z     --- PASS: TestIntegration/TestDiffCircularSymlinks/worker=oci-rootless-gvisor-tap-vsock-detachnetns (11.56s)
2026-05-25T11:43:21.0736328Z     --- PASS: TestIntegration/TestDiffDeleteDoesNotFollowSymlink/worker=oci-rootless-gvisor-tap-vsock-detachnetns (13.06s)
2026-05-25T11:43:21.0737169Z     --- PASS: TestIntegration/TestDiffSymlinkOverridesSymlink/worker=oci-rootless-gvisor-tap-vsock-detachnetns (13.88s)
2026-05-25T11:43:21.0738036Z     --- FAIL: TestIntegration/TestExportLocalNoPlatformSplitOverwrite/worker=oci-rootless-gvisor-tap-vsock-detachnetns (305.83s)
2026-05-25T11:43:21.0738655Z === RUN   TestCompatibilityIntegration
2026-05-25T11:43:21.0739249Z === RUN   TestCompatibilityIntegration/TestImageExporterCompatibilityVersion/worker=oci-rootless-gvisor-tap-vsock-detachnetns
2026-05-25T11:43:21.0740167Z === PAUSE TestCompatibilityIntegration/TestImageExporterCompatibilityVersion/worker=oci-rootless-gvisor-tap-vsock-detachnetns
2026-05-25T11:43:21.0741070Z === RUN   TestCompatibilityIntegration/TestOCIExporterCompatibilityVersion/worker=oci-rootless-gvisor-tap-vsock-detachnetns
2026-05-25T11:43:21.0741961Z === PAUSE TestCompatibilityIntegration/TestOCIExporterCompatibilityVersion/worker=oci-rootless-gvisor-tap-vsock-detachnetns
2026-05-25T11:43:21.0742914Z === RUN   TestCompatibilityIntegration/TestImageExporterCompatibilityVersionProvenance/worker=oci-rootless-gvisor-tap-vsock-detachnetns
2026-05-25T11:43:21.0744039Z === PAUSE TestCompatibilityIntegration/TestImageExporterCompatibilityVersionProvenance/worker=oci-rootless-gvisor-tap-vsock-detachnetns
2026-05-25T11:43:21.0745116Z === CONT  TestCompatibilityIntegration/TestImageExporterCompatibilityVersion/worker=oci-rootless-gvisor-tap-vsock-detachnetns
2026-05-25T11:43:21.0746078Z === CONT  TestCompatibilityIntegration/TestImageExporterCompatibilityVersionProvenance/worker=oci-rootless-gvisor-tap-vsock-detachnetns
2026-05-25T11:43:21.0747029Z === CONT  TestCompatibilityIntegration/TestOCIExporterCompatibilityVersion/worker=oci-rootless-gvisor-tap-vsock-detachnetns
2026-05-25T11:43:21.0747807Z time="2026-05-25T11:43:21Z" level=info msg="fetch failed after status: 404 Not Found" host="localhost:40381"
2026-05-25T11:43:22.0686454Z     run.go:331: copied docker.io/amd64/busybox:latest@sha256:023917ec6a886d0e8e15f28fb543515a5fcd8d938edb091e8147db4efed388ee to local mirror localhost:40381/library/busybox_amd64:latest
2026-05-25T11:43:22.4892905Z === RUN   TestCompatibilityIntegration/TestImageExporterCompatibilityVersion/worker=oci-rootless-gvisor-tap-vsock-detachnetns/image/default-gzip/v10
2026-05-25T11:43:22.5192523Z === RUN   TestCompatibilityIntegration/TestOCIExporterCompatibilityVersion/worker=oci-rootless-gvisor-tap-vsock-detachnetns/oci/default-gzip/v10
2026-05-25T11:43:23.2183451Z === RUN   TestCompatibilityIntegration/TestImageExporterCompatibilityVersion/worker=oci-rootless-gvisor-tap-vsock-detachnetns/image/gzip-level-0/v10
2026-05-25T11:43:23.2207241Z === RUN   TestCompatibilityIntegration/TestOCIExporterCompatibilityVersion/worker=oci-rootless-gvisor-tap-vsock-detachnetns/oci/gzip-level-0/v10
2026-05-25T11:43:23.4273463Z === RUN   TestCompatibilityIntegration/TestOCIExporterCompatibilityVersion/worker=oci-rootless-gvisor-tap-vsock-detachnetns/oci/gzip-level-9/v10
2026-05-25T11:43:23.4357938Z === RUN   TestCompatibilityIntegration/TestImageExporterCompatibilityVersion/worker=oci-rootless-gvisor-tap-vsock-detachnetns/image/gzip-level-9/v10
2026-05-25T11:43:24.0278149Z === RUN   TestCompatibilityIntegration/TestOCIExporterCompatibilityVersion/worker=oci-rootless-gvisor-tap-vsock-detachnetns/oci/uncompressed/v10
2026-05-25T11:43:24.0562062Z === RUN   TestCompatibilityIntegration/TestImageExporterCompatibilityVersion/worker=oci-rootless-gvisor-tap-vsock-detachnetns/image/uncompressed/v10
2026-05-25T11:43:24.2585983Z === RUN   TestCompatibilityIntegration/TestOCIExporterCompatibilityVersion/worker=oci-rootless-gvisor-tap-vsock-detachnetns/oci/zstd-oci-types/v10
2026-05-25T11:43:24.2741655Z === RUN   TestCompatibilityIntegration/TestImageExporterCompatibilityVersion/worker=oci-rootless-gvisor-tap-vsock-detachnetns/image/zstd-oci-types/v10
2026-05-25T11:43:24.3176473Z === RUN   TestCompatibilityIntegration/TestOCIExporterCompatibilityVersion/worker=oci-rootless-gvisor-tap-vsock-detachnetns/oci/manifest-annotation/v10
2026-05-25T11:43:24.3301674Z === RUN   TestCompatibilityIntegration/TestImageExporterCompatibilityVersion/worker=oci-rootless-gvisor-tap-vsock-detachnetns/image/manifest-annotation/v10
2026-05-25T11:43:24.6411092Z === RUN   TestCompatibilityIntegration/TestOCIExporterCompatibilityVersion/worker=oci-rootless-gvisor-tap-vsock-detachnetns/oci/oci-mediatypes/v10
2026-05-25T11:43:24.6609728Z === RUN   TestCompatibilityIntegration/TestImageExporterCompatibilityVersion/worker=oci-rootless-gvisor-tap-vsock-detachnetns/image/oci-mediatypes/v10
2026-05-25T11:43:24.9633494Z === RUN   TestCompatibilityIntegration/TestOCIExporterCompatibilityVersion/worker=oci-rootless-gvisor-tap-vsock-detachnetns/oci/provenance-attestation/v10
2026-05-25T11:43:24.9982726Z === RUN   TestCompatibilityIntegration/TestImageExporterCompatibilityVersion/worker=oci-rootless-gvisor-tap-vsock-detachnetns/image/provenance-attestation/v10
2026-05-25T11:43:25.3579029Z === RUN   TestCompatibilityIntegration/TestOCIExporterCompatibilityVersion/worker=oci-rootless-gvisor-tap-vsock-detachnetns/oci/default-gzip/v20
2026-05-25T11:43:25.3938372Z === RUN   TestCompatibilityIntegration/TestImageExporterCompatibilityVersion/worker=oci-rootless-gvisor-tap-vsock-detachnetns/image/default-gzip/v20
2026-05-25T11:43:25.9226880Z === RUN   TestCompatibilityIntegration/TestOCIExporterCompatibilityVersion/worker=oci-rootless-gvisor-tap-vsock-detachnetns/oci/gzip-level-0/v20
2026-05-25T11:43:25.9569386Z === RUN   TestCompatibilityIntegration/TestImageExporterCompatibilityVersion/worker=oci-rootless-gvisor-tap-vsock-detachnetns/image/gzip-level-0/v20
2026-05-25T11:43:26.1090247Z === RUN   TestCompatibilityIntegration/TestOCIExporterCompatibilityVersion/worker=oci-rootless-gvisor-tap-vsock-detachnetns/oci/gzip-level-9/v20
2026-05-25T11:43:26.1404614Z === RUN   TestCompatibilityIntegration/TestImageExporterCompatibilityVersion/worker=oci-rootless-gvisor-tap-vsock-detachnetns/image/gzip-level-9/v20
2026-05-25T11:43:26.7186936Z === RUN   TestCompatibilityIntegration/TestOCIExporterCompatibilityVersion/worker=oci-rootless-gvisor-tap-vsock-detachnetns/oci/uncompressed/v20
2026-05-25T11:43:26.7489336Z === RUN   TestCompatibilityIntegration/TestImageExporterCompatibilityVersion/worker=oci-rootless-gvisor-tap-vsock-detachnetns/image/uncompressed/v20
2026-05-25T11:43:26.9026301Z === RUN   TestCompatibilityIntegration/TestOCIExporterCompatibilityVersion/worker=oci-rootless-gvisor-tap-vsock-detachnetns/oci/zstd-oci-types/v20
2026-05-25T11:43:26.9527653Z === RUN   TestCompatibilityIntegration/TestImageExporterCompatibilityVersion/worker=oci-rootless-gvisor-tap-vsock-detachnetns/image/zstd-oci-types/v20
2026-05-25T11:43:27.7351192Z === RUN   TestCompatibilityIntegration/TestOCIExporterCompatibilityVersion/worker=oci-rootless-gvisor-tap-vsock-detachnetns/oci/manifest-annotation/v20
2026-05-25T11:43:27.8092430Z === RUN   TestCompatibilityIntegration/TestImageExporterCompatibilityVersion/worker=oci-rootless-gvisor-tap-vsock-detachnetns/image/manifest-annotation/v20
2026-05-25T11:43:28.0522040Z === RUN   TestCompatibilityIntegration/TestOCIExporterCompatibilityVersion/worker=oci-rootless-gvisor-tap-vsock-detachnetns/oci/oci-mediatypes/v20
2026-05-25T11:43:28.1250510Z === RUN   TestCompatibilityIntegration/TestImageExporterCompatibilityVersion/worker=oci-rootless-gvisor-tap-vsock-detachnetns/image/oci-mediatypes/v20
2026-05-25T11:43:28.3631498Z === RUN   TestCompatibilityIntegration/TestOCIExporterCompatibilityVersion/worker=oci-rootless-gvisor-tap-vsock-detachnetns/oci/provenance-attestation/v20
2026-05-25T11:43:28.4467337Z === RUN   TestCompatibilityIntegration/TestImageExporterCompatibilityVersion/worker=oci-rootless-gvisor-tap-vsock-detachnetns/image/provenance-attestation/v20
2026-05-25T11:43:28.8316669Z --- PASS: TestCompatibilityIntegration (0.00s)
2026-05-25T11:43:28.8318228Z     --- PASS: TestCompatibilityIntegration/TestImageExporterCompatibilityVersionProvenance/worker=oci-rootless-gvisor-tap-vsock-detachnetns (2.27s)
2026-05-25T11:43:28.8320234Z     --- PASS: TestCompatibilityIntegration/TestOCIExporterCompatibilityVersion/worker=oci-rootless-gvisor-tap-vsock-detachnetns (7.72s)
2026-05-25T11:43:28.8322325Z         --- PASS: TestCompatibilityIntegration/TestOCIExporterCompatibilityVersion/worker=oci-rootless-gvisor-tap-vsock-detachnetns/oci/default-gzip/v10 (0.70s)
2026-05-25T11:43:28.8324468Z         --- PASS: TestCompatibilityIntegration/TestOCIExporterCompatibilityVersion/worker=oci-rootless-gvisor-tap-vsock-detachnetns/oci/gzip-level-0/v10 (0.21s)
2026-05-25T11:43:28.8326830Z         --- PASS: TestCompatibilityIntegration/TestOCIExporterCompatibilityVersion/worker=oci-rootless-gvisor-tap-vsock-detachnetns/oci/gzip-level-9/v10 (0.60s)
2026-05-25T11:43:28.8330549Z         --- PASS: TestCompatibilityIntegration/TestOCIExporterCompatibilityVersion/worker=oci-rootless-gvisor-tap-vsock-detachnetns/oci/uncompressed/v10 (0.23s)
2026-05-25T11:43:28.8332686Z         --- PASS: TestCompatibilityIntegration/TestOCIExporterCompatibilityVersion/worker=oci-rootless-gvisor-tap-vsock-detachnetns/oci/zstd-oci-types/v10 (0.06s)
2026-05-25T11:43:28.8334871Z         --- PASS: TestCompatibilityIntegration/TestOCIExporterCompatibilityVersion/worker=oci-rootless-gvisor-tap-vsock-detachnetns/oci/manifest-annotation/v10 (0.32s)
2026-05-25T11:43:28.8337794Z         --- PASS: TestCompatibilityIntegration/TestOCIExporterCompatibilityVersion/worker=oci-rootless-gvisor-tap-vsock-detachnetns/oci/oci-mediatypes/v10 (0.32s)
2026-05-25T11:43:28.8340225Z         --- PASS: TestCompatibilityIntegration/TestOCIExporterCompatibilityVersion/worker=oci-rootless-gvisor-tap-vsock-detachnetns/oci/provenance-attestation/v10 (0.34s)
2026-05-25T11:43:28.8342324Z         --- PASS: TestCompatibilityIntegration/TestOCIExporterCompatibilityVersion/worker=oci-rootless-gvisor-tap-vsock-detachnetns/oci/default-gzip/v20 (0.56s)
2026-05-25T11:43:28.8344284Z         --- PASS: TestCompatibilityIntegration/TestOCIExporterCompatibilityVersion/worker=oci-rootless-gvisor-tap-vsock-detachnetns/oci/gzip-level-0/v20 (0.19s)
2026-05-25T11:43:28.8346949Z         --- PASS: TestCompatibilityIntegration/TestOCIExporterCompatibilityVersion/worker=oci-rootless-gvisor-tap-vsock-detachnetns/oci/gzip-level-9/v20 (0.61s)
2026-05-25T11:43:28.8348980Z         --- PASS: TestCompatibilityIntegration/TestOCIExporterCompatibilityVersion/worker=oci-rootless-gvisor-tap-vsock-detachnetns/oci/uncompressed/v20 (0.18s)
2026-05-25T11:43:28.8350884Z         --- PASS: TestCompatibilityIntegration/TestOCIExporterCompatibilityVersion/worker=oci-rootless-gvisor-tap-vsock-detachnetns/oci/zstd-oci-types/v20 (0.83s)
2026-05-25T11:43:28.8352104Z         --- PASS: TestCompatibilityIntegration/TestOCIExporterCompatibilityVersion/worker=oci-rootless-gvisor-tap-vsock-detachnetns/oci/manifest-annotation/v20 (0.32s)
2026-05-25T11:43:28.8353293Z         --- PASS: TestCompatibilityIntegration/TestOCIExporterCompatibilityVersion/worker=oci-rootless-gvisor-tap-vsock-detachnetns/oci/oci-mediatypes/v20 (0.31s)
2026-05-25T11:43:28.8354672Z         --- PASS: TestCompatibilityIntegration/TestOCIExporterCompatibilityVersion/worker=oci-rootless-gvisor-tap-vsock-detachnetns/oci/provenance-attestation/v20 (0.33s)
2026-05-25T11:43:28.8356318Z     --- PASS: TestCompatibilityIntegration/TestImageExporterCompatibilityVersion/worker=oci-rootless-gvisor-tap-vsock-detachnetns (7.80s)
2026-05-25T11:43:28.8358119Z         --- PASS: TestCompatibilityIntegration/TestImageExporterCompatibilityVersion/worker=oci-rootless-gvisor-tap-vsock-detachnetns/image/default-gzip/v10 (0.73s)
2026-05-25T11:43:28.8359364Z         --- PASS: TestCompatibilityIntegration/TestImageExporterCompatibilityVersion/worker=oci-rootless-gvisor-tap-vsock-detachnetns/image/gzip-level-0/v10 (0.22s)
2026-05-25T11:43:28.8360955Z         --- PASS: TestCompatibilityIntegration/TestImageExporterCompatibilityVersion/worker=oci-rootless-gvisor-tap-vsock-detachnetns/image/gzip-level-9/v10 (0.62s)
2026-05-25T11:43:28.8362883Z         --- PASS: TestCompatibilityIntegration/TestImageExporterCompatibilityVersion/worker=oci-rootless-gvisor-tap-vsock-detachnetns/image/uncompressed/v10 (0.22s)
2026-05-25T11:43:28.8364305Z         --- PASS: TestCompatibilityIntegration/TestImageExporterCompatibilityVersion/worker=oci-rootless-gvisor-tap-vsock-detachnetns/image/zstd-oci-types/v10 (0.06s)
2026-05-25T11:43:28.8366106Z         --- PASS: TestCompatibilityIntegration/TestImageExporterCompatibilityVersion/worker=oci-rootless-gvisor-tap-vsock-detachnetns/image/manifest-annotation/v10 (0.33s)
2026-05-25T11:43:28.8367598Z         --- PASS: TestCompatibilityIntegration/TestImageExporterCompatibilityVersion/worker=oci-rootless-gvisor-tap-vsock-detachnetns/image/oci-mediatypes/v10 (0.34s)
2026-05-25T11:43:28.8368827Z         --- PASS: TestCompatibilityIntegration/TestImageExporterCompatibilityVersion/worker=oci-rootless-gvisor-tap-vsock-detachnetns/image/provenance-attestation/v10 (0.35s)
2026-05-25T11:43:28.8370045Z         --- PASS: TestCompatibilityIntegration/TestImageExporterCompatibilityVersion/worker=oci-rootless-gvisor-tap-vsock-detachnetns/image/default-gzip/v20 (0.56s)
2026-05-25T11:43:28.8371200Z         --- PASS: TestCompatibilityIntegration/TestImageExporterCompatibilityVersion/worker=oci-rootless-gvisor-tap-vsock-detachnetns/image/gzip-level-0/v20 (0.18s)
2026-05-25T11:43:28.8372524Z         --- PASS: TestCompatibilityIntegration/TestImageExporterCompatibilityVersion/worker=oci-rootless-gvisor-tap-vsock-detachnetns/image/gzip-level-9/v20 (0.61s)
2026-05-25T11:43:28.8373694Z         --- PASS: TestCompatibilityIntegration/TestImageExporterCompatibilityVersion/worker=oci-rootless-gvisor-tap-vsock-detachnetns/image/uncompressed/v20 (0.20s)
2026-05-25T11:43:28.8375504Z         --- PASS: TestCompatibilityIntegration/TestImageExporterCompatibilityVersion/worker=oci-rootless-gvisor-tap-vsock-detachnetns/image/zstd-oci-types/v20 (0.86s)
2026-05-25T11:43:28.8377039Z         --- PASS: TestCompatibilityIntegration/TestImageExporterCompatibilityVersion/worker=oci-rootless-gvisor-tap-vsock-detachnetns/image/manifest-annotation/v20 (0.32s)
2026-05-25T11:43:28.8378244Z         --- PASS: TestCompatibilityIntegration/TestImageExporterCompatibilityVersion/worker=oci-rootless-gvisor-tap-vsock-detachnetns/image/oci-mediatypes/v20 (0.32s)
2026-05-25T11:43:28.8379793Z         --- PASS: TestCompatibilityIntegration/TestImageExporterCompatibilityVersion/worker=oci-rootless-gvisor-tap-vsock-detachnetns/image/provenance-attestation/v20 (0.33s)
2026-05-25T11:43:28.8380946Z === RUN   TestResetCacheStoreImageManifest
2026-05-25T11:43:28.8489470Z --- PASS: TestResetCacheStoreImageManifest (0.02s)
2026-05-25T11:43:28.8490123Z === RUN   TestResetCacheStoreMultipleTags
2026-05-25T11:43:28.8658042Z --- PASS: TestResetCacheStoreMultipleTags (0.02s)
2026-05-25T11:43:28.8658656Z === RUN   TestResetCacheStoreNoOrphans
2026-05-25T11:43:28.8703587Z --- PASS: TestResetCacheStoreNoOrphans (0.00s)
2026-05-25T11:43:28.8704328Z === RUN   TestResetCacheStoreNestedIndex
2026-05-25T11:43:28.8825488Z --- PASS: TestResetCacheStoreNestedIndex (0.01s)
2026-05-25T11:43:28.8826312Z === RUN   TestResetCacheStoreDockerMediaTypes
2026-05-25T11:43:28.8920309Z --- PASS: TestResetCacheStoreDockerMediaTypes (0.01s)
2026-05-25T11:43:28.8920997Z FAIL
2026-05-25T11:43:28.8930467Z coverage: 67.1% of statements
2026-05-25T11:43:28.8977291Z FAIL	github.com/moby/buildkit/client	393.145s
2026-05-25T11:43:29.1799497Z 
2026-05-25T11:43:29.1799904Z === Skipped
2026-05-25T11:43:29.1801822Z === SKIP: client TestClientGatewayIntegration/TestClientGatewayContainerHostNetworkingValidation/worker=oci-rootless-gvisor-tap-vsock-detachnetns/netmode=default (3.32s)
2026-05-25T11:43:29.1805380Z     --- SKIP: TestClientGatewayIntegration/TestClientGatewayContainerHostNetworkingValidation/worker=oci-rootless-gvisor-tap-vsock-detachnetns/netmode=default (3.32s)
2026-05-25T11:43:29.1806923Z 
2026-05-25T11:43:29.1808029Z === SKIP: client TestClientGatewayIntegration/TestClientGatewayContainerHostNetworkingAccess/worker=oci-rootless-gvisor-tap-vsock-detachnetns/netmode=default (4.30s)
2026-05-25T11:43:29.1810138Z time="2026-05-25T11:36:55Z" level=info msg="fetch failed after status: 404 Not Found" host="localhost:41109"
2026-05-25T11:43:29.1811832Z     --- SKIP: TestClientGatewayIntegration/TestClientGatewayContainerHostNetworkingAccess/worker=oci-rootless-gvisor-tap-vsock-detachnetns/netmode=default (4.30s)
2026-05-25T11:43:29.1812993Z 
2026-05-25T11:43:29.1813770Z === SKIP: client TestIntegration/TestBridgeNetworkingDNSNoRootless/worker=oci-rootless-gvisor-tap-vsock-detachnetns/netmode=dns (0.00s)
2026-05-25T11:43:29.1814824Z     run.go:225: rootless
2026-05-25T11:43:29.1816122Z     --- SKIP: TestIntegration/TestBridgeNetworkingDNSNoRootless/worker=oci-rootless-gvisor-tap-vsock-detachnetns/netmode=dns (0.00s)
2026-05-25T11:43:29.1816985Z 
2026-05-25T11:43:29.1817610Z === SKIP: client TestIntegration/TestDiffChardevs/worker=oci-rootless-gvisor-tap-vsock-detachnetns (9.17s)
2026-05-25T11:43:29.1818691Z time="2026-05-25T11:37:12Z" level=info msg="fetch failed after status: 404 Not Found" host="localhost:41455"
2026-05-25T11:43:29.1821231Z time="2026-05-25T11:37:13Z" level=info msg=request digest="sha256:be691b1535726014cdf3b715ff39361b19e121ca34498a9ceea61ad776b9c215" mediatype=application/vnd.docker.image.rootfs.foreign.diff.tar size=10240 url="https://gist.github.com/cpuguy83/fcf3041e5d8fb1bb5c340915aabeebe0/raw/eebc59ee14939fc38067aa8b8dfbfba053d0af94/base.tar"
2026-05-25T11:43:29.1822788Z     mergediff_test.go:1220: rootless
2026-05-25T11:43:29.1823461Z     --- SKIP: TestIntegration/TestDiffChardevs/worker=oci-rootless-gvisor-tap-vsock-detachnetns (9.17s)
2026-05-25T11:43:29.1823885Z 
2026-05-25T11:43:29.1824391Z === SKIP: client TestIntegration/TestSourceDateEpochImageExporter/worker=oci-rootless-gvisor-tap-vsock-detachnetns (0.95s)
2026-05-25T11:43:29.1825610Z     --- SKIP: TestIntegration/TestSourceDateEpochImageExporter/worker=oci-rootless-gvisor-tap-vsock-detachnetns (0.95s)
2026-05-25T11:43:29.1826168Z 
2026-05-25T11:43:29.1826524Z === SKIP: client TestIntegration/TestExportedImageLabels/worker=oci-rootless-gvisor-tap-vsock-detachnetns (0.61s)
2026-05-25T11:43:29.1827305Z     client_test.go:711: only supported with containerd
2026-05-25T11:43:29.1827937Z     --- SKIP: TestIntegration/TestExportedImageLabels/worker=oci-rootless-gvisor-tap-vsock-detachnetns (0.61s)
2026-05-25T11:43:29.1828568Z 
2026-05-25T11:43:29.1829091Z === SKIP: client TestIntegration/TestStargzLazyRegistryCacheImportExport/worker=oci-rootless-gvisor-tap-vsock-detachnetns (0.50s)
2026-05-25T11:43:29.1830199Z     client_test.go:6019: test requires containerd worker with stargz snapshotter
2026-05-25T11:43:29.1831092Z     --- SKIP: TestIntegration/TestStargzLazyRegistryCacheImportExport/worker=oci-rootless-gvisor-tap-vsock-detachnetns (0.50s)
2026-05-25T11:43:29.1831761Z 
2026-05-25T11:43:29.1832099Z === SKIP: client TestIntegration/TestMergeOpCacheMax/worker=oci-rootless-gvisor-tap-vsock-detachnetns (0.39s)
2026-05-25T11:43:29.1832740Z     client_test.go:8883: test requires containerd worker
2026-05-25T11:43:29.1833386Z     --- SKIP: TestIntegration/TestMergeOpCacheMax/worker=oci-rootless-gvisor-tap-vsock-detachnetns (0.39s)
2026-05-25T11:43:29.1833892Z 
2026-05-25T11:43:29.1834320Z === SKIP: client TestIntegration/TestMergeOpCacheMin/worker=oci-rootless-gvisor-tap-vsock-detachnetns (0.43s)
2026-05-25T11:43:29.1834893Z     client_test.go:8879: test requires containerd worker
2026-05-25T11:43:29.1835813Z     --- SKIP: TestIntegration/TestMergeOpCacheMin/worker=oci-rootless-gvisor-tap-vsock-detachnetns (0.43s)
2026-05-25T11:43:29.1836238Z 
2026-05-25T11:43:29.1836757Z === SKIP: client TestIntegration/TestMergeOpCacheInline/worker=oci-rootless-gvisor-tap-vsock-detachnetns (0.48s)
2026-05-25T11:43:29.1837337Z     client_test.go:8875: test requires containerd worker
2026-05-25T11:43:29.1838045Z     --- SKIP: TestIntegration/TestMergeOpCacheInline/worker=oci-rootless-gvisor-tap-vsock-detachnetns (0.48s)
2026-05-25T11:43:29.1838600Z 
2026-05-25T11:43:29.1839387Z === SKIP: client TestIntegration/TestStargzLazyInlineCacheImportExport/worker=oci-rootless-gvisor-tap-vsock-detachnetns (0.64s)
2026-05-25T11:43:29.1840214Z     client_test.go:6223: test requires containerd worker with stargz snapshotter
2026-05-25T11:43:29.1840939Z     --- SKIP: TestIntegration/TestStargzLazyInlineCacheImportExport/worker=oci-rootless-gvisor-tap-vsock-detachnetns (0.64s)
2026-05-25T11:43:29.1841437Z 
2026-05-25T11:43:29.1841775Z === SKIP: client TestIntegration/TestStargzLazyPull/worker=oci-rootless-gvisor-tap-vsock-detachnetns (0.45s)
2026-05-25T11:43:29.1842399Z     client_test.go:6375: test requires containerd worker with stargz snapshotter
2026-05-25T11:43:29.1842991Z     --- SKIP: TestIntegration/TestStargzLazyPull/worker=oci-rootless-gvisor-tap-vsock-detachnetns (0.45s)
2026-05-25T11:43:29.1843401Z 
2026-05-25T11:43:29.1843718Z === SKIP: client TestIntegration/TestLazyImagePush/worker=oci-rootless-gvisor-tap-vsock-detachnetns (0.32s)
2026-05-25T11:43:29.1844495Z     client_test.go:6530: test requires containerd worker
2026-05-25T11:43:29.1845706Z     --- SKIP: TestIntegration/TestLazyImagePush/worker=oci-rootless-gvisor-tap-vsock-detachnetns (0.32s)
2026-05-25T11:43:29.1846481Z 
2026-05-25T11:43:29.1847104Z === SKIP: client TestIntegration/TestBridgeNetworking/worker=oci-rootless-gvisor-tap-vsock-detachnetns (0.53s)
2026-05-25T11:43:29.1848693Z     --- SKIP: TestIntegration/TestBridgeNetworking/worker=oci-rootless-gvisor-tap-vsock-detachnetns (0.53s)
2026-05-25T11:43:29.1849519Z 
2026-05-25T11:43:29.1850198Z === SKIP: client TestIntegration/TestHostnameSpecifying/worker=oci-rootless-gvisor-tap-vsock-detachnetns (0.44s)
2026-05-25T11:43:29.1851677Z     --- SKIP: TestIntegration/TestHostnameSpecifying/worker=oci-rootless-gvisor-tap-vsock-detachnetns (0.44s)
2026-05-25T11:43:29.1852448Z 
2026-05-25T11:43:29.1853101Z === SKIP: client TestIntegration/TestHostnameLookup/worker=oci-rootless-gvisor-tap-vsock-detachnetns (0.41s)
2026-05-25T11:43:29.1854397Z time="2026-05-25T11:38:37Z" level=info msg="fetch failed after status: 404 Not Found" host="localhost:41513"
2026-05-25T11:43:29.1855839Z     --- SKIP: TestIntegration/TestHostnameLookup/worker=oci-rootless-gvisor-tap-vsock-detachnetns (0.41s)
2026-05-25T11:43:29.1856553Z 
2026-05-25T11:43:29.1857104Z === SKIP: client TestIntegration/TestCgroupParent/worker=oci-rootless-gvisor-tap-vsock-detachnetns (0.66s)
2026-05-25T11:43:29.1858389Z     --- SKIP: TestIntegration/TestCgroupParent/worker=oci-rootless-gvisor-tap-vsock-detachnetns (0.66s)
2026-05-25T11:43:29.1859338Z 
2026-05-25T11:43:29.1860064Z === SKIP: client TestIntegration/TestFrontendImageNaming/worker=oci-rootless-gvisor-tap-vsock-detachnetns/frontend/oci (0.00s)
2026-05-25T11:43:29.1861276Z     client_test.go:1876: oci exporter does not support named images
2026-05-25T11:43:29.1862391Z             --- SKIP: TestIntegration/TestFrontendImageNaming/worker=oci-rootless-gvisor-tap-vsock-detachnetns/frontend/oci (0.00s)
2026-05-25T11:43:29.1863095Z 
2026-05-25T11:43:29.1863750Z === SKIP: client TestIntegration/TestFrontendImageNaming/worker=oci-rootless-gvisor-tap-vsock-detachnetns/caller/oci (0.00s)
2026-05-25T11:43:29.1864802Z     client_test.go:1876: oci exporter does not support named images
2026-05-25T11:43:29.1866074Z             --- SKIP: TestIntegration/TestFrontendImageNaming/worker=oci-rootless-gvisor-tap-vsock-detachnetns/caller/oci (0.00s)
2026-05-25T11:43:29.1867118Z 
2026-05-25T11:43:29.1867857Z === SKIP: client TestIntegration/TestBuildExportWithUncompressed/worker=oci-rootless-gvisor-tap-vsock-detachnetns (1.24s)
2026-05-25T11:43:29.1869105Z     client_test.go:5510: rest of test requires containerd worker
2026-05-25T11:43:29.1870235Z     --- SKIP: TestIntegration/TestBuildExportWithUncompressed/worker=oci-rootless-gvisor-tap-vsock-detachnetns (1.24s)
2026-05-25T11:43:29.1871095Z 
2026-05-25T11:43:29.1871524Z === SKIP: client TestIntegration/TestBuildPushAndValidate/worker=oci-rootless-gvisor-tap-vsock-detachnetns (1.13s)
2026-05-25T11:43:29.1872763Z     client_test.go:9430: checkAllReleasable: skipping check for exported tars in non-containerd test
2026-05-25T11:43:29.1873666Z     client_test.go:5889: rest of test requires containerd worker
2026-05-25T11:43:29.1874736Z     --- SKIP: TestIntegration/TestBuildPushAndValidate/worker=oci-rootless-gvisor-tap-vsock-detachnetns (1.13s)
2026-05-25T11:43:29.1875754Z 
2026-05-25T11:43:29.1876313Z === SKIP: client TestIntegration/TestCDIClass/worker=oci-rootless-gvisor-tap-vsock-detachnetns (0.57s)
2026-05-25T11:43:29.1877538Z     --- SKIP: TestIntegration/TestCDIClass/worker=oci-rootless-gvisor-tap-vsock-detachnetns (0.57s)
2026-05-25T11:43:29.1878093Z 
2026-05-25T11:43:29.1878412Z === SKIP: client TestIntegration/TestCDIWildcard/worker=oci-rootless-gvisor-tap-vsock-detachnetns (0.58s)
2026-05-25T11:43:29.1879124Z     --- SKIP: TestIntegration/TestCDIWildcard/worker=oci-rootless-gvisor-tap-vsock-detachnetns (0.58s)
2026-05-25T11:43:29.1879524Z 
2026-05-25T11:43:29.1879820Z === SKIP: client TestIntegration/TestCDIFirst/worker=oci-rootless-gvisor-tap-vsock-detachnetns (0.34s)
2026-05-25T11:43:29.1880486Z     --- SKIP: TestIntegration/TestCDIFirst/worker=oci-rootless-gvisor-tap-vsock-detachnetns (0.34s)
2026-05-25T11:43:29.1880862Z 
2026-05-25T11:43:29.1881189Z === SKIP: client TestIntegration/TestCDIEntitlement/worker=oci-rootless-gvisor-tap-vsock-detachnetns (0.35s)
2026-05-25T11:43:29.1882211Z     --- SKIP: TestIntegration/TestCDIEntitlement/worker=oci-rootless-gvisor-tap-vsock-detachnetns (0.35s)
2026-05-25T11:43:29.1882741Z 
2026-05-25T11:43:29.1883391Z === SKIP: client TestIntegration/TestCDINotAllowed/worker=oci-rootless-gvisor-tap-vsock-detachnetns (0.31s)
2026-05-25T11:43:29.1884777Z     --- SKIP: TestIntegration/TestCDINotAllowed/worker=oci-rootless-gvisor-tap-vsock-detachnetns (0.31s)
2026-05-25T11:43:29.1885742Z 
2026-05-25T11:43:29.1886286Z === SKIP: client TestIntegration/TestCDI/worker=oci-rootless-gvisor-tap-vsock-detachnetns (0.33s)
2026-05-25T11:43:29.1887480Z     --- SKIP: TestIntegration/TestCDI/worker=oci-rootless-gvisor-tap-vsock-detachnetns (0.33s)
2026-05-25T11:43:29.1888165Z 
2026-05-25T11:43:29.1888927Z === SKIP: client TestIntegration/TestSecurityModeSysfs/worker=oci-rootless-gvisor-tap-vsock-detachnetns/secmode=sandbox (0.35s)
2026-05-25T11:43:29.1890629Z     --- SKIP: TestIntegration/TestSecurityModeSysfs/worker=oci-rootless-gvisor-tap-vsock-detachnetns/secmode=sandbox (0.35s)
2026-05-25T11:43:29.1891569Z 
2026-05-25T11:43:29.1892349Z === SKIP: client TestIntegration/TestSecurityModeSysfs/worker=oci-rootless-gvisor-tap-vsock-detachnetns/secmode=insecure (0.34s)
2026-05-25T11:43:29.1893988Z 2026/05/25 11:38:52 http2: server connection error from localhost: connection error: PROTOCOL_ERROR
2026-05-25T11:43:29.1895694Z     --- SKIP: TestIntegration/TestSecurityModeSysfs/worker=oci-rootless-gvisor-tap-vsock-detachnetns/secmode=insecure (0.34s)
2026-05-25T11:43:29.1896605Z 
2026-05-25T11:43:29.1897369Z === SKIP: client TestIntegration/TestDiffSingleLayerOnMergeBlobReuse/worker=oci-rootless-gvisor-tap-vsock-detachnetns (1.26s)
2026-05-25T11:43:29.1898531Z     mergediff_test.go:1346: test requires containerd worker
2026-05-25T11:43:29.1899652Z     --- SKIP: TestIntegration/TestDiffSingleLayerOnMergeBlobReuse/worker=oci-rootless-gvisor-tap-vsock-detachnetns (1.26s)
2026-05-25T11:43:29.1900541Z 
2026-05-25T11:43:29.1901209Z === SKIP: client TestIntegration/TestDiffSingleLayerBlobReuse/worker=oci-rootless-gvisor-tap-vsock-detachnetns (1.32s)
2026-05-25T11:43:29.1902303Z     mergediff_test.go:1346: test requires containerd worker
2026-05-25T11:43:29.1903345Z     --- SKIP: TestIntegration/TestDiffSingleLayerBlobReuse/worker=oci-rootless-gvisor-tap-vsock-detachnetns (1.32s)
2026-05-25T11:43:29.1904248Z 
2026-05-25T11:43:29.1904974Z === SKIP: cmd/buildctl TestCLIIntegration/TestBuildContainerdExporter/worker=oci-rootless-gvisor-tap-vsock-detachnetns (0.56s)
2026-05-25T11:43:29.1906331Z     build_test.go:82: test is only for containerd worker
2026-05-25T11:43:29.1907394Z     --- SKIP: TestCLIIntegration/TestBuildContainerdExporter/worker=oci-rootless-gvisor-tap-vsock-detachnetns (0.56s)
2026-05-25T11:43:29.1908232Z 
2026-05-25T11:43:29.1908366Z === Failed
2026-05-25T11:43:29.1909324Z === FAIL: client TestIntegration/TestExportLocalNoPlatformSplitOverwrite/worker=oci-rootless-gvisor-tap-vsock-detachnetns (305.83s)
2026-05-25T11:43:29.1910553Z     sandbox.go:147: sandbox timeout reached, stopping worker
2026-05-25T11:43:29.1912062Z     sandbox.go:178: failed to get debug logs: Get "http://localhost/debug/pprof/goroutine?debug=2": dial unix /tmp/bktest_buildkitd2289234112/buildkitd-debug.sock: connect: no such file or directory
2026-05-25T11:43:29.1916269Z     sandbox.go:202: stdout: /usr/bin/sudo -u #1000 -i -- exec rootlesskit --net=gvisor-tap-vsock --copy-up=/etc --disable-host-loopback --detach-netns buildkitd --oci-worker=true --containerd-worker=false --oci-worker-gc=false --oci-worker-labels=org.mobyproject.buildkit.worker.sandbox=true --config=/tmp/bktest_config3774870215/buildkitd.toml --root /tmp/bktest_buildkitd2289234112 --addr unix:///tmp/bktest_buildkitd2289234112/buildkitd.sock --debug
2026-05-25T11:43:29.1922119Z     sandbox.go:202: stderr: /usr/bin/sudo -u #1000 -i -- exec rootlesskit --net=gvisor-tap-vsock --copy-up=/etc --disable-host-loopback --detach-netns buildkitd --oci-worker=true --containerd-worker=false --oci-worker-gc=false --oci-worker-labels=org.mobyproject.buildkit.worker.sandbox=true --config=/tmp/bktest_config3774870215/buildkitd.toml --root /tmp/bktest_buildkitd2289234112 --addr unix:///tmp/bktest_buildkitd2289234112/buildkitd.sock --debug
2026-05-25T11:43:29.1928331Z     sandbox.go:205: > StartCmd 2026-05-25 11:38:15.780811785 +0000 UTC m=+80.024616840 /usr/bin/sudo -u #1000 -i -- exec rootlesskit --net=gvisor-tap-vsock --copy-up=/etc --disable-host-loopback --detach-netns buildkitd --oci-worker=true --containerd-worker=false --oci-worker-gc=false --oci-worker-labels=org.mobyproject.buildkit.worker.sandbox=true --config=/tmp/bktest_config3774870215/buildkitd.toml --root /tmp/bktest_buildkitd2289234112 --addr unix:///tmp/bktest_buildkitd2289234112/buildkitd.sock --debug
2026-05-25T11:43:29.1932220Z     sandbox.go:205: time="2026-05-25T11:38:15Z" level=warning msg="[rootlesskit:parent] \"gvisor-tap-vsock\" network driver is experimental"
2026-05-25T11:43:29.1933925Z     sandbox.go:205: time="2026-05-25T11:38:15Z" level=warning msg="[rootlesskit:parent] \"--disable-host-loopback\" is not yet supported for gvisor-tap-vsock"
2026-05-25T11:43:29.1935480Z     sandbox.go:205: warning: GOCOVERDIR not set, no coverage data emitted
2026-05-25T11:43:29.1936626Z     sandbox.go:205: time="2026-05-25T11:38:15Z" level=info msg="auto snapshotter: using overlayfs"
2026-05-25T11:43:29.1937620Z     sandbox.go:205: time="2026-05-25T11:38:15Z" level=debug msg="running in rootless mode"
2026-05-25T11:43:29.1939092Z     sandbox.go:205: time="2026-05-25T11:38:15Z" level=warning msg="CDI setup error /tmp/buildkit-integration-cdi963374599: failed to monitor for changes: permission denied"
2026-05-25T11:43:29.1944386Z     sandbox.go:205: time="2026-05-25T11:38:15Z" level=info msg="found worker \"wy2tmvv2q97tvaum9fzcyocqh\", labels=map[org.mobyproject.buildkit.worker.executor:oci org.mobyproject.buildkit.worker.hostname:2ce7dca5c882 org.mobyproject.buildkit.worker.network:host org.mobyproject.buildkit.worker.oci.process-mode:sandbox org.mobyproject.buildkit.worker.sandbox:true org.mobyproject.buildkit.worker.selinux.enabled:false org.mobyproject.buildkit.worker.snapshotter:overlayfs], platforms=[linux/amd64 linux/amd64/v2 linux/amd64/v3 linux/arm64 linux/riscv64 linux/ppc64le linux/s390x linux/386 linux/mips64le linux/mips64 linux/loong64 linux/arm/v7 linux/arm/v6]"
2026-05-25T11:43:29.1948652Z     sandbox.go:205: time="2026-05-25T11:38:15Z" level=info msg="found 1 workers, default=\"wy2tmvv2q97tvaum9fzcyocqh\""
2026-05-25T11:43:29.1949554Z     sandbox.go:205: time="2026-05-25T11:38:15Z" level=warning msg="currently, only the default worker can be used."
2026-05-25T11:43:29.1950290Z     sandbox.go:205: time="2026-05-25T11:38:15Z" level=info msg="running server on /tmp/bktest_buildkitd2289234112/buildkitd.sock"
2026-05-25T11:43:29.1951452Z     sandbox.go:205: time="2026-05-25T11:38:15Z" level=debug msg="resolve exporter local with map[platform-split:false]" spanID=76978075d07421c5 traceID=c6135e3ebc38f71357046ec1c445d7d4
2026-05-25T11:43:29.1953336Z     sandbox.go:205: time="2026-05-25T11:38:15Z" level=debug msg="session started" spanID=851c1ca77ec7795c traceID=ec146e90dde22d635c09eabccbae9333
2026-05-25T11:43:29.1955511Z     sandbox.go:205: time="2026-05-25T11:38:20Z" level=debug msg="reset healthcheck failure" actualDuration=1.16477ms spanID=851c1ca77ec7795c timeout=15s traceID=ec146e90dde22d635c09eabccbae9333
2026-05-25T11:43:29.1958285Z     sandbox.go:205: time="2026-05-25T11:38:25Z" level=debug msg="reset healthcheck failure" actualDuration="983.534µs" spanID=851c1ca77ec7795c timeout=15s traceID=ec146e90dde22d635c09eabccbae9333
2026-05-25T11:43:29.1960912Z     sandbox.go:205: time="2026-05-25T11:38:30Z" level=debug msg="reset healthcheck failure" actualDuration="803.284µs" spanID=851c1ca77ec7795c timeout=15s traceID=ec146e90dde22d635c09eabccbae9333
2026-05-25T11:43:29.1963522Z     sandbox.go:205: time="2026-05-25T11:38:35Z" level=debug msg="reset healthcheck failure" actualDuration="999.714µs" spanID=851c1ca77ec7795c timeout=15s traceID=ec146e90dde22d635c09eabccbae9333
2026-05-25T11:43:29.1966626Z     sandbox.go:205: time="2026-05-25T11:38:40Z" level=debug msg="reset healthcheck failure" actualDuration="824.193µs" spanID=851c1ca77ec7795c timeout=15s traceID=ec146e90dde22d635c09eabccbae9333
2026-05-25T11:43:29.1969293Z     sandbox.go:205: time="2026-05-25T11:38:45Z" level=debug msg="reset healthcheck failure" actualDuration="724.626µs" spanID=851c1ca77ec7795c timeout=15s traceID=ec146e90dde22d635c09eabccbae9333
2026-05-25T11:43:29.1971558Z     sandbox.go:205: time="2026-05-25T11:38:50Z" level=debug msg="reset healthcheck failure" actualDuration=1.096042ms spanID=851c1ca77ec7795c timeout=15s traceID=ec146e90dde22d635c09eabccbae9333
2026-05-25T11:43:29.1973801Z     sandbox.go:205: time="2026-05-25T11:38:55Z" level=debug msg="reset healthcheck failure" actualDuration=1.168074ms spanID=851c1ca77ec7795c timeout=15s traceID=ec146e90dde22d635c09eabccbae9333
2026-05-25T11:43:29.1976252Z     sandbox.go:205: time="2026-05-25T11:39:00Z" level=debug msg="reset healthcheck failure" actualDuration=1.125704ms spanID=851c1ca77ec7795c timeout=15s traceID=ec146e90dde22d635c09eabccbae9333
2026-05-25T11:43:29.1978846Z     sandbox.go:205: time="2026-05-25T11:39:05Z" level=debug msg="reset healthcheck failure" actualDuration="621.584µs" spanID=851c1ca77ec7795c timeout=15s traceID=ec146e90dde22d635c09eabccbae9333
2026-05-25T11:43:29.1981616Z     sandbox.go:205: time="2026-05-25T11:39:10Z" level=debug msg="reset healthcheck failure" actualDuration="898.683µs" spanID=851c1ca77ec7795c timeout=15s traceID=ec146e90dde22d635c09eabccbae9333
2026-05-25T11:43:29.1983849Z     sandbox.go:205: time="2026-05-25T11:39:15Z" level=debug msg="reset healthcheck failure" actualDuration=1.928444ms spanID=851c1ca77ec7795c timeout=15s traceID=ec146e90dde22d635c09eabccbae9333
2026-05-25T11:43:29.1986633Z     sandbox.go:205: time="2026-05-25T11:39:20Z" level=debug msg="reset healthcheck failure" actualDuration="779.683µs" spanID=851c1ca77ec7795c timeout=15s traceID=ec146e90dde22d635c09eabccbae9333
2026-05-25T11:43:29.1989157Z     sandbox.go:205: time="2026-05-25T11:39:25Z" level=debug msg="reset healthcheck failure" actualDuration="718.171µs" spanID=851c1ca77ec7795c timeout=15s traceID=ec146e90dde22d635c09eabccbae9333
2026-05-25T11:43:29.1991708Z     sandbox.go:205: time="2026-05-25T11:39:30Z" level=debug msg="reset healthcheck failure" actualDuration="980.83µs" spanID=851c1ca77ec7795c timeout=15s traceID=ec146e90dde22d635c09eabccbae9333
2026-05-25T11:43:29.1994208Z     sandbox.go:205: time="2026-05-25T11:39:35Z" level=debug msg="reset healthcheck failure" actualDuration="780.418µs" spanID=851c1ca77ec7795c timeout=15s traceID=ec146e90dde22d635c09eabccbae9333
2026-05-25T11:43:29.1996974Z     sandbox.go:205: time="2026-05-25T11:39:40Z" level=debug msg="reset healthcheck failure" actualDuration="802.64µs" spanID=851c1ca77ec7795c timeout=15s traceID=ec146e90dde22d635c09eabccbae9333
2026-05-25T11:43:29.1999468Z     sandbox.go:205: time="2026-05-25T11:39:45Z" level=debug msg="reset healthcheck failure" actualDuration="886.272µs" spanID=851c1ca77ec7795c timeout=15s traceID=ec146e90dde22d635c09eabccbae9333
2026-05-25T11:43:29.2001980Z     sandbox.go:205: time="2026-05-25T11:39:50Z" level=debug msg="reset healthcheck failure" actualDuration="706.622µs" spanID=851c1ca77ec7795c timeout=15s traceID=ec146e90dde22d635c09eabccbae9333
2026-05-25T11:43:29.2004706Z     sandbox.go:205: time="2026-05-25T11:39:55Z" level=debug msg="reset healthcheck failure" actualDuration="805.105µs" spanID=851c1ca77ec7795c timeout=15s traceID=ec146e90dde22d635c09eabccbae9333
2026-05-25T11:43:29.2007660Z     sandbox.go:205: time="2026-05-25T11:40:00Z" level=debug msg="reset healthcheck failure" actualDuration="691.016µs" spanID=851c1ca77ec7795c timeout=15s traceID=ec146e90dde22d635c09eabccbae9333
2026-05-25T11:43:29.2010315Z     sandbox.go:205: time="2026-05-25T11:40:05Z" level=debug msg="reset healthcheck failure" actualDuration="794.555µs" spanID=851c1ca77ec7795c timeout=15s traceID=ec146e90dde22d635c09eabccbae9333
2026-05-25T11:43:29.2013246Z     sandbox.go:205: time="2026-05-25T11:40:10Z" level=debug msg="reset healthcheck failure" actualDuration="714.929µs" spanID=851c1ca77ec7795c timeout=15s traceID=ec146e90dde22d635c09eabccbae9333
2026-05-25T11:43:29.2016094Z     sandbox.go:205: time="2026-05-25T11:40:15Z" level=debug msg="reset healthcheck failure" actualDuration="731.935µs" spanID=851c1ca77ec7795c timeout=15s traceID=ec146e90dde22d635c09eabccbae9333
2026-05-25T11:43:29.2018687Z     sandbox.go:205: time="2026-05-25T11:40:20Z" level=debug msg="reset healthcheck failure" actualDuration="651.49µs" spanID=851c1ca77ec7795c timeout=15s traceID=ec146e90dde22d635c09eabccbae9333
2026-05-25T11:43:29.2021180Z     sandbox.go:205: time="2026-05-25T11:40:25Z" level=debug msg="reset healthcheck failure" actualDuration="641.464µs" spanID=851c1ca77ec7795c timeout=15s traceID=ec146e90dde22d635c09eabccbae9333
2026-05-25T11:43:29.2023997Z     sandbox.go:205: time="2026-05-25T11:40:30Z" level=debug msg="reset healthcheck failure" actualDuration="754.043µs" spanID=851c1ca77ec7795c timeout=15s traceID=ec146e90dde22d635c09eabccbae9333
2026-05-25T11:43:29.2026936Z     sandbox.go:205: time="2026-05-25T11:40:35Z" level=debug msg="reset healthcheck failure" actualDuration="773.964µs" spanID=851c1ca77ec7795c timeout=15s traceID=ec146e90dde22d635c09eabccbae9333
2026-05-25T11:43:29.2029742Z     sandbox.go:205: time="2026-05-25T11:40:40Z" level=debug msg="reset healthcheck failure" actualDuration="728.911µs" spanID=851c1ca77ec7795c timeout=15s traceID=ec146e90dde22d635c09eabccbae9333
2026-05-25T11:43:29.2032440Z     sandbox.go:205: time="2026-05-25T11:40:45Z" level=debug msg="reset healthcheck failure" actualDuration="759.657µs" spanID=851c1ca77ec7795c timeout=15s traceID=ec146e90dde22d635c09eabccbae9333
2026-05-25T11:43:29.2035254Z     sandbox.go:205: time="2026-05-25T11:40:50Z" level=debug msg="reset healthcheck failure" actualDuration="668.951µs" spanID=851c1ca77ec7795c timeout=15s traceID=ec146e90dde22d635c09eabccbae9333
2026-05-25T11:43:29.2037869Z     sandbox.go:205: time="2026-05-25T11:40:55Z" level=debug msg="reset healthcheck failure" actualDuration="675.804µs" spanID=851c1ca77ec7795c timeout=15s traceID=ec146e90dde22d635c09eabccbae9333
2026-05-25T11:43:29.2040176Z     sandbox.go:205: time="2026-05-25T11:41:00Z" level=debug msg="reset healthcheck failure" actualDuration=1.753017ms spanID=851c1ca77ec7795c timeout=15s traceID=ec146e90dde22d635c09eabccbae9333
2026-05-25T11:43:29.2042754Z     sandbox.go:205: time="2026-05-25T11:41:05Z" level=debug msg="reset healthcheck failure" actualDuration="861.047µs" spanID=851c1ca77ec7795c timeout=15s traceID=ec146e90dde22d635c09eabccbae9333
2026-05-25T11:43:29.2045616Z     sandbox.go:205: time="2026-05-25T11:41:10Z" level=debug msg="reset healthcheck failure" actualDuration="701.117µs" spanID=851c1ca77ec7795c timeout=15s traceID=ec146e90dde22d635c09eabccbae9333
2026-05-25T11:43:29.2048233Z     sandbox.go:205: time="2026-05-25T11:41:15Z" level=debug msg="reset healthcheck failure" actualDuration="684.611µs" spanID=851c1ca77ec7795c timeout=15s traceID=ec146e90dde22d635c09eabccbae9333
2026-05-25T11:43:29.2050823Z     sandbox.go:205: time="2026-05-25T11:41:20Z" level=debug msg="reset healthcheck failure" actualDuration="692.934µs" spanID=851c1ca77ec7795c timeout=15s traceID=ec146e90dde22d635c09eabccbae9333
2026-05-25T11:43:29.2053385Z     sandbox.go:205: time="2026-05-25T11:41:25Z" level=debug msg="reset healthcheck failure" actualDuration="693.647µs" spanID=851c1ca77ec7795c timeout=15s traceID=ec146e90dde22d635c09eabccbae9333
2026-05-25T11:43:29.2056458Z     sandbox.go:205: time="2026-05-25T11:41:30Z" level=debug msg="reset healthcheck failure" actualDuration="802.046µs" spanID=851c1ca77ec7795c timeout=15s traceID=ec146e90dde22d635c09eabccbae9333
2026-05-25T11:43:29.2059073Z     sandbox.go:205: time="2026-05-25T11:41:35Z" level=debug msg="reset healthcheck failure" actualDuration="772.371µs" spanID=851c1ca77ec7795c timeout=15s traceID=ec146e90dde22d635c09eabccbae9333
2026-05-25T11:43:29.2061889Z     sandbox.go:205: time="2026-05-25T11:41:40Z" level=debug msg="reset healthcheck failure" actualDuration="645.597µs" spanID=851c1ca77ec7795c timeout=15s traceID=ec146e90dde22d635c09eabccbae9333
2026-05-25T11:43:29.2064519Z     sandbox.go:205: time="2026-05-25T11:41:45Z" level=debug msg="reset healthcheck failure" actualDuration="688.247µs" spanID=851c1ca77ec7795c timeout=15s traceID=ec146e90dde22d635c09eabccbae9333
2026-05-25T11:43:29.2067358Z     sandbox.go:205: time="2026-05-25T11:41:50Z" level=debug msg="reset healthcheck failure" actualDuration="741.27µs" spanID=851c1ca77ec7795c timeout=15s traceID=ec146e90dde22d635c09eabccbae9333
2026-05-25T11:43:29.2070041Z     sandbox.go:205: time="2026-05-25T11:41:55Z" level=debug msg="reset healthcheck failure" actualDuration="713.768µs" spanID=851c1ca77ec7795c timeout=15s traceID=ec146e90dde22d635c09eabccbae9333
2026-05-25T11:43:29.2072546Z     sandbox.go:205: time="2026-05-25T11:42:00Z" level=debug msg="reset healthcheck failure" actualDuration="677.948µs" spanID=851c1ca77ec7795c timeout=15s traceID=ec146e90dde22d635c09eabccbae9333
2026-05-25T11:43:29.2075546Z     sandbox.go:205: time="2026-05-25T11:42:05Z" level=debug msg="reset healthcheck failure" actualDuration="650.837µs" spanID=851c1ca77ec7795c timeout=15s traceID=ec146e90dde22d635c09eabccbae9333
2026-05-25T11:43:29.2078384Z     sandbox.go:205: time="2026-05-25T11:42:10Z" level=debug msg="reset healthcheck failure" actualDuration="672.779µs" spanID=851c1ca77ec7795c timeout=15s traceID=ec146e90dde22d635c09eabccbae9333
2026-05-25T11:43:29.2080779Z     sandbox.go:205: time="2026-05-25T11:42:15Z" level=debug msg="reset healthcheck failure" actualDuration="767.489µs" spanID=851c1ca77ec7795c timeout=15s traceID=ec146e90dde22d635c09eabccbae9333
2026-05-25T11:43:29.2083253Z     sandbox.go:205: time="2026-05-25T11:42:20Z" level=debug msg="reset healthcheck failure" actualDuration="746.851µs" spanID=851c1ca77ec7795c timeout=15s traceID=ec146e90dde22d635c09eabccbae9333
2026-05-25T11:43:29.2085981Z     sandbox.go:205: time="2026-05-25T11:42:25Z" level=debug msg="reset healthcheck failure" actualDuration="796.492µs" spanID=851c1ca77ec7795c timeout=15s traceID=ec146e90dde22d635c09eabccbae9333
2026-05-25T11:43:29.2088569Z     sandbox.go:205: time="2026-05-25T11:42:30Z" level=debug msg="reset healthcheck failure" actualDuration="764.717µs" spanID=851c1ca77ec7795c timeout=15s traceID=ec146e90dde22d635c09eabccbae9333
2026-05-25T11:43:29.2091102Z     sandbox.go:205: time="2026-05-25T11:42:35Z" level=debug msg="reset healthcheck failure" actualDuration="697.641µs" spanID=851c1ca77ec7795c timeout=15s traceID=ec146e90dde22d635c09eabccbae9333
2026-05-25T11:43:29.2093587Z     sandbox.go:205: time="2026-05-25T11:42:40Z" level=debug msg="reset healthcheck failure" actualDuration="647.465µs" spanID=851c1ca77ec7795c timeout=15s traceID=ec146e90dde22d635c09eabccbae9333
2026-05-25T11:43:29.2095534Z     sandbox.go:205: time="2026-05-25T11:42:45Z" level=debug msg="reset healthcheck failure" actualDuration="729.766µs" spanID=851c1ca77ec7795c timeout=15s traceID=ec146e90dde22d635c09eabccbae9333
2026-05-25T11:43:29.2097499Z     sandbox.go:205: time="2026-05-25T11:42:50Z" level=debug msg="reset healthcheck failure" actualDuration="684.869µs" spanID=851c1ca77ec7795c timeout=15s traceID=ec146e90dde22d635c09eabccbae9333
2026-05-25T11:43:29.2100113Z     sandbox.go:205: time="2026-05-25T11:42:55Z" level=debug msg="reset healthcheck failure" actualDuration="625.364µs" spanID=851c1ca77ec7795c timeout=15s traceID=ec146e90dde22d635c09eabccbae9333
2026-05-25T11:43:29.2102679Z     sandbox.go:205: time="2026-05-25T11:43:00Z" level=debug msg="reset healthcheck failure" actualDuration="635.123µs" spanID=851c1ca77ec7795c timeout=15s traceID=ec146e90dde22d635c09eabccbae9333
2026-05-25T11:43:29.2105008Z     sandbox.go:205: time="2026-05-25T11:43:05Z" level=debug msg="reset healthcheck failure" actualDuration=1.031367ms spanID=851c1ca77ec7795c timeout=15s traceID=ec146e90dde22d635c09eabccbae9333
2026-05-25T11:43:29.2107908Z     sandbox.go:205: time="2026-05-25T11:43:10Z" level=debug msg="reset healthcheck failure" actualDuration="742.161µs" spanID=851c1ca77ec7795c timeout=15s traceID=ec146e90dde22d635c09eabccbae9333
2026-05-25T11:43:29.2110686Z     sandbox.go:205: time="2026-05-25T11:43:15Z" level=debug msg="reset healthcheck failure" actualDuration="695.83µs" spanID=851c1ca77ec7795c timeout=15s traceID=ec146e90dde22d635c09eabccbae9333
2026-05-25T11:43:29.2113673Z     sandbox.go:205: time="2026-05-25T11:43:15Z" level=error msg="/moby.buildkit.v1.Control/Solve returned error: rpc error: code = Unknown desc = cannot overwrite hello-linux from linux/arm64 with linux/amd64 when split option is disabled" spanID=76978075d07421c5 traceID=c6135e3ebc38f71357046ec1c445d7d4
2026-05-25T11:43:29.2115622Z     sandbox.go:205: cannot overwrite hello-linux from linux/arm64 with linux/amd64 when split option is disabled
2026-05-25T11:43:29.2117390Z     sandbox.go:205: 27998 d6b444d buildkitd --oci-worker=true --containerd-worker=false --oci-worker-gc=false --oci-worker-labels=org.mobyproject.buildkit.worker.sandbox=true --config=/tmp/bktest_config3774870215/buildkitd.toml --root /tmp/bktest_buildkitd2289234112 --addr unix:///tmp/bktest_buildkitd2289234112/buildkitd.sock --debug
2026-05-25T11:43:29.2119387Z     sandbox.go:205: github.com/moby/buildkit/exporter/local.(*localExporterInstance).Export.(*localExporterInstance).Export.func2.func3.1
2026-05-25T11:43:29.2120414Z     sandbox.go:205: 	/src/exporter/local/export.go:141
2026-05-25T11:43:29.2120818Z     sandbox.go:205: github.com/tonistiigi/fsutil.(*filterFS).Walk.func1
2026-05-25T11:43:29.2121345Z     sandbox.go:205: 	/src/vendor/github.com/tonistiigi/fsutil/filter.go:375
2026-05-25T11:43:29.2121904Z     sandbox.go:205: github.com/tonistiigi/fsutil.(*fs).Walk.func1
2026-05-25T11:43:29.2122321Z     sandbox.go:205: 	/src/vendor/github.com/tonistiigi/fsutil/fs.go:80
2026-05-25T11:43:29.2122913Z     sandbox.go:205: path/filepath.walkDir
2026-05-25T11:43:29.2123284Z     sandbox.go:205: 	/usr/local/go/src/path/filepath/path.go:311
2026-05-25T11:43:29.2123616Z     sandbox.go:205: path/filepath.walkDir
2026-05-25T11:43:29.2124128Z     sandbox.go:205: 	/usr/local/go/src/path/filepath/path.go:333
2026-05-25T11:43:29.2124470Z     sandbox.go:205: path/filepath.WalkDir
2026-05-25T11:43:29.2124796Z     sandbox.go:205: 	/usr/local/go/src/path/filepath/path.go:401
2026-05-25T11:43:29.2125481Z     sandbox.go:205: github.com/tonistiigi/fsutil.(*fs).Walk
2026-05-25T11:43:29.2125884Z     sandbox.go:205: 	/src/vendor/github.com/tonistiigi/fsutil/fs.go:49
2026-05-25T11:43:29.2126465Z     sandbox.go:205: github.com/tonistiigi/fsutil.(*filterFS).Walk
2026-05-25T11:43:29.2126914Z     sandbox.go:205: 	/src/vendor/github.com/tonistiigi/fsutil/filter.go:185
2026-05-25T11:43:29.2127437Z     sandbox.go:205: github.com/moby/buildkit/exporter/local.fsWalk
2026-05-25T11:43:29.2128114Z     sandbox.go:205: 	/src/exporter/local/export_unix.go:13
2026-05-25T11:43:29.2129231Z     sandbox.go:205: github.com/moby/buildkit/exporter/local.(*localExporterInstance).Export.(*localExporterInstance).Export.func2.func3
2026-05-25T11:43:29.2130361Z     sandbox.go:205: 	/src/exporter/local/export.go:131
2026-05-25T11:43:29.2131005Z     sandbox.go:205: golang.org/x/sync/errgroup.(*Group).Go.func1
2026-05-25T11:43:29.2131758Z     sandbox.go:205: 	/src/vendor/golang.org/x/sync/errgroup/errgroup.go:93
2026-05-25T11:43:29.2132397Z     sandbox.go:205: runtime.goexit
2026-05-25T11:43:29.2132917Z     sandbox.go:205: 	/usr/local/go/src/runtime/asm_amd64.s:1771
2026-05-25T11:43:29.2133470Z     sandbox.go:205: 
2026-05-25T11:43:29.2135964Z     sandbox.go:205: 27998 d6b444d buildkitd --oci-worker=true --containerd-worker=false --oci-worker-gc=false --oci-worker-labels=org.mobyproject.buildkit.worker.sandbox=true --config=/tmp/bktest_config3774870215/buildkitd.toml --root /tmp/bktest_buildkitd2289234112 --addr unix:///tmp/bktest_buildkitd2289234112/buildkitd.sock --debug
2026-05-25T11:43:29.2138328Z     sandbox.go:205: main.unaryInterceptor
2026-05-25T11:43:29.2138864Z     sandbox.go:205: 	/src/cmd/buildkitd/main.go:786
2026-05-25T11:43:29.2139938Z     sandbox.go:205: google.golang.org/grpc.NewServer.chainUnaryServerInterceptors.chainUnaryInterceptors.func1
2026-05-25T11:43:29.2141343Z     sandbox.go:205: 	/src/vendor/google.golang.org/grpc/server.go:1234
2026-05-25T11:43:29.2141893Z     sandbox.go:205: github.com/moby/buildkit/api/services/control._Control_Solve_Handler
2026-05-25T11:43:29.2142397Z     sandbox.go:205: 	/src/api/services/control/control_grpc.pb.go:289
2026-05-25T11:43:29.2143025Z     sandbox.go:205: google.golang.org/grpc.(*Server).processUnaryRPC
2026-05-25T11:43:29.2143821Z     sandbox.go:205: 	/src/vendor/google.golang.org/grpc/server.go:1430
2026-05-25T11:43:29.2144631Z     sandbox.go:205: google.golang.org/grpc.(*Server).handleStream
2026-05-25T11:43:29.2145680Z     sandbox.go:205: 	/src/vendor/google.golang.org/grpc/server.go:1856
2026-05-25T11:43:29.2146491Z     sandbox.go:205: google.golang.org/grpc.(*Server).serveStreams.func2.1
2026-05-25T11:43:29.2147276Z     sandbox.go:205: 	/src/vendor/google.golang.org/grpc/server.go:1065
2026-05-25T11:43:29.2147910Z     sandbox.go:205: runtime.goexit
2026-05-25T11:43:29.2148301Z     sandbox.go:205: 	/usr/local/go/src/runtime/asm_amd64.s:1771
2026-05-25T11:43:29.2148614Z     sandbox.go:205: 
2026-05-25T11:43:29.2149572Z     sandbox.go:205: time="2026-05-25T11:43:16Z" level=debug msg="session finished: <nil>" spanID=851c1ca77ec7795c traceID=ec146e90dde22d635c09eabccbae9333
2026-05-25T11:43:29.2150491Z     sandbox.go:205: > sending sigterm 2026-05-25 11:43:21.000960386 +0000 UTC m=+385.244765431
2026-05-25T11:43:29.2151020Z     sandbox.go:205: > sending SIGTERM 2026-05-25 11:43:21.000975314 +0000 UTC m=+385.244780359
2026-05-25T11:43:29.2151673Z     sandbox.go:205: time="2026-05-25T11:43:21Z" level=info msg="stopping server"
2026-05-25T11:43:29.2152119Z     sandbox.go:205: buildkitd: got 1 SIGTERM/SIGINTs, forcing shutdown
2026-05-25T11:43:29.2152708Z     sandbox.go:205: github.com/moby/buildkit/util/appcontext.Context.func1.1
2026-05-25T11:43:29.2153148Z     sandbox.go:205: 	/src/util/appcontext/appcontext.go:38
2026-05-25T11:43:29.2153458Z     sandbox.go:205: runtime.goexit
2026-05-25T11:43:29.2153927Z     sandbox.go:205: 	/usr/local/go/src/runtime/asm_amd64.s:1771
2026-05-25T11:43:29.2155753Z     sandbox.go:205: [rootlesskit:child ] error: command [buildkitd --oci-worker=true --containerd-worker=false --oci-worker-gc=false --oci-worker-labels=org.mobyproject.buildkit.worker.sandbox=true --config=/tmp/bktest_config3774870215/buildkitd.toml --root /tmp/bktest_buildkitd2289234112 --addr unix:///tmp/bktest_buildkitd2289234112/buildkitd.sock --debug] exited: exit status 1
2026-05-25T11:43:29.2158073Z     sandbox.go:205: time="2026-05-25T11:43:21Z" level=error msg="[rootlesskit:parent] cannot receive packets from @, disconnecting: cannot read size from socket: EOF"
2026-05-25T11:43:29.2159478Z     sandbox.go:205: [rootlesskit:parent] error: child exited: exit status 1
2026-05-25T11:43:29.2160674Z     sandbox.go:205: > stopped 2026-05-25 11:43:21.017540925 +0000 UTC m=+385.261345970 exit status 1 1
2026-05-25T11:43:29.2161950Z     --- FAIL: TestIntegration/TestExportLocalNoPlatformSplitOverwrite/worker=oci-rootless-gvisor-tap-vsock-detachnetns (305.83s)
2026-05-25T11:43:29.2162778Z 
2026-05-25T11:43:29.2162995Z === FAIL: client TestIntegration (0.17s)
2026-05-25T11:43:29.2163642Z     run.go:331: copied docker.io/cpuguy83/buildkit-foreign:latest to local mirror localhost:41455/cpuguy83/buildkit-foreign:latest
2026-05-25T11:43:29.2164601Z time="2026-05-25T11:37:13Z" level=info msg="fetch failed after status: 404 Not Found" host="localhost:41455"
2026-05-25T11:43:29.2165926Z     run.go:331: copied docker.io/amd64/alpine:latest@sha256:25fad2a32ad1f6f510e528448ae1ec69a28ef81916a004d3629874104f8a7f70 to local mirror localhost:41455/library/alpine:latest
2026-05-25T11:43:29.2167092Z time="2026-05-25T11:37:15Z" level=info msg="fetch failed after status: 404 Not Found" host="localhost:41455"
2026-05-25T11:43:29.2167994Z     run.go:331: copied docker.io/tonistiigi/test:nolayers to local mirror localhost:41455/tonistiigi/test:nolayers
2026-05-25T11:43:29.2168535Z 
2026-05-25T11:43:29.2168664Z DONE 494 tests, 32 skipped, 2 failures in 393.146s
2026-05-25T11:43:29.2169385Z + ecode=1
2026-05-25T11:43:29.2169753Z + go tool covdata textfmt '-i=/testreports/helpers' '-o=/testreports/helpers-report.txt'
2026-05-25T11:43:29.6868337Z + gocovmerge /testreports/helpers-report.txt /testreports/coverage-report-run-clientcmdbuildctlworkercontainerdsolverfrontend--integration-oci-rootless-gvisor-tap-vsock-detachnetns-.txt
2026-05-25T11:43:29.7569817Z + mv /testreports/merged-report.txt /testreports/coverage-report-run-clientcmdbuildctlworkercontainerdsolverfrontend--integration-oci-rootless-gvisor-tap-vsock-detachnetns-.txt
2026-05-25T11:43:29.7581312Z + rm /testreports/helpers-report.txt
2026-05-25T11:43:29.7596570Z + rm /testreports/helpers/covcounters.c0070f14d89b1fd9f2368fab82548d55.14004.1779709025407205130
2026-05-25T11:43:29.7601892Z + rm /testreports/helpers/covcounters.c0070f14d89b1fd9f2368fab82548d55.14007.1779709025197067766
2026-05-25T11:43:29.7609104Z + rm /testreports/helpers/covcounters.c0070f14d89b1fd9f2368fab82548d55.14039.1779709025231886857
2026-05-25T11:43:29.7614990Z + rm /testreports/helpers/covcounters.c0070f14d89b1fd9f2368fab82548d55.14053.1779709025436389194
2026-05-25T11:43:29.7622238Z + rm /testreports/helpers/covcounters.c0070f14d89b1fd9f2368fab82548d55.14065.1779709026347766732
2026-05-25T11:43:29.7628023Z + rm /testreports/helpers/covcounters.c0070f14d89b1fd9f2368fab82548d55.14547.1779709026160458001
2026-05-25T11:43:29.7634415Z + rm /testreports/helpers/covcounters.c0070f14d89b1fd9f2368fab82548d55.14625.1779709026759325327
2026-05-25T11:43:29.7640773Z + rm /testreports/helpers/covcounters.c0070f14d89b1fd9f2368fab82548d55.14937.1779709027130213171
2026-05-25T11:43:29.7646840Z + rm /testreports/helpers/covmeta.c0070f14d89b1fd9f2368fab82548d55
2026-05-25T11:43:29.7653376Z + rmdir /testreports/helpers
2026-05-25T11:43:29.7661462Z + exit 1
2026-05-25T11:43:30.1741632Z buildkit-test-cache
2026-05-25T11:43:30.1772811Z ##[error]Process completed with exit code 1.
2026-05-25T11:43:30.2037103Z ##[group]Run codecov/codecov-action@57e3a136b779b570ffcdbf80b3bdc90e7fab3de2
2026-05-25T11:43:30.2037519Z with:
2026-05-25T11:43:30.2037739Z   directory: ./bin/testreports
2026-05-25T11:43:30.2037983Z   disable_file_fixes: true
2026-05-25T11:43:30.2038294Z   token: ***
2026-05-25T11:43:30.2038481Z   disable_search: false
2026-05-25T11:43:30.2038703Z   disable_safe_directory: false
2026-05-25T11:43:30.2038940Z   disable_telem: false
2026-05-25T11:43:30.2039138Z   dry_run: false
2026-05-25T11:43:30.2039332Z   fail_ci_if_error: false
2026-05-25T11:43:30.2039545Z   git_service: github
2026-05-25T11:43:30.2039740Z   gcov_executable: gcov
2026-05-25T11:43:30.2039956Z   handle_no_reports_found: false
2026-05-25T11:43:30.2040197Z   recurse_submodules: false
2026-05-25T11:43:30.2040424Z   run_command: upload-coverage
2026-05-25T11:43:30.2040660Z   skip_validation: false
2026-05-25T11:43:30.2040884Z   use_legacy_upload_endpoint: false
2026-05-25T11:43:30.2041125Z   use_oidc: false
2026-05-25T11:43:30.2041337Z   use_pypi: false
2026-05-25T11:43:30.2041522Z   verbose: false
2026-05-25T11:43:30.2041703Z   version: latest
2026-05-25T11:43:30.2041877Z env:
2026-05-25T11:43:30.2042046Z   GO_VERSION: 1.26
2026-05-25T11:43:30.2042240Z   SETUP_BUILDX_VERSION: edge
2026-05-25T11:43:30.2042485Z   SETUP_BUILDKIT_IMAGE: moby/buildkit:latest
2026-05-25T11:43:30.2042971Z   TESTFLAGS: -v --parallel=6 --timeout=30m --run=//worker=oci-rootless-gvisor-tap-vsock-detachnetns$
2026-05-25T11:43:30.2043458Z   GOTESTSUM_FORMAT: standard-verbose
2026-05-25T11:43:30.2043704Z   TEST_IMAGE_BUILD: 0
2026-05-25T11:43:30.2044323Z   TEST_REPORT_NAME: run-clientcmdbuildctlworkercontainerdsolverfrontend--integration-oci-rootless-gvisor-tap-vsock-detachnetns-
2026-05-25T11:43:30.2045326Z   ACTIONS_RUNNER_ACTION_ARCHIVE_CACHE: /opt/actionarchivecache
2026-05-25T11:43:30.2046045Z   ACTIONS_RUNTIME_URL: https://pipelinesghubeus2.actions.githubusercontent.com/VSeSJsGRiRCTiu0PRaYdcZnubUW6TSVddo0DTZpqG1wDqsIbXb/
2026-05-25T11:43:30.2089620Z   ACTIONS_RUNTIME_TOKEN: ***
2026-05-25T11:43:30.2090215Z   ACTIONS_CACHE_URL: https://acghubeus1.actions.githubusercontent.com/VSeSJsGRiRCTiu0PRaYdcZnubUW6TSVddo0DTZpqG1wDqsIbXb/
2026-05-25T11:43:30.2090960Z   ACTIONS_RESULTS_URL: https://results-receiver.actions.githubusercontent.com/
2026-05-25T11:43:30.2091375Z   ACTIONS_CACHE_SERVICE_V2: True
2026-05-25T11:43:30.2091827Z   ACTIONS_ORCHESTRATION_ID: 4bcbfa92-5c9d-4184-86ba-442276311e4f.test.run.oci-rootless-gvisor-tap-v
2026-05-25T11:43:30.2092293Z ##[endgroup]
2026-05-25T11:43:30.2178334Z ##[group]Run missing_deps=""
2026-05-25T11:43:30.2178613Z [36;1mmissing_deps=""[0m
2026-05-25T11:43:30.2178840Z [36;1m[0m
2026-05-25T11:43:30.2179055Z [36;1m# Check for always-required commands[0m
2026-05-25T11:43:30.2179355Z [36;1mfor cmd in bash git curl; do[0m
2026-05-25T11:43:30.2179662Z [36;1m  if ! command -v "$cmd" >/dev/null 2>&1; then[0m
2026-05-25T11:43:30.2179981Z [36;1m    missing_deps="$missing_deps $cmd"[0m
2026-05-25T11:43:30.2180255Z [36;1m  fi[0m
2026-05-25T11:43:30.2180445Z [36;1mdone[0m
2026-05-25T11:43:30.2180621Z [36;1m[0m
2026-05-25T11:43:30.2180877Z [36;1m# Check for gpg only if validation is not being skipped[0m
2026-05-25T11:43:30.2181386Z [36;1mif [ "false" != "true" ]; then[0m
2026-05-25T11:43:30.2181679Z [36;1m  if ! command -v gpg >/dev/null 2>&1; then[0m
2026-05-25T11:43:30.2181986Z [36;1m    missing_deps="$missing_deps gpg"[0m
2026-05-25T11:43:30.2182242Z [36;1m  fi[0m
2026-05-25T11:43:30.2182410Z [36;1mfi[0m
2026-05-25T11:43:30.2182584Z [36;1m[0m
2026-05-25T11:43:30.2182796Z [36;1m# Report missing required dependencies[0m
2026-05-25T11:43:30.2183089Z [36;1mif [ -n "$missing_deps" ]; then[0m
2026-05-25T11:43:30.2183483Z [36;1m  echo "Error: The following required dependencies are missing:$missing_deps"[0m
2026-05-25T11:43:30.2183991Z [36;1m  echo "Please install these dependencies before using this action."[0m
2026-05-25T11:43:30.2184355Z [36;1m  exit 1[0m
2026-05-25T11:43:30.2184694Z [36;1mfi[0m
2026-05-25T11:43:30.2184869Z [36;1m[0m
2026-05-25T11:43:30.2185267Z [36;1mecho "All required system dependencies are available."[0m
2026-05-25T11:43:30.2208704Z shell: /usr/bin/sh -e {0}
2026-05-25T11:43:30.2208945Z env:
2026-05-25T11:43:30.2209119Z   GO_VERSION: 1.26
2026-05-25T11:43:30.2209331Z   SETUP_BUILDX_VERSION: edge
2026-05-25T11:43:30.2209589Z   SETUP_BUILDKIT_IMAGE: moby/buildkit:latest
2026-05-25T11:43:30.2210082Z   TESTFLAGS: -v --parallel=6 --timeout=30m --run=//worker=oci-rootless-gvisor-tap-vsock-detachnetns$
2026-05-25T11:43:30.2210580Z   GOTESTSUM_FORMAT: standard-verbose
2026-05-25T11:43:30.2210830Z   TEST_IMAGE_BUILD: 0
2026-05-25T11:43:30.2211458Z   TEST_REPORT_NAME: run-clientcmdbuildctlworkercontainerdsolverfrontend--integration-oci-rootless-gvisor-tap-vsock-detachnetns-
2026-05-25T11:43:30.2212235Z   ACTIONS_RUNNER_ACTION_ARCHIVE_CACHE: /opt/actionarchivecache
2026-05-25T11:43:30.2212949Z   ACTIONS_RUNTIME_URL: https://pipelinesghubeus2.actions.githubusercontent.com/VSeSJsGRiRCTiu0PRaYdcZnubUW6TSVddo0DTZpqG1wDqsIbXb/
2026-05-25T11:43:30.2256340Z   ACTIONS_RUNTIME_TOKEN: ***
2026-05-25T11:43:30.2256915Z   ACTIONS_CACHE_URL: https://acghubeus1.actions.githubusercontent.com/VSeSJsGRiRCTiu0PRaYdcZnubUW6TSVddo0DTZpqG1wDqsIbXb/
2026-05-25T11:43:30.2257652Z   ACTIONS_RESULTS_URL: https://results-receiver.actions.githubusercontent.com/
2026-05-25T11:43:30.2258066Z   ACTIONS_CACHE_SERVICE_V2: True
2026-05-25T11:43:30.2258515Z   ACTIONS_ORCHESTRATION_ID: 4bcbfa92-5c9d-4184-86ba-442276311e4f.test.run.oci-rootless-gvisor-tap-v
2026-05-25T11:43:30.2258979Z ##[endgroup]
2026-05-25T11:43:30.2296027Z All required system dependencies are available.
2026-05-25T11:43:30.2326283Z ##[group]Run CC_ACTION_VERSION=$(cat ${GITHUB_ACTION_PATH}/src/version)
2026-05-25T11:43:30.2326751Z [36;1mCC_ACTION_VERSION=$(cat ${GITHUB_ACTION_PATH}/src/version)[0m
2026-05-25T11:43:30.2327198Z [36;1mecho -e "\033[0;32m==>\033[0m Running Action version $CC_ACTION_VERSION"[0m
2026-05-25T11:43:30.2358232Z shell: /usr/bin/bash --noprofile --norc -e -o pipefail {0}
2026-05-25T11:43:30.2358550Z env:
2026-05-25T11:43:30.2358719Z   GO_VERSION: 1.26
2026-05-25T11:43:30.2358923Z   SETUP_BUILDX_VERSION: edge
2026-05-25T11:43:30.2359185Z   SETUP_BUILDKIT_IMAGE: moby/buildkit:latest
2026-05-25T11:43:30.2359666Z   TESTFLAGS: -v --parallel=6 --timeout=30m --run=//worker=oci-rootless-gvisor-tap-vsock-detachnetns$
2026-05-25T11:43:30.2360139Z   GOTESTSUM_FORMAT: standard-verbose
2026-05-25T11:43:30.2360387Z   TEST_IMAGE_BUILD: 0
2026-05-25T11:43:30.2361007Z   TEST_REPORT_NAME: run-clientcmdbuildctlworkercontainerdsolverfrontend--integration-oci-rootless-gvisor-tap-vsock-detachnetns-
2026-05-25T11:43:30.2361752Z   ACTIONS_RUNNER_ACTION_ARCHIVE_CACHE: /opt/actionarchivecache
2026-05-25T11:43:30.2362462Z   ACTIONS_RUNTIME_URL: https://pipelinesghubeus2.actions.githubusercontent.com/VSeSJsGRiRCTiu0PRaYdcZnubUW6TSVddo0DTZpqG1wDqsIbXb/
2026-05-25T11:43:30.2406267Z   ACTIONS_RUNTIME_TOKEN: ***
2026-05-25T11:43:30.2406868Z   ACTIONS_CACHE_URL: https://acghubeus1.actions.githubusercontent.com/VSeSJsGRiRCTiu0PRaYdcZnubUW6TSVddo0DTZpqG1wDqsIbXb/
2026-05-25T11:43:30.2407648Z   ACTIONS_RESULTS_URL: https://results-receiver.actions.githubusercontent.com/
2026-05-25T11:43:30.2408257Z   ACTIONS_CACHE_SERVICE_V2: True
2026-05-25T11:43:30.2408719Z   ACTIONS_ORCHESTRATION_ID: 4bcbfa92-5c9d-4184-86ba-442276311e4f.test.run.oci-rootless-gvisor-tap-v
2026-05-25T11:43:30.2409191Z ##[endgroup]
2026-05-25T11:43:30.2470379Z [0;32m==>[0m Running Action version 6.0.0
2026-05-25T11:43:30.2505424Z ##[group]Run git config --global --add safe.directory "/home/runner/work/buildkit/buildkit"
2026-05-25T11:43:30.2506061Z [36;1mgit config --global --add safe.directory "/home/runner/work/buildkit/buildkit"[0m
2026-05-25T11:43:30.2506566Z [36;1mgit config --global --add safe.directory "$GITHUB_WORKSPACE"[0m
2026-05-25T11:43:30.2536505Z shell: /usr/bin/bash --noprofile --norc -e -o pipefail {0}
2026-05-25T11:43:30.2536857Z env:
2026-05-25T11:43:30.2537033Z   GO_VERSION: 1.26
2026-05-25T11:43:30.2537401Z   SETUP_BUILDX_VERSION: edge
2026-05-25T11:43:30.2537672Z   SETUP_BUILDKIT_IMAGE: moby/buildkit:latest
2026-05-25T11:43:30.2538184Z   TESTFLAGS: -v --parallel=6 --timeout=30m --run=//worker=oci-rootless-gvisor-tap-vsock-detachnetns$
2026-05-25T11:43:30.2538711Z   GOTESTSUM_FORMAT: standard-verbose
2026-05-25T11:43:30.2538975Z   TEST_IMAGE_BUILD: 0
2026-05-25T11:43:30.2539618Z   TEST_REPORT_NAME: run-clientcmdbuildctlworkercontainerdsolverfrontend--integration-oci-rootless-gvisor-tap-vsock-detachnetns-
2026-05-25T11:43:30.2540397Z   ACTIONS_RUNNER_ACTION_ARCHIVE_CACHE: /opt/actionarchivecache
2026-05-25T11:43:30.2541138Z   ACTIONS_RUNTIME_URL: https://pipelinesghubeus2.actions.githubusercontent.com/VSeSJsGRiRCTiu0PRaYdcZnubUW6TSVddo0DTZpqG1wDqsIbXb/
2026-05-25T11:43:30.2584934Z   ACTIONS_RUNTIME_TOKEN: ***
2026-05-25T11:43:30.2585708Z   ACTIONS_CACHE_URL: https://acghubeus1.actions.githubusercontent.com/VSeSJsGRiRCTiu0PRaYdcZnubUW6TSVddo0DTZpqG1wDqsIbXb/
2026-05-25T11:43:30.2586452Z   ACTIONS_RESULTS_URL: https://results-receiver.actions.githubusercontent.com/
2026-05-25T11:43:30.2586872Z   ACTIONS_CACHE_SERVICE_V2: True
2026-05-25T11:43:30.2587337Z   ACTIONS_ORCHESTRATION_ID: 4bcbfa92-5c9d-4184-86ba-442276311e4f.test.run.oci-rootless-gvisor-tap-v
2026-05-25T11:43:30.2587807Z ##[endgroup]
2026-05-25T11:43:30.2686048Z ##[group]Run CC_FORK="false"
2026-05-25T11:43:30.2686311Z [36;1mCC_FORK="false"[0m
2026-05-25T11:43:30.2686897Z [36;1mif [ -n "$GITHUB_EVENT_PULL_REQUEST_HEAD_REPO_FULL_NAME" ] && [ "$GITHUB_EVENT_PULL_REQUEST_HEAD_REPO_FULL_NAME" != "$GITHUB_REPOSITORY" ];[0m
2026-05-25T11:43:30.2687537Z [36;1mthen[0m
2026-05-25T11:43:30.2687784Z [36;1m  echo -e "\033[0;32m==>\033[0m Fork detected"[0m
2026-05-25T11:43:30.2688089Z [36;1m  CC_FORK="true"[0m
2026-05-25T11:43:30.2688297Z [36;1mfi[0m
2026-05-25T11:43:30.2688514Z [36;1mecho "CC_FORK=$CC_FORK" >> "$GITHUB_ENV"[0m
2026-05-25T11:43:30.2717927Z shell: /usr/bin/bash --noprofile --norc -e -o pipefail {0}
2026-05-25T11:43:30.2718267Z env:
2026-05-25T11:43:30.2718442Z   GO_VERSION: 1.26
2026-05-25T11:43:30.2718644Z   SETUP_BUILDX_VERSION: edge
2026-05-25T11:43:30.2718897Z   SETUP_BUILDKIT_IMAGE: moby/buildkit:latest
2026-05-25T11:43:30.2719402Z   TESTFLAGS: -v --parallel=6 --timeout=30m --run=//worker=oci-rootless-gvisor-tap-vsock-detachnetns$
2026-05-25T11:43:30.2719898Z   GOTESTSUM_FORMAT: standard-verbose
2026-05-25T11:43:30.2720162Z   TEST_IMAGE_BUILD: 0
2026-05-25T11:43:30.2720787Z   TEST_REPORT_NAME: run-clientcmdbuildctlworkercontainerdsolverfrontend--integration-oci-rootless-gvisor-tap-vsock-detachnetns-
2026-05-25T11:43:30.2721540Z   ACTIONS_RUNNER_ACTION_ARCHIVE_CACHE: /opt/actionarchivecache
2026-05-25T11:43:30.2722242Z   ACTIONS_RUNTIME_URL: https://pipelinesghubeus2.actions.githubusercontent.com/VSeSJsGRiRCTiu0PRaYdcZnubUW6TSVddo0DTZpqG1wDqsIbXb/
2026-05-25T11:43:30.2766312Z   ACTIONS_RUNTIME_TOKEN: ***
2026-05-25T11:43:30.2766916Z   ACTIONS_CACHE_URL: https://acghubeus1.actions.githubusercontent.com/VSeSJsGRiRCTiu0PRaYdcZnubUW6TSVddo0DTZpqG1wDqsIbXb/
2026-05-25T11:43:30.2767657Z   ACTIONS_RESULTS_URL: https://results-receiver.actions.githubusercontent.com/
2026-05-25T11:43:30.2768247Z   ACTIONS_CACHE_SERVICE_V2: True
2026-05-25T11:43:30.2768696Z   ACTIONS_ORCHESTRATION_ID: 4bcbfa92-5c9d-4184-86ba-442276311e4f.test.run.oci-rootless-gvisor-tap-v
2026-05-25T11:43:30.2769186Z   GITHUB_EVENT_PULL_REQUEST_HEAD_LABEL: 
2026-05-25T11:43:30.2769479Z   GITHUB_EVENT_PULL_REQUEST_HEAD_REPO_FULL_NAME: 
2026-05-25T11:43:30.2769768Z   GITHUB_REPOSITORY: moby/buildkit
2026-05-25T11:43:30.2770007Z ##[endgroup]
2026-05-25T11:43:30.2869438Z ##[group]Run actions/github-script@ed597411d8f924073f98dfc5c65a23a2325f34cd
2026-05-25T11:43:30.2869807Z with:
2026-05-25T11:43:30.2870393Z   script: if (process.env.CC_USE_OIDC === 'true' && process.env.CC_FORK != 'true') {
  const id_token = await core.getIDToken(process.env.CC_OIDC_AUDIENCE)
  return id_token
}

2026-05-25T11:43:30.2871176Z   github-token: ***
2026-05-25T11:43:30.2871526Z   debug: false
2026-05-25T11:43:30.2871734Z   user-agent: actions/github-script
2026-05-25T11:43:30.2871991Z   result-encoding: json
2026-05-25T11:43:30.2872196Z   retries: 0
2026-05-25T11:43:30.2872419Z   retry-exempt-status-codes: 400,401,403,404,422
2026-05-25T11:43:30.2872689Z env:
2026-05-25T11:43:30.2872854Z   GO_VERSION: 1.26
2026-05-25T11:43:30.2873055Z   SETUP_BUILDX_VERSION: edge
2026-05-25T11:43:30.2873298Z   SETUP_BUILDKIT_IMAGE: moby/buildkit:latest
2026-05-25T11:43:30.2873774Z   TESTFLAGS: -v --parallel=6 --timeout=30m --run=//worker=oci-rootless-gvisor-tap-vsock-detachnetns$
2026-05-25T11:43:30.2874243Z   GOTESTSUM_FORMAT: standard-verbose
2026-05-25T11:43:30.2874488Z   TEST_IMAGE_BUILD: 0
2026-05-25T11:43:30.2875394Z   TEST_REPORT_NAME: run-clientcmdbuildctlworkercontainerdsolverfrontend--integration-oci-rootless-gvisor-tap-vsock-detachnetns-
2026-05-25T11:43:30.2876180Z   ACTIONS_RUNNER_ACTION_ARCHIVE_CACHE: /opt/actionarchivecache
2026-05-25T11:43:30.2876889Z   ACTIONS_RUNTIME_URL: https://pipelinesghubeus2.actions.githubusercontent.com/VSeSJsGRiRCTiu0PRaYdcZnubUW6TSVddo0DTZpqG1wDqsIbXb/
2026-05-25T11:43:30.2920613Z   ACTIONS_RUNTIME_TOKEN: ***
2026-05-25T11:43:30.2921197Z   ACTIONS_CACHE_URL: https://acghubeus1.actions.githubusercontent.com/VSeSJsGRiRCTiu0PRaYdcZnubUW6TSVddo0DTZpqG1wDqsIbXb/
2026-05-25T11:43:30.2921927Z   ACTIONS_RESULTS_URL: https://results-receiver.actions.githubusercontent.com/
2026-05-25T11:43:30.2922335Z   ACTIONS_CACHE_SERVICE_V2: True
2026-05-25T11:43:30.2922782Z   ACTIONS_ORCHESTRATION_ID: 4bcbfa92-5c9d-4184-86ba-442276311e4f.test.run.oci-rootless-gvisor-tap-v
2026-05-25T11:43:30.2923252Z   CC_FORK: false
2026-05-25T11:43:30.2923462Z   CC_OIDC_AUDIENCE: https://codecov.io
2026-05-25T11:43:30.2923716Z   CC_USE_OIDC: false
2026-05-25T11:43:30.2923909Z ##[endgroup]
2026-05-25T11:43:30.3757101Z ##[group]Run if [ "false" == 'true' ] && [ "$CC_FORK" != 'true' ];
2026-05-25T11:43:30.3757534Z [36;1mif [ "false" == 'true' ] && [ "$CC_FORK" != 'true' ];[0m
2026-05-25T11:43:30.3757856Z [36;1mthen[0m
2026-05-25T11:43:30.3758105Z [36;1m  echo "CC_TOKEN=$CC_OIDC_TOKEN" >> "$GITHUB_ENV"[0m
2026-05-25T11:43:30.3758412Z [36;1melif [ -n "" ];[0m
2026-05-25T11:43:30.3758646Z [36;1mthen[0m
2026-05-25T11:43:30.3758887Z [36;1m  echo -e "\033[0;32m==>\033[0m Token set from env"[0m
2026-05-25T11:43:30.3759212Z [36;1m    echo "CC_TOKEN=" >> "$GITHUB_ENV"[0m
2026-05-25T11:43:30.3759471Z [36;1melse[0m
2026-05-25T11:43:30.3759795Z [36;1m  if [ -n "***" ];[0m
2026-05-25T11:43:30.3760042Z [36;1m  then[0m
2026-05-25T11:43:30.3760311Z [36;1m    echo -e "\033[0;32m==>\033[0m Token set from input"[0m
2026-05-25T11:43:30.3760743Z [36;1m    CC_TOKEN=$(echo "***" | tr -d '\n')[0m
2026-05-25T11:43:30.3761056Z [36;1m    echo "CC_TOKEN=$CC_TOKEN" >> "$GITHUB_ENV"[0m
2026-05-25T11:43:30.3761339Z [36;1m  fi[0m
2026-05-25T11:43:30.3761515Z [36;1mfi[0m
2026-05-25T11:43:30.3794575Z shell: /usr/bin/bash --noprofile --norc -e -o pipefail {0}
2026-05-25T11:43:30.3794909Z env:
2026-05-25T11:43:30.3795348Z   GO_VERSION: 1.26
2026-05-25T11:43:30.3795562Z   SETUP_BUILDX_VERSION: edge
2026-05-25T11:43:30.3795818Z   SETUP_BUILDKIT_IMAGE: moby/buildkit:latest
2026-05-25T11:43:30.3796516Z   TESTFLAGS: -v --parallel=6 --timeout=30m --run=//worker=oci-rootless-gvisor-tap-vsock-detachnetns$
2026-05-25T11:43:30.3797017Z   GOTESTSUM_FORMAT: standard-verbose
2026-05-25T11:43:30.3797268Z   TEST_IMAGE_BUILD: 0
2026-05-25T11:43:30.3797888Z   TEST_REPORT_NAME: run-clientcmdbuildctlworkercontainerdsolverfrontend--integration-oci-rootless-gvisor-tap-vsock-detachnetns-
2026-05-25T11:43:30.3798645Z   ACTIONS_RUNNER_ACTION_ARCHIVE_CACHE: /opt/actionarchivecache
2026-05-25T11:43:30.3799364Z   ACTIONS_RUNTIME_URL: https://pipelinesghubeus2.actions.githubusercontent.com/VSeSJsGRiRCTiu0PRaYdcZnubUW6TSVddo0DTZpqG1wDqsIbXb/
2026-05-25T11:43:30.3843419Z   ACTIONS_RUNTIME_TOKEN: ***
2026-05-25T11:43:30.3844002Z   ACTIONS_CACHE_URL: https://acghubeus1.actions.githubusercontent.com/VSeSJsGRiRCTiu0PRaYdcZnubUW6TSVddo0DTZpqG1wDqsIbXb/
2026-05-25T11:43:30.3844912Z   ACTIONS_RESULTS_URL: https://results-receiver.actions.githubusercontent.com/
2026-05-25T11:43:30.3845634Z   ACTIONS_CACHE_SERVICE_V2: True
2026-05-25T11:43:30.3846105Z   ACTIONS_ORCHESTRATION_ID: 4bcbfa92-5c9d-4184-86ba-442276311e4f.test.run.oci-rootless-gvisor-tap-v
2026-05-25T11:43:30.3846575Z   CC_FORK: false
2026-05-25T11:43:30.3846759Z   CC_OIDC_TOKEN: 
2026-05-25T11:43:30.3846968Z   CC_OIDC_AUDIENCE: https://codecov.io
2026-05-25T11:43:30.3847236Z ##[endgroup]
2026-05-25T11:43:30.3899257Z [0;32m==>[0m Token set from input
2026-05-25T11:43:30.3949457Z ##[group]Run if [ -z "$CC_BRANCH" ] && [ -z "$CC_TOKEN" ] && [ "$CC_FORK" == 'true' ]
2026-05-25T11:43:30.3949955Z [36;1mif [ -z "$CC_BRANCH" ] && [ -z "$CC_TOKEN" ] && [ "$CC_FORK" == 'true' ][0m
2026-05-25T11:43:30.3950309Z [36;1mthen[0m
2026-05-25T11:43:30.3950716Z [36;1m  echo -e "\033[0;32m==>\033[0m Fork detected, setting branch to $GITHUB_EVENT_PULL_REQUEST_HEAD_LABEL"[0m
2026-05-25T11:43:30.3951245Z [36;1m  TOKENLESS="$GITHUB_EVENT_PULL_REQUEST_HEAD_LABEL"[0m
2026-05-25T11:43:30.3951610Z [36;1m  CC_BRANCH="$GITHUB_EVENT_PULL_REQUEST_HEAD_LABEL"[0m
2026-05-25T11:43:30.3951966Z [36;1m  echo "TOKENLESS=$TOKENLESS" >> "$GITHUB_ENV"[0m
2026-05-25T11:43:30.3952247Z [36;1mfi[0m
2026-05-25T11:43:30.3952423Z [36;1m[0m
2026-05-25T11:43:30.3952639Z [36;1mecho "CC_BRANCH=$CC_BRANCH" >> "$GITHUB_ENV"[0m
2026-05-25T11:43:30.3982360Z shell: /usr/bin/bash --noprofile --norc -e -o pipefail {0}
2026-05-25T11:43:30.3982693Z env:
2026-05-25T11:43:30.3982867Z   GO_VERSION: 1.26
2026-05-25T11:43:30.3983071Z   SETUP_BUILDX_VERSION: edge
2026-05-25T11:43:30.3983322Z   SETUP_BUILDKIT_IMAGE: moby/buildkit:latest
2026-05-25T11:43:30.3983807Z   TESTFLAGS: -v --parallel=6 --timeout=30m --run=//worker=oci-rootless-gvisor-tap-vsock-detachnetns$
2026-05-25T11:43:30.3984303Z   GOTESTSUM_FORMAT: standard-verbose
2026-05-25T11:43:30.3984553Z   TEST_IMAGE_BUILD: 0
2026-05-25T11:43:30.3985468Z   TEST_REPORT_NAME: run-clientcmdbuildctlworkercontainerdsolverfrontend--integration-oci-rootless-gvisor-tap-vsock-detachnetns-
2026-05-25T11:43:30.3986245Z   ACTIONS_RUNNER_ACTION_ARCHIVE_CACHE: /opt/actionarchivecache
2026-05-25T11:43:30.3986962Z   ACTIONS_RUNTIME_URL: https://pipelinesghubeus2.actions.githubusercontent.com/VSeSJsGRiRCTiu0PRaYdcZnubUW6TSVddo0DTZpqG1wDqsIbXb/
2026-05-25T11:43:30.4031170Z   ACTIONS_RUNTIME_TOKEN: ***
2026-05-25T11:43:30.4031788Z   ACTIONS_CACHE_URL: https://acghubeus1.actions.githubusercontent.com/VSeSJsGRiRCTiu0PRaYdcZnubUW6TSVddo0DTZpqG1wDqsIbXb/
2026-05-25T11:43:30.4032538Z   ACTIONS_RESULTS_URL: https://results-receiver.actions.githubusercontent.com/
2026-05-25T11:43:30.4032956Z   ACTIONS_CACHE_SERVICE_V2: True
2026-05-25T11:43:30.4033413Z   ACTIONS_ORCHESTRATION_ID: 4bcbfa92-5c9d-4184-86ba-442276311e4f.test.run.oci-rootless-gvisor-tap-v
2026-05-25T11:43:30.4033878Z   CC_FORK: false
2026-05-25T11:43:30.4034108Z   CC_TOKEN: ***
2026-05-25T11:43:30.4034289Z   CC_BRANCH: 
2026-05-25T11:43:30.4034499Z   GITHUB_EVENT_PULL_REQUEST_HEAD_LABEL: 
2026-05-25T11:43:30.4034796Z   GITHUB_EVENT_PULL_REQUEST_HEAD_REPO_FULL_NAME: 
2026-05-25T11:43:30.4035313Z   GITHUB_REPOSITORY: moby/buildkit
2026-05-25T11:43:30.4035750Z ##[endgroup]
2026-05-25T11:43:30.4104914Z ##[group]Run if [ -z "$CC_SHA" ];
2026-05-25T11:43:30.4105491Z [36;1mif [ -z "$CC_SHA" ];[0m
2026-05-25T11:43:30.4105723Z [36;1mthen[0m
2026-05-25T11:43:30.4105959Z [36;1m  CC_SHA="$GITHUB_EVENT_PULL_REQUEST_HEAD_SHA"[0m
2026-05-25T11:43:30.4106246Z [36;1mfi[0m
2026-05-25T11:43:30.4106473Z [36;1mif [ -z "$CC_PR" ] && [ "$CC_FORK" == 'true' ];[0m
2026-05-25T11:43:30.4106748Z [36;1mthen[0m
2026-05-25T11:43:30.4106944Z [36;1m  CC_PR="$GITHUB_EVENT_NUMBER"[0m
2026-05-25T11:43:30.4107187Z [36;1mfi[0m
2026-05-25T11:43:30.4107349Z [36;1m[0m
2026-05-25T11:43:30.4107549Z [36;1mecho "CC_SHA=$CC_SHA" >> "$GITHUB_ENV"[0m
2026-05-25T11:43:30.4107838Z [36;1mecho "CC_PR=$CC_PR" >> "$GITHUB_ENV"[0m
2026-05-25T11:43:30.4137660Z shell: /usr/bin/bash --noprofile --norc -e -o pipefail {0}
2026-05-25T11:43:30.4138002Z env:
2026-05-25T11:43:30.4138171Z   GO_VERSION: 1.26
2026-05-25T11:43:30.4138387Z   SETUP_BUILDX_VERSION: edge
2026-05-25T11:43:30.4138651Z   SETUP_BUILDKIT_IMAGE: moby/buildkit:latest
2026-05-25T11:43:30.4139143Z   TESTFLAGS: -v --parallel=6 --timeout=30m --run=//worker=oci-rootless-gvisor-tap-vsock-detachnetns$
2026-05-25T11:43:30.4139637Z   GOTESTSUM_FORMAT: standard-verbose
2026-05-25T11:43:30.4139892Z   TEST_IMAGE_BUILD: 0
2026-05-25T11:43:30.4140517Z   TEST_REPORT_NAME: run-clientcmdbuildctlworkercontainerdsolverfrontend--integration-oci-rootless-gvisor-tap-vsock-detachnetns-
2026-05-25T11:43:30.4141273Z   ACTIONS_RUNNER_ACTION_ARCHIVE_CACHE: /opt/actionarchivecache
2026-05-25T11:43:30.4141971Z   ACTIONS_RUNTIME_URL: https://pipelinesghubeus2.actions.githubusercontent.com/VSeSJsGRiRCTiu0PRaYdcZnubUW6TSVddo0DTZpqG1wDqsIbXb/
2026-05-25T11:43:30.4186026Z   ACTIONS_RUNTIME_TOKEN: ***
2026-05-25T11:43:30.4186619Z   ACTIONS_CACHE_URL: https://acghubeus1.actions.githubusercontent.com/VSeSJsGRiRCTiu0PRaYdcZnubUW6TSVddo0DTZpqG1wDqsIbXb/
2026-05-25T11:43:30.4187352Z   ACTIONS_RESULTS_URL: https://results-receiver.actions.githubusercontent.com/
2026-05-25T11:43:30.4187773Z   ACTIONS_CACHE_SERVICE_V2: True
2026-05-25T11:43:30.4188219Z   ACTIONS_ORCHESTRATION_ID: 4bcbfa92-5c9d-4184-86ba-442276311e4f.test.run.oci-rootless-gvisor-tap-v
2026-05-25T11:43:30.4188681Z   CC_FORK: false
2026-05-25T11:43:30.4188906Z   CC_TOKEN: ***
2026-05-25T11:43:30.4189092Z   CC_BRANCH: 
2026-05-25T11:43:30.4189265Z   CC_PR: 
2026-05-25T11:43:30.4189426Z   CC_SHA: 
2026-05-25T11:43:30.4189603Z   GITHUB_EVENT_NAME: schedule
2026-05-25T11:43:30.4189830Z   GITHUB_EVENT_NUMBER: 
2026-05-25T11:43:30.4190058Z   GITHUB_EVENT_PULL_REQUEST_HEAD_SHA: 
2026-05-25T11:43:30.4190303Z ##[endgroup]
2026-05-25T11:43:30.4261873Z ##[group]Run ${GITHUB_ACTION_PATH}/dist/codecov.sh
2026-05-25T11:43:30.4262216Z [36;1m${GITHUB_ACTION_PATH}/dist/codecov.sh[0m
2026-05-25T11:43:30.4291782Z shell: /usr/bin/bash --noprofile --norc -e -o pipefail {0}
2026-05-25T11:43:30.4292117Z env:
2026-05-25T11:43:30.4292286Z   GO_VERSION: 1.26
2026-05-25T11:43:30.4292491Z   SETUP_BUILDX_VERSION: edge
2026-05-25T11:43:30.4292754Z   SETUP_BUILDKIT_IMAGE: moby/buildkit:latest
2026-05-25T11:43:30.4293237Z   TESTFLAGS: -v --parallel=6 --timeout=30m --run=//worker=oci-rootless-gvisor-tap-vsock-detachnetns$
2026-05-25T11:43:30.4293719Z   GOTESTSUM_FORMAT: standard-verbose
2026-05-25T11:43:30.4293971Z   TEST_IMAGE_BUILD: 0
2026-05-25T11:43:30.4294591Z   TEST_REPORT_NAME: run-clientcmdbuildctlworkercontainerdsolverfrontend--integration-oci-rootless-gvisor-tap-vsock-detachnetns-
2026-05-25T11:43:30.4295595Z   ACTIONS_RUNNER_ACTION_ARCHIVE_CACHE: /opt/actionarchivecache
2026-05-25T11:43:30.4296299Z   ACTIONS_RUNTIME_URL: https://pipelinesghubeus2.actions.githubusercontent.com/VSeSJsGRiRCTiu0PRaYdcZnubUW6TSVddo0DTZpqG1wDqsIbXb/
2026-05-25T11:43:30.4339974Z   ACTIONS_RUNTIME_TOKEN: ***
2026-05-25T11:43:30.4340566Z   ACTIONS_CACHE_URL: https://acghubeus1.actions.githubusercontent.com/VSeSJsGRiRCTiu0PRaYdcZnubUW6TSVddo0DTZpqG1wDqsIbXb/
2026-05-25T11:43:30.4341302Z   ACTIONS_RESULTS_URL: https://results-receiver.actions.githubusercontent.com/
2026-05-25T11:43:30.4341881Z   ACTIONS_CACHE_SERVICE_V2: True
2026-05-25T11:43:30.4342350Z   ACTIONS_ORCHESTRATION_ID: 4bcbfa92-5c9d-4184-86ba-442276311e4f.test.run.oci-rootless-gvisor-tap-v
2026-05-25T11:43:30.4342822Z   CC_FORK: false
2026-05-25T11:43:30.4343054Z   CC_TOKEN: ***
2026-05-25T11:43:30.4343228Z   CC_BRANCH: 
2026-05-25T11:43:30.4343395Z   CC_SHA: 
2026-05-25T11:43:30.4343557Z   CC_PR: 
2026-05-25T11:43:30.4343719Z   CC_BASE_SHA: 
2026-05-25T11:43:30.4343889Z   CC_BINARY: 
2026-05-25T11:43:30.4344052Z   CC_BUILD: 
2026-05-25T11:43:30.4344221Z   CC_BUILD_URL: 
2026-05-25T11:43:30.4344396Z   CC_CODE: 
2026-05-25T11:43:30.4344570Z   CC_DIR: ./bin/testreports
2026-05-25T11:43:30.4344795Z   CC_DISABLE_FILE_FIXES: true
2026-05-25T11:43:30.4345359Z   CC_DISABLE_SEARCH: false
2026-05-25T11:43:30.4345745Z   CC_DISABLE_TELEM: false
2026-05-25T11:43:30.4346047Z   CC_DRY_RUN: false
2026-05-25T11:43:30.4346240Z   CC_ENTERPRISE_URL: 
2026-05-25T11:43:30.4346430Z   CC_ENV: 
2026-05-25T11:43:30.4346598Z   CC_EXCLUDES: 
2026-05-25T11:43:30.4346779Z   CC_FAIL_ON_ERROR: false
2026-05-25T11:43:30.4346981Z   CC_FILES: 
2026-05-25T11:43:30.4347149Z   CC_FLAGS: 
2026-05-25T11:43:30.4347310Z   CC_FORCE: 
2026-05-25T11:43:30.4347475Z   CC_GCOV_ARGS: 
2026-05-25T11:43:30.4347663Z   CC_GCOV_EXECUTABLE: gcov
2026-05-25T11:43:30.4347867Z   CC_GCOV_IGNORE: 
2026-05-25T11:43:30.4348052Z   CC_GCOV_INCLUDE: 
2026-05-25T11:43:30.4348243Z   CC_GIT_SERVICE: github
2026-05-25T11:43:30.4348460Z   CC_HANDLE_NO_REPORTS_FOUND: false
2026-05-25T11:43:30.4348697Z   CC_JOB_CODE: 
2026-05-25T11:43:30.4348914Z   CC_LEGACY: false
2026-05-25T11:43:30.4349124Z   CC_NAME: 
2026-05-25T11:43:30.4349295Z   CC_NETWORK_FILTER: 
2026-05-25T11:43:30.4349482Z   CC_NETWORK_PREFIX: 
2026-05-25T11:43:30.4349679Z   CC_NETWORK_ROOT_FOLDER: 
2026-05-25T11:43:30.4349883Z   CC_OS: 
2026-05-25T11:43:30.4350047Z   CC_PARENT_SHA: 
2026-05-25T11:43:30.4350229Z   CC_PLUGINS: 
2026-05-25T11:43:30.4350413Z   CC_RECURSE_SUBMODULES: false
2026-05-25T11:43:30.4350639Z   CC_REPORT_TYPE: 
2026-05-25T11:43:30.4350832Z   CC_RUN_CMD: upload-coverage
2026-05-25T11:43:30.4351055Z   CC_SERVICE: github
2026-05-25T11:43:30.4351248Z   CC_SKIP_VALIDATION: false
2026-05-25T11:43:30.4351456Z   CC_SLUG: 
2026-05-25T11:43:30.4351624Z   CC_SWIFT_PROJECT: 
2026-05-25T11:43:30.4351815Z   CC_USE_PYPI: false
2026-05-25T11:43:30.4352000Z   CC_VERBOSE: false
2026-05-25T11:43:30.4352185Z   CC_VERSION: latest
2026-05-25T11:43:30.4352366Z   CC_YML_PATH: 
2026-05-25T11:43:30.4352541Z ##[endgroup]
2026-05-25T11:43:30.4422910Z      _____          _
2026-05-25T11:43:30.4423315Z     / ____|        | |
2026-05-25T11:43:30.4423699Z    | |     ___   __| | ___  ___ _____   __
2026-05-25T11:43:30.4424155Z    | |    / _ \ / _` |/ _ \/ __/ _ \ \ / /
2026-05-25T11:43:30.4424604Z    | |___| (_) | (_| |  __/ (_| (_) \ V /
2026-05-25T11:43:30.4425237Z     \_____\___/ \__,_|\___|\___\___/ \_/
2026-05-25T11:43:30.4425954Z                            [0;31m Wrapper-0.2.7[0m
2026-05-25T11:43:30.4426457Z                            
2026-05-25T11:43:30.4477873Z [0;32m==>[0m Detected [0;36mlinux[0m
2026-05-25T11:43:30.4478732Z [0;32m ->[0m Downloading [0;36mhttps://cli.codecov.io/latest/linux/codecov[0m
2026-05-25T11:43:30.4554962Z   % Total    % Received % Xferd  Average Speed   Time    Time     Time  Current
2026-05-25T11:43:30.4556045Z                                  Dload  Upload   Total   Spent    Left  Speed
2026-05-25T11:43:30.4556460Z 
2026-05-25T11:43:30.4840359Z   0     0    0     0    0     0      0      0 --:--:-- --:--:-- --:--:--     0
2026-05-25T11:43:30.5403069Z   0     0    0     0    0     0      0      0 --:--:-- --:--:-- --:--:--     0
2026-05-25T11:43:30.5403854Z 100 10.6M  100 10.6M    0     0   125M      0 --:--:-- --:--:-- --:--:--  125M
2026-05-25T11:43:30.5429266Z [0;32m==>[0m Finishing downloading [0;36mlinux:latest[0m
2026-05-25T11:43:30.5872764Z       Version: [0;36mv11.2.8[0m
2026-05-25T11:43:30.5873306Z  
2026-05-25T11:43:30.5935905Z gpg: directory '/home/runner/.gnupg' created
2026-05-25T11:43:30.5938442Z gpg: keybox '/home/runner/.gnupg/pubring.kbx' created
2026-05-25T11:43:30.8184435Z gpg: /home/runner/.gnupg/trustdb.gpg: trustdb created
2026-05-25T11:43:30.8186051Z gpg: key 806BB28AED779869: public key "Codecov Uploader (Codecov Uploader Verification Key) <security@codecov.io>" imported
2026-05-25T11:43:30.8323679Z gpg: Total number processed: 1
2026-05-25T11:43:30.8324615Z gpg:               imported: 1
2026-05-25T11:43:30.8331013Z [0;32m==>[0m Verifying GPG signature integrity
2026-05-25T11:43:30.8332167Z [0;32m ->[0m Downloading [0;36mhttps://cli.codecov.io/latest/linux/codecov.SHA256SUM[0m
2026-05-25T11:43:30.8333795Z [0;32m ->[0m Downloading [0;36mhttps://cli.codecov.io/latest/linux/codecov.SHA256SUM.sig[0m
2026-05-25T11:43:30.8334589Z  
2026-05-25T11:43:30.9327336Z gpg: Signature made Tue Apr 21 19:28:03 2026 UTC
2026-05-25T11:43:30.9328097Z gpg:                using RSA key 27034E7FDB850E0BBC2C62FF806BB28AED779869
2026-05-25T11:43:30.9331082Z gpg: Good signature from "Codecov Uploader (Codecov Uploader Verification Key) <security@codecov.io>" [unknown]
2026-05-25T11:43:30.9332477Z gpg: WARNING: This key is not certified with a trusted signature!
2026-05-25T11:43:30.9333345Z gpg:          There is no indication that the signature belongs to the owner.
2026-05-25T11:43:30.9334247Z Primary key fingerprint: 2703 4E7F DB85 0E0B BC2C  62FF 806B B28A ED77 9869
2026-05-25T11:43:31.0337075Z codecov: OK
2026-05-25T11:43:31.0356160Z [0;32m==>[0m CLI integrity verified
2026-05-25T11:43:31.0356877Z 
2026-05-25T11:43:31.1066871Z [0;32m ->[0m Token length: 36
2026-05-25T11:43:31.1067298Z [0;32m==>[0m Running upload-coverage
2026-05-25T11:43:31.1076933Z       [0;36m./codecov  upload-coverage -t <redacted> --git-service github --dir ./bin/testreports --disable-file-fixes --gcov-executable gcov[0m
2026-05-25T11:43:31.4600136Z info - 2026-05-25 11:43:31,459 -- ci service found: github-actions
2026-05-25T11:43:31.5031038Z warning - 2026-05-25 11:43:31,502 -- xcrun is not installed or can't be found.
2026-05-25T11:43:31.5040521Z warning - 2026-05-25 11:43:31,503 -- No gcov data found.
2026-05-25T11:43:31.5044178Z warning - 2026-05-25 11:43:31,504 -- coverage.py is not installed or can't be found.
2026-05-25T11:43:31.5258717Z info - 2026-05-25 11:43:31,525 -- Found 1 coverage files to report
2026-05-25T11:43:31.5260709Z info - 2026-05-25 11:43:31,525 -- > bin/testreports/coverage-report-run-clientcmdbuildctlworkercontainerdsolverfrontend--integration-oci-rootless-gvisor-tap-vsock-detachnetns-.txt
2026-05-25T11:43:32.0433084Z info - 2026-05-25 11:43:32,042 -- Your upload is now queued for processing. When finished, results will be available at: https://app.codecov.io/github/moby/buildkit/commit/d6b444d4e18204d7f7e6fac28037ab1e28666d1b
2026-05-25T11:43:32.0435354Z info - 2026-05-25 11:43:32,043 -- Sending upload (787019 bytes) to storage
2026-05-25T11:43:32.7431904Z info - 2026-05-25 11:43:32,742 -- Upload queued for processing complete
2026-05-25T11:43:32.8656936Z ##[group]Run crazy-max/.github/.github/actions/gotest-annotations@9ba6e6f9450baf3b1237f8035c1fdc45932510bd
2026-05-25T11:43:32.8657464Z with:
2026-05-25T11:43:32.8657658Z   directory: ./bin/testreports
2026-05-25T11:43:32.8657875Z env:
2026-05-25T11:43:32.8658041Z   GO_VERSION: 1.26
2026-05-25T11:43:32.8658238Z   SETUP_BUILDX_VERSION: edge
2026-05-25T11:43:32.8658489Z   SETUP_BUILDKIT_IMAGE: moby/buildkit:latest
2026-05-25T11:43:32.8658976Z   TESTFLAGS: -v --parallel=6 --timeout=30m --run=//worker=oci-rootless-gvisor-tap-vsock-detachnetns$
2026-05-25T11:43:32.8659448Z   GOTESTSUM_FORMAT: standard-verbose
2026-05-25T11:43:32.8659697Z   TEST_IMAGE_BUILD: 0
2026-05-25T11:43:32.8660312Z   TEST_REPORT_NAME: run-clientcmdbuildctlworkercontainerdsolverfrontend--integration-oci-rootless-gvisor-tap-vsock-detachnetns-
2026-05-25T11:43:32.8661056Z   ACTIONS_RUNNER_ACTION_ARCHIVE_CACHE: /opt/actionarchivecache
2026-05-25T11:43:32.8661787Z   ACTIONS_RUNTIME_URL: https://pipelinesghubeus2.actions.githubusercontent.com/VSeSJsGRiRCTiu0PRaYdcZnubUW6TSVddo0DTZpqG1wDqsIbXb/
2026-05-25T11:43:32.8707154Z   ACTIONS_RUNTIME_TOKEN: ***
2026-05-25T11:43:32.8707755Z   ACTIONS_CACHE_URL: https://acghubeus1.actions.githubusercontent.com/VSeSJsGRiRCTiu0PRaYdcZnubUW6TSVddo0DTZpqG1wDqsIbXb/
2026-05-25T11:43:32.8708481Z   ACTIONS_RESULTS_URL: https://results-receiver.actions.githubusercontent.com/
2026-05-25T11:43:32.8708895Z   ACTIONS_CACHE_SERVICE_V2: True
2026-05-25T11:43:32.8709343Z   ACTIONS_ORCHESTRATION_ID: 4bcbfa92-5c9d-4184-86ba-442276311e4f.test.run.oci-rootless-gvisor-tap-v
2026-05-25T11:43:32.8709808Z   CC_FORK: false
2026-05-25T11:43:32.8710036Z   CC_TOKEN: ***
2026-05-25T11:43:32.8710222Z   CC_BRANCH: 
2026-05-25T11:43:32.8710393Z   CC_SHA: 
2026-05-25T11:43:32.8710549Z   CC_PR: 
2026-05-25T11:43:32.8710715Z ##[endgroup]
2026-05-25T11:43:32.8744567Z ##[group]Run actions/github-script@ed597411d8f924073f98dfc5c65a23a2325f34cd
2026-05-25T11:43:32.8744929Z with:
2026-05-25T11:43:32.8745625Z   script: await core.group(`Install npm deps`, async () => {
  await exec.exec('npm', ['install', 'line-by-line']);
});

2026-05-25T11:43:32.8746259Z   github-token: ***
2026-05-25T11:43:32.8746458Z   debug: false
2026-05-25T11:43:32.8746659Z   user-agent: actions/github-script
2026-05-25T11:43:32.8746916Z   result-encoding: json
2026-05-25T11:43:32.8747119Z   retries: 0
2026-05-25T11:43:32.8747333Z   retry-exempt-status-codes: 400,401,403,404,422
2026-05-25T11:43:32.8747602Z env:
2026-05-25T11:43:32.8747767Z   GO_VERSION: 1.26
2026-05-25T11:43:32.8747965Z   SETUP_BUILDX_VERSION: edge
2026-05-25T11:43:32.8748210Z   SETUP_BUILDKIT_IMAGE: moby/buildkit:latest
2026-05-25T11:43:32.8748684Z   TESTFLAGS: -v --parallel=6 --timeout=30m --run=//worker=oci-rootless-gvisor-tap-vsock-detachnetns$
2026-05-25T11:43:32.8749151Z   GOTESTSUM_FORMAT: standard-verbose
2026-05-25T11:43:32.8749391Z   TEST_IMAGE_BUILD: 0
2026-05-25T11:43:32.8750006Z   TEST_REPORT_NAME: run-clientcmdbuildctlworkercontainerdsolverfrontend--integration-oci-rootless-gvisor-tap-vsock-detachnetns-
2026-05-25T11:43:32.8750748Z   ACTIONS_RUNNER_ACTION_ARCHIVE_CACHE: /opt/actionarchivecache
2026-05-25T11:43:32.8751442Z   ACTIONS_RUNTIME_URL: https://pipelinesghubeus2.actions.githubusercontent.com/VSeSJsGRiRCTiu0PRaYdcZnubUW6TSVddo0DTZpqG1wDqsIbXb/
2026-05-25T11:43:32.8795145Z   ACTIONS_RUNTIME_TOKEN: ***
2026-05-25T11:43:32.8795744Z   ACTIONS_CACHE_URL: https://acghubeus1.actions.githubusercontent.com/VSeSJsGRiRCTiu0PRaYdcZnubUW6TSVddo0DTZpqG1wDqsIbXb/
2026-05-25T11:43:32.8796472Z   ACTIONS_RESULTS_URL: https://results-receiver.actions.githubusercontent.com/
2026-05-25T11:43:32.8796890Z   ACTIONS_CACHE_SERVICE_V2: True
2026-05-25T11:43:32.8797341Z   ACTIONS_ORCHESTRATION_ID: 4bcbfa92-5c9d-4184-86ba-442276311e4f.test.run.oci-rootless-gvisor-tap-v
2026-05-25T11:43:32.8797804Z   CC_FORK: false
2026-05-25T11:43:32.8798032Z   CC_TOKEN: ***
2026-05-25T11:43:32.8798207Z   CC_BRANCH: 
2026-05-25T11:43:32.8798379Z   CC_SHA: 
2026-05-25T11:43:32.8798540Z   CC_PR: 
2026-05-25T11:43:32.8798910Z ##[endgroup]
2026-05-25T11:43:32.9562470Z ##[group]Install npm deps
2026-05-25T11:43:32.9605678Z [command]/usr/local/bin/npm install line-by-line
2026-05-25T11:43:33.8720694Z 
2026-05-25T11:43:33.8721127Z added 1 package in 656ms
2026-05-25T11:43:33.9139460Z ##[endgroup]
2026-05-25T11:43:33.9264848Z ##[group]Run actions/github-script@ed597411d8f924073f98dfc5c65a23a2325f34cd
2026-05-25T11:43:33.9265627Z with:
2026-05-25T11:43:33.9269760Z   script: const lineReader = require('line-by-line');
const testRegex = /(\s*[\w\d]+.go:\d+:)(.*?)(---\sFAIL:.*)/gs;
let tests = {};
const globber = await glob.create(`${core.getInput('directory')}/**/*.json`);
for await (const jsonReport of globber.globGenerator()) {
  let lr = new lineReader(jsonReport);
  lr.on('line', function(line) {
    const currentLine = JSON.parse(line);
    const testName = currentLine.Test;
    let output = currentLine.Output;
    if (!testName || !output) {
      return;
    }
    const packageName = currentLine.Package.split("/").slice(3).join("/");
    const key = `${packageName}/${testName}`;
    if (!tests.hasOwnProperty(key)) {
      tests[key] = {
        name: testName,
        package: packageName,
        output: output
      };
    } else {
      tests[key].output += output;
    }
  });
  lr.on('end', function() {
    for (const [key, test] of Object.entries(tests)) {
      if (!test.output.includes("FAIL") || !test.output.includes(".go")) {
        continue;
      }
      var result;
      while ((result = testRegex.exec(test.output)) !== null) {
        const parts = result[0].split(":");
        const file = `${test.package}/${parts[0].trimStart()}`;
        const lineNumber = parts[1];
        core.startGroup(key);
        core.error(test.output, {
          title: `Failed: ${key}`,
          file: file,
          startLine: lineNumber
        });
        core.endGroup();
      }
    }
  });
}

2026-05-25T11:43:33.9274490Z   github-token: ***
2026-05-25T11:43:33.9274690Z   debug: false
2026-05-25T11:43:33.9274893Z   user-agent: actions/github-script
2026-05-25T11:43:33.9275463Z   result-encoding: json
2026-05-25T11:43:33.9275831Z   retries: 0
2026-05-25T11:43:33.9276072Z   retry-exempt-status-codes: 400,401,403,404,422
2026-05-25T11:43:33.9276352Z env:
2026-05-25T11:43:33.9276522Z   GO_VERSION: 1.26
2026-05-25T11:43:33.9276721Z   SETUP_BUILDX_VERSION: edge
2026-05-25T11:43:33.9276969Z   SETUP_BUILDKIT_IMAGE: moby/buildkit:latest
2026-05-25T11:43:33.9277438Z   TESTFLAGS: -v --parallel=6 --timeout=30m --run=//worker=oci-rootless-gvisor-tap-vsock-detachnetns$
2026-05-25T11:43:33.9277901Z   GOTESTSUM_FORMAT: standard-verbose
2026-05-25T11:43:33.9278157Z   TEST_IMAGE_BUILD: 0
2026-05-25T11:43:33.9278774Z   TEST_REPORT_NAME: run-clientcmdbuildctlworkercontainerdsolverfrontend--integration-oci-rootless-gvisor-tap-vsock-detachnetns-
2026-05-25T11:43:33.9279519Z   ACTIONS_RUNNER_ACTION_ARCHIVE_CACHE: /opt/actionarchivecache
2026-05-25T11:43:33.9280224Z   ACTIONS_RUNTIME_URL: https://pipelinesghubeus2.actions.githubusercontent.com/VSeSJsGRiRCTiu0PRaYdcZnubUW6TSVddo0DTZpqG1wDqsIbXb/
2026-05-25T11:43:33.9324258Z   ACTIONS_RUNTIME_TOKEN: ***
2026-05-25T11:43:33.9324857Z   ACTIONS_CACHE_URL: https://acghubeus1.actions.githubusercontent.com/VSeSJsGRiRCTiu0PRaYdcZnubUW6TSVddo0DTZpqG1wDqsIbXb/
2026-05-25T11:43:33.9325738Z   ACTIONS_RESULTS_URL: https://results-receiver.actions.githubusercontent.com/
2026-05-25T11:43:33.9326159Z   ACTIONS_CACHE_SERVICE_V2: True
2026-05-25T11:43:33.9326619Z   ACTIONS_ORCHESTRATION_ID: 4bcbfa92-5c9d-4184-86ba-442276311e4f.test.run.oci-rootless-gvisor-tap-v
2026-05-25T11:43:33.9327095Z   CC_FORK: false
2026-05-25T11:43:33.9327329Z   CC_TOKEN: ***
2026-05-25T11:43:33.9327505Z   CC_BRANCH: 
2026-05-25T11:43:33.9327675Z   CC_SHA: 
2026-05-25T11:43:33.9327836Z   CC_PR: 
2026-05-25T11:43:33.9328020Z   INPUT_DIRECTORY: ./bin/testreports
2026-05-25T11:43:33.9328266Z ##[endgroup]
2026-05-25T11:43:34.0404082Z ##[group]client/TestIntegration
2026-05-25T11:43:34.0431223Z ##[error]=== RUN   TestIntegration
    run.go:331: copied docker.io/cpuguy83/buildkit-foreign:latest to local mirror localhost:41455/cpuguy83/buildkit-foreign:latest
time="2026-05-25T11:37:13Z" level=info msg="fetch failed after status: 404 Not Found" host="localhost:41455"
    run.go:331: copied docker.io/amd64/alpine:latest@sha256:25fad2a32ad1f6f510e528448ae1ec69a28ef81916a004d3629874104f8a7f70 to local mirror localhost:41455/library/alpine:latest
time="2026-05-25T11:37:15Z" level=info msg="fetch failed after status: 404 Not Found" host="localhost:41455"
    run.go:331: copied docker.io/tonistiigi/test:nolayers to local mirror localhost:41455/tonistiigi/test:nolayers
--- FAIL: TestIntegration (0.17s)

2026-05-25T11:43:34.0436364Z ##[endgroup]
2026-05-25T11:43:34.0437705Z ##[group]client/TestIntegration/TestExportLocalNoPlatformSplitOverwrite/worker=oci-rootless-gvisor-tap-vsock-detachnetns
2026-05-25T11:43:34.0543088Z ##[error]=== RUN   TestIntegration/TestExportLocalNoPlatformSplitOverwrite/worker=oci-rootless-gvisor-tap-vsock-detachnetns
=== PAUSE TestIntegration/TestExportLocalNoPlatformSplitOverwrite/worker=oci-rootless-gvisor-tap-vsock-detachnetns
=== CONT  TestIntegration/TestExportLocalNoPlatformSplitOverwrite/worker=oci-rootless-gvisor-tap-vsock-detachnetns
    sandbox.go:147: sandbox timeout reached, stopping worker
    sandbox.go:178: failed to get debug logs: Get "http://localhost/debug/pprof/goroutine?debug=2": dial unix /tmp/bktest_buildkitd2289234112/buildkitd-debug.sock: connect: no such file or directory
    sandbox.go:202: stdout: /usr/bin/sudo -u #1000 -i -- exec rootlesskit --net=gvisor-tap-vsock --copy-up=/etc --disable-host-loopback --detach-netns buildkitd --oci-worker=true --containerd-worker=false --oci-worker-gc=false --oci-worker-labels=org.mobyproject.buildkit.worker.sandbox=true --config=/tmp/bktest_config3774870215/buildkitd.toml --root /tmp/bktest_buildkitd2289234112 --addr unix:///tmp/bktest_buildkitd2289234112/buildkitd.sock --debug
    sandbox.go:202: stderr: /usr/bin/sudo -u #1000 -i -- exec rootlesskit --net=gvisor-tap-vsock --copy-up=/etc --disable-host-loopback --detach-netns buildkitd --oci-worker=true --containerd-worker=false --oci-worker-gc=false --oci-worker-labels=org.mobyproject.buildkit.worker.sandbox=true --config=/tmp/bktest_config3774870215/buildkitd.toml --root /tmp/bktest_buildkitd2289234112 --addr unix:///tmp/bktest_buildkitd2289234112/buildkitd.sock --debug
    sandbox.go:205: > StartCmd 2026-05-25 11:38:15.780811785 +0000 UTC m=+80.024616840 /usr/bin/sudo -u #1000 -i -- exec rootlesskit --net=gvisor-tap-vsock --copy-up=/etc --disable-host-loopback --detach-netns buildkitd --oci-worker=true --containerd-worker=false --oci-worker-gc=false --oci-worker-labels=org.mobyproject.buildkit.worker.sandbox=true --config=/tmp/bktest_config3774870215/buildkitd.toml --root /tmp/bktest_buildkitd2289234112 --addr unix:///tmp/bktest_buildkitd2289234112/buildkitd.sock --debug
    sandbox.go:205: time="2026-05-25T11:38:15Z" level=warning msg="[rootlesskit:parent] \"gvisor-tap-vsock\" network driver is experimental"
    sandbox.go:205: time="2026-05-25T11:38:15Z" level=warning msg="[rootlesskit:parent] \"--disable-host-loopback\" is not yet supported for gvisor-tap-vsock"
    sandbox.go:205: warning: GOCOVERDIR not set, no coverage data emitted
    sandbox.go:205: time="2026-05-25T11:38:15Z" level=info msg="auto snapshotter: using overlayfs"
    sandbox.go:205: time="2026-05-25T11:38:15Z" level=debug msg="running in rootless mode"
    sandbox.go:205: time="2026-05-25T11:38:15Z" level=warning msg="CDI setup error /tmp/buildkit-integration-cdi963374599: failed to monitor for changes: permission denied"
    sandbox.go:205: time="2026-05-25T11:38:15Z" level=info msg="found worker \"wy2tmvv2q97tvaum9fzcyocqh\", labels=map[org.mobyproject.buildkit.worker.executor:oci org.mobyproject.buildkit.worker.hostname:2ce7dca5c882 org.mobyproject.buildkit.worker.network:host org.mobyproject.buildkit.worker.oci.process-mode:sandbox org.mobyproject.buildkit.worker.sandbox:true org.mobyproject.buildkit.worker.selinux.enabled:false org.mobyproject.buildkit.worker.snapshotter:overlayfs], platforms=[linux/amd64 linux/amd64/v2 linux/amd64/v3 linux/arm64 linux/riscv64 linux/ppc64le linux/s390x linux/386 linux/mips64le linux/mips64 linux/loong64 linux/arm/v7 linux/arm/v6]"
    sandbox.go:205: time="2026-05-25T11:38:15Z" level=info msg="found 1 workers, default=\"wy2tmvv2q97tvaum9fzcyocqh\""
    sandbox.go:205: time="2026-05-25T11:38:15Z" level=warning msg="currently, only the default worker can be used."
    sandbox.go:205: time="2026-05-25T11:38:15Z" level=info msg="running server on /tmp/bktest_buildkitd2289234112/buildkitd.sock"
    sandbox.go:205: time="2026-05-25T11:38:15Z" level=debug msg="resolve exporter local with map[platform-split:false]" spanID=76978075d07421c5 traceID=c6135e3ebc38f71357046ec1c445d7d4
    sandbox.go:205: time="2026-05-25T11:38:15Z" level=debug msg="session started" spanID=851c1ca77ec7795c traceID=ec146e90dde
2026-05-25T11:43:34.0558101Z ##[endgroup]
2026-05-25T11:43:34.0622858Z ##[group]Run actions/upload-artifact@043fb46d1a93c77aae656e7c1c64a875d1fc6a0a
2026-05-25T11:43:34.0623522Z with:
2026-05-25T11:43:34.0624165Z   name: test-reports-run-clientcmdbuildctlworkercontainerdsolverfrontend--integration-oci-rootless-gvisor-tap-vsock-detachnetns-
2026-05-25T11:43:34.0624883Z   path: ./bin/testreports
2026-05-25T11:43:34.0625406Z   retention-days: 1
2026-05-25T11:43:34.0625628Z   if-no-files-found: warn
2026-05-25T11:43:34.0625879Z   compression-level: 6
2026-05-25T11:43:34.0626085Z   overwrite: false
2026-05-25T11:43:34.0626287Z   include-hidden-files: false
2026-05-25T11:43:34.0626510Z   archive: true
2026-05-25T11:43:34.0626688Z env:
2026-05-25T11:43:34.0626855Z   GO_VERSION: 1.26
2026-05-25T11:43:34.0627047Z   SETUP_BUILDX_VERSION: edge
2026-05-25T11:43:34.0627296Z   SETUP_BUILDKIT_IMAGE: moby/buildkit:latest
2026-05-25T11:43:34.0627774Z   TESTFLAGS: -v --parallel=6 --timeout=30m --run=//worker=oci-rootless-gvisor-tap-vsock-detachnetns$
2026-05-25T11:43:34.0628282Z   GOTESTSUM_FORMAT: standard-verbose
2026-05-25T11:43:34.0628535Z   TEST_IMAGE_BUILD: 0
2026-05-25T11:43:34.0629153Z   TEST_REPORT_NAME: run-clientcmdbuildctlworkercontainerdsolverfrontend--integration-oci-rootless-gvisor-tap-vsock-detachnetns-
2026-05-25T11:43:34.0629898Z   ACTIONS_RUNNER_ACTION_ARCHIVE_CACHE: /opt/actionarchivecache
2026-05-25T11:43:34.0630591Z   ACTIONS_RUNTIME_URL: https://pipelinesghubeus2.actions.githubusercontent.com/VSeSJsGRiRCTiu0PRaYdcZnubUW6TSVddo0DTZpqG1wDqsIbXb/
2026-05-25T11:43:34.0674249Z   ACTIONS_RUNTIME_TOKEN: ***
2026-05-25T11:43:34.0674842Z   ACTIONS_CACHE_URL: https://acghubeus1.actions.githubusercontent.com/VSeSJsGRiRCTiu0PRaYdcZnubUW6TSVddo0DTZpqG1wDqsIbXb/
2026-05-25T11:43:34.0675815Z   ACTIONS_RESULTS_URL: https://results-receiver.actions.githubusercontent.com/
2026-05-25T11:43:34.0676249Z   ACTIONS_CACHE_SERVICE_V2: True
2026-05-25T11:43:34.0676714Z   ACTIONS_ORCHESTRATION_ID: 4bcbfa92-5c9d-4184-86ba-442276311e4f.test.run.oci-rootless-gvisor-tap-v
2026-05-25T11:43:34.0677193Z   CC_FORK: false
2026-05-25T11:43:34.0677425Z   CC_TOKEN: ***
2026-05-25T11:43:34.0677603Z   CC_BRANCH: 
2026-05-25T11:43:34.0677782Z   CC_SHA: 
2026-05-25T11:43:34.0677941Z   CC_PR: 
2026-05-25T11:43:34.0678107Z ##[endgroup]
2026-05-25T11:43:34.2106455Z With the provided path, there will be 3 files uploaded
2026-05-25T11:43:34.2111613Z Artifact name is valid!
2026-05-25T11:43:34.2112077Z Root directory input is valid!
2026-05-25T11:43:34.4942551Z Uploading artifact: test-reports-run-clientcmdbuildctlworkercontainerdsolverfrontend--integration-oci-rootless-gvisor-tap-vsock-detachnetns-.zip
2026-05-25T11:43:34.4989587Z Beginning upload of artifact content to blob storage
2026-05-25T11:43:35.1474383Z Uploaded bytes 338287
2026-05-25T11:43:35.2270505Z Finished uploading artifact content to blob storage!
2026-05-25T11:43:35.2271602Z SHA256 digest of uploaded artifact is 916d720c0821ac4b47125f1084925ed8f5922476f2dc22583f101220ea25b55a
2026-05-25T11:43:35.2272822Z Finalizing artifact upload
2026-05-25T11:43:35.5935912Z Artifact test-reports-run-clientcmdbuildctlworkercontainerdsolverfrontend--integration-oci-rootless-gvisor-tap-vsock-detachnetns- successfully finalized. Artifact ID 7197504427
2026-05-25T11:43:35.5939435Z Artifact test-reports-run-clientcmdbuildctlworkercontainerdsolverfrontend--integration-oci-rootless-gvisor-tap-vsock-detachnetns- has been successfully uploaded! Final size is 338287 bytes. Artifact ID is 7197504427
2026-05-25T11:43:35.5941690Z Artifact download URL: https://github.com/moby/buildkit/actions/runs/26398034851/artifacts/7197504427
2026-05-25T11:43:35.6069001Z Post job cleanup.
2026-05-25T11:43:35.8571258Z ##[group]Generating build summary
2026-05-25T11:43:35.9144556Z exporting build record to /home/runner/work/_temp/docker-actions-toolkit-aVpG5G/export
2026-05-25T11:43:36.0541398Z [command]/usr/bin/docker buildx history export --builder builder-b1a4b324-6a7f-4375-bf13-35cad6edf1c4 --output /home/runner/work/_temp/docker-actions-toolkit-aVpG5G/export/moby~buildkit~RJMBLW.dockerbuild rjmblw5ug73ica6utex3pcnnu --finalize
2026-05-25T11:43:36.3967088Z Build records written to /home/runner/work/_temp/docker-actions-toolkit-aVpG5G/export/moby~buildkit~RJMBLW.dockerbuild (162.11 KB)
2026-05-25T11:43:36.3969652Z Uploading moby~buildkit~RJMBLW.dockerbuild as an artifact
2026-05-25T11:43:36.3973377Z Artifact name is valid!
2026-05-25T11:43:36.3974088Z Root directory input is valid!
2026-05-25T11:43:36.6807396Z Uploading artifact: moby~buildkit~RJMBLW.dockerbuild
2026-05-25T11:43:36.6843615Z Beginning upload of artifact content to blob storage
2026-05-25T11:43:37.1956776Z Uploaded bytes 166004
2026-05-25T11:43:37.2731809Z Finished uploading artifact content to blob storage!
2026-05-25T11:43:37.2732822Z SHA256 digest of uploaded artifact is 08a8d32d3b133b790d28eb8477188d1e2628a05aa3b2a6b95ae3ca7f8d3c9a1a
2026-05-25T11:43:37.2733762Z Finalizing artifact upload
2026-05-25T11:43:37.6011150Z Artifact moby~buildkit~RJMBLW.dockerbuild successfully finalized. Artifact ID 7197504919
2026-05-25T11:43:37.6012786Z Artifact download URL: https://github.com/moby/buildkit/actions/runs/26398034851/artifacts/7197504919
2026-05-25T11:43:37.6036608Z Writing summary
2026-05-25T11:43:37.6048724Z ##[endgroup]
2026-05-25T11:43:37.6049870Z ##[group]Removing temp folder /home/runner/work/_temp/docker-actions-toolkit-p51cjn
2026-05-25T11:43:37.6051160Z ##[endgroup]
2026-05-25T11:43:37.6051898Z ##[group]Post cache
2026-05-25T11:43:37.6052365Z State not set
2026-05-25T11:43:37.6053098Z ##[endgroup]
2026-05-25T11:43:37.6219923Z Post job cleanup.
2026-05-25T11:43:37.8176643Z ##[group]BuildKit container logs
2026-05-25T11:43:37.8220207Z [command]/usr/bin/docker logs buildx_buildkit_builder-b1a4b324-6a7f-4375-bf13-35cad6edf1c40
2026-05-25T11:43:37.8381242Z time="2026-05-25T11:32:54Z" level=info msg="auto snapshotter: using overlayfs"
2026-05-25T11:43:37.8382620Z time="2026-05-25T11:32:54Z" level=warning msg="using host network as the default"
2026-05-25T11:43:37.8390088Z time="2026-05-25T11:32:54Z" level=info msg="found worker \"m5w92qdjtg71a30xbs8lg21a5\", labels=map[org.mobyproject.buildkit.worker.executor:oci org.mobyproject.buildkit.worker.hostname:35994309ddd4 org.mobyproject.buildkit.worker.network:host org.mobyproject.buildkit.worker.oci.process-mode:sandbox org.mobyproject.buildkit.worker.selinux.enabled:false org.mobyproject.buildkit.worker.snapshotter:overlayfs], platforms=[linux/amd64 linux/amd64/v2 linux/amd64/v3 linux/arm64 linux/riscv64 linux/ppc64le linux/s390x linux/386 linux/mips64le linux/mips64 linux/loong64 linux/arm/v7 linux/arm/v6]"
2026-05-25T11:43:37.8406117Z time="2026-05-25T11:32:54Z" level=warning msg="skipping containerd worker, as \"/run/containerd/containerd.sock\" does not exist"
2026-05-25T11:43:37.8407690Z time="2026-05-25T11:32:54Z" level=info msg="found 1 workers, default=\"m5w92qdjtg71a30xbs8lg21a5\""
2026-05-25T11:43:37.8408992Z time="2026-05-25T11:32:54Z" level=warning msg="currently, only the default worker can be used."
2026-05-25T11:43:37.8410238Z time="2026-05-25T11:32:54Z" level=info msg="running server on /run/buildkit/buildkitd.sock"
2026-05-25T11:43:37.8412010Z time="2026-05-25T11:32:55Z" level=debug msg="session started" spanID=d3baa6ee95538adc traceID=9fd79d279749f838ca1743933004fded
2026-05-25T11:43:37.8413984Z time="2026-05-25T11:33:00Z" level=debug msg="reset healthcheck failure" actualDuration=1.16956ms spanID=d3baa6ee95538adc timeout=15s traceID=9fd79d279749f838ca1743933004fded
2026-05-25T11:43:37.8417301Z time="2026-05-25T11:33:02Z" level=error msg="/moby.buildkit.v1.frontend.LLBBridge/StatFile returned error: rpc error: code = Unknown desc = lstat compose.yaml: no such file or directory" spanID=06c43740e6af952c traceID=9fd79d279749f838ca1743933004fded
2026-05-25T11:43:37.8419574Z lstat compose.yaml: no such file or directory
2026-05-25T11:43:37.8420577Z 7 v0.30.0 /usr/bin/buildkitd --debug --allow-insecure-entitlement=network.host
2026-05-25T11:43:37.8421548Z github.com/tonistiigi/fsutil.Stat
2026-05-25T11:43:37.8422062Z 	/src/vendor/github.com/tonistiigi/fsutil/stat.go:61
2026-05-25T11:43:37.8422912Z github.com/moby/buildkit/cache/util.StatFile
2026-05-25T11:43:37.8423401Z 	/src/cache/util/fsutil.go:99
2026-05-25T11:43:37.8424660Z github.com/moby/buildkit/frontend/gateway.(*llbBridgeForwarder).StatFile
2026-05-25T11:43:37.8425657Z 	/src/frontend/gateway/gateway.go:986
2026-05-25T11:43:37.8426843Z github.com/moby/buildkit/control/gateway.(*GatewayForwarder).StatFile
2026-05-25T11:43:37.8428019Z 	/src/control/gateway/gateway.go:135
2026-05-25T11:43:37.8429153Z github.com/moby/buildkit/frontend/gateway/pb._LLBBridge_StatFile_Handler.func1
2026-05-25T11:43:37.8429994Z 	/src/frontend/gateway/pb/gateway_grpc.pb.go:469
2026-05-25T11:43:37.8431031Z google.golang.org/grpc.getChainUnaryHandler.func1
2026-05-25T11:43:37.8431685Z 	/src/vendor/google.golang.org/grpc/server.go:1243
2026-05-25T11:43:37.8432590Z main.unaryInterceptor
2026-05-25T11:43:37.8433031Z 	/src/cmd/buildkitd/main.go:775
2026-05-25T11:43:37.8433905Z google.golang.org/grpc.NewServer.chainUnaryServerInterceptors.chainUnaryInterceptors.func1
2026-05-25T11:43:37.8434934Z 	/src/vendor/google.golang.org/grpc/server.go:1234
2026-05-25T11:43:37.8437209Z github.com/moby/buildkit/frontend/gateway/pb._LLBBridge_StatFile_Handler
2026-05-25T11:43:37.8438045Z 	/src/frontend/gateway/pb/gateway_grpc.pb.go:471
2026-05-25T11:43:37.8438663Z google.golang.org/grpc.(*Server).processUnaryRPC
2026-05-25T11:43:37.8439262Z 	/src/vendor/google.golang.org/grpc/server.go:1430
2026-05-25T11:43:37.8440167Z google.golang.org/grpc.(*Server).handleStream
2026-05-25T11:43:37.8440759Z 	/src/vendor/google.golang.org/grpc/server.go:1856
2026-05-25T11:43:37.8441382Z google.golang.org/grpc.(*Server).serveStreams.func2.1
2026-05-25T11:43:37.8441990Z 	/src/vendor/google.golang.org/grpc/server.go:1065
2026-05-25T11:43:37.8442498Z runtime.goexit
2026-05-25T11:43:37.8442867Z 	/usr/local/go/src/runtime/asm_amd64.s:1771
2026-05-25T11:43:37.8443240Z 
2026-05-25T11:43:37.8443912Z 7 v0.30.0 /usr/bin/buildkitd --debug --allow-insecure-entitlement=network.host
2026-05-25T11:43:37.8444630Z main.unaryInterceptor
2026-05-25T11:43:37.8445195Z 	/src/cmd/buildkitd/main.go:779
2026-05-25T11:43:37.8446072Z google.golang.org/grpc.NewServer.chainUnaryServerInterceptors.chainUnaryInterceptors.func1
2026-05-25T11:43:37.8447084Z 	/src/vendor/google.golang.org/grpc/server.go:1234
2026-05-25T11:43:37.8447491Z 
2026-05-25T11:43:37.8447870Z 7 v0.30.0 /usr/bin/buildkitd --debug --allow-insecure-entitlement=network.host
2026-05-25T11:43:37.8448647Z github.com/moby/buildkit/cache/util.StatFile
2026-05-25T11:43:37.8449187Z 	/src/cache/util/fsutil.go:105
2026-05-25T11:43:37.8449852Z github.com/moby/buildkit/frontend/gateway.(*llbBridgeForwarder).StatFile
2026-05-25T11:43:37.8450558Z 	/src/frontend/gateway/gateway.go:986
2026-05-25T11:43:37.8450877Z 
2026-05-25T11:43:37.8452307Z time="2026-05-25T11:33:02Z" level=error msg="/moby.buildkit.v1.frontend.LLBBridge/StatFile returned error: rpc error: code = Unknown desc = lstat compose.yml: no such file or directory" spanID=0ff51b2e98eed67a traceID=9fd79d279749f838ca1743933004fded
2026-05-25T11:43:37.8454402Z lstat compose.yml: no such file or directory
2026-05-25T11:43:37.8455696Z 7 v0.30.0 /usr/bin/buildkitd --debug --allow-insecure-entitlement=network.host
2026-05-25T11:43:37.8456730Z github.com/tonistiigi/fsutil.Stat
2026-05-25T11:43:37.8477759Z 	/src/vendor/github.com/tonistiigi/fsutil/stat.go:61
2026-05-25T11:43:37.8478472Z github.com/moby/buildkit/cache/util.StatFile
2026-05-25T11:43:37.8479016Z 	/src/cache/util/fsutil.go:99
2026-05-25T11:43:37.8479697Z github.com/moby/buildkit/frontend/gateway.(*llbBridgeForwarder).StatFile
2026-05-25T11:43:37.8480446Z 	/src/frontend/gateway/gateway.go:986
2026-05-25T11:43:37.8481125Z github.com/moby/buildkit/control/gateway.(*GatewayForwarder).StatFile
2026-05-25T11:43:37.8481816Z 	/src/control/gateway/gateway.go:135
2026-05-25T11:43:37.8482550Z github.com/moby/buildkit/frontend/gateway/pb._LLBBridge_StatFile_Handler.func1
2026-05-25T11:43:37.8483366Z 	/src/frontend/gateway/pb/gateway_grpc.pb.go:469
2026-05-25T11:43:37.8484011Z google.golang.org/grpc.getChainUnaryHandler.func1
2026-05-25T11:43:37.8484653Z 	/src/vendor/google.golang.org/grpc/server.go:1243
2026-05-25T11:43:37.8485664Z main.unaryInterceptor
2026-05-25T11:43:37.8486081Z 	/src/cmd/buildkitd/main.go:775
2026-05-25T11:43:37.8487021Z google.golang.org/grpc.NewServer.chainUnaryServerInterceptors.chainUnaryInterceptors.func1
2026-05-25T11:43:37.8488054Z 	/src/vendor/google.golang.org/grpc/server.go:1234
2026-05-25T11:43:37.8488867Z github.com/moby/buildkit/frontend/gateway/pb._LLBBridge_StatFile_Handler
2026-05-25T11:43:37.8489640Z 	/src/frontend/gateway/pb/gateway_grpc.pb.go:471
2026-05-25T11:43:37.8490264Z google.golang.org/grpc.(*Server).processUnaryRPC
2026-05-25T11:43:37.8490877Z 	/src/vendor/google.golang.org/grpc/server.go:1430
2026-05-25T11:43:37.8491479Z google.golang.org/grpc.(*Server).handleStream
2026-05-25T11:43:37.8492072Z 	/src/vendor/google.golang.org/grpc/server.go:1856
2026-05-25T11:43:37.8492722Z google.golang.org/grpc.(*Server).serveStreams.func2.1
2026-05-25T11:43:37.8493373Z 	/src/vendor/google.golang.org/grpc/server.go:1065
2026-05-25T11:43:37.8493916Z runtime.goexit
2026-05-25T11:43:37.8494367Z 	/usr/local/go/src/runtime/asm_amd64.s:1771
2026-05-25T11:43:37.8494719Z 
2026-05-25T11:43:37.8495357Z 7 v0.30.0 /usr/bin/buildkitd --debug --allow-insecure-entitlement=network.host
2026-05-25T11:43:37.8496136Z main.unaryInterceptor
2026-05-25T11:43:37.8496539Z 	/src/cmd/buildkitd/main.go:779
2026-05-25T11:43:37.8497624Z google.golang.org/grpc.NewServer.chainUnaryServerInterceptors.chainUnaryInterceptors.func1
2026-05-25T11:43:37.8498688Z 	/src/vendor/google.golang.org/grpc/server.go:1234
2026-05-25T11:43:37.8499101Z 
2026-05-25T11:43:37.8499477Z 7 v0.30.0 /usr/bin/buildkitd --debug --allow-insecure-entitlement=network.host
2026-05-25T11:43:37.8500226Z github.com/moby/buildkit/cache/util.StatFile
2026-05-25T11:43:37.8500747Z 	/src/cache/util/fsutil.go:105
2026-05-25T11:43:37.8501294Z github.com/moby/buildkit/frontend/gateway.(*llbBridgeForwarder).StatFile
2026-05-25T11:43:37.8501938Z 	/src/frontend/gateway/gateway.go:986
2026-05-25T11:43:37.8502260Z 
2026-05-25T11:43:37.8503719Z time="2026-05-25T11:33:02Z" level=error msg="/moby.buildkit.v1.frontend.LLBBridge/StatFile returned error: rpc error: code = Unknown desc = lstat docker-compose.yml: no such file or directory" spanID=3757f81814452b26 traceID=9fd79d279749f838ca1743933004fded
2026-05-25T11:43:37.8506022Z lstat docker-compose.yml: no such file or directory
2026-05-25T11:43:37.8506842Z 7 v0.30.0 /usr/bin/buildkitd --debug --allow-insecure-entitlement=network.host
2026-05-25T11:43:37.8507602Z github.com/tonistiigi/fsutil.Stat
2026-05-25T11:43:37.8508148Z 	/src/vendor/github.com/tonistiigi/fsutil/stat.go:61
2026-05-25T11:43:37.8508772Z github.com/moby/buildkit/cache/util.StatFile
2026-05-25T11:43:37.8509298Z 	/src/cache/util/fsutil.go:99
2026-05-25T11:43:37.8509961Z github.com/moby/buildkit/frontend/gateway.(*llbBridgeForwarder).StatFile
2026-05-25T11:43:37.8510700Z 	/src/frontend/gateway/gateway.go:986
2026-05-25T11:43:37.8511383Z github.com/moby/buildkit/control/gateway.(*GatewayForwarder).StatFile
2026-05-25T11:43:37.8512079Z 	/src/control/gateway/gateway.go:135
2026-05-25T11:43:37.8512828Z github.com/moby/buildkit/frontend/gateway/pb._LLBBridge_StatFile_Handler.func1
2026-05-25T11:43:37.8513606Z 	/src/frontend/gateway/pb/gateway_grpc.pb.go:469
2026-05-25T11:43:37.8514228Z google.golang.org/grpc.getChainUnaryHandler.func1
2026-05-25T11:43:37.8514865Z 	/src/vendor/google.golang.org/grpc/server.go:1243
2026-05-25T11:43:37.8515641Z main.unaryInterceptor
2026-05-25T11:43:37.8516076Z 	/src/cmd/buildkitd/main.go:775
2026-05-25T11:43:37.8516929Z google.golang.org/grpc.NewServer.chainUnaryServerInterceptors.chainUnaryInterceptors.func1
2026-05-25T11:43:37.8517900Z 	/src/vendor/google.golang.org/grpc/server.go:1234
2026-05-25T11:43:37.8518647Z github.com/moby/buildkit/frontend/gateway/pb._LLBBridge_StatFile_Handler
2026-05-25T11:43:37.8519402Z 	/src/frontend/gateway/pb/gateway_grpc.pb.go:471
2026-05-25T11:43:37.8519987Z google.golang.org/grpc.(*Server).processUnaryRPC
2026-05-25T11:43:37.8520570Z 	/src/vendor/google.golang.org/grpc/server.go:1430
2026-05-25T11:43:37.8521317Z google.golang.org/grpc.(*Server).handleStream
2026-05-25T11:43:37.8521950Z 	/src/vendor/google.golang.org/grpc/server.go:1856
2026-05-25T11:43:37.8522561Z google.golang.org/grpc.(*Server).serveStreams.func2.1
2026-05-25T11:43:37.8523156Z 	/src/vendor/google.golang.org/grpc/server.go:1065
2026-05-25T11:43:37.8523717Z runtime.goexit
2026-05-25T11:43:37.8524087Z 	/usr/local/go/src/runtime/asm_amd64.s:1771
2026-05-25T11:43:37.8524419Z 
2026-05-25T11:43:37.8524790Z 7 v0.30.0 /usr/bin/buildkitd --debug --allow-insecure-entitlement=network.host
2026-05-25T11:43:37.8525726Z main.unaryInterceptor
2026-05-25T11:43:37.8526121Z 	/src/cmd/buildkitd/main.go:779
2026-05-25T11:43:37.8527034Z google.golang.org/grpc.NewServer.chainUnaryServerInterceptors.chainUnaryInterceptors.func1
2026-05-25T11:43:37.8527982Z 	/src/vendor/google.golang.org/grpc/server.go:1234
2026-05-25T11:43:37.8528357Z 
2026-05-25T11:43:37.8528706Z 7 v0.30.0 /usr/bin/buildkitd --debug --allow-insecure-entitlement=network.host
2026-05-25T11:43:37.8529390Z github.com/moby/buildkit/cache/util.StatFile
2026-05-25T11:43:37.8529847Z 	/src/cache/util/fsutil.go:105
2026-05-25T11:43:37.8530459Z github.com/moby/buildkit/frontend/gateway.(*llbBridgeForwarder).StatFile
2026-05-25T11:43:37.8531151Z 	/src/frontend/gateway/gateway.go:986
2026-05-25T11:43:37.8531450Z 
2026-05-25T11:43:37.8533057Z time="2026-05-25T11:33:02Z" level=error msg="/moby.buildkit.v1.frontend.LLBBridge/StatFile returned error: rpc error: code = Unknown desc = lstat docker-compose.yaml: no such file or directory" spanID=6fd0343dfa93bed5 traceID=9fd79d279749f838ca1743933004fded
2026-05-25T11:43:37.8534951Z lstat docker-compose.yaml: no such file or directory
2026-05-25T11:43:37.8535954Z 7 v0.30.0 /usr/bin/buildkitd --debug --allow-insecure-entitlement=network.host
2026-05-25T11:43:37.8536664Z github.com/tonistiigi/fsutil.Stat
2026-05-25T11:43:37.8537172Z 	/src/vendor/github.com/tonistiigi/fsutil/stat.go:61
2026-05-25T11:43:37.8537710Z github.com/moby/buildkit/cache/util.StatFile
2026-05-25T11:43:37.8538033Z 	/src/cache/util/fsutil.go:99
2026-05-25T11:43:37.8538399Z github.com/moby/buildkit/frontend/gateway.(*llbBridgeForwarder).StatFile
2026-05-25T11:43:37.8538811Z 	/src/frontend/gateway/gateway.go:986
2026-05-25T11:43:37.8539177Z github.com/moby/buildkit/control/gateway.(*GatewayForwarder).StatFile
2026-05-25T11:43:37.8539556Z 	/src/control/gateway/gateway.go:135
2026-05-25T11:43:37.8539951Z github.com/moby/buildkit/frontend/gateway/pb._LLBBridge_StatFile_Handler.func1
2026-05-25T11:43:37.8540396Z 	/src/frontend/gateway/pb/gateway_grpc.pb.go:469
2026-05-25T11:43:37.8540752Z google.golang.org/grpc.getChainUnaryHandler.func1
2026-05-25T11:43:37.8541120Z 	/src/vendor/google.golang.org/grpc/server.go:1243
2026-05-25T11:43:37.8541427Z main.unaryInterceptor
2026-05-25T11:43:37.8541657Z 	/src/cmd/buildkitd/main.go:775
2026-05-25T11:43:37.8542133Z google.golang.org/grpc.NewServer.chainUnaryServerInterceptors.chainUnaryInterceptors.func1
2026-05-25T11:43:37.8542660Z 	/src/vendor/google.golang.org/grpc/server.go:1234
2026-05-25T11:43:37.8543072Z github.com/moby/buildkit/frontend/gateway/pb._LLBBridge_StatFile_Handler
2026-05-25T11:43:37.8543479Z 	/src/frontend/gateway/pb/gateway_grpc.pb.go:471
2026-05-25T11:43:37.8543804Z google.golang.org/grpc.(*Server).processUnaryRPC
2026-05-25T11:43:37.8544136Z 	/src/vendor/google.golang.org/grpc/server.go:1430
2026-05-25T11:43:37.8544456Z google.golang.org/grpc.(*Server).handleStream
2026-05-25T11:43:37.8544771Z 	/src/vendor/google.golang.org/grpc/server.go:1856
2026-05-25T11:43:37.8545368Z google.golang.org/grpc.(*Server).serveStreams.func2.1
2026-05-25T11:43:37.8545741Z 	/src/vendor/google.golang.org/grpc/server.go:1065
2026-05-25T11:43:37.8546026Z runtime.goexit
2026-05-25T11:43:37.8546249Z 	/usr/local/go/src/runtime/asm_amd64.s:1771
2026-05-25T11:43:37.8546439Z 
2026-05-25T11:43:37.8546667Z 7 v0.30.0 /usr/bin/buildkitd --debug --allow-insecure-entitlement=network.host
2026-05-25T11:43:37.8547074Z main.unaryInterceptor
2026-05-25T11:43:37.8547486Z 	/src/cmd/buildkitd/main.go:779
2026-05-25T11:43:37.8547959Z google.golang.org/grpc.NewServer.chainUnaryServerInterceptors.chainUnaryInterceptors.func1
2026-05-25T11:43:37.8548498Z 	/src/vendor/google.golang.org/grpc/server.go:1234
2026-05-25T11:43:37.8548711Z 
2026-05-25T11:43:37.8548925Z 7 v0.30.0 /usr/bin/buildkitd --debug --allow-insecure-entitlement=network.host
2026-05-25T11:43:37.8549348Z github.com/moby/buildkit/cache/util.StatFile
2026-05-25T11:43:37.8549637Z 	/src/cache/util/fsutil.go:105
2026-05-25T11:43:37.8549994Z github.com/moby/buildkit/frontend/gateway.(*llbBridgeForwarder).StatFile
2026-05-25T11:43:37.8550392Z 	/src/frontend/gateway/gateway.go:986
2026-05-25T11:43:37.8550573Z 
2026-05-25T11:43:37.8551386Z time="2026-05-25T11:33:02Z" level=error msg="/moby.buildkit.v1.frontend.LLBBridge/StatFile returned error: rpc error: code = Unknown desc = lstat docker-bake.json: no such file or directory" spanID=80fa1d4ac58502d2 traceID=9fd79d279749f838ca1743933004fded
2026-05-25T11:43:37.8552390Z lstat docker-bake.json: no such file or directory
2026-05-25T11:43:37.8552813Z 7 v0.30.0 /usr/bin/buildkitd --debug --allow-insecure-entitlement=network.host
2026-05-25T11:43:37.8553223Z github.com/tonistiigi/fsutil.Stat
2026-05-25T11:43:37.8553532Z 	/src/vendor/github.com/tonistiigi/fsutil/stat.go:61
2026-05-25T11:43:37.8554039Z github.com/moby/buildkit/cache/util.StatFile
2026-05-25T11:43:37.8554487Z 	/src/cache/util/fsutil.go:99
2026-05-25T11:43:37.8554851Z github.com/moby/buildkit/frontend/gateway.(*llbBridgeForwarder).StatFile
2026-05-25T11:43:37.8555483Z 	/src/frontend/gateway/gateway.go:986
2026-05-25T11:43:37.8555862Z github.com/moby/buildkit/control/gateway.(*GatewayForwarder).StatFile
2026-05-25T11:43:37.8556239Z 	/src/control/gateway/gateway.go:135
2026-05-25T11:43:37.8556631Z github.com/moby/buildkit/frontend/gateway/pb._LLBBridge_StatFile_Handler.func1
2026-05-25T11:43:37.8557074Z 	/src/frontend/gateway/pb/gateway_grpc.pb.go:469
2026-05-25T11:43:37.8557514Z google.golang.org/grpc.getChainUnaryHandler.func1
2026-05-25T11:43:37.8557972Z 	/src/vendor/google.golang.org/grpc/server.go:1243
2026-05-25T11:43:37.8558334Z main.unaryInterceptor
2026-05-25T11:43:37.8558689Z 	/src/cmd/buildkitd/main.go:775
2026-05-25T11:43:37.8559481Z google.golang.org/grpc.NewServer.chainUnaryServerInterceptors.chainUnaryInterceptors.func1
2026-05-25T11:43:37.8560195Z 	/src/vendor/google.golang.org/grpc/server.go:1234
2026-05-25T11:43:37.8560616Z github.com/moby/buildkit/frontend/gateway/pb._LLBBridge_StatFile_Handler
2026-05-25T11:43:37.8561198Z 	/src/frontend/gateway/pb/gateway_grpc.pb.go:471
2026-05-25T11:43:37.8561533Z google.golang.org/grpc.(*Server).processUnaryRPC
2026-05-25T11:43:37.8562013Z 	/src/vendor/google.golang.org/grpc/server.go:1430
2026-05-25T11:43:37.8562341Z google.golang.org/grpc.(*Server).handleStream
2026-05-25T11:43:37.8562807Z 	/src/vendor/google.golang.org/grpc/server.go:1856
2026-05-25T11:43:37.8563166Z google.golang.org/grpc.(*Server).serveStreams.func2.1
2026-05-25T11:43:37.8563632Z 	/src/vendor/google.golang.org/grpc/server.go:1065
2026-05-25T11:43:37.8563964Z runtime.goexit
2026-05-25T11:43:37.8564264Z 	/usr/local/go/src/runtime/asm_amd64.s:1771
2026-05-25T11:43:37.8564459Z 
2026-05-25T11:43:37.8564789Z 7 v0.30.0 /usr/bin/buildkitd --debug --allow-insecure-entitlement=network.host
2026-05-25T11:43:37.8565428Z main.unaryInterceptor
2026-05-25T11:43:37.8565780Z 	/src/cmd/buildkitd/main.go:779
2026-05-25T11:43:37.8566381Z google.golang.org/grpc.NewServer.chainUnaryServerInterceptors.chainUnaryInterceptors.func1
2026-05-25T11:43:37.8567031Z 	/src/vendor/google.golang.org/grpc/server.go:1234
2026-05-25T11:43:37.8567253Z 
2026-05-25T11:43:37.8567593Z 7 v0.30.0 /usr/bin/buildkitd --debug --allow-insecure-entitlement=network.host
2026-05-25T11:43:37.8568131Z github.com/moby/buildkit/cache/util.StatFile
2026-05-25T11:43:37.8568455Z 	/src/cache/util/fsutil.go:105
2026-05-25T11:43:37.8568944Z github.com/moby/buildkit/frontend/gateway.(*llbBridgeForwarder).StatFile
2026-05-25T11:43:37.8569456Z 	/src/frontend/gateway/gateway.go:986
2026-05-25T11:43:37.8569837Z 
2026-05-25T11:43:37.8570826Z time="2026-05-25T11:33:02Z" level=error msg="/moby.buildkit.v1.frontend.LLBBridge/StatFile returned error: rpc error: code = Unknown desc = lstat docker-bake.override.json: no such file or directory" spanID=5ae822566ccd1714 traceID=9fd79d279749f838ca1743933004fded
2026-05-25T11:43:37.8572025Z lstat docker-bake.override.json: no such file or directory
2026-05-25T11:43:37.8572476Z 7 v0.30.0 /usr/bin/buildkitd --debug --allow-insecure-entitlement=network.host
2026-05-25T11:43:37.8572876Z github.com/tonistiigi/fsutil.Stat
2026-05-25T11:43:37.8573177Z 	/src/vendor/github.com/tonistiigi/fsutil/stat.go:61
2026-05-25T11:43:37.8573502Z github.com/moby/buildkit/cache/util.StatFile
2026-05-25T11:43:37.8573785Z 	/src/cache/util/fsutil.go:99
2026-05-25T11:43:37.8574143Z github.com/moby/buildkit/frontend/gateway.(*llbBridgeForwarder).StatFile
2026-05-25T11:43:37.8574529Z 	/src/frontend/gateway/gateway.go:986
2026-05-25T11:43:37.8574892Z github.com/moby/buildkit/control/gateway.(*GatewayForwarder).StatFile
2026-05-25T11:43:37.8575508Z 	/src/control/gateway/gateway.go:135
2026-05-25T11:43:37.8575902Z github.com/moby/buildkit/frontend/gateway/pb._LLBBridge_StatFile_Handler.func1
2026-05-25T11:43:37.8576392Z 	/src/frontend/gateway/pb/gateway_grpc.pb.go:469
2026-05-25T11:43:37.8577215Z google.golang.org/grpc.getChainUnaryHandler.func1
2026-05-25T11:43:37.8577814Z 	/src/vendor/google.golang.org/grpc/server.go:1243
2026-05-25T11:43:37.8578127Z main.unaryInterceptor
2026-05-25T11:43:37.8578370Z 	/src/cmd/buildkitd/main.go:775
2026-05-25T11:43:37.8578853Z google.golang.org/grpc.NewServer.chainUnaryServerInterceptors.chainUnaryInterceptors.func1
2026-05-25T11:43:37.8579387Z 	/src/vendor/google.golang.org/grpc/server.go:1234
2026-05-25T11:43:37.8579798Z github.com/moby/buildkit/frontend/gateway/pb._LLBBridge_StatFile_Handler
2026-05-25T11:43:37.8580210Z 	/src/frontend/gateway/pb/gateway_grpc.pb.go:471
2026-05-25T11:43:37.8580539Z google.golang.org/grpc.(*Server).processUnaryRPC
2026-05-25T11:43:37.8580872Z 	/src/vendor/google.golang.org/grpc/server.go:1430
2026-05-25T11:43:37.8581201Z google.golang.org/grpc.(*Server).handleStream
2026-05-25T11:43:37.8581519Z 	/src/vendor/google.golang.org/grpc/server.go:1856
2026-05-25T11:43:37.8581864Z google.golang.org/grpc.(*Server).serveStreams.func2.1
2026-05-25T11:43:37.8582209Z 	/src/vendor/google.golang.org/grpc/server.go:1065
2026-05-25T11:43:37.8582492Z runtime.goexit
2026-05-25T11:43:37.8582713Z 	/usr/local/go/src/runtime/asm_amd64.s:1771
2026-05-25T11:43:37.8582901Z 
2026-05-25T11:43:37.8583116Z 7 v0.30.0 /usr/bin/buildkitd --debug --allow-insecure-entitlement=network.host
2026-05-25T11:43:37.8583516Z main.unaryInterceptor
2026-05-25T11:43:37.8583752Z 	/src/cmd/buildkitd/main.go:779
2026-05-25T11:43:37.8584222Z google.golang.org/grpc.NewServer.chainUnaryServerInterceptors.chainUnaryInterceptors.func1
2026-05-25T11:43:37.8584794Z 	/src/vendor/google.golang.org/grpc/server.go:1234
2026-05-25T11:43:37.8585009Z 
2026-05-25T11:43:37.8585633Z 7 v0.30.0 /usr/bin/buildkitd --debug --allow-insecure-entitlement=network.host
2026-05-25T11:43:37.8586142Z github.com/moby/buildkit/cache/util.StatFile
2026-05-25T11:43:37.8586433Z 	/src/cache/util/fsutil.go:105
2026-05-25T11:43:37.8586789Z github.com/moby/buildkit/frontend/gateway.(*llbBridgeForwarder).StatFile
2026-05-25T11:43:37.8587186Z 	/src/frontend/gateway/gateway.go:986
2026-05-25T11:43:37.8587373Z 
2026-05-25T11:43:37.8588214Z time="2026-05-25T11:33:02Z" level=error msg="/moby.buildkit.v1.frontend.LLBBridge/StatFile returned error: rpc error: code = Unknown desc = lstat docker-bake.override.hcl: no such file or directory" spanID=c59bd8c99f54ccc4 traceID=9fd79d279749f838ca1743933004fded
2026-05-25T11:43:37.8589293Z lstat docker-bake.override.hcl: no such file or directory
2026-05-25T11:43:37.8589738Z 7 v0.30.0 /usr/bin/buildkitd --debug --allow-insecure-entitlement=network.host
2026-05-25T11:43:37.8590137Z github.com/tonistiigi/fsutil.Stat
2026-05-25T11:43:37.8590443Z 	/src/vendor/github.com/tonistiigi/fsutil/stat.go:61
2026-05-25T11:43:37.8590930Z github.com/moby/buildkit/cache/util.StatFile
2026-05-25T11:43:37.8591211Z 	/src/cache/util/fsutil.go:99
2026-05-25T11:43:37.8591560Z github.com/moby/buildkit/frontend/gateway.(*llbBridgeForwarder).StatFile
2026-05-25T11:43:37.8591948Z 	/src/frontend/gateway/gateway.go:986
2026-05-25T11:43:37.8592316Z github.com/moby/buildkit/control/gateway.(*GatewayForwarder).StatFile
2026-05-25T11:43:37.8592701Z 	/src/control/gateway/gateway.go:135
2026-05-25T11:43:37.8593087Z github.com/moby/buildkit/frontend/gateway/pb._LLBBridge_StatFile_Handler.func1
2026-05-25T11:43:37.8593522Z 	/src/frontend/gateway/pb/gateway_grpc.pb.go:469
2026-05-25T11:43:37.8593869Z google.golang.org/grpc.getChainUnaryHandler.func1
2026-05-25T11:43:37.8594213Z 	/src/vendor/google.golang.org/grpc/server.go:1243
2026-05-25T11:43:37.8594514Z main.unaryInterceptor
2026-05-25T11:43:37.8594741Z 	/src/cmd/buildkitd/main.go:775
2026-05-25T11:43:37.8595536Z google.golang.org/grpc.NewServer.chainUnaryServerInterceptors.chainUnaryInterceptors.func1
2026-05-25T11:43:37.8596094Z 	/src/vendor/google.golang.org/grpc/server.go:1234
2026-05-25T11:43:37.8596500Z github.com/moby/buildkit/frontend/gateway/pb._LLBBridge_StatFile_Handler
2026-05-25T11:43:37.8596916Z 	/src/frontend/gateway/pb/gateway_grpc.pb.go:471
2026-05-25T11:43:37.8597444Z google.golang.org/grpc.(*Server).processUnaryRPC
2026-05-25T11:43:37.8597817Z 	/src/vendor/google.golang.org/grpc/server.go:1430
2026-05-25T11:43:37.8598401Z google.golang.org/grpc.(*Server).handleStream
2026-05-25T11:43:37.8598986Z 	/src/vendor/google.golang.org/grpc/server.go:1856
2026-05-25T11:43:37.8599822Z google.golang.org/grpc.(*Server).serveStreams.func2.1
2026-05-25T11:43:37.8600238Z 	/src/vendor/google.golang.org/grpc/server.go:1065
2026-05-25T11:43:37.8600530Z runtime.goexit
2026-05-25T11:43:37.8600754Z 	/usr/local/go/src/runtime/asm_amd64.s:1771
2026-05-25T11:43:37.8600945Z 
2026-05-25T11:43:37.8601161Z 7 v0.30.0 /usr/bin/buildkitd --debug --allow-insecure-entitlement=network.host
2026-05-25T11:43:37.8601562Z main.unaryInterceptor
2026-05-25T11:43:37.8601788Z 	/src/cmd/buildkitd/main.go:779
2026-05-25T11:43:37.8602255Z google.golang.org/grpc.NewServer.chainUnaryServerInterceptors.chainUnaryInterceptors.func1
2026-05-25T11:43:37.8602786Z 	/src/vendor/google.golang.org/grpc/server.go:1234
2026-05-25T11:43:37.8602995Z 
2026-05-25T11:43:37.8603209Z 7 v0.30.0 /usr/bin/buildkitd --debug --allow-insecure-entitlement=network.host
2026-05-25T11:43:37.8603625Z github.com/moby/buildkit/cache/util.StatFile
2026-05-25T11:43:37.8603908Z 	/src/cache/util/fsutil.go:105
2026-05-25T11:43:37.8604258Z github.com/moby/buildkit/frontend/gateway.(*llbBridgeForwarder).StatFile
2026-05-25T11:43:37.8604657Z 	/src/frontend/gateway/gateway.go:986
2026-05-25T11:43:37.8604836Z 
2026-05-25T11:43:37.8605467Z time="2026-05-25T11:33:02Z" level=debug msg="session finished: <nil>" spanID=d3baa6ee95538adc traceID=9fd79d279749f838ca1743933004fded
2026-05-25T11:43:37.8606301Z time="2026-05-25T11:33:02Z" level=debug msg="session started" spanID=4f3494fa27e7eec2 traceID=c2296a3a639d2a73c8e8f6810da402db
2026-05-25T11:43:37.8607825Z time="2026-05-25T11:33:02Z" level=debug msg="load cache for [internal] load git source https://github.com/moby/buildkit.git#d6b444d4e18204d7f7e6fac28037ab1e28666d1b with m5w92qdjtg71a30xbs8lg21a5::80f7brw8yqwrsoxi9nnbxcjew"
2026-05-25T11:43:37.8609556Z time="2026-05-25T11:33:02Z" level=error msg="/moby.buildkit.v1.frontend.LLBBridge/StatFile returned error: rpc error: code = Unknown desc = lstat compose.yaml: no such file or directory" spanID=760f4b2590ed3c58 traceID=c2296a3a639d2a73c8e8f6810da402db
2026-05-25T11:43:37.8610851Z lstat compose.yaml: no such file or directory
2026-05-25T11:43:37.8611415Z 7 v0.30.0 /usr/bin/buildkitd --debug --allow-insecure-entitlement=network.host
2026-05-25T11:43:37.8611834Z github.com/tonistiigi/fsutil.Stat
2026-05-25T11:43:37.8612149Z 	/src/vendor/github.com/tonistiigi/fsutil/stat.go:61
2026-05-25T11:43:37.8612478Z github.com/moby/buildkit/cache/util.StatFile
2026-05-25T11:43:37.8612940Z 	/src/cache/util/fsutil.go:99
2026-05-25T11:43:37.8613291Z github.com/moby/buildkit/frontend/gateway.(*llbBridgeForwarder).StatFile
2026-05-25T11:43:37.8613680Z 	/src/frontend/gateway/gateway.go:986
2026-05-25T11:43:37.8614039Z github.com/moby/buildkit/control/gateway.(*GatewayForwarder).StatFile
2026-05-25T11:43:37.8614423Z 	/src/control/gateway/gateway.go:135
2026-05-25T11:43:37.8614813Z github.com/moby/buildkit/frontend/gateway/pb._LLBBridge_StatFile_Handler.func1
2026-05-25T11:43:37.8615568Z 	/src/frontend/gateway/pb/gateway_grpc.pb.go:469
2026-05-25T11:43:37.8615925Z google.golang.org/grpc.getChainUnaryHandler.func1
2026-05-25T11:43:37.8616275Z 	/src/vendor/google.golang.org/grpc/server.go:1243
2026-05-25T11:43:37.8616576Z main.unaryInterceptor
2026-05-25T11:43:37.8616812Z 	/src/cmd/buildkitd/main.go:775
2026-05-25T11:43:37.8617279Z google.golang.org/grpc.NewServer.chainUnaryServerInterceptors.chainUnaryInterceptors.func1
2026-05-25T11:43:37.8617804Z 	/src/vendor/google.golang.org/grpc/server.go:1234
2026-05-25T11:43:37.8618216Z github.com/moby/buildkit/frontend/gateway/pb._LLBBridge_StatFile_Handler
2026-05-25T11:43:37.8618625Z 	/src/frontend/gateway/pb/gateway_grpc.pb.go:471
2026-05-25T11:43:37.8618967Z google.golang.org/grpc.(*Server).processUnaryRPC
2026-05-25T11:43:37.8619429Z 	/src/vendor/google.golang.org/grpc/server.go:1430
2026-05-25T11:43:37.8619758Z google.golang.org/grpc.(*Server).handleStream
2026-05-25T11:43:37.8620075Z 	/src/vendor/google.golang.org/grpc/server.go:1856
2026-05-25T11:43:37.8620420Z google.golang.org/grpc.(*Server).serveStreams.func2.1
2026-05-25T11:43:37.8620763Z 	/src/vendor/google.golang.org/grpc/server.go:1065
2026-05-25T11:43:37.8621057Z runtime.goexit
2026-05-25T11:43:37.8621274Z 	/usr/local/go/src/runtime/asm_amd64.s:1771
2026-05-25T11:43:37.8621469Z 
2026-05-25T11:43:37.8621679Z 7 v0.30.0 /usr/bin/buildkitd --debug --allow-insecure-entitlement=network.host
2026-05-25T11:43:37.8622075Z main.unaryInterceptor
2026-05-25T11:43:37.8622304Z 	/src/cmd/buildkitd/main.go:779
2026-05-25T11:43:37.8622774Z google.golang.org/grpc.NewServer.chainUnaryServerInterceptors.chainUnaryInterceptors.func1
2026-05-25T11:43:37.8623297Z 	/src/vendor/google.golang.org/grpc/server.go:1234
2026-05-25T11:43:37.8623508Z 
2026-05-25T11:43:37.8623712Z 7 v0.30.0 /usr/bin/buildkitd --debug --allow-insecure-entitlement=network.host
2026-05-25T11:43:37.8624123Z github.com/moby/buildkit/cache/util.StatFile
2026-05-25T11:43:37.8624408Z 	/src/cache/util/fsutil.go:105
2026-05-25T11:43:37.8624778Z github.com/moby/buildkit/frontend/gateway.(*llbBridgeForwarder).StatFile
2026-05-25T11:43:37.8625415Z 	/src/frontend/gateway/gateway.go:986
2026-05-25T11:43:37.8625612Z 
2026-05-25T11:43:37.8626442Z time="2026-05-25T11:33:02Z" level=error msg="/moby.buildkit.v1.frontend.LLBBridge/StatFile returned error: rpc error: code = Unknown desc = lstat compose.yml: no such file or directory" spanID=93e7af87c406bfb7 traceID=c2296a3a639d2a73c8e8f6810da402db
2026-05-25T11:43:37.8627901Z lstat compose.yml: no such file or directory
2026-05-25T11:43:37.8628348Z 7 v0.30.0 /usr/bin/buildkitd --debug --allow-insecure-entitlement=network.host
2026-05-25T11:43:37.8628759Z github.com/tonistiigi/fsutil.Stat
2026-05-25T11:43:37.8629063Z 	/src/vendor/github.com/tonistiigi/fsutil/stat.go:61
2026-05-25T11:43:37.8629396Z github.com/moby/buildkit/cache/util.StatFile
2026-05-25T11:43:37.8629686Z 	/src/cache/util/fsutil.go:99
2026-05-25T11:43:37.8630042Z github.com/moby/buildkit/frontend/gateway.(*llbBridgeForwarder).StatFile
2026-05-25T11:43:37.8630444Z 	/src/frontend/gateway/gateway.go:986
2026-05-25T11:43:37.8630816Z github.com/moby/buildkit/control/gateway.(*GatewayForwarder).StatFile
2026-05-25T11:43:37.8631191Z 	/src/control/gateway/gateway.go:135
2026-05-25T11:43:37.8631577Z github.com/moby/buildkit/frontend/gateway/pb._LLBBridge_StatFile_Handler.func1
2026-05-25T11:43:37.8632022Z 	/src/frontend/gateway/pb/gateway_grpc.pb.go:469
2026-05-25T11:43:37.8632367Z google.golang.org/grpc.getChainUnaryHandler.func1
2026-05-25T11:43:37.8632869Z 	/src/vendor/google.golang.org/grpc/server.go:1243
2026-05-25T11:43:37.8633174Z main.unaryInterceptor
2026-05-25T11:43:37.8633399Z 	/src/cmd/buildkitd/main.go:775
2026-05-25T11:43:37.8633863Z google.golang.org/grpc.NewServer.chainUnaryServerInterceptors.chainUnaryInterceptors.func1
2026-05-25T11:43:37.8634392Z 	/src/vendor/google.golang.org/grpc/server.go:1234
2026-05-25T11:43:37.8634796Z github.com/moby/buildkit/frontend/gateway/pb._LLBBridge_StatFile_Handler
2026-05-25T11:43:37.8635488Z 	/src/frontend/gateway/pb/gateway_grpc.pb.go:471
2026-05-25T11:43:37.8635838Z google.golang.org/grpc.(*Server).processUnaryRPC
2026-05-25T11:43:37.8636172Z 	/src/vendor/google.golang.org/grpc/server.go:1430
2026-05-25T11:43:37.8636501Z google.golang.org/grpc.(*Server).handleStream
2026-05-25T11:43:37.8636821Z 	/src/vendor/google.golang.org/grpc/server.go:1856
2026-05-25T11:43:37.8637170Z google.golang.org/grpc.(*Server).serveStreams.func2.1
2026-05-25T11:43:37.8637521Z 	/src/vendor/google.golang.org/grpc/server.go:1065
2026-05-25T11:43:37.8637813Z runtime.goexit
2026-05-25T11:43:37.8638035Z 	/usr/local/go/src/runtime/asm_amd64.s:1771
2026-05-25T11:43:37.8638232Z 
2026-05-25T11:43:37.8638440Z 7 v0.30.0 /usr/bin/buildkitd --debug --allow-insecure-entitlement=network.host
2026-05-25T11:43:37.8638835Z main.unaryInterceptor
2026-05-25T11:43:37.8639197Z 	/src/cmd/buildkitd/main.go:779
2026-05-25T11:43:37.8639676Z google.golang.org/grpc.NewServer.chainUnaryServerInterceptors.chainUnaryInterceptors.func1
2026-05-25T11:43:37.8640211Z 	/src/vendor/google.golang.org/grpc/server.go:1234
2026-05-25T11:43:37.8640433Z 
2026-05-25T11:43:37.8640642Z 7 v0.30.0 /usr/bin/buildkitd --debug --allow-insecure-entitlement=network.host
2026-05-25T11:43:37.8641061Z github.com/moby/buildkit/cache/util.StatFile
2026-05-25T11:43:37.8641356Z 	/src/cache/util/fsutil.go:105
2026-05-25T11:43:37.8641715Z github.com/moby/buildkit/frontend/gateway.(*llbBridgeForwarder).StatFile
2026-05-25T11:43:37.8642104Z 	/src/frontend/gateway/gateway.go:986
2026-05-25T11:43:37.8642292Z 
2026-05-25T11:43:37.8643101Z time="2026-05-25T11:33:02Z" level=error msg="/moby.buildkit.v1.frontend.LLBBridge/StatFile returned error: rpc error: code = Unknown desc = lstat docker-compose.yml: no such file or directory" spanID=f27cc61e09bf7c57 traceID=c2296a3a639d2a73c8e8f6810da402db
2026-05-25T11:43:37.8644127Z lstat docker-compose.yml: no such file or directory
2026-05-25T11:43:37.8644559Z 7 v0.30.0 /usr/bin/buildkitd --debug --allow-insecure-entitlement=network.host
2026-05-25T11:43:37.8644957Z github.com/tonistiigi/fsutil.Stat
2026-05-25T11:43:37.8645476Z 	/src/vendor/github.com/tonistiigi/fsutil/stat.go:61
2026-05-25T11:43:37.8645817Z github.com/moby/buildkit/cache/util.StatFile
2026-05-25T11:43:37.8646102Z 	/src/cache/util/fsutil.go:99
2026-05-25T11:43:37.8646457Z github.com/moby/buildkit/frontend/gateway.(*llbBridgeForwarder).StatFile
2026-05-25T11:43:37.8646844Z 	/src/frontend/gateway/gateway.go:986
2026-05-25T11:43:37.8647202Z github.com/moby/buildkit/control/gateway.(*GatewayForwarder).StatFile
2026-05-25T11:43:37.8647580Z 	/src/control/gateway/gateway.go:135
2026-05-25T11:43:37.8647967Z github.com/moby/buildkit/frontend/gateway/pb._LLBBridge_StatFile_Handler.func1
2026-05-25T11:43:37.8648398Z 	/src/frontend/gateway/pb/gateway_grpc.pb.go:469
2026-05-25T11:43:37.8648739Z google.golang.org/grpc.getChainUnaryHandler.func1
2026-05-25T11:43:37.8649081Z 	/src/vendor/google.golang.org/grpc/server.go:1243
2026-05-25T11:43:37.8649378Z main.unaryInterceptor
2026-05-25T11:43:37.8649600Z 	/src/cmd/buildkitd/main.go:775
2026-05-25T11:43:37.8650061Z google.golang.org/grpc.NewServer.chainUnaryServerInterceptors.chainUnaryInterceptors.func1
2026-05-25T11:43:37.8650591Z 	/src/vendor/google.golang.org/grpc/server.go:1234
2026-05-25T11:43:37.8651004Z github.com/moby/buildkit/frontend/gateway/pb._LLBBridge_StatFile_Handler
2026-05-25T11:43:37.8651415Z 	/src/frontend/gateway/pb/gateway_grpc.pb.go:471
2026-05-25T11:43:37.8651744Z google.golang.org/grpc.(*Server).processUnaryRPC
2026-05-25T11:43:37.8652205Z 	/src/vendor/google.golang.org/grpc/server.go:1430
2026-05-25T11:43:37.8652704Z google.golang.org/grpc.(*Server).handleStream
2026-05-25T11:43:37.8653021Z 	/src/vendor/google.golang.org/grpc/server.go:1856
2026-05-25T11:43:37.8653368Z google.golang.org/grpc.(*Server).serveStreams.func2.1
2026-05-25T11:43:37.8653711Z 	/src/vendor/google.golang.org/grpc/server.go:1065
2026-05-25T11:43:37.8654001Z runtime.goexit
2026-05-25T11:43:37.8654221Z 	/usr/local/go/src/runtime/asm_amd64.s:1771
2026-05-25T11:43:37.8654410Z 
2026-05-25T11:43:37.8654630Z 7 v0.30.0 /usr/bin/buildkitd --debug --allow-insecure-entitlement=network.host
2026-05-25T11:43:37.8655229Z main.unaryInterceptor
2026-05-25T11:43:37.8655477Z 	/src/cmd/buildkitd/main.go:779
2026-05-25T11:43:37.8655947Z google.golang.org/grpc.NewServer.chainUnaryServerInterceptors.chainUnaryInterceptors.func1
2026-05-25T11:43:37.8656590Z 	/src/vendor/google.golang.org/grpc/server.go:1234
2026-05-25T11:43:37.8656810Z 
2026-05-25T11:43:37.8657030Z 7 v0.30.0 /usr/bin/buildkitd --debug --allow-insecure-entitlement=network.host
2026-05-25T11:43:37.8657515Z github.com/moby/buildkit/cache/util.StatFile
2026-05-25T11:43:37.8658055Z 	/src/cache/util/fsutil.go:105
2026-05-25T11:43:37.8658505Z github.com/moby/buildkit/frontend/gateway.(*llbBridgeForwarder).StatFile
2026-05-25T11:43:37.8659077Z 	/src/frontend/gateway/gateway.go:986
2026-05-25T11:43:37.8659277Z 
2026-05-25T11:43:37.8660131Z time="2026-05-25T11:33:02Z" level=error msg="/moby.buildkit.v1.frontend.LLBBridge/StatFile returned error: rpc error: code = Unknown desc = lstat docker-compose.yaml: no such file or directory" spanID=c392cc63f08de7f9 traceID=c2296a3a639d2a73c8e8f6810da402db
2026-05-25T11:43:37.8661212Z lstat docker-compose.yaml: no such file or directory
2026-05-25T11:43:37.8661674Z 7 v0.30.0 /usr/bin/buildkitd --debug --allow-insecure-entitlement=network.host
2026-05-25T11:43:37.8662085Z github.com/tonistiigi/fsutil.Stat
2026-05-25T11:43:37.8662388Z 	/src/vendor/github.com/tonistiigi/fsutil/stat.go:61
2026-05-25T11:43:37.8662720Z github.com/moby/buildkit/cache/util.StatFile
2026-05-25T11:43:37.8663006Z 	/src/cache/util/fsutil.go:99
2026-05-25T11:43:37.8663362Z github.com/moby/buildkit/frontend/gateway.(*llbBridgeForwarder).StatFile
2026-05-25T11:43:37.8663750Z 	/src/frontend/gateway/gateway.go:986
2026-05-25T11:43:37.8664111Z github.com/moby/buildkit/control/gateway.(*GatewayForwarder).StatFile
2026-05-25T11:43:37.8664491Z 	/src/control/gateway/gateway.go:135
2026-05-25T11:43:37.8664877Z github.com/moby/buildkit/frontend/gateway/pb._LLBBridge_StatFile_Handler.func1
2026-05-25T11:43:37.8665588Z 	/src/frontend/gateway/pb/gateway_grpc.pb.go:469
2026-05-25T11:43:37.8665937Z google.golang.org/grpc.getChainUnaryHandler.func1
2026-05-25T11:43:37.8666282Z 	/src/vendor/google.golang.org/grpc/server.go:1243
2026-05-25T11:43:37.8666585Z main.unaryInterceptor
2026-05-25T11:43:37.8666813Z 	/src/cmd/buildkitd/main.go:775
2026-05-25T11:43:37.8667365Z google.golang.org/grpc.NewServer.chainUnaryServerInterceptors.chainUnaryInterceptors.func1
2026-05-25T11:43:37.8668316Z 	/src/vendor/google.golang.org/grpc/server.go:1234
2026-05-25T11:43:37.8669039Z github.com/moby/buildkit/frontend/gateway/pb._LLBBridge_StatFile_Handler
2026-05-25T11:43:37.8669783Z 	/src/frontend/gateway/pb/gateway_grpc.pb.go:471
2026-05-25T11:43:37.8670369Z google.golang.org/grpc.(*Server).processUnaryRPC
2026-05-25T11:43:37.8670963Z 	/src/vendor/google.golang.org/grpc/server.go:1430
2026-05-25T11:43:37.8671541Z google.golang.org/grpc.(*Server).handleStream
2026-05-25T11:43:37.8672109Z 	/src/vendor/google.golang.org/grpc/server.go:1856
2026-05-25T11:43:37.8672721Z google.golang.org/grpc.(*Server).serveStreams.func2.1
2026-05-25T11:43:37.8673331Z 	/src/vendor/google.golang.org/grpc/server.go:1065
2026-05-25T11:43:37.8673833Z runtime.goexit
2026-05-25T11:43:37.8674214Z 	/usr/local/go/src/runtime/asm_amd64.s:1771
2026-05-25T11:43:37.8674555Z 
2026-05-25T11:43:37.8674919Z 7 v0.30.0 /usr/bin/buildkitd --debug --allow-insecure-entitlement=network.host
2026-05-25T11:43:37.8676129Z main.unaryInterceptor
2026-05-25T11:43:37.8676536Z 	/src/cmd/buildkitd/main.go:779
2026-05-25T11:43:37.8677422Z google.golang.org/grpc.NewServer.chainUnaryServerInterceptors.chainUnaryInterceptors.func1
2026-05-25T11:43:37.8678372Z 	/src/vendor/google.golang.org/grpc/server.go:1234
2026-05-25T11:43:37.8678750Z 
2026-05-25T11:43:37.8679117Z 7 v0.30.0 /usr/bin/buildkitd --debug --allow-insecure-entitlement=network.host
2026-05-25T11:43:37.8679834Z github.com/moby/buildkit/cache/util.StatFile
2026-05-25T11:43:37.8680325Z 	/src/cache/util/fsutil.go:105
2026-05-25T11:43:37.8680946Z github.com/moby/buildkit/frontend/gateway.(*llbBridgeForwarder).StatFile
2026-05-25T11:43:37.8681630Z 	/src/frontend/gateway/gateway.go:986
2026-05-25T11:43:37.8681863Z 
2026-05-25T11:43:37.8683282Z time="2026-05-25T11:33:02Z" level=error msg="/moby.buildkit.v1.frontend.LLBBridge/StatFile returned error: rpc error: code = Unknown desc = lstat docker-bake.json: no such file or directory" spanID=91e08b1d5ba9c04c traceID=c2296a3a639d2a73c8e8f6810da402db
2026-05-25T11:43:37.8684337Z lstat docker-bake.json: no such file or directory
2026-05-25T11:43:37.8684943Z 7 v0.30.0 /usr/bin/buildkitd --debug --allow-insecure-entitlement=network.host
2026-05-25T11:43:37.8685889Z github.com/tonistiigi/fsutil.Stat
2026-05-25T11:43:37.8686267Z 	/src/vendor/github.com/tonistiigi/fsutil/stat.go:61
2026-05-25T11:43:37.8686761Z github.com/moby/buildkit/cache/util.StatFile
2026-05-25T11:43:37.8687066Z 	/src/cache/util/fsutil.go:99
2026-05-25T11:43:37.8687433Z github.com/moby/buildkit/frontend/gateway.(*llbBridgeForwarder).StatFile
2026-05-25T11:43:37.8688139Z 	/src/frontend/gateway/gateway.go:986
2026-05-25T11:43:37.8688823Z github.com/moby/buildkit/control/gateway.(*GatewayForwarder).StatFile
2026-05-25T11:43:37.8689513Z 	/src/control/gateway/gateway.go:135
2026-05-25T11:43:37.8690213Z github.com/moby/buildkit/frontend/gateway/pb._LLBBridge_StatFile_Handler.func1
2026-05-25T11:43:37.8691011Z 	/src/frontend/gateway/pb/gateway_grpc.pb.go:469
2026-05-25T11:43:37.8691632Z google.golang.org/grpc.getChainUnaryHandler.func1
2026-05-25T11:43:37.8692235Z 	/src/vendor/google.golang.org/grpc/server.go:1243
2026-05-25T11:43:37.8692781Z main.unaryInterceptor
2026-05-25T11:43:37.8693179Z 	/src/cmd/buildkitd/main.go:775
2026-05-25T11:43:37.8694028Z google.golang.org/grpc.NewServer.chainUnaryServerInterceptors.chainUnaryInterceptors.func1
2026-05-25T11:43:37.8695005Z 	/src/vendor/google.golang.org/grpc/server.go:1234
2026-05-25T11:43:37.8696000Z github.com/moby/buildkit/frontend/gateway/pb._LLBBridge_StatFile_Handler
2026-05-25T11:43:37.8696749Z 	/src/frontend/gateway/pb/gateway_grpc.pb.go:471
2026-05-25T11:43:37.8697383Z google.golang.org/grpc.(*Server).processUnaryRPC
2026-05-25T11:43:37.8697992Z 	/src/vendor/google.golang.org/grpc/server.go:1430
2026-05-25T11:43:37.8698400Z google.golang.org/grpc.(*Server).handleStream
2026-05-25T11:43:37.8698724Z 	/src/vendor/google.golang.org/grpc/server.go:1856
2026-05-25T11:43:37.8699077Z google.golang.org/grpc.(*Server).serveStreams.func2.1
2026-05-25T11:43:37.8699430Z 	/src/vendor/google.golang.org/grpc/server.go:1065
2026-05-25T11:43:37.8699830Z runtime.goexit
2026-05-25T11:43:37.8700213Z 	/usr/local/go/src/runtime/asm_amd64.s:1771
2026-05-25T11:43:37.8700521Z 
2026-05-25T11:43:37.8700751Z 7 v0.30.0 /usr/bin/buildkitd --debug --allow-insecure-entitlement=network.host
2026-05-25T11:43:37.8701174Z main.unaryInterceptor
2026-05-25T11:43:37.8701624Z 	/src/cmd/buildkitd/main.go:779
2026-05-25T11:43:37.8702285Z google.golang.org/grpc.NewServer.chainUnaryServerInterceptors.chainUnaryInterceptors.func1
2026-05-25T11:43:37.8702819Z 	/src/vendor/google.golang.org/grpc/server.go:1234
2026-05-25T11:43:37.8703036Z 
2026-05-25T11:43:37.8703250Z 7 v0.30.0 /usr/bin/buildkitd --debug --allow-insecure-entitlement=network.host
2026-05-25T11:43:37.8703684Z github.com/moby/buildkit/cache/util.StatFile
2026-05-25T11:43:37.8703977Z 	/src/cache/util/fsutil.go:105
2026-05-25T11:43:37.8704344Z github.com/moby/buildkit/frontend/gateway.(*llbBridgeForwarder).StatFile
2026-05-25T11:43:37.8704941Z 	/src/frontend/gateway/gateway.go:986
2026-05-25T11:43:37.8705427Z 
2026-05-25T11:43:37.8706313Z time="2026-05-25T11:33:02Z" level=error msg="/moby.buildkit.v1.frontend.LLBBridge/StatFile returned error: rpc error: code = Unknown desc = lstat docker-bake.override.json: no such file or directory" spanID=0ce3e3baaddb64e4 traceID=c2296a3a639d2a73c8e8f6810da402db
2026-05-25T11:43:37.8707417Z lstat docker-bake.override.json: no such file or directory
2026-05-25T11:43:37.8707875Z 7 v0.30.0 /usr/bin/buildkitd --debug --allow-insecure-entitlement=network.host
2026-05-25T11:43:37.8708293Z github.com/tonistiigi/fsutil.Stat
2026-05-25T11:43:37.8708600Z 	/src/vendor/github.com/tonistiigi/fsutil/stat.go:61
2026-05-25T11:43:37.8708934Z github.com/moby/buildkit/cache/util.StatFile
2026-05-25T11:43:37.8709223Z 	/src/cache/util/fsutil.go:99
2026-05-25T11:43:37.8709582Z github.com/moby/buildkit/frontend/gateway.(*llbBridgeForwarder).StatFile
2026-05-25T11:43:37.8709981Z 	/src/frontend/gateway/gateway.go:986
2026-05-25T11:43:37.8710351Z github.com/moby/buildkit/control/gateway.(*GatewayForwarder).StatFile
2026-05-25T11:43:37.8710738Z 	/src/control/gateway/gateway.go:135
2026-05-25T11:43:37.8711129Z github.com/moby/buildkit/frontend/gateway/pb._LLBBridge_StatFile_Handler.func1
2026-05-25T11:43:37.8711707Z 	/src/frontend/gateway/pb/gateway_grpc.pb.go:469
2026-05-25T11:43:37.8712060Z google.golang.org/grpc.getChainUnaryHandler.func1
2026-05-25T11:43:37.8712403Z 	/src/vendor/google.golang.org/grpc/server.go:1243
2026-05-25T11:43:37.8712708Z main.unaryInterceptor
2026-05-25T11:43:37.8712935Z 	/src/cmd/buildkitd/main.go:775
2026-05-25T11:43:37.8713400Z google.golang.org/grpc.NewServer.chainUnaryServerInterceptors.chainUnaryInterceptors.func1
2026-05-25T11:43:37.8713956Z 	/src/vendor/google.golang.org/grpc/server.go:1234
2026-05-25T11:43:37.8714375Z github.com/moby/buildkit/frontend/gateway/pb._LLBBridge_StatFile_Handler
2026-05-25T11:43:37.8714792Z 	/src/frontend/gateway/pb/gateway_grpc.pb.go:471
2026-05-25T11:43:37.8715352Z google.golang.org/grpc.(*Server).processUnaryRPC
2026-05-25T11:43:37.8715688Z 	/src/vendor/google.golang.org/grpc/server.go:1430
2026-05-25T11:43:37.8716014Z google.golang.org/grpc.(*Server).handleStream
2026-05-25T11:43:37.8716350Z 	/src/vendor/google.golang.org/grpc/server.go:1856
2026-05-25T11:43:37.8717021Z google.golang.org/grpc.(*Server).serveStreams.func2.1
2026-05-25T11:43:37.8717538Z 	/src/vendor/google.golang.org/grpc/server.go:1065
2026-05-25T11:43:37.8717837Z runtime.goexit
2026-05-25T11:43:37.8718055Z 	/usr/local/go/src/runtime/asm_amd64.s:1771
2026-05-25T11:43:37.8718254Z 
2026-05-25T11:43:37.8718568Z 7 v0.30.0 /usr/bin/buildkitd --debug --allow-insecure-entitlement=network.host
2026-05-25T11:43:37.8719060Z main.unaryInterceptor
2026-05-25T11:43:37.8719299Z 	/src/cmd/buildkitd/main.go:779
2026-05-25T11:43:37.8719779Z google.golang.org/grpc.NewServer.chainUnaryServerInterceptors.chainUnaryInterceptors.func1
2026-05-25T11:43:37.8720327Z 	/src/vendor/google.golang.org/grpc/server.go:1234
2026-05-25T11:43:37.8720553Z 
2026-05-25T11:43:37.8720759Z 7 v0.30.0 /usr/bin/buildkitd --debug --allow-insecure-entitlement=network.host
2026-05-25T11:43:37.8721283Z github.com/moby/buildkit/cache/util.StatFile
2026-05-25T11:43:37.8721570Z 	/src/cache/util/fsutil.go:105
2026-05-25T11:43:37.8721938Z github.com/moby/buildkit/frontend/gateway.(*llbBridgeForwarder).StatFile
2026-05-25T11:43:37.8722336Z 	/src/frontend/gateway/gateway.go:986
2026-05-25T11:43:37.8722518Z 
2026-05-25T11:43:37.8723348Z time="2026-05-25T11:33:02Z" level=error msg="/moby.buildkit.v1.frontend.LLBBridge/StatFile returned error: rpc error: code = Unknown desc = lstat docker-bake.override.hcl: no such file or directory" spanID=a1a6c0397e5e6409 traceID=c2296a3a639d2a73c8e8f6810da402db
2026-05-25T11:43:37.8724413Z lstat docker-bake.override.hcl: no such file or directory
2026-05-25T11:43:37.8724860Z 7 v0.30.0 /usr/bin/buildkitd --debug --allow-insecure-entitlement=network.host
2026-05-25T11:43:37.8725464Z github.com/tonistiigi/fsutil.Stat
2026-05-25T11:43:37.8725934Z 	/src/vendor/github.com/tonistiigi/fsutil/stat.go:61
2026-05-25T11:43:37.8726272Z github.com/moby/buildkit/cache/util.StatFile
2026-05-25T11:43:37.8726595Z 	/src/cache/util/fsutil.go:99
2026-05-25T11:43:37.8726954Z github.com/moby/buildkit/frontend/gateway.(*llbBridgeForwarder).StatFile
2026-05-25T11:43:37.8727345Z 	/src/frontend/gateway/gateway.go:986
2026-05-25T11:43:37.8727705Z github.com/moby/buildkit/control/gateway.(*GatewayForwarder).StatFile
2026-05-25T11:43:37.8728077Z 	/src/control/gateway/gateway.go:135
2026-05-25T11:43:37.8728463Z github.com/moby/buildkit/frontend/gateway/pb._LLBBridge_StatFile_Handler.func1
2026-05-25T11:43:37.8728897Z 	/src/frontend/gateway/pb/gateway_grpc.pb.go:469
2026-05-25T11:43:37.8729242Z google.golang.org/grpc.getChainUnaryHandler.func1
2026-05-25T11:43:37.8729584Z 	/src/vendor/google.golang.org/grpc/server.go:1243
2026-05-25T11:43:37.8729879Z main.unaryInterceptor
2026-05-25T11:43:37.8730107Z 	/src/cmd/buildkitd/main.go:775
2026-05-25T11:43:37.8730570Z google.golang.org/grpc.NewServer.chainUnaryServerInterceptors.chainUnaryInterceptors.func1
2026-05-25T11:43:37.8731102Z 	/src/vendor/google.golang.org/grpc/server.go:1234
2026-05-25T11:43:37.8731504Z github.com/moby/buildkit/frontend/gateway/pb._LLBBridge_StatFile_Handler
2026-05-25T11:43:37.8732026Z 	/src/frontend/gateway/pb/gateway_grpc.pb.go:471
2026-05-25T11:43:37.8732361Z google.golang.org/grpc.(*Server).processUnaryRPC
2026-05-25T11:43:37.8732686Z 	/src/vendor/google.golang.org/grpc/server.go:1430
2026-05-25T11:43:37.8733007Z google.golang.org/grpc.(*Server).handleStream
2026-05-25T11:43:37.8733332Z 	/src/vendor/google.golang.org/grpc/server.go:1856
2026-05-25T11:43:37.8733675Z google.golang.org/grpc.(*Server).serveStreams.func2.1
2026-05-25T11:43:37.8734014Z 	/src/vendor/google.golang.org/grpc/server.go:1065
2026-05-25T11:43:37.8734301Z runtime.goexit
2026-05-25T11:43:37.8734516Z 	/usr/local/go/src/runtime/asm_amd64.s:1771
2026-05-25T11:43:37.8734707Z 
2026-05-25T11:43:37.8734924Z 7 v0.30.0 /usr/bin/buildkitd --debug --allow-insecure-entitlement=network.host
2026-05-25T11:43:37.8735547Z main.unaryInterceptor
2026-05-25T11:43:37.8735778Z 	/src/cmd/buildkitd/main.go:779
2026-05-25T11:43:37.8736238Z google.golang.org/grpc.NewServer.chainUnaryServerInterceptors.chainUnaryInterceptors.func1
2026-05-25T11:43:37.8736768Z 	/src/vendor/google.golang.org/grpc/server.go:1234
2026-05-25T11:43:37.8736980Z 
2026-05-25T11:43:37.8737186Z 7 v0.30.0 /usr/bin/buildkitd --debug --allow-insecure-entitlement=network.host
2026-05-25T11:43:37.8737597Z github.com/moby/buildkit/cache/util.StatFile
2026-05-25T11:43:37.8737882Z 	/src/cache/util/fsutil.go:105
2026-05-25T11:43:37.8738234Z github.com/moby/buildkit/frontend/gateway.(*llbBridgeForwarder).StatFile
2026-05-25T11:43:37.8738621Z 	/src/frontend/gateway/gateway.go:986
2026-05-25T11:43:37.8738802Z 
2026-05-25T11:43:37.8739186Z time="2026-05-25T11:33:02Z" level=debug msg="session finished: <nil>" spanID=4f3494fa27e7eec2 traceID=c2296a3a639d2a73c8e8f6810da402db
2026-05-25T11:43:37.8740000Z time="2026-05-25T11:33:03Z" level=debug msg="session started" spanID=870030429f1883e8 traceID=27ba861c8b1bbf514135f279bb7c8d5a
2026-05-25T11:43:37.8741189Z time="2026-05-25T11:33:03Z" level=debug msg="load cache for [internal] load git source https://github.com/moby/buildkit.git#d6b444d4e18204d7f7e6fac28037ab1e28666d1b with m5w92qdjtg71a30xbs8lg21a5::80f7brw8yqwrsoxi9nnbxcjew"
2026-05-25T11:43:37.8742745Z time="2026-05-25T11:33:03Z" level=error msg="/moby.buildkit.v1.frontend.LLBBridge/StatFile returned error: rpc error: code = Unknown desc = lstat compose.yaml: no such file or directory" spanID=0e5b07540b8f4aef traceID=27ba861c8b1bbf514135f279bb7c8d5a
2026-05-25T11:43:37.8743724Z lstat compose.yaml: no such file or directory
2026-05-25T11:43:37.8744122Z 7 v0.30.0 /usr/bin/buildkitd --debug --allow-insecure-entitlement=network.host
2026-05-25T11:43:37.8744518Z github.com/tonistiigi/fsutil.Stat
2026-05-25T11:43:37.8744815Z 	/src/vendor/github.com/tonistiigi/fsutil/stat.go:61
2026-05-25T11:43:37.8745549Z github.com/moby/buildkit/cache/util.StatFile
2026-05-25T11:43:37.8745852Z 	/src/cache/util/fsutil.go:99
2026-05-25T11:43:37.8746211Z github.com/moby/buildkit/frontend/gateway.(*llbBridgeForwarder).StatFile
2026-05-25T11:43:37.8746602Z 	/src/frontend/gateway/gateway.go:986
2026-05-25T11:43:37.8746968Z github.com/moby/buildkit/control/gateway.(*GatewayForwarder).StatFile
2026-05-25T11:43:37.8747354Z 	/src/control/gateway/gateway.go:135
2026-05-25T11:43:37.8747751Z github.com/moby/buildkit/frontend/gateway/pb._LLBBridge_StatFile_Handler.func1
2026-05-25T11:43:37.8748191Z 	/src/frontend/gateway/pb/gateway_grpc.pb.go:469
2026-05-25T11:43:37.8748534Z google.golang.org/grpc.getChainUnaryHandler.func1
2026-05-25T11:43:37.8748880Z 	/src/vendor/google.golang.org/grpc/server.go:1243
2026-05-25T11:43:37.8749179Z main.unaryInterceptor
2026-05-25T11:43:37.8749408Z 	/src/cmd/buildkitd/main.go:775
2026-05-25T11:43:37.8749879Z google.golang.org/grpc.NewServer.chainUnaryServerInterceptors.chainUnaryInterceptors.func1
2026-05-25T11:43:37.8750407Z 	/src/vendor/google.golang.org/grpc/server.go:1234
2026-05-25T11:43:37.8750822Z github.com/moby/buildkit/frontend/gateway/pb._LLBBridge_StatFile_Handler
2026-05-25T11:43:37.8751237Z 	/src/frontend/gateway/pb/gateway_grpc.pb.go:471
2026-05-25T11:43:37.8751566Z google.golang.org/grpc.(*Server).processUnaryRPC
2026-05-25T11:43:37.8752025Z 	/src/vendor/google.golang.org/grpc/server.go:1430
2026-05-25T11:43:37.8752352Z google.golang.org/grpc.(*Server).handleStream
2026-05-25T11:43:37.8752672Z 	/src/vendor/google.golang.org/grpc/server.go:1856
2026-05-25T11:43:37.8753018Z google.golang.org/grpc.(*Server).serveStreams.func2.1
2026-05-25T11:43:37.8753361Z 	/src/vendor/google.golang.org/grpc/server.go:1065
2026-05-25T11:43:37.8753644Z runtime.goexit
2026-05-25T11:43:37.8753865Z 	/usr/local/go/src/runtime/asm_amd64.s:1771
2026-05-25T11:43:37.8754056Z 
2026-05-25T11:43:37.8754267Z 7 v0.30.0 /usr/bin/buildkitd --debug --allow-insecure-entitlement=network.host
2026-05-25T11:43:37.8754663Z main.unaryInterceptor
2026-05-25T11:43:37.8754889Z 	/src/cmd/buildkitd/main.go:779
2026-05-25T11:43:37.8755588Z google.golang.org/grpc.NewServer.chainUnaryServerInterceptors.chainUnaryInterceptors.func1
2026-05-25T11:43:37.8756138Z 	/src/vendor/google.golang.org/grpc/server.go:1234
2026-05-25T11:43:37.8756348Z 
2026-05-25T11:43:37.8756559Z 7 v0.30.0 /usr/bin/buildkitd --debug --allow-insecure-entitlement=network.host
2026-05-25T11:43:37.8756973Z github.com/moby/buildkit/cache/util.StatFile
2026-05-25T11:43:37.8757257Z 	/src/cache/util/fsutil.go:105
2026-05-25T11:43:37.8757613Z github.com/moby/buildkit/frontend/gateway.(*llbBridgeForwarder).StatFile
2026-05-25T11:43:37.8758006Z 	/src/frontend/gateway/gateway.go:986
2026-05-25T11:43:37.8758185Z 
2026-05-25T11:43:37.8758959Z time="2026-05-25T11:33:03Z" level=error msg="/moby.buildkit.v1.frontend.LLBBridge/StatFile returned error: rpc error: code = Unknown desc = lstat compose.yml: no such file or directory" spanID=78a85d27e62dad88 traceID=27ba861c8b1bbf514135f279bb7c8d5a
2026-05-25T11:43:37.8759930Z lstat compose.yml: no such file or directory
2026-05-25T11:43:37.8760321Z 7 v0.30.0 /usr/bin/buildkitd --debug --allow-insecure-entitlement=network.host
2026-05-25T11:43:37.8760720Z github.com/tonistiigi/fsutil.Stat
2026-05-25T11:43:37.8761143Z 	/src/vendor/github.com/tonistiigi/fsutil/stat.go:61
2026-05-25T11:43:37.8761489Z github.com/moby/buildkit/cache/util.StatFile
2026-05-25T11:43:37.8761772Z 	/src/cache/util/fsutil.go:99
2026-05-25T11:43:37.8762185Z github.com/moby/buildkit/frontend/gateway.(*llbBridgeForwarder).StatFile
2026-05-25T11:43:37.8762680Z 	/src/frontend/gateway/gateway.go:986
2026-05-25T11:43:37.8763048Z github.com/moby/buildkit/control/gateway.(*GatewayForwarder).StatFile
2026-05-25T11:43:37.8763430Z 	/src/control/gateway/gateway.go:135
2026-05-25T11:43:37.8763822Z github.com/moby/buildkit/frontend/gateway/pb._LLBBridge_StatFile_Handler.func1
2026-05-25T11:43:37.8764260Z 	/src/frontend/gateway/pb/gateway_grpc.pb.go:469
2026-05-25T11:43:37.8764759Z google.golang.org/grpc.getChainUnaryHandler.func1
2026-05-25T11:43:37.8765318Z 	/src/vendor/google.golang.org/grpc/server.go:1243
2026-05-25T11:43:37.8765630Z main.unaryInterceptor
2026-05-25T11:43:37.8765858Z 	/src/cmd/buildkitd/main.go:775
2026-05-25T11:43:37.8766326Z google.golang.org/grpc.NewServer.chainUnaryServerInterceptors.chainUnaryInterceptors.func1
2026-05-25T11:43:37.8766851Z 	/src/vendor/google.golang.org/grpc/server.go:1234
2026-05-25T11:43:37.8767261Z github.com/moby/buildkit/frontend/gateway/pb._LLBBridge_StatFile_Handler
2026-05-25T11:43:37.8767678Z 	/src/frontend/gateway/pb/gateway_grpc.pb.go:471
2026-05-25T11:43:37.8768004Z google.golang.org/grpc.(*Server).processUnaryRPC
2026-05-25T11:43:37.8768331Z 	/src/vendor/google.golang.org/grpc/server.go:1430
2026-05-25T11:43:37.8768662Z google.golang.org/grpc.(*Server).handleStream
2026-05-25T11:43:37.8768978Z 	/src/vendor/google.golang.org/grpc/server.go:1856
2026-05-25T11:43:37.8769326Z google.golang.org/grpc.(*Server).serveStreams.func2.1
2026-05-25T11:43:37.8769670Z 	/src/vendor/google.golang.org/grpc/server.go:1065
2026-05-25T11:43:37.8769955Z runtime.goexit
2026-05-25T11:43:37.8770176Z 	/usr/local/go/src/runtime/asm_amd64.s:1771
2026-05-25T11:43:37.8770372Z 
2026-05-25T11:43:37.8770579Z 7 v0.30.0 /usr/bin/buildkitd --debug --allow-insecure-entitlement=network.host
2026-05-25T11:43:37.8771142Z main.unaryInterceptor
2026-05-25T11:43:37.8771384Z 	/src/cmd/buildkitd/main.go:779
2026-05-25T11:43:37.8772173Z google.golang.org/grpc.NewServer.chainUnaryServerInterceptors.chainUnaryInterceptors.func1
2026-05-25T11:43:37.8773074Z 	/src/vendor/google.golang.org/grpc/server.go:1234
2026-05-25T11:43:37.8773335Z 
2026-05-25T11:43:37.8773700Z 7 v0.30.0 /usr/bin/buildkitd --debug --allow-insecure-entitlement=network.host
2026-05-25T11:43:37.8774421Z github.com/moby/buildkit/cache/util.StatFile
2026-05-25T11:43:37.8774916Z 	/src/cache/util/fsutil.go:105
2026-05-25T11:43:37.8775786Z github.com/moby/buildkit/frontend/gateway.(*llbBridgeForwarder).StatFile
2026-05-25T11:43:37.8776487Z 	/src/frontend/gateway/gateway.go:986
2026-05-25T11:43:37.8776816Z 
2026-05-25T11:43:37.8778238Z time="2026-05-25T11:33:03Z" level=error msg="/moby.buildkit.v1.frontend.LLBBridge/StatFile returned error: rpc error: code = Unknown desc = lstat docker-compose.yml: no such file or directory" spanID=3863917ba96ea90c traceID=27ba861c8b1bbf514135f279bb7c8d5a
2026-05-25T11:43:37.8779903Z lstat docker-compose.yml: no such file or directory
2026-05-25T11:43:37.8780344Z 7 v0.30.0 /usr/bin/buildkitd --debug --allow-insecure-entitlement=network.host
2026-05-25T11:43:37.8780864Z github.com/tonistiigi/fsutil.Stat
2026-05-25T11:43:37.8781380Z 	/src/vendor/github.com/tonistiigi/fsutil/stat.go:61
2026-05-25T11:43:37.8781900Z github.com/moby/buildkit/cache/util.StatFile
2026-05-25T11:43:37.8782358Z 	/src/cache/util/fsutil.go:99
2026-05-25T11:43:37.8782882Z github.com/moby/buildkit/frontend/gateway.(*llbBridgeForwarder).StatFile
2026-05-25T11:43:37.8783633Z 	/src/frontend/gateway/gateway.go:986
2026-05-25T11:43:37.8784366Z github.com/moby/buildkit/control/gateway.(*GatewayForwarder).StatFile
2026-05-25T11:43:37.8785266Z 	/src/control/gateway/gateway.go:135
2026-05-25T11:43:37.8785998Z github.com/moby/buildkit/frontend/gateway/pb._LLBBridge_StatFile_Handler.func1
2026-05-25T11:43:37.8786812Z 	/src/frontend/gateway/pb/gateway_grpc.pb.go:469
2026-05-25T11:43:37.8787451Z google.golang.org/grpc.getChainUnaryHandler.func1
2026-05-25T11:43:37.8788071Z 	/src/vendor/google.golang.org/grpc/server.go:1243
2026-05-25T11:43:37.8788619Z main.unaryInterceptor
2026-05-25T11:43:37.8789065Z 	/src/cmd/buildkitd/main.go:775
2026-05-25T11:43:37.8789929Z google.golang.org/grpc.NewServer.chainUnaryServerInterceptors.chainUnaryInterceptors.func1
2026-05-25T11:43:37.8790758Z 	/src/vendor/google.golang.org/grpc/server.go:1234
2026-05-25T11:43:37.8791282Z github.com/moby/buildkit/frontend/gateway/pb._LLBBridge_StatFile_Handler
2026-05-25T11:43:37.8791868Z 	/src/frontend/gateway/pb/gateway_grpc.pb.go:471
2026-05-25T11:43:37.8793037Z google.golang.org/grpc.(*Server).processUnaryRPC
2026-05-25T11:43:37.8793763Z 	/src/vendor/google.golang.org/grpc/server.go:1430
2026-05-25T11:43:37.8794235Z google.golang.org/grpc.(*Server).handleStream
2026-05-25T11:43:37.8794857Z 	/src/vendor/google.golang.org/grpc/server.go:1856
2026-05-25T11:43:37.8795546Z google.golang.org/grpc.(*Server).serveStreams.func2.1
2026-05-25T11:43:37.8796054Z 	/src/vendor/google.golang.org/grpc/server.go:1065
2026-05-25T11:43:37.8796446Z runtime.goexit
2026-05-25T11:43:37.8796782Z 	/usr/local/go/src/runtime/asm_amd64.s:1771
2026-05-25T11:43:37.8797103Z 
2026-05-25T11:43:37.8797392Z 7 v0.30.0 /usr/bin/buildkitd --debug --allow-insecure-entitlement=network.host
2026-05-25T11:43:37.8797900Z main.unaryInterceptor
2026-05-25T11:43:37.8798278Z 	/src/cmd/buildkitd/main.go:779
2026-05-25T11:43:37.8798848Z google.golang.org/grpc.NewServer.chainUnaryServerInterceptors.chainUnaryInterceptors.func1
2026-05-25T11:43:37.8810808Z 	/src/vendor/google.golang.org/grpc/server.go:1234
2026-05-25T11:43:37.8811119Z 
2026-05-25T11:43:37.8811373Z 7 v0.30.0 /usr/bin/buildkitd --debug --allow-insecure-entitlement=network.host
2026-05-25T11:43:37.8811830Z github.com/moby/buildkit/cache/util.StatFile
2026-05-25T11:43:37.8812131Z 	/src/cache/util/fsutil.go:105
2026-05-25T11:43:37.8812674Z github.com/moby/buildkit/frontend/gateway.(*llbBridgeForwarder).StatFile
2026-05-25T11:43:37.8813097Z 	/src/frontend/gateway/gateway.go:986
2026-05-25T11:43:37.8813283Z 
2026-05-25T11:43:37.8814113Z time="2026-05-25T11:33:03Z" level=error msg="/moby.buildkit.v1.frontend.LLBBridge/StatFile returned error: rpc error: code = Unknown desc = lstat docker-compose.yaml: no such file or directory" spanID=cb567385096e5c29 traceID=27ba861c8b1bbf514135f279bb7c8d5a
2026-05-25T11:43:37.8815450Z lstat docker-compose.yaml: no such file or directory
2026-05-25T11:43:37.8815916Z 7 v0.30.0 /usr/bin/buildkitd --debug --allow-insecure-entitlement=network.host
2026-05-25T11:43:37.8816358Z github.com/tonistiigi/fsutil.Stat
2026-05-25T11:43:37.8816675Z 	/src/vendor/github.com/tonistiigi/fsutil/stat.go:61
2026-05-25T11:43:37.8817029Z github.com/moby/buildkit/cache/util.StatFile
2026-05-25T11:43:37.8817330Z 	/src/cache/util/fsutil.go:99
2026-05-25T11:43:37.8817691Z github.com/moby/buildkit/frontend/gateway.(*llbBridgeForwarder).StatFile
2026-05-25T11:43:37.8818115Z 	/src/frontend/gateway/gateway.go:986
2026-05-25T11:43:37.8818492Z github.com/moby/buildkit/control/gateway.(*GatewayForwarder).StatFile
2026-05-25T11:43:37.8818873Z 	/src/control/gateway/gateway.go:135
2026-05-25T11:43:37.8819270Z github.com/moby/buildkit/frontend/gateway/pb._LLBBridge_StatFile_Handler.func1
2026-05-25T11:43:37.8819712Z 	/src/frontend/gateway/pb/gateway_grpc.pb.go:469
2026-05-25T11:43:37.8820068Z google.golang.org/grpc.getChainUnaryHandler.func1
2026-05-25T11:43:37.8820424Z 	/src/vendor/google.golang.org/grpc/server.go:1243
2026-05-25T11:43:37.8820730Z main.unaryInterceptor
2026-05-25T11:43:37.8820960Z 	/src/cmd/buildkitd/main.go:775
2026-05-25T11:43:37.8821440Z google.golang.org/grpc.NewServer.chainUnaryServerInterceptors.chainUnaryInterceptors.func1
2026-05-25T11:43:37.8821974Z 	/src/vendor/google.golang.org/grpc/server.go:1234
2026-05-25T11:43:37.8822718Z github.com/moby/buildkit/frontend/gateway/pb._LLBBridge_StatFile_Handler
2026-05-25T11:43:37.8823433Z 	/src/frontend/gateway/pb/gateway_grpc.pb.go:471
2026-05-25T11:43:37.8824001Z google.golang.org/grpc.(*Server).processUnaryRPC
2026-05-25T11:43:37.8824590Z 	/src/vendor/google.golang.org/grpc/server.go:1430
2026-05-25T11:43:37.8825438Z google.golang.org/grpc.(*Server).handleStream
2026-05-25T11:43:37.8826033Z 	/src/vendor/google.golang.org/grpc/server.go:1856
2026-05-25T11:43:37.8826693Z google.golang.org/grpc.(*Server).serveStreams.func2.1
2026-05-25T11:43:37.8827288Z 	/src/vendor/google.golang.org/grpc/server.go:1065
2026-05-25T11:43:37.8827749Z runtime.goexit
2026-05-25T11:43:37.8828107Z 	/usr/local/go/src/runtime/asm_amd64.s:1771
2026-05-25T11:43:37.8828441Z 
2026-05-25T11:43:37.8828808Z 7 v0.30.0 /usr/bin/buildkitd --debug --allow-insecure-entitlement=network.host
2026-05-25T11:43:37.8829680Z main.unaryInterceptor
2026-05-25T11:43:37.8830050Z 	/src/cmd/buildkitd/main.go:779
2026-05-25T11:43:37.8830868Z google.golang.org/grpc.NewServer.chainUnaryServerInterceptors.chainUnaryInterceptors.func1
2026-05-25T11:43:37.8831821Z 	/src/vendor/google.golang.org/grpc/server.go:1234
2026-05-25T11:43:37.8832199Z 
2026-05-25T11:43:37.8832561Z 7 v0.30.0 /usr/bin/buildkitd --debug --allow-insecure-entitlement=network.host
2026-05-25T11:43:37.8833279Z github.com/moby/buildkit/cache/util.StatFile
2026-05-25T11:43:37.8833774Z 	/src/cache/util/fsutil.go:105
2026-05-25T11:43:37.8834391Z github.com/moby/buildkit/frontend/gateway.(*llbBridgeForwarder).StatFile
2026-05-25T11:43:37.8835309Z 	/src/frontend/gateway/gateway.go:986
2026-05-25T11:43:37.8835614Z 
2026-05-25T11:43:37.8836920Z time="2026-05-25T11:33:03Z" level=error msg="/moby.buildkit.v1.frontend.LLBBridge/StatFile returned error: rpc error: code = Unknown desc = lstat docker-bake.json: no such file or directory" spanID=c64efec239a16069 traceID=27ba861c8b1bbf514135f279bb7c8d5a
2026-05-25T11:43:37.8838360Z lstat docker-bake.json: no such file or directory
2026-05-25T11:43:37.8838811Z 7 v0.30.0 /usr/bin/buildkitd --debug --allow-insecure-entitlement=network.host
2026-05-25T11:43:37.8839376Z github.com/tonistiigi/fsutil.Stat
2026-05-25T11:43:37.8839845Z 	/src/vendor/github.com/tonistiigi/fsutil/stat.go:61
2026-05-25T11:43:37.8840205Z github.com/moby/buildkit/cache/util.StatFile
2026-05-25T11:43:37.8840494Z 	/src/cache/util/fsutil.go:99
2026-05-25T11:43:37.8840856Z github.com/moby/buildkit/frontend/gateway.(*llbBridgeForwarder).StatFile
2026-05-25T11:43:37.8841257Z 	/src/frontend/gateway/gateway.go:986
2026-05-25T11:43:37.8841627Z github.com/moby/buildkit/control/gateway.(*GatewayForwarder).StatFile
2026-05-25T11:43:37.8842013Z 	/src/control/gateway/gateway.go:135
2026-05-25T11:43:37.8842409Z github.com/moby/buildkit/frontend/gateway/pb._LLBBridge_StatFile_Handler.func1
2026-05-25T11:43:37.8842851Z 	/src/frontend/gateway/pb/gateway_grpc.pb.go:469
2026-05-25T11:43:37.8843194Z google.golang.org/grpc.getChainUnaryHandler.func1
2026-05-25T11:43:37.8843536Z 	/src/vendor/google.golang.org/grpc/server.go:1243
2026-05-25T11:43:37.8843831Z main.unaryInterceptor
2026-05-25T11:43:37.8844179Z 	/src/cmd/buildkitd/main.go:775
2026-05-25T11:43:37.8844663Z google.golang.org/grpc.NewServer.chainUnaryServerInterceptors.chainUnaryInterceptors.func1
2026-05-25T11:43:37.8845409Z 	/src/vendor/google.golang.org/grpc/server.go:1234
2026-05-25T11:43:37.8845827Z github.com/moby/buildkit/frontend/gateway/pb._LLBBridge_StatFile_Handler
2026-05-25T11:43:37.8846232Z 	/src/frontend/gateway/pb/gateway_grpc.pb.go:471
2026-05-25T11:43:37.8846558Z google.golang.org/grpc.(*Server).processUnaryRPC
2026-05-25T11:43:37.8846883Z 	/src/vendor/google.golang.org/grpc/server.go:1430
2026-05-25T11:43:37.8847204Z google.golang.org/grpc.(*Server).handleStream
2026-05-25T11:43:37.8847521Z 	/src/vendor/google.golang.org/grpc/server.go:1856
2026-05-25T11:43:37.8847872Z google.golang.org/grpc.(*Server).serveStreams.func2.1
2026-05-25T11:43:37.8848214Z 	/src/vendor/google.golang.org/grpc/server.go:1065
2026-05-25T11:43:37.8848499Z runtime.goexit
2026-05-25T11:43:37.8848716Z 	/usr/local/go/src/runtime/asm_amd64.s:1771
2026-05-25T11:43:37.8848905Z 
2026-05-25T11:43:37.8849126Z 7 v0.30.0 /usr/bin/buildkitd --debug --allow-insecure-entitlement=network.host
2026-05-25T11:43:37.8849518Z main.unaryInterceptor
2026-05-25T11:43:37.8849736Z 	/src/cmd/buildkitd/main.go:779
2026-05-25T11:43:37.8850207Z google.golang.org/grpc.NewServer.chainUnaryServerInterceptors.chainUnaryInterceptors.func1
2026-05-25T11:43:37.8850730Z 	/src/vendor/google.golang.org/grpc/server.go:1234
2026-05-25T11:43:37.8850937Z 
2026-05-25T11:43:37.8851143Z 7 v0.30.0 /usr/bin/buildkitd --debug --allow-insecure-entitlement=network.host
2026-05-25T11:43:37.8851557Z github.com/moby/buildkit/cache/util.StatFile
2026-05-25T11:43:37.8851840Z 	/src/cache/util/fsutil.go:105
2026-05-25T11:43:37.8852485Z github.com/moby/buildkit/frontend/gateway.(*llbBridgeForwarder).StatFile
2026-05-25T11:43:37.8852885Z 	/src/frontend/gateway/gateway.go:986
2026-05-25T11:43:37.8853061Z 
2026-05-25T11:43:37.8854315Z time="2026-05-25T11:33:03Z" level=error msg="/moby.buildkit.v1.frontend.LLBBridge/StatFile returned error: rpc error: code = Unknown desc = lstat docker-bake.override.json: no such file or directory" spanID=eb2dc5d0300bf969 traceID=27ba861c8b1bbf514135f279bb7c8d5a
2026-05-25T11:43:37.8855736Z lstat docker-bake.override.json: no such file or directory
2026-05-25T11:43:37.8856215Z 7 v0.30.0 /usr/bin/buildkitd --debug --allow-insecure-entitlement=network.host
2026-05-25T11:43:37.8856624Z github.com/tonistiigi/fsutil.Stat
2026-05-25T11:43:37.8856930Z 	/src/vendor/github.com/tonistiigi/fsutil/stat.go:61
2026-05-25T11:43:37.8857261Z github.com/moby/buildkit/cache/util.StatFile
2026-05-25T11:43:37.8857549Z 	/src/cache/util/fsutil.go:99
2026-05-25T11:43:37.8857904Z github.com/moby/buildkit/frontend/gateway.(*llbBridgeForwarder).StatFile
2026-05-25T11:43:37.8858307Z 	/src/frontend/gateway/gateway.go:986
2026-05-25T11:43:37.8858668Z github.com/moby/buildkit/control/gateway.(*GatewayForwarder).StatFile
2026-05-25T11:43:37.8859045Z 	/src/control/gateway/gateway.go:135
2026-05-25T11:43:37.8859437Z github.com/moby/buildkit/frontend/gateway/pb._LLBBridge_StatFile_Handler.func1
2026-05-25T11:43:37.8860017Z 	/src/frontend/gateway/pb/gateway_grpc.pb.go:469
2026-05-25T11:43:37.8860374Z google.golang.org/grpc.getChainUnaryHandler.func1
2026-05-25T11:43:37.8860718Z 	/src/vendor/google.golang.org/grpc/server.go:1243
2026-05-25T11:43:37.8861017Z main.unaryInterceptor
2026-05-25T11:43:37.8861245Z 	/src/cmd/buildkitd/main.go:775
2026-05-25T11:43:37.8861708Z google.golang.org/grpc.NewServer.chainUnaryServerInterceptors.chainUnaryInterceptors.func1
2026-05-25T11:43:37.8862237Z 	/src/vendor/google.golang.org/grpc/server.go:1234
2026-05-25T11:43:37.8862649Z github.com/moby/buildkit/frontend/gateway/pb._LLBBridge_StatFile_Handler
2026-05-25T11:43:37.8863061Z 	/src/frontend/gateway/pb/gateway_grpc.pb.go:471
2026-05-25T11:43:37.8863388Z google.golang.org/grpc.(*Server).processUnaryRPC
2026-05-25T11:43:37.8863718Z 	/src/vendor/google.golang.org/grpc/server.go:1430
2026-05-25T11:43:37.8864036Z google.golang.org/grpc.(*Server).handleStream
2026-05-25T11:43:37.8864355Z 	/src/vendor/google.golang.org/grpc/server.go:1856
2026-05-25T11:43:37.8864699Z google.golang.org/grpc.(*Server).serveStreams.func2.1
2026-05-25T11:43:37.8865422Z 	/src/vendor/google.golang.org/grpc/server.go:1065
2026-05-25T11:43:37.8865928Z runtime.goexit
2026-05-25T11:43:37.8866314Z 	/usr/local/go/src/runtime/asm_amd64.s:1771
2026-05-25T11:43:37.8866641Z 
2026-05-25T11:43:37.8867004Z 7 v0.30.0 /usr/bin/buildkitd --debug --allow-insecure-entitlement=network.host
2026-05-25T11:43:37.8867693Z main.unaryInterceptor
2026-05-25T11:43:37.8868083Z 	/src/cmd/buildkitd/main.go:779
2026-05-25T11:43:37.8868911Z google.golang.org/grpc.NewServer.chainUnaryServerInterceptors.chainUnaryInterceptors.func1
2026-05-25T11:43:37.8869961Z 	/src/vendor/google.golang.org/grpc/server.go:1234
2026-05-25T11:43:37.8870346Z 
2026-05-25T11:43:37.8870710Z 7 v0.30.0 /usr/bin/buildkitd --debug --allow-insecure-entitlement=network.host
2026-05-25T11:43:37.8871436Z github.com/moby/buildkit/cache/util.StatFile
2026-05-25T11:43:37.8871934Z 	/src/cache/util/fsutil.go:105
2026-05-25T11:43:37.8872555Z github.com/moby/buildkit/frontend/gateway.(*llbBridgeForwarder).StatFile
2026-05-25T11:43:37.8873243Z 	/src/frontend/gateway/gateway.go:986
2026-05-25T11:43:37.8873552Z 
2026-05-25T11:43:37.8875219Z time="2026-05-25T11:33:03Z" level=error msg="/moby.buildkit.v1.frontend.LLBBridge/StatFile returned error: rpc error: code = Unknown desc = lstat docker-bake.override.hcl: no such file or directory" spanID=7404c79d7bdb6bb6 traceID=27ba861c8b1bbf514135f279bb7c8d5a
2026-05-25T11:43:37.8876974Z lstat docker-bake.override.hcl: no such file or directory
2026-05-25T11:43:37.8877750Z 7 v0.30.0 /usr/bin/buildkitd --debug --allow-insecure-entitlement=network.host
2026-05-25T11:43:37.8878784Z github.com/tonistiigi/fsutil.Stat
2026-05-25T11:43:37.8879206Z 	/src/vendor/github.com/tonistiigi/fsutil/stat.go:61
2026-05-25T11:43:37.8879542Z github.com/moby/buildkit/cache/util.StatFile
2026-05-25T11:43:37.8879831Z 	/src/cache/util/fsutil.go:99
2026-05-25T11:43:37.8880188Z github.com/moby/buildkit/frontend/gateway.(*llbBridgeForwarder).StatFile
2026-05-25T11:43:37.8880595Z 	/src/frontend/gateway/gateway.go:986
2026-05-25T11:43:37.8880961Z github.com/moby/buildkit/control/gateway.(*GatewayForwarder).StatFile
2026-05-25T11:43:37.8881332Z 	/src/control/gateway/gateway.go:135
2026-05-25T11:43:37.8881724Z github.com/moby/buildkit/frontend/gateway/pb._LLBBridge_StatFile_Handler.func1
2026-05-25T11:43:37.8882154Z 	/src/frontend/gateway/pb/gateway_grpc.pb.go:469
2026-05-25T11:43:37.8882493Z google.golang.org/grpc.getChainUnaryHandler.func1
2026-05-25T11:43:37.8882841Z 	/src/vendor/google.golang.org/grpc/server.go:1243
2026-05-25T11:43:37.8883140Z main.unaryInterceptor
2026-05-25T11:43:37.8883372Z 	/src/cmd/buildkitd/main.go:775
2026-05-25T11:43:37.8883959Z google.golang.org/grpc.NewServer.chainUnaryServerInterceptors.chainUnaryInterceptors.func1
2026-05-25T11:43:37.8884645Z 	/src/vendor/google.golang.org/grpc/server.go:1234
2026-05-25T11:43:37.8885454Z github.com/moby/buildkit/frontend/gateway/pb._LLBBridge_StatFile_Handler
2026-05-25T11:43:37.8885924Z 	/src/frontend/gateway/pb/gateway_grpc.pb.go:471
2026-05-25T11:43:37.8886266Z google.golang.org/grpc.(*Server).processUnaryRPC
2026-05-25T11:43:37.8886883Z 	/src/vendor/google.golang.org/grpc/server.go:1430
2026-05-25T11:43:37.8887224Z google.golang.org/grpc.(*Server).handleStream
2026-05-25T11:43:37.8887547Z 	/src/vendor/google.golang.org/grpc/server.go:1856
2026-05-25T11:43:37.8888081Z google.golang.org/grpc.(*Server).serveStreams.func2.1
2026-05-25T11:43:37.8888446Z 	/src/vendor/google.golang.org/grpc/server.go:1065
2026-05-25T11:43:37.8888736Z runtime.goexit
2026-05-25T11:43:37.8888955Z 	/usr/local/go/src/runtime/asm_amd64.s:1771
2026-05-25T11:43:37.8889157Z 
2026-05-25T11:43:37.8889372Z 7 v0.30.0 /usr/bin/buildkitd --debug --allow-insecure-entitlement=network.host
2026-05-25T11:43:37.8889773Z main.unaryInterceptor
2026-05-25T11:43:37.8890006Z 	/src/cmd/buildkitd/main.go:779
2026-05-25T11:43:37.8890473Z google.golang.org/grpc.NewServer.chainUnaryServerInterceptors.chainUnaryInterceptors.func1
2026-05-25T11:43:37.8890998Z 	/src/vendor/google.golang.org/grpc/server.go:1234
2026-05-25T11:43:37.8891211Z 
2026-05-25T11:43:37.8891413Z 7 v0.30.0 /usr/bin/buildkitd --debug --allow-insecure-entitlement=network.host
2026-05-25T11:43:37.8891830Z github.com/moby/buildkit/cache/util.StatFile
2026-05-25T11:43:37.8892116Z 	/src/cache/util/fsutil.go:105
2026-05-25T11:43:37.8892473Z github.com/moby/buildkit/frontend/gateway.(*llbBridgeForwarder).StatFile
2026-05-25T11:43:37.8892868Z 	/src/frontend/gateway/gateway.go:986
2026-05-25T11:43:37.8893052Z 
2026-05-25T11:43:37.8893425Z time="2026-05-25T11:33:03Z" level=debug msg="session finished: <nil>" spanID=870030429f1883e8 traceID=27ba861c8b1bbf514135f279bb7c8d5a
2026-05-25T11:43:37.8894249Z time="2026-05-25T11:33:03Z" level=debug msg="session started" spanID=fa4e2ec498484642 traceID=27ba861c8b1bbf514135f279bb7c8d5a
2026-05-25T11:43:37.8895310Z time="2026-05-25T11:33:03Z" level=debug msg="session finished: <nil>" spanID=fa4e2ec498484642 traceID=27ba861c8b1bbf514135f279bb7c8d5a
2026-05-25T11:43:37.8896164Z time="2026-05-25T11:33:03Z" level=debug msg="session started" spanID=162bc6f38363f15d traceID=a9013635257ce06a78498d11f838df92
2026-05-25T11:43:37.8897355Z time="2026-05-25T11:33:03Z" level=debug msg="load cache for [internal] load git source https://github.com/moby/buildkit.git#d6b444d4e18204d7f7e6fac28037ab1e28666d1b with m5w92qdjtg71a30xbs8lg21a5::80f7brw8yqwrsoxi9nnbxcjew"
2026-05-25T11:43:37.8898930Z time="2026-05-25T11:33:03Z" level=error msg="/moby.buildkit.v1.frontend.LLBBridge/StatFile returned error: rpc error: code = Unknown desc = lstat Dockerfile.rego: no such file or directory" spanID=c277718b028b6493 traceID=27ba861c8b1bbf514135f279bb7c8d5a
2026-05-25T11:43:37.8900099Z lstat Dockerfile.rego: no such file or directory
2026-05-25T11:43:37.8900525Z 7 v0.30.0 /usr/bin/buildkitd --debug --allow-insecure-entitlement=network.host
2026-05-25T11:43:37.8900936Z github.com/tonistiigi/fsutil.Stat
2026-05-25T11:43:37.8901239Z 	/src/vendor/github.com/tonistiigi/fsutil/stat.go:61
2026-05-25T11:43:37.8901574Z github.com/moby/buildkit/cache/util.StatFile
2026-05-25T11:43:37.8901860Z 	/src/cache/util/fsutil.go:99
2026-05-25T11:43:37.8902213Z github.com/moby/buildkit/frontend/gateway.(*llbBridgeForwarder).StatFile
2026-05-25T11:43:37.8902602Z 	/src/frontend/gateway/gateway.go:986
2026-05-25T11:43:37.8902963Z github.com/moby/buildkit/control/gateway.(*GatewayForwarder).StatFile
2026-05-25T11:43:37.8903342Z 	/src/control/gateway/gateway.go:135
2026-05-25T11:43:37.8903731Z github.com/moby/buildkit/frontend/gateway/pb._LLBBridge_StatFile_Handler.func1
2026-05-25T11:43:37.8904183Z 	/src/frontend/gateway/pb/gateway_grpc.pb.go:469
2026-05-25T11:43:37.8904542Z google.golang.org/grpc.getChainUnaryHandler.func1
2026-05-25T11:43:37.8905970Z 	/src/vendor/google.golang.org/grpc/server.go:1243
2026-05-25T11:43:37.8906610Z main.unaryInterceptor
2026-05-25T11:43:37.8907024Z 	/src/cmd/buildkitd/main.go:775
2026-05-25T11:43:37.8908180Z google.golang.org/grpc.NewServer.chainUnaryServerInterceptors.chainUnaryInterceptors.func1
2026-05-25T11:43:37.8908939Z 	/src/vendor/google.golang.org/grpc/server.go:1234
2026-05-25T11:43:37.8909375Z github.com/moby/buildkit/frontend/gateway/pb._LLBBridge_StatFile_Handler
2026-05-25T11:43:37.8909872Z 	/src/frontend/gateway/pb/gateway_grpc.pb.go:471
2026-05-25T11:43:37.8910342Z google.golang.org/grpc.(*Server).processUnaryRPC
2026-05-25T11:43:37.8910686Z 	/src/vendor/google.golang.org/grpc/server.go:1430
2026-05-25T11:43:37.8911018Z google.golang.org/grpc.(*Server).handleStream
2026-05-25T11:43:37.8911385Z 	/src/vendor/google.golang.org/grpc/server.go:1856
2026-05-25T11:43:37.8911771Z google.golang.org/grpc.(*Server).serveStreams.func2.1
2026-05-25T11:43:37.8912168Z 	/src/vendor/google.golang.org/grpc/server.go:1065
2026-05-25T11:43:37.8912497Z runtime.goexit
2026-05-25T11:43:37.8912733Z 	/usr/local/go/src/runtime/asm_amd64.s:1771
2026-05-25T11:43:37.8912942Z 
2026-05-25T11:43:37.8913170Z 7 v0.30.0 /usr/bin/buildkitd --debug --allow-insecure-entitlement=network.host
2026-05-25T11:43:37.8913570Z main.unaryInterceptor
2026-05-25T11:43:37.8913801Z 	/src/cmd/buildkitd/main.go:779
2026-05-25T11:43:37.8914324Z google.golang.org/grpc.NewServer.chainUnaryServerInterceptors.chainUnaryInterceptors.func1
2026-05-25T11:43:37.8914890Z 	/src/vendor/google.golang.org/grpc/server.go:1234
2026-05-25T11:43:37.8915359Z 
2026-05-25T11:43:37.8915593Z 7 v0.30.0 /usr/bin/buildkitd --debug --allow-insecure-entitlement=network.host
2026-05-25T11:43:37.8916014Z github.com/moby/buildkit/cache/util.StatFile
2026-05-25T11:43:37.8916321Z 	/src/cache/util/fsutil.go:105
2026-05-25T11:43:37.8916700Z github.com/moby/buildkit/frontend/gateway.(*llbBridgeForwarder).StatFile
2026-05-25T11:43:37.8917142Z 	/src/frontend/gateway/gateway.go:986
2026-05-25T11:43:37.8917322Z 
2026-05-25T11:43:37.8917708Z time="2026-05-25T11:33:03Z" level=debug msg="session started" spanID=c7f887895b2b20c8 traceID=27ba861c8b1bbf514135f279bb7c8d5a
2026-05-25T11:43:37.8918707Z time="2026-05-25T11:33:03Z" level=debug msg="resolve exporter docker with map[name:buildkit-tests]" spanID=c50cf40d36e5d0c4 traceID=27ba861c8b1bbf514135f279bb7c8d5a
2026-05-25T11:43:37.8920062Z time="2026-05-25T11:33:05Z" level=debug msg="checked for cached auth handler namespace" cached=false key="docker.io/docker/dockerfile-upstream::pull" name=docker.io/docker/dockerfile-upstream scope=pull
2026-05-25T11:43:37.8921405Z time="2026-05-25T11:33:05Z" level=debug msg=resolving span="resolving docker.io/docker/dockerfile-upstream:master" spanID=67ea7bbcf760ce51 traceID=27ba861c8b1bbf514135f279bb7c8d5a
2026-05-25T11:43:37.8923761Z time="2026-05-25T11:33:05Z" level=debug msg="do request" request.header.accept="application/vnd.docker.distribution.manifest.v2+json, application/vnd.docker.distribution.manifest.list.v2+json, application/vnd.oci.image.manifest.v1+json, application/vnd.oci.image.index.v1+json, */*" request.header.user-agent=buildkit/v0.30 request.method=HEAD span="resolving docker.io/docker/dockerfile-upstream:master" spanID=67ea7bbcf760ce51 traceID=27ba861c8b1bbf514135f279bb7c8d5a
2026-05-25T11:43:37.8928989Z time="2026-05-25T11:33:06Z" level=debug msg="fetch response received" response.header.connection=keep-alive response.header.content-length=169 response.header.content-type=application/json response.header.date="Mon, 25 May 2026 11:33:06 GMT" response.header.docker-distribution-api-version=registry/2.0 response.header.docker-ratelimit-source=52.159.229.148 response.header.strict-transport-security="max-age=31536000" response.header.www-authenticate="***"https://auth.docker.io/token\",service=\"registry.docker.io\",scope=\"repository:docker/dockerfile-upstream:pull\"" response.status="401 Unauthorized" span="resolving docker.io/docker/dockerfile-upstream:master" spanID=67ea7bbcf760ce51 traceID=27ba861c8b1bbf514135f279bb7c8d5a
2026-05-25T11:43:37.8932922Z time="2026-05-25T11:33:06Z" level=debug msg=Unauthorized header="***"https://auth.docker.io/token\",service=\"registry.docker.io\",scope=\"repository:docker/dockerfile-upstream:pull\"" span="resolving docker.io/docker/dockerfile-upstream:master" spanID=67ea7bbcf760ce51 traceID=27ba861c8b1bbf514135f279bb7c8d5a
2026-05-25T11:43:37.8935936Z time="2026-05-25T11:33:06Z" level=debug msg="do request" request.header.accept="application/vnd.docker.distribution.manifest.v2+json, application/vnd.docker.distribution.manifest.list.v2+json, application/vnd.oci.image.manifest.v1+json, application/vnd.oci.image.index.v1+json, */*" request.header.user-agent=buildkit/v0.30 request.method=HEAD span="resolving docker.io/docker/dockerfile-upstream:master" spanID=67ea7bbcf760ce51 traceID=27ba861c8b1bbf514135f279bb7c8d5a
2026-05-25T11:43:37.8940668Z time="2026-05-25T11:33:06Z" level=debug msg="fetch response received" response.header.connection=keep-alive response.header.content-length=9078 response.header.content-type=application/vnd.oci.image.index.v1+json response.header.date="Mon, 25 May 2026 11:33:06 GMT" response.header.docker-content-digest="sha256:ab2acc61258a5d096ac5ac4ab5a3d556578f848f23f3a0b4f25716be2e10c9fd" response.header.docker-distribution-api-version=registry/2.0 response.header.docker-ratelimit-source=59aa2839-97c5-4781-8b76-14f597fd2a04 response.header.etag="\"sha256:ab2acc61258a5d096ac5ac4ab5a3d556578f848f23f3a0b4f25716be2e10c9fd\"" response.header.strict-transport-security="max-age=31536000" response.status="200 OK" span="resolving docker.io/docker/dockerfile-upstream:master" spanID=67ea7bbcf760ce51 traceID=27ba861c8b1bbf514135f279bb7c8d5a
2026-05-25T11:43:37.8944533Z time="2026-05-25T11:33:06Z" level=debug msg=resolved desc.digest="sha256:ab2acc61258a5d096ac5ac4ab5a3d556578f848f23f3a0b4f25716be2e10c9fd" span="resolving docker.io/docker/dockerfile-upstream:master" spanID=67ea7bbcf760ce51 traceID=27ba861c8b1bbf514135f279bb7c8d5a
2026-05-25T11:43:37.8946241Z time="2026-05-25T11:33:06Z" level=debug msg=fetch span="resolving docker.io/docker/dockerfile-upstream:master" spanID=67ea7bbcf760ce51 traceID=27ba861c8b1bbf514135f279bb7c8d5a
2026-05-25T11:43:37.8947675Z time="2026-05-25T11:33:06Z" level=debug msg="fetching layer" chunk_size=0 initial_parallelism=0 offset=0 parallelism=1 span="resolving docker.io/docker/dockerfile-upstream:master" spanID=67ea7bbcf760ce51 traceID=27ba861c8b1bbf514135f279bb7c8d5a
2026-05-25T11:43:37.8949774Z time="2026-05-25T11:33:06Z" level=debug msg="do request" request.header.accept="application/vnd.oci.image.index.v1+json, */*" request.header.accept-encoding="zstd;q=1.0, gzip;q=0.8, deflate;q=0.5" request.header.user-agent=buildkit/v0.30 request.method=GET span="resolving docker.io/docker/dockerfile-upstream:master" spanID=67ea7bbcf760ce51 traceID=27ba861c8b1bbf514135f279bb7c8d5a
2026-05-25T11:43:37.8954014Z time="2026-05-25T11:33:06Z" level=debug msg="fetch response received" response.header.connection=keep-alive response.header.content-length=9078 response.header.content-type=application/vnd.oci.image.index.v1+json response.header.date="Mon, 25 May 2026 11:33:06 GMT" response.header.docker-content-digest="sha256:ab2acc61258a5d096ac5ac4ab5a3d556578f848f23f3a0b4f25716be2e10c9fd" response.header.docker-distribution-api-version=registry/2.0 response.header.docker-ratelimit-source=52.159.229.148 response.header.etag="\"sha256:ab2acc61258a5d096ac5ac4ab5a3d556578f848f23f3a0b4f25716be2e10c9fd\"" response.header.strict-transport-security="max-age=31536000" response.status="200 OK" span="resolving docker.io/docker/dockerfile-upstream:master" spanID=67ea7bbcf760ce51 traceID=27ba861c8b1bbf514135f279bb7c8d5a
2026-05-25T11:43:37.8958073Z time="2026-05-25T11:33:06Z" level=debug msg=fetch span="resolving docker.io/docker/dockerfile-upstream:master" spanID=67ea7bbcf760ce51 traceID=27ba861c8b1bbf514135f279bb7c8d5a
2026-05-25T11:43:37.8959496Z time="2026-05-25T11:33:06Z" level=debug msg="fetching layer" chunk_size=0 initial_parallelism=0 offset=0 parallelism=1 span="resolving docker.io/docker/dockerfile-upstream:master" spanID=67ea7bbcf760ce51 traceID=27ba861c8b1bbf514135f279bb7c8d5a
2026-05-25T11:43:37.8961765Z time="2026-05-25T11:33:06Z" level=debug msg="do request" request.header.accept="application/vnd.oci.image.manifest.v1+json, */*" request.header.accept-encoding="zstd;q=1.0, gzip;q=0.8, deflate;q=0.5" request.header.user-agent=buildkit/v0.30 request.method=GET span="resolving docker.io/docker/dockerfile-upstream:master" spanID=67ea7bbcf760ce51 traceID=27ba861c8b1bbf514135f279bb7c8d5a
2026-05-25T11:43:37.8966671Z time="2026-05-25T11:33:06Z" level=debug msg="fetch response received" response.header.connection=keep-alive response.header.content-length=1134 response.header.content-type=application/vnd.oci.image.manifest.v1+json response.header.date="Mon, 25 May 2026 11:33:06 GMT" response.header.docker-content-digest="sha256:6df7cbe25d59e3e85778b772adc8bd697b16acdc4de601217069e7f976e9fdcc" response.header.docker-distribution-api-version=registry/2.0 response.header.docker-ratelimit-source=52.159.229.148 response.header.etag="\"sha256:6df7cbe25d59e3e85778b772adc8bd697b16acdc4de601217069e7f976e9fdcc\"" response.header.strict-transport-security="max-age=31536000" response.status="200 OK" span="resolving docker.io/docker/dockerfile-upstream:master" spanID=67ea7bbcf760ce51 traceID=27ba861c8b1bbf514135f279bb7c8d5a
2026-05-25T11:43:37.8975449Z time="2026-05-25T11:33:06Z" level=debug msg=fetch span="resolving docker.io/docker/dockerfile-upstream:master" spanID=67ea7bbcf760ce51 traceID=27ba861c8b1bbf514135f279bb7c8d5a
2026-05-25T11:43:37.8977856Z time="2026-05-25T11:33:06Z" level=debug msg="fetching layer" chunk_size=0 initial_parallelism=0 offset=0 parallelism=1 span="resolving docker.io/docker/dockerfile-upstream:master" spanID=67ea7bbcf760ce51 traceID=27ba861c8b1bbf514135f279bb7c8d5a
2026-05-25T11:43:37.8982243Z time="2026-05-25T11:33:06Z" level=debug msg="do request" request.header.accept="application/vnd.oci.image.config.v1+json, */*" request.header.accept-encoding="zstd;q=1.0, gzip;q=0.8, deflate;q=0.5" request.header.user-agent=buildkit/v0.30 request.method=GET span="resolving docker.io/docker/dockerfile-upstream:master" spanID=67ea7bbcf760ce51 traceID=27ba861c8b1bbf514135f279bb7c8d5a
2026-05-25T11:43:37.8989357Z time="2026-05-25T11:33:06Z" level=debug msg="fetch response received" response.header.accept-ranges=bytes response.header.age=26648 response.header.alt-svc="h3=\":443\"; ma=86400" response.header.connection=keep-alive response.header.content-length=1332 response.header.content-type=application/octet-stream response.header.date="Mon, 25 May 2026 04:08:59 GMT" response.header.etag="\"4485375d24f865842f230f566a222c46\"" response.header.last-modified="Sat, 23 May 2026 01:24:40 GMT" response.header.server=AmazonS3 response.header.vary=Accept-Encoding response.header.via="1.1 5fa19949620deb5ea219d7070e76b034.cloudfront.net (CloudFront)" response.header.x-amz-cf-id="q_If3osoESJVo_I6A7skAVM9rX0qVJ-291R5CB7E081PHg0p7sWXqw==" response.header.x-amz-cf-pop=SFO53-P12 response.header.x-amz-server-side-encryption=AES256 response.header.x-amz-version-id=QRwrSdeNGm_UM_evY.XSIUZMdnD6XzOR response.header.x-cache="Hit from cloudfront" response.status="200 OK" span="resolving docker.io/docker/dockerfile-upstream:master" spanID=67ea7bbcf760ce51 traceID=27ba861c8b1bbf514135f279bb7c8d5a
2026-05-25T11:43:37.8994276Z time="2026-05-25T11:33:06Z" level=debug msg="checked for cached auth handler namespace" cached=true key="docker.io/docker/dockerfile-upstream::pull" name=docker.io/docker/dockerfile-upstream scope=pull
2026-05-25T11:43:37.8996139Z time="2026-05-25T11:33:06Z" level=debug msg=fetch digest="sha256:ab2acc61258a5d096ac5ac4ab5a3d556578f848f23f3a0b4f25716be2e10c9fd" mediatype=application/vnd.oci.image.index.v1+json size=9078 spanID=a9bf98e883126cde traceID=27ba861c8b1bbf514135f279bb7c8d5a
2026-05-25T11:43:37.8997909Z time="2026-05-25T11:33:06Z" level=debug msg=fetch digest="sha256:6df7cbe25d59e3e85778b772adc8bd697b16acdc4de601217069e7f976e9fdcc" mediatype=application/vnd.oci.image.manifest.v1+json size=1134 spanID=a9bf98e883126cde traceID=27ba861c8b1bbf514135f279bb7c8d5a
2026-05-25T11:43:37.8999781Z time="2026-05-25T11:33:06Z" level=debug msg=fetch digest="sha256:986cb626fb9340522a2e37ba056cde2f04b4a44b64663bd680e1ed159380f4b9" mediatype=application/vnd.oci.image.config.v1+json size=1332 spanID=a9bf98e883126cde traceID=27ba861c8b1bbf514135f279bb7c8d5a
2026-05-25T11:43:37.9001363Z time="2026-05-25T11:33:06Z" level=debug msg="checked for cached auth handler namespace" cached=true key="docker.io/docker/dockerfile-upstream::pull" name=docker.io/docker/dockerfile-upstream scope=pull
2026-05-25T11:43:37.9002704Z time="2026-05-25T11:33:06Z" level=debug msg="checked for cached auth handler namespace" cached=true key="docker.io/docker/dockerfile-upstream::pull" name=docker.io/docker/dockerfile-upstream scope=pull
2026-05-25T11:43:37.9004276Z time="2026-05-25T11:33:06Z" level=debug msg=fetch digest="sha256:038e0e084321bed14ae1d8adc3fcab396ccfaad38f3de75de7ef5bd55d704808" mediatype=application/vnd.oci.image.layer.v1.tar+gzip size=14365862 spanID=a9bf98e883126cde traceID=27ba861c8b1bbf514135f279bb7c8d5a
2026-05-25T11:43:37.9006604Z time="2026-05-25T11:33:06Z" level=debug msg="fetching layer" chunk_size=0 digest="sha256:038e0e084321bed14ae1d8adc3fcab396ccfaad38f3de75de7ef5bd55d704808" initial_parallelism=0 mediatype=application/vnd.oci.image.layer.v1.tar+gzip offset=0 parallelism=1 size=14365862 spanID=a9bf98e883126cde traceID=27ba861c8b1bbf514135f279bb7c8d5a
2026-05-25T11:43:37.9009920Z time="2026-05-25T11:33:06Z" level=debug msg="do request" digest="sha256:038e0e084321bed14ae1d8adc3fcab396ccfaad38f3de75de7ef5bd55d704808" mediatype=application/vnd.oci.image.layer.v1.tar+gzip request.header.accept="application/vnd.oci.image.layer.v1.tar+gzip, */*" request.header.accept-encoding="zstd;q=1.0, gzip;q=0.8, deflate;q=0.5" request.header.user-agent=buildkit/v0.30 request.method=GET size=14365862 spanID=a9bf98e883126cde traceID=27ba861c8b1bbf514135f279bb7c8d5a url="https://registry-1.docker.io/v2/docker/dockerfile-upstream/blobs/sha256:038e0e084321bed14ae1d8adc3fcab396ccfaad38f3de75de7ef5bd55d704808"
2026-05-25T11:43:37.9017896Z time="2026-05-25T11:33:06Z" level=debug msg="fetch response received" digest="sha256:038e0e084321bed14ae1d8adc3fcab396ccfaad38f3de75de7ef5bd55d704808" mediatype=application/vnd.oci.image.layer.v1.tar+gzip response.header.accept-ranges=bytes response.header.age=26648 response.header.alt-svc="h3=\":443\"; ma=86400" response.header.connection=keep-alive response.header.content-length=14365862 response.header.content-type=application/octet-stream response.header.date="Mon, 25 May 2026 04:08:59 GMT" response.header.etag="\"ce14b5640a9380ee7aa18331e5cabb4a\"" response.header.last-modified="Sat, 23 May 2026 01:24:41 GMT" response.header.server=AmazonS3 response.header.vary=Accept-Encoding response.header.via="1.1 5fa19949620deb5ea219d7070e76b034.cloudfront.net (CloudFront)" response.header.x-amz-cf-id="61Rzb4Nl7aKW1iEYVpWaYj43VHIBrry2ukNR7aWyWgdKT3lFT_qMsA==" response.header.x-amz-cf-pop=SFO53-P12 response.header.x-amz-server-side-encryption=AES256 response.header.x-amz-version-id=NxtjW1fl3i0woiwJvLvxS2DfL8eCKrCd response.header.x-cache="Hit from cloudfront" response.status="200 OK" size=14365862 spanID=a9bf98e883126cde traceID=27ba861c8b1bbf514135f279bb7c8d5a url="https://registry-1.docker.io/v2/docker/dockerfile-upstream/blobs/sha256:038e0e084321bed14ae1d8adc3fcab396ccfaad38f3de75de7ef5bd55d704808"
2026-05-25T11:43:37.9024723Z time="2026-05-25T11:33:06Z" level=debug msg=" not found" error="exec: \"igzip\": executable file not found in $PATH"
2026-05-25T11:43:37.9025540Z time="2026-05-25T11:33:06Z" level=debug msg="using unpigz for decompression"
2026-05-25T11:43:37.9026826Z time="2026-05-25T11:33:07Z" level=debug msg="diff applied" d=109.060146ms digest="sha256:038e0e084321bed14ae1d8adc3fcab396ccfaad38f3de75de7ef5bd55d704808" media=application/vnd.oci.image.layer.v1.tar+gzip size=14365862 span=extract spanID=e6848652356c0eab traceID=27ba861c8b1bbf514135f279bb7c8d5a
2026-05-25T11:43:37.9028267Z time="2026-05-25T11:33:07Z" level=debug msg="serving grpc connection" spanID=a9bf98e883126cde traceID=27ba861c8b1bbf514135f279bb7c8d5a
2026-05-25T11:43:37.9029616Z time="2026-05-25T11:33:07Z" level=debug msg="> creating 7uhf19hhklm6nb789j6hv7n60 [/bin/dockerfile-frontend]" spanID=a9bf98e883126cde traceID=27ba861c8b1bbf514135f279bb7c8d5a
2026-05-25T11:43:37.9031322Z time="2026-05-25T11:33:07Z" level=debug msg="checked for cached auth handler namespace" cached=false key="docker.io/library/golang::pull" name=docker.io/library/golang scope=pull
2026-05-25T11:43:37.9033130Z time="2026-05-25T11:33:07Z" level=debug msg="checked for cached auth handler namespace" cached=false key="docker.io/tonistiigi/xx::pull" name=docker.io/tonistiigi/xx scope=pull
2026-05-25T11:43:37.9034921Z time="2026-05-25T11:33:07Z" level=debug msg="checked for cached auth handler namespace" cached=false key="docker.io/library/alpine::pull" name=docker.io/library/alpine scope=pull
2026-05-25T11:43:37.9036606Z time="2026-05-25T11:33:07Z" level=debug msg="checked for cached auth handler namespace" cached=false key="docker.io/tonistiigi/binfmt::pull" name=docker.io/tonistiigi/binfmt scope=pull
2026-05-25T11:43:37.9037888Z time="2026-05-25T11:33:07Z" level=debug msg="checked for cached auth handler namespace" cached=false key="quay.io/minio/mc::pull" name=quay.io/minio/mc scope=pull
2026-05-25T11:43:37.9039084Z time="2026-05-25T11:33:07Z" level=debug msg="checked for cached auth handler namespace" cached=false key="quay.io/minio/minio::pull" name=quay.io/minio/minio scope=pull
2026-05-25T11:43:37.9040364Z time="2026-05-25T11:33:07Z" level=debug msg="checked for cached auth handler namespace" cached=false key="docker.io/docker/buildx-bin::pull" name=docker.io/docker/buildx-bin scope=pull
2026-05-25T11:43:37.9041602Z time="2026-05-25T11:33:07Z" level=debug msg="checked for cached auth handler namespace" cached=false key="docker.io/moby/moby-bin::pull" name=docker.io/moby/moby-bin scope=pull
2026-05-25T11:43:37.9042797Z time="2026-05-25T11:33:07Z" level=debug msg="checked for cached auth handler namespace" cached=false key="docker.io/dockereng/cli-bin::pull" name=docker.io/dockereng/cli-bin scope=pull
2026-05-25T11:43:37.9043989Z time="2026-05-25T11:33:07Z" level=debug msg=resolving span="resolving docker.io/library/golang:1.26-alpine3.23" spanID=17938040d2554a84 traceID=27ba861c8b1bbf514135f279bb7c8d5a
2026-05-25T11:43:37.9046466Z time="2026-05-25T11:33:07Z" level=debug msg="do request" request.header.accept="application/vnd.docker.distribution.manifest.v2+json, application/vnd.docker.distribution.manifest.list.v2+json, application/vnd.oci.image.manifest.v1+json, application/vnd.oci.image.index.v1+json, */*" request.header.user-agent=buildkit/v0.30 request.method=HEAD span="resolving docker.io/library/golang:1.26-alpine3.23" spanID=17938040d2554a84 traceID=27ba861c8b1bbf514135f279bb7c8d5a
2026-05-25T11:43:37.9048724Z time="2026-05-25T11:33:07Z" level=debug msg=resolving span="resolving docker.io/moby/moby-bin:29.4" spanID=05ccdac5bf3f22c5 traceID=27ba861c8b1bbf514135f279bb7c8d5a
2026-05-25T11:43:37.9051050Z time="2026-05-25T11:33:07Z" level=debug msg="do request" request.header.accept="application/vnd.docker.distribution.manifest.v2+json, application/vnd.docker.distribution.manifest.list.v2+json, application/vnd.oci.image.manifest.v1+json, application/vnd.oci.image.index.v1+json, */*" request.header.user-agent=buildkit/v0.30 request.method=HEAD span="resolving docker.io/moby/moby-bin:29.4" spanID=05ccdac5bf3f22c5 traceID=27ba861c8b1bbf514135f279bb7c8d5a
2026-05-25T11:43:37.9053449Z time="2026-05-25T11:33:07Z" level=debug msg=resolving span="resolving docker.io/dockereng/cli-bin:29.4" spanID=2d7171f133ead1e0 traceID=27ba861c8b1bbf514135f279bb7c8d5a
2026-05-25T11:43:37.9056120Z time="2026-05-25T11:33:07Z" level=debug msg="do request" request.header.accept="application/vnd.docker.distribution.manifest.v2+json, application/vnd.docker.distribution.manifest.list.v2+json, application/vnd.oci.image.manifest.v1+json, application/vnd.oci.image.index.v1+json, */*" request.header.user-agent=buildkit/v0.30 request.method=HEAD span="resolving docker.io/dockereng/cli-bin:29.4" spanID=2d7171f133ead1e0 traceID=27ba861c8b1bbf514135f279bb7c8d5a
2026-05-25T11:43:37.9058402Z time="2026-05-25T11:33:07Z" level=debug msg=resolving span="resolving docker.io/library/alpine:3.23" spanID=ed007e8fccde2c44 traceID=27ba861c8b1bbf514135f279bb7c8d5a
2026-05-25T11:43:37.9060558Z time="2026-05-25T11:33:07Z" level=debug msg="do request" request.header.accept="application/vnd.docker.distribution.manifest.v2+json, application/vnd.docker.distribution.manifest.list.v2+json, application/vnd.oci.image.manifest.v1+json, application/vnd.oci.image.index.v1+json, */*" request.header.user-agent=buildkit/v0.30 request.method=HEAD span="resolving docker.io/library/alpine:3.23" spanID=ed007e8fccde2c44 traceID=27ba861c8b1bbf514135f279bb7c8d5a
2026-05-25T11:43:37.9063047Z time="2026-05-25T11:33:07Z" level=debug msg=resolving span="resolving docker.io/tonistiigi/binfmt:buildkit-v10.2.1-64@sha256:4cf4c0ad4919b18996362536883de02420c1010654d3c2a2b63e9b72600fa3a9" spanID=7ecc492df782d0b6 traceID=27ba861c8b1bbf514135f279bb7c8d5a
2026-05-25T11:43:37.9067216Z time="2026-05-25T11:33:07Z" level=debug msg="do request" request.header.accept="application/vnd.docker.distribution.manifest.v2+json, application/vnd.docker.distribution.manifest.list.v2+json, application/vnd.oci.image.manifest.v1+json, application/vnd.oci.image.index.v1+json, */*" request.header.user-agent=buildkit/v0.30 request.method=HEAD span="resolving docker.io/tonistiigi/binfmt:buildkit-v10.2.1-64@sha256:4cf4c0ad4919b18996362536883de02420c1010654d3c2a2b63e9b72600fa3a9" spanID=7ecc492df782d0b6 traceID=27ba861c8b1bbf514135f279bb7c8d5a
2026-05-25T11:43:37.9071731Z time="2026-05-25T11:33:07Z" level=debug msg=resolving span="resolving quay.io/minio/mc:RELEASE.2025-08-13T08-35-41Z" spanID=c3a9e06bbcb1d9ad traceID=27ba861c8b1bbf514135f279bb7c8d5a
2026-05-25T11:43:37.9075968Z time="2026-05-25T11:33:07Z" level=debug msg="do request" request.header.accept="application/vnd.docker.distribution.manifest.v2+json, application/vnd.docker.distribution.manifest.list.v2+json, application/vnd.oci.image.manifest.v1+json, application/vnd.oci.image.index.v1+json, */*" request.header.user-agent=buildkit/v0.30 request.method=HEAD span="resolving quay.io/minio/mc:RELEASE.2025-08-13T08-35-41Z" spanID=c3a9e06bbcb1d9ad traceID=27ba861c8b1bbf514135f279bb7c8d5a
2026-05-25T11:43:37.9079918Z time="2026-05-25T11:33:07Z" level=debug msg=resolving span="resolving quay.io/minio/minio:RELEASE.2025-09-07T16-13-09Z" spanID=c92cf7a3b1d8b968 traceID=27ba861c8b1bbf514135f279bb7c8d5a
2026-05-25T11:43:37.9083626Z time="2026-05-25T11:33:07Z" level=debug msg="do request" request.header.accept="application/vnd.docker.distribution.manifest.v2+json, application/vnd.docker.distribution.manifest.list.v2+json, application/vnd.oci.image.manifest.v1+json, application/vnd.oci.image.index.v1+json, */*" request.header.user-agent=buildkit/v0.30 request.method=HEAD span="resolving quay.io/minio/minio:RELEASE.2025-09-07T16-13-09Z" spanID=c92cf7a3b1d8b968 traceID=27ba861c8b1bbf514135f279bb7c8d5a
2026-05-25T11:43:37.9087686Z time="2026-05-25T11:33:07Z" level=debug msg=resolving span="resolving docker.io/docker/buildx-bin:0.34.0" spanID=7a65dd0e72c20aca traceID=27ba861c8b1bbf514135f279bb7c8d5a
2026-05-25T11:43:37.9090314Z time="2026-05-25T11:33:07Z" level=debug msg="do request" request.header.accept="application/vnd.docker.distribution.manifest.v2+json, application/vnd.docker.distribution.manifest.list.v2+json, application/vnd.oci.image.manifest.v1+json, application/vnd.oci.image.index.v1+json, */*" request.header.user-agent=buildkit/v0.30 request.method=HEAD span="resolving docker.io/docker/buildx-bin:0.34.0" spanID=7a65dd0e72c20aca traceID=27ba861c8b1bbf514135f279bb7c8d5a
2026-05-25T11:43:37.9093797Z time="2026-05-25T11:33:07Z" level=debug msg=resolving span="resolving docker.io/tonistiigi/xx:1.9.0" spanID=78a898db47cb42e7 traceID=27ba861c8b1bbf514135f279bb7c8d5a
2026-05-25T11:43:37.9096909Z time="2026-05-25T11:33:07Z" level=debug msg="do request" request.header.accept="application/vnd.docker.distribution.manifest.v2+json, application/vnd.docker.distribution.manifest.list.v2+json, application/vnd.oci.image.manifest.v1+json, application/vnd.oci.image.index.v1+json, */*" request.header.user-agent=buildkit/v0.30 request.method=HEAD span="resolving docker.io/tonistiigi/xx:1.9.0" spanID=78a898db47cb42e7 traceID=27ba861c8b1bbf514135f279bb7c8d5a
2026-05-25T11:43:37.9103298Z time="2026-05-25T11:33:07Z" level=debug msg="fetch response received" response.header.connection=keep-alive response.header.content-length=157 response.header.content-type=application/json response.header.date="Mon, 25 May 2026 11:33:07 GMT" response.header.docker-distribution-api-version=registry/2.0 response.header.docker-ratelimit-source=52.159.229.148 response.header.strict-transport-security="max-age=31536000" response.header.www-authenticate="***"https://auth.docker.io/token\",service=\"registry.docker.io\",scope=\"repository:library/golang:pull\"" response.status="401 Unauthorized" span="resolving docker.io/library/golang:1.26-alpine3.23" spanID=17938040d2554a84 traceID=27ba861c8b1bbf514135f279bb7c8d5a
2026-05-25T11:43:37.9107602Z time="2026-05-25T11:33:07Z" level=debug msg=Unauthorized header="***"https://auth.docker.io/token\",service=\"registry.docker.io\",scope=\"repository:library/golang:pull\"" span="resolving docker.io/library/golang:1.26-alpine3.23" spanID=17938040d2554a84 traceID=27ba861c8b1bbf514135f279bb7c8d5a
2026-05-25T11:43:37.9110319Z time="2026-05-25T11:33:07Z" level=debug msg="do request" request.header.accept="application/vnd.docker.distribution.manifest.v2+json, application/vnd.docker.distribution.manifest.list.v2+json, application/vnd.oci.image.manifest.v1+json, application/vnd.oci.image.index.v1+json, */*" request.header.user-agent=buildkit/v0.30 request.method=HEAD span="resolving docker.io/library/golang:1.26-alpine3.23" spanID=17938040d2554a84 traceID=27ba861c8b1bbf514135f279bb7c8d5a
2026-05-25T11:43:37.9117197Z time="2026-05-25T11:33:07Z" level=debug msg="fetch response received" response.header.connection=keep-alive response.header.content-length=156 response.header.content-type=application/json response.header.date="Mon, 25 May 2026 11:33:07 GMT" response.header.docker-distribution-api-version=registry/2.0 response.header.docker-ratelimit-source=52.159.229.148 response.header.strict-transport-security="max-age=31536000" response.header.www-authenticate="***"https://auth.docker.io/token\",service=\"registry.docker.io\",scope=\"repository:moby/moby-bin:pull\"" response.status="401 Unauthorized" span="resolving docker.io/moby/moby-bin:29.4" spanID=05ccdac5bf3f22c5 traceID=27ba861c8b1bbf514135f279bb7c8d5a
2026-05-25T11:43:37.9123456Z time="2026-05-25T11:33:07Z" level=debug msg=Unauthorized header="***"https://auth.docker.io/token\",service=\"registry.docker.io\",scope=\"repository:moby/moby-bin:pull\"" span="resolving docker.io/moby/moby-bin:29.4" spanID=05ccdac5bf3f22c5 traceID=27ba861c8b1bbf514135f279bb7c8d5a
2026-05-25T11:43:37.9127249Z time="2026-05-25T11:33:07Z" level=debug msg="do request" request.header.accept="application/vnd.docker.distribution.manifest.v2+json, application/vnd.docker.distribution.manifest.list.v2+json, application/vnd.oci.image.manifest.v1+json, application/vnd.oci.image.index.v1+json, */*" request.header.user-agent=buildkit/v0.30 request.method=HEAD span="resolving docker.io/moby/moby-bin:29.4" spanID=05ccdac5bf3f22c5 traceID=27ba861c8b1bbf514135f279bb7c8d5a
2026-05-25T11:43:37.9132061Z time="2026-05-25T11:33:07Z" level=debug msg="fetch response received" response.header.connection=keep-alive response.header.content-length=160 response.header.content-type=application/json response.header.date="Mon, 25 May 2026 11:33:07 GMT" response.header.docker-distribution-api-version=registry/2.0 response.header.docker-ratelimit-source=52.159.229.148 response.header.strict-transport-security="max-age=31536000" response.header.www-authenticate="***"https://auth.docker.io/token\",service=\"registry.docker.io\",scope=\"repository:dockereng/cli-bin:pull\"" response.status="401 Unauthorized" span="resolving docker.io/dockereng/cli-bin:29.4" spanID=2d7171f133ead1e0 traceID=27ba861c8b1bbf514135f279bb7c8d5a
2026-05-25T11:43:37.9136733Z time="2026-05-25T11:33:07Z" level=debug msg=Unauthorized header="***"https://auth.docker.io/token\",service=\"registry.docker.io\",scope=\"repository:dockereng/cli-bin:pull\"" span="resolving docker.io/dockereng/cli-bin:29.4" spanID=2d7171f133ead1e0 traceID=27ba861c8b1bbf514135f279bb7c8d5a
2026-05-25T11:43:37.9140206Z time="2026-05-25T11:33:07Z" level=debug msg="do request" request.header.accept="application/vnd.docker.distribution.manifest.v2+json, application/vnd.docker.distribution.manifest.list.v2+json, application/vnd.oci.image.manifest.v1+json, application/vnd.oci.image.index.v1+json, */*" request.header.user-agent=buildkit/v0.30 request.method=HEAD span="resolving docker.io/dockereng/cli-bin:29.4" spanID=2d7171f133ead1e0 traceID=27ba861c8b1bbf514135f279bb7c8d5a
2026-05-25T11:43:37.9147854Z time="2026-05-25T11:33:07Z" level=debug msg="fetch response received" response.header.connection=keep-alive response.header.content-length=160 response.header.content-type=application/json response.header.date="Mon, 25 May 2026 11:33:07 GMT" response.header.docker-distribution-api-version=registry/2.0 response.header.docker-ratelimit-source=52.159.229.148 response.header.strict-transport-security="max-age=31536000" response.header.www-authenticate="***"https://auth.docker.io/token\",service=\"registry.docker.io\",scope=\"repository:tonistiigi/binfmt:pull\"" response.status="401 Unauthorized" span="resolving docker.io/tonistiigi/binfmt:buildkit-v10.2.1-64@sha256:4cf4c0ad4919b18996362536883de02420c1010654d3c2a2b63e9b72600fa3a9" spanID=7ecc492df782d0b6 traceID=27ba861c8b1bbf514135f279bb7c8d5a
2026-05-25T11:43:37.9152469Z time="2026-05-25T11:33:07Z" level=debug msg=Unauthorized header="***"https://auth.docker.io/token\",service=\"registry.docker.io\",scope=\"repository:tonistiigi/binfmt:pull\"" span="resolving docker.io/tonistiigi/binfmt:buildkit-v10.2.1-64@sha256:4cf4c0ad4919b18996362536883de02420c1010654d3c2a2b63e9b72600fa3a9" spanID=7ecc492df782d0b6 traceID=27ba861c8b1bbf514135f279bb7c8d5a
2026-05-25T11:43:37.9155908Z time="2026-05-25T11:33:07Z" level=debug msg="do request" request.header.accept="application/vnd.docker.distribution.manifest.v2+json, application/vnd.docker.distribution.manifest.list.v2+json, application/vnd.oci.image.manifest.v1+json, application/vnd.oci.image.index.v1+json, */*" request.header.user-agent=buildkit/v0.30 request.method=HEAD span="resolving docker.io/tonistiigi/binfmt:buildkit-v10.2.1-64@sha256:4cf4c0ad4919b18996362536883de02420c1010654d3c2a2b63e9b72600fa3a9" spanID=7ecc492df782d0b6 traceID=27ba861c8b1bbf514135f279bb7c8d5a
2026-05-25T11:43:37.9160420Z time="2026-05-25T11:33:07Z" level=debug msg="fetch response received" response.header.connection=keep-alive response.header.content-length=157 response.header.content-type=application/json response.header.date="Mon, 25 May 2026 11:33:07 GMT" response.header.docker-distribution-api-version=registry/2.0 response.header.docker-ratelimit-source=52.159.229.148 response.header.strict-transport-security="max-age=31536000" response.header.www-authenticate="***"https://auth.docker.io/token\",service=\"registry.docker.io\",scope=\"repository:library/alpine:pull\"" response.status="401 Unauthorized" span="resolving docker.io/library/alpine:3.23" spanID=ed007e8fccde2c44 traceID=27ba861c8b1bbf514135f279bb7c8d5a
2026-05-25T11:43:37.9164046Z time="2026-05-25T11:33:07Z" level=debug msg=Unauthorized header="***"https://auth.docker.io/token\",service=\"registry.docker.io\",scope=\"repository:library/alpine:pull\"" span="resolving docker.io/library/alpine:3.23" spanID=ed007e8fccde2c44 traceID=27ba861c8b1bbf514135f279bb7c8d5a
2026-05-25T11:43:37.9166777Z time="2026-05-25T11:33:07Z" level=debug msg="do request" request.header.accept="application/vnd.docker.distribution.manifest.v2+json, application/vnd.docker.distribution.manifest.list.v2+json, application/vnd.oci.image.manifest.v1+json, application/vnd.oci.image.index.v1+json, */*" request.header.user-agent=buildkit/v0.30 request.method=HEAD span="resolving docker.io/library/alpine:3.23" spanID=ed007e8fccde2c44 traceID=27ba861c8b1bbf514135f279bb7c8d5a
2026-05-25T11:43:37.9171047Z time="2026-05-25T11:33:07Z" level=debug msg="fetch response received" response.header.connection=keep-alive response.header.content-length=160 response.header.content-type=application/json response.header.date="Mon, 25 May 2026 11:33:07 GMT" response.header.docker-distribution-api-version=registry/2.0 response.header.docker-ratelimit-source=52.159.229.148 response.header.strict-transport-security="max-age=31536000" response.header.www-authenticate="***"https://auth.docker.io/token\",service=\"registry.docker.io\",scope=\"repository:docker/buildx-bin:pull\"" response.status="401 Unauthorized" span="resolving docker.io/docker/buildx-bin:0.34.0" spanID=7a65dd0e72c20aca traceID=27ba861c8b1bbf514135f279bb7c8d5a
2026-05-25T11:43:37.9175370Z time="2026-05-25T11:33:07Z" level=debug msg=Unauthorized header="***"https://auth.docker.io/token\",service=\"registry.docker.io\",scope=\"repository:docker/buildx-bin:pull\"" span="resolving docker.io/docker/buildx-bin:0.34.0" spanID=7a65dd0e72c20aca traceID=27ba861c8b1bbf514135f279bb7c8d5a
2026-05-25T11:43:37.9180144Z time="2026-05-25T11:33:07Z" level=debug msg="fetch response received" response.header.connection=keep-alive response.header.content-length=156 response.header.content-type=application/json response.header.date="Mon, 25 May 2026 11:33:07 GMT" response.header.docker-distribution-api-version=registry/2.0 response.header.docker-ratelimit-source=52.159.229.148 response.header.strict-transport-security="max-age=31536000" response.header.www-authenticate="***"https://auth.docker.io/token\",service=\"registry.docker.io\",scope=\"repository:tonistiigi/xx:pull\"" response.status="401 Unauthorized" span="resolving docker.io/tonistiigi/xx:1.9.0" spanID=78a898db47cb42e7 traceID=27ba861c8b1bbf514135f279bb7c8d5a
2026-05-25T11:43:37.9183697Z time="2026-05-25T11:33:07Z" level=debug msg=Unauthorized header="***"https://auth.docker.io/token\",service=\"registry.docker.io\",scope=\"repository:tonistiigi/xx:pull\"" span="resolving docker.io/tonistiigi/xx:1.9.0" spanID=78a898db47cb42e7 traceID=27ba861c8b1bbf514135f279bb7c8d5a
2026-05-25T11:43:37.9186656Z time="2026-05-25T11:33:07Z" level=debug msg="do request" request.header.accept="application/vnd.docker.distribution.manifest.v2+json, application/vnd.docker.distribution.manifest.list.v2+json, application/vnd.oci.image.manifest.v1+json, application/vnd.oci.image.index.v1+json, */*" request.header.user-agent=buildkit/v0.30 request.method=HEAD span="resolving docker.io/docker/buildx-bin:0.34.0" spanID=7a65dd0e72c20aca traceID=27ba861c8b1bbf514135f279bb7c8d5a
2026-05-25T11:43:37.9189820Z time="2026-05-25T11:33:07Z" level=debug msg="do request" request.header.accept="application/vnd.docker.distribution.manifest.v2+json, application/vnd.docker.distribution.manifest.list.v2+json, application/vnd.oci.image.manifest.v1+json, application/vnd.oci.image.index.v1+json, */*" request.header.user-agent=buildkit/v0.30 request.method=HEAD span="resolving docker.io/tonistiigi/xx:1.9.0" spanID=78a898db47cb42e7 traceID=27ba861c8b1bbf514135f279bb7c8d5a
2026-05-25T11:43:37.9194192Z time="2026-05-25T11:33:07Z" level=debug msg="fetch response received" response.header.connection=keep-alive response.header.content-length=969 response.header.content-type=application/vnd.docker.distribution.manifest.list.v2+json response.header.date="Mon, 25 May 2026 11:33:07 GMT" response.header.docker-content-digest="sha256:a7fe349ef4bd8521fb8497f55c6042871b2ae640607cf99d9bede5e9bdf11727" response.header.server=nginx response.header.strict-transport-security="max-age=63072000; preload" response.header.vary=Cookie response.header.x-frame-options=DENY response.status="200 OK" span="resolving quay.io/minio/mc:RELEASE.2025-08-13T08-35-41Z" spanID=c3a9e06bbcb1d9ad traceID=27ba861c8b1bbf514135f279bb7c8d5a
2026-05-25T11:43:37.9197865Z time="2026-05-25T11:33:07Z" level=debug msg=resolved desc.digest="sha256:a7fe349ef4bd8521fb8497f55c6042871b2ae640607cf99d9bede5e9bdf11727" span="resolving quay.io/minio/mc:RELEASE.2025-08-13T08-35-41Z" spanID=c3a9e06bbcb1d9ad traceID=27ba861c8b1bbf514135f279bb7c8d5a
2026-05-25T11:43:37.9199486Z time="2026-05-25T11:33:07Z" level=debug msg=fetch span="resolving quay.io/minio/mc:RELEASE.2025-08-13T08-35-41Z" spanID=c3a9e06bbcb1d9ad traceID=27ba861c8b1bbf514135f279bb7c8d5a
2026-05-25T11:43:37.9202561Z time="2026-05-25T11:33:07Z" level=debug msg="fetch response received" response.header.connection=keep-alive response.header.content-length=969 response.header.content-type=application/vnd.docker.distribution.manifest.list.v2+json response.header.date="Mon, 25 May 2026 11:33:07 GMT" response.header.docker-content-digest="sha256:14cea493d9a34af32f524e538b8346cf79f3321eff8e708c1e2960462bd8936e" response.header.server=nginx response.header.strict-transport-security="max-age=63072000; preload" response.header.vary=Cookie response.header.x-frame-options=DENY response.status="200 OK" span="resolving quay.io/minio/minio:RELEASE.2025-09-07T16-13-09Z" spanID=c92cf7a3b1d8b968 traceID=27ba861c8b1bbf514135f279bb7c8d5a
2026-05-25T11:43:37.9207084Z time="2026-05-25T11:33:07Z" level=debug msg=resolved desc.digest="sha256:14cea493d9a34af32f524e538b8346cf79f3321eff8e708c1e2960462bd8936e" span="resolving quay.io/minio/minio:RELEASE.2025-09-07T16-13-09Z" spanID=c92cf7a3b1d8b968 traceID=27ba861c8b1bbf514135f279bb7c8d5a
2026-05-25T11:43:37.9209486Z time="2026-05-25T11:33:07Z" level=debug msg=fetch span="resolving quay.io/minio/minio:RELEASE.2025-09-07T16-13-09Z" spanID=c92cf7a3b1d8b968 traceID=27ba861c8b1bbf514135f279bb7c8d5a
2026-05-25T11:43:37.9211964Z time="2026-05-25T11:33:07Z" level=debug msg="fetching layer" chunk_size=0 initial_parallelism=0 offset=0 parallelism=1 span="resolving quay.io/minio/mc:RELEASE.2025-08-13T08-35-41Z" spanID=c3a9e06bbcb1d9ad traceID=27ba861c8b1bbf514135f279bb7c8d5a
2026-05-25T11:43:37.9216206Z time="2026-05-25T11:33:07Z" level=debug msg="do request" request.header.accept="application/vnd.docker.distribution.manifest.list.v2+json, */*" request.header.accept-encoding="zstd;q=1.0, gzip;q=0.8, deflate;q=0.5" request.header.user-agent=buildkit/v0.30 request.method=GET span="resolving quay.io/minio/mc:RELEASE.2025-08-13T08-35-41Z" spanID=c3a9e06bbcb1d9ad traceID=27ba861c8b1bbf514135f279bb7c8d5a
2026-05-25T11:43:37.9220158Z time="2026-05-25T11:33:07Z" level=debug msg="fetching layer" chunk_size=0 initial_parallelism=0 offset=0 parallelism=1 span="resolving quay.io/minio/minio:RELEASE.2025-09-07T16-13-09Z" spanID=c92cf7a3b1d8b968 traceID=27ba861c8b1bbf514135f279bb7c8d5a
2026-05-25T11:43:37.9222813Z time="2026-05-25T11:33:07Z" level=debug msg="do request" request.header.accept="application/vnd.docker.distribution.manifest.list.v2+json, */*" request.header.accept-encoding="zstd;q=1.0, gzip;q=0.8, deflate;q=0.5" request.header.user-agent=buildkit/v0.30 request.method=GET span="resolving quay.io/minio/minio:RELEASE.2025-09-07T16-13-09Z" spanID=c92cf7a3b1d8b968 traceID=27ba861c8b1bbf514135f279bb7c8d5a
2026-05-25T11:43:37.9227606Z time="2026-05-25T11:33:07Z" level=debug msg="fetch response received" response.header.connection=keep-alive response.header.content-length=10293 response.header.content-type=application/vnd.oci.image.index.v1+json response.header.date="Mon, 25 May 2026 11:33:07 GMT" response.header.docker-content-digest="sha256:91eda9776261207ea25fd06b5b7fed8d397dd2c0a283e77f2ab6e91bfa71079d" response.header.docker-distribution-api-version=registry/2.0 response.header.docker-ratelimit-source=59aa2839-97c5-4781-8b76-14f597fd2a04 response.header.etag="\"sha256:91eda9776261207ea25fd06b5b7fed8d397dd2c0a283e77f2ab6e91bfa71079d\"" response.header.strict-transport-security="max-age=31536000" response.status="200 OK" span="resolving docker.io/library/golang:1.26-alpine3.23" spanID=17938040d2554a84 traceID=27ba861c8b1bbf514135f279bb7c8d5a
2026-05-25T11:43:37.9233692Z time="2026-05-25T11:33:07Z" level=debug msg=resolved desc.digest="sha256:91eda9776261207ea25fd06b5b7fed8d397dd2c0a283e77f2ab6e91bfa71079d" span="resolving docker.io/library/golang:1.26-alpine3.23" spanID=17938040d2554a84 traceID=27ba861c8b1bbf514135f279bb7c8d5a
2026-05-25T11:43:37.9236138Z time="2026-05-25T11:33:07Z" level=debug msg=fetch span="resolving docker.io/library/golang:1.26-alpine3.23" spanID=17938040d2554a84 traceID=27ba861c8b1bbf514135f279bb7c8d5a
2026-05-25T11:43:37.9237637Z time="2026-05-25T11:33:07Z" level=debug msg="fetching layer" chunk_size=0 initial_parallelism=0 offset=0 parallelism=1 span="resolving docker.io/library/golang:1.26-alpine3.23" spanID=17938040d2554a84 traceID=27ba861c8b1bbf514135f279bb7c8d5a
2026-05-25T11:43:37.9239687Z time="2026-05-25T11:33:07Z" level=debug msg="do request" request.header.accept="application/vnd.oci.image.index.v1+json, */*" request.header.accept-encoding="zstd;q=1.0, gzip;q=0.8, deflate;q=0.5" request.header.user-agent=buildkit/v0.30 request.method=GET span="resolving docker.io/library/golang:1.26-alpine3.23" spanID=17938040d2554a84 traceID=27ba861c8b1bbf514135f279bb7c8d5a
2026-05-25T11:43:37.9244522Z time="2026-05-25T11:33:07Z" level=debug msg="fetch response received" response.header.connection=keep-alive response.header.content-length=5424 response.header.content-type=application/vnd.oci.image.index.v1+json response.header.date="Mon, 25 May 2026 11:33:07 GMT" response.header.docker-content-digest="sha256:f4a78f950acd6e870ae5de5ae89ff68972a96699fff72a91bb3526a07227d740" response.header.docker-distribution-api-version=registry/2.0 response.header.docker-ratelimit-source=59aa2839-97c5-4781-8b76-14f597fd2a04 response.header.etag="\"sha256:f4a78f950acd6e870ae5de5ae89ff68972a96699fff72a91bb3526a07227d740\"" response.header.strict-transport-security="max-age=31536000" response.status="200 OK" span="resolving docker.io/moby/moby-bin:29.4" spanID=05ccdac5bf3f22c5 traceID=27ba861c8b1bbf514135f279bb7c8d5a
2026-05-25T11:43:37.9248904Z time="2026-05-25T11:33:07Z" level=debug msg=resolved desc.digest="sha256:f4a78f950acd6e870ae5de5ae89ff68972a96699fff72a91bb3526a07227d740" span="resolving docker.io/moby/moby-bin:29.4" spanID=05ccdac5bf3f22c5 traceID=27ba861c8b1bbf514135f279bb7c8d5a
2026-05-25T11:43:37.9250295Z time="2026-05-25T11:33:07Z" level=debug msg=fetch span="resolving docker.io/moby/moby-bin:29.4" spanID=05ccdac5bf3f22c5 traceID=27ba861c8b1bbf514135f279bb7c8d5a
2026-05-25T11:43:37.9251544Z time="2026-05-25T11:33:07Z" level=debug msg="fetching layer" chunk_size=0 initial_parallelism=0 offset=0 parallelism=1 span="resolving docker.io/moby/moby-bin:29.4" spanID=05ccdac5bf3f22c5 traceID=27ba861c8b1bbf514135f279bb7c8d5a
2026-05-25T11:43:37.9253476Z time="2026-05-25T11:33:07Z" level=debug msg="do request" request.header.accept="application/vnd.oci.image.index.v1+json, */*" request.header.accept-encoding="zstd;q=1.0, gzip;q=0.8, deflate;q=0.5" request.header.user-agent=buildkit/v0.30 request.method=GET span="resolving docker.io/moby/moby-bin:29.4" spanID=05ccdac5bf3f22c5 traceID=27ba861c8b1bbf514135f279bb7c8d5a
2026-05-25T11:43:37.9257625Z time="2026-05-25T11:33:07Z" level=debug msg="fetch response received" response.header.connection=keep-alive response.header.content-length=969 response.header.content-type=application/vnd.docker.distribution.manifest.list.v2+json response.header.date="Mon, 25 May 2026 11:33:07 GMT" response.header.docker-content-digest="sha256:a7fe349ef4bd8521fb8497f55c6042871b2ae640607cf99d9bede5e9bdf11727" response.header.server=nginx response.header.strict-transport-security="max-age=63072000; preload" response.header.vary=Cookie response.header.x-frame-options=DENY response.status="200 OK" span="resolving quay.io/minio/mc:RELEASE.2025-08-13T08-35-41Z" spanID=c3a9e06bbcb1d9ad traceID=27ba861c8b1bbf514135f279bb7c8d5a
2026-05-25T11:43:37.9260711Z time="2026-05-25T11:33:07Z" level=debug msg=fetch span="resolving quay.io/minio/mc:RELEASE.2025-08-13T08-35-41Z" spanID=c3a9e06bbcb1d9ad traceID=27ba861c8b1bbf514135f279bb7c8d5a
2026-05-25T11:43:37.9262094Z time="2026-05-25T11:33:07Z" level=debug msg="fetching layer" chunk_size=0 initial_parallelism=0 offset=0 parallelism=1 span="resolving quay.io/minio/mc:RELEASE.2025-08-13T08-35-41Z" spanID=c3a9e06bbcb1d9ad traceID=27ba861c8b1bbf514135f279bb7c8d5a
2026-05-25T11:43:37.9264340Z time="2026-05-25T11:33:07Z" level=debug msg="do request" request.header.accept="application/vnd.docker.distribution.manifest.v2+json, */*" request.header.accept-encoding="zstd;q=1.0, gzip;q=0.8, deflate;q=0.5" request.header.user-agent=buildkit/v0.30 request.method=GET span="resolving quay.io/minio/mc:RELEASE.2025-08-13T08-35-41Z" spanID=c3a9e06bbcb1d9ad traceID=27ba861c8b1bbf514135f279bb7c8d5a
2026-05-25T11:43:37.9269133Z time="2026-05-25T11:33:07Z" level=debug msg="fetch response received" response.header.connection=keep-alive response.header.content-length=6175 response.header.content-type=application/vnd.oci.image.index.v1+json response.header.date="Mon, 25 May 2026 11:33:07 GMT" response.header.docker-content-digest="sha256:4cf4c0ad4919b18996362536883de02420c1010654d3c2a2b63e9b72600fa3a9" response.header.docker-distribution-api-version=registry/2.0 response.header.docker-ratelimit-source=59aa2839-97c5-4781-8b76-14f597fd2a04 response.header.etag="\"sha256:4cf4c0ad4919b18996362536883de02420c1010654d3c2a2b63e9b72600fa3a9\"" response.header.strict-transport-security="max-age=31536000" response.status="200 OK" span="resolving docker.io/tonistiigi/binfmt:buildkit-v10.2.1-64@sha256:4cf4c0ad4919b18996362536883de02420c1010654d3c2a2b63e9b72600fa3a9" spanID=7ecc492df782d0b6 traceID=27ba861c8b1bbf514135f279bb7c8d5a
2026-05-25T11:43:37.9273453Z time="2026-05-25T11:33:07Z" level=debug msg=resolved desc.digest="sha256:4cf4c0ad4919b18996362536883de02420c1010654d3c2a2b63e9b72600fa3a9" span="resolving docker.io/tonistiigi/binfmt:buildkit-v10.2.1-64@sha256:4cf4c0ad4919b18996362536883de02420c1010654d3c2a2b63e9b72600fa3a9" spanID=7ecc492df782d0b6 traceID=27ba861c8b1bbf514135f279bb7c8d5a
2026-05-25T11:43:37.9275621Z time="2026-05-25T11:33:07Z" level=debug msg=fetch span="resolving docker.io/tonistiigi/binfmt:buildkit-v10.2.1-64@sha256:4cf4c0ad4919b18996362536883de02420c1010654d3c2a2b63e9b72600fa3a9" spanID=7ecc492df782d0b6 traceID=27ba861c8b1bbf514135f279bb7c8d5a
2026-05-25T11:43:37.9277540Z time="2026-05-25T11:33:07Z" level=debug msg="fetching layer" chunk_size=0 initial_parallelism=0 offset=0 parallelism=1 span="resolving docker.io/tonistiigi/binfmt:buildkit-v10.2.1-64@sha256:4cf4c0ad4919b18996362536883de02420c1010654d3c2a2b63e9b72600fa3a9" spanID=7ecc492df782d0b6 traceID=27ba861c8b1bbf514135f279bb7c8d5a
2026-05-25T11:43:37.9280111Z time="2026-05-25T11:33:07Z" level=debug msg="do request" request.header.accept="application/vnd.oci.image.index.v1+json, */*" request.header.accept-encoding="zstd;q=1.0, gzip;q=0.8, deflate;q=0.5" request.header.user-agent=buildkit/v0.30 request.method=GET span="resolving docker.io/tonistiigi/binfmt:buildkit-v10.2.1-64@sha256:4cf4c0ad4919b18996362536883de02420c1010654d3c2a2b63e9b72600fa3a9" spanID=7ecc492df782d0b6 traceID=27ba861c8b1bbf514135f279bb7c8d5a
2026-05-25T11:43:37.9284667Z time="2026-05-25T11:33:07Z" level=debug msg="fetch response received" response.header.connection=keep-alive response.header.content-length=8431 response.header.content-type=application/vnd.oci.image.index.v1+json response.header.date="Mon, 25 May 2026 11:33:07 GMT" response.header.docker-content-digest="sha256:84eb7d2d5c598c46dcd5a5d765ffe954a9b4138ce570016e241fd2c70030c2cb" response.header.docker-distribution-api-version=registry/2.0 response.header.docker-ratelimit-source=59aa2839-97c5-4781-8b76-14f597fd2a04 response.header.etag="\"sha256:84eb7d2d5c598c46dcd5a5d765ffe954a9b4138ce570016e241fd2c70030c2cb\"" response.header.strict-transport-security="max-age=31536000" response.status="200 OK" span="resolving docker.io/dockereng/cli-bin:29.4" spanID=2d7171f133ead1e0 traceID=27ba861c8b1bbf514135f279bb7c8d5a
2026-05-25T11:43:37.9288653Z time="2026-05-25T11:33:07Z" level=debug msg=resolved desc.digest="sha256:84eb7d2d5c598c46dcd5a5d765ffe954a9b4138ce570016e241fd2c70030c2cb" span="resolving docker.io/dockereng/cli-bin:29.4" spanID=2d7171f133ead1e0 traceID=27ba861c8b1bbf514135f279bb7c8d5a
2026-05-25T11:43:37.9290024Z time="2026-05-25T11:33:07Z" level=debug msg=fetch span="resolving docker.io/dockereng/cli-bin:29.4" spanID=2d7171f133ead1e0 traceID=27ba861c8b1bbf514135f279bb7c8d5a
2026-05-25T11:43:37.9291447Z time="2026-05-25T11:33:07Z" level=debug msg="fetching layer" chunk_size=0 initial_parallelism=0 offset=0 parallelism=1 span="resolving docker.io/dockereng/cli-bin:29.4" spanID=2d7171f133ead1e0 traceID=27ba861c8b1bbf514135f279bb7c8d5a
2026-05-25T11:43:37.9293412Z time="2026-05-25T11:33:07Z" level=debug msg="do request" request.header.accept="application/vnd.oci.image.index.v1+json, */*" request.header.accept-encoding="zstd;q=1.0, gzip;q=0.8, deflate;q=0.5" request.header.user-agent=buildkit/v0.30 request.method=GET span="resolving docker.io/dockereng/cli-bin:29.4" spanID=2d7171f133ead1e0 traceID=27ba861c8b1bbf514135f279bb7c8d5a
2026-05-25T11:43:37.9299111Z time="2026-05-25T11:33:07Z" level=debug msg="fetch response received" response.header.connection=keep-alive response.header.content-length=969 response.header.content-type=application/vnd.docker.distribution.manifest.list.v2+json response.header.date="Mon, 25 May 2026 11:33:07 GMT" response.header.docker-content-digest="sha256:14cea493d9a34af32f524e538b8346cf79f3321eff8e708c1e2960462bd8936e" response.header.server=nginx response.header.strict-transport-security="max-age=63072000; preload" response.header.vary=Cookie response.header.x-frame-options=DENY response.status="200 OK" span="resolving quay.io/minio/minio:RELEASE.2025-09-07T16-13-09Z" spanID=c92cf7a3b1d8b968 traceID=27ba861c8b1bbf514135f279bb7c8d5a
2026-05-25T11:43:37.9305781Z time="2026-05-25T11:33:07Z" level=debug msg="fetch response received" response.header.connection=keep-alive response.header.content-length=10293 response.header.content-type=application/vnd.oci.image.index.v1+json response.header.date="Mon, 25 May 2026 11:33:07 GMT" response.header.docker-content-digest="sha256:91eda9776261207ea25fd06b5b7fed8d397dd2c0a283e77f2ab6e91bfa71079d" response.header.docker-distribution-api-version=registry/2.0 response.header.docker-ratelimit-source=59aa2839-97c5-4781-8b76-14f597fd2a04 response.header.etag="\"sha256:91eda9776261207ea25fd06b5b7fed8d397dd2c0a283e77f2ab6e91bfa71079d\"" response.header.strict-transport-security="max-age=31536000" response.status="200 OK" span="resolving docker.io/library/golang:1.26-alpine3.23" spanID=17938040d2554a84 traceID=27ba861c8b1bbf514135f279bb7c8d5a
2026-05-25T11:43:37.9309293Z time="2026-05-25T11:33:07Z" level=debug msg=fetch span="resolving quay.io/minio/minio:RELEASE.2025-09-07T16-13-09Z" spanID=c92cf7a3b1d8b968 traceID=27ba861c8b1bbf514135f279bb7c8d5a
2026-05-25T11:43:37.9310720Z time="2026-05-25T11:33:07Z" level=debug msg="fetching layer" chunk_size=0 initial_parallelism=0 offset=0 parallelism=1 span="resolving quay.io/minio/minio:RELEASE.2025-09-07T16-13-09Z" spanID=c92cf7a3b1d8b968 traceID=27ba861c8b1bbf514135f279bb7c8d5a
2026-05-25T11:43:37.9313043Z time="2026-05-25T11:33:07Z" level=debug msg="do request" request.header.accept="application/vnd.docker.distribution.manifest.v2+json, */*" request.header.accept-encoding="zstd;q=1.0, gzip;q=0.8, deflate;q=0.5" request.header.user-agent=buildkit/v0.30 request.method=GET span="resolving quay.io/minio/minio:RELEASE.2025-09-07T16-13-09Z" spanID=c92cf7a3b1d8b968 traceID=27ba861c8b1bbf514135f279bb7c8d5a
2026-05-25T11:43:37.9315471Z time="2026-05-25T11:33:07Z" level=debug msg=fetch span="resolving docker.io/library/golang:1.26-alpine3.23" spanID=17938040d2554a84 traceID=27ba861c8b1bbf514135f279bb7c8d5a
2026-05-25T11:43:37.9316814Z time="2026-05-25T11:33:07Z" level=debug msg="fetching layer" chunk_size=0 initial_parallelism=0 offset=0 parallelism=1 span="resolving docker.io/library/golang:1.26-alpine3.23" spanID=17938040d2554a84 traceID=27ba861c8b1bbf514135f279bb7c8d5a
2026-05-25T11:43:37.9319365Z time="2026-05-25T11:33:07Z" level=debug msg="do request" request.header.accept="application/vnd.oci.image.manifest.v1+json, */*" request.header.accept-encoding="zstd;q=1.0, gzip;q=0.8, deflate;q=0.5" request.header.user-agent=buildkit/v0.30 request.method=GET span="resolving docker.io/library/golang:1.26-alpine3.23" spanID=17938040d2554a84 traceID=27ba861c8b1bbf514135f279bb7c8d5a
2026-05-25T11:43:37.9326875Z time="2026-05-25T11:33:07Z" level=debug msg="fetch response received" response.header.connection=keep-alive response.header.content-length=9218 response.header.content-type=application/vnd.oci.image.index.v1+json response.header.date="Mon, 25 May 2026 11:33:07 GMT" response.header.docker-content-digest="sha256:5b10f432ef3da1b8d4c7eb6c487f2f5a8f096bc91145e68878dd4a5019afde11" response.header.docker-distribution-api-version=registry/2.0 response.header.docker-ratelimit-source=59aa2839-97c5-4781-8b76-14f597fd2a04 response.header.etag="\"sha256:5b10f432ef3da1b8d4c7eb6c487f2f5a8f096bc91145e68878dd4a5019afde11\"" response.header.strict-transport-security="max-age=31536000" response.status="200 OK" span="resolving docker.io/library/alpine:3.23" spanID=ed007e8fccde2c44 traceID=27ba861c8b1bbf514135f279bb7c8d5a
2026-05-25T11:43:37.9331919Z time="2026-05-25T11:33:07Z" level=debug msg=resolved desc.digest="sha256:5b10f432ef3da1b8d4c7eb6c487f2f5a8f096bc91145e68878dd4a5019afde11" span="resolving docker.io/library/alpine:3.23" spanID=ed007e8fccde2c44 traceID=27ba861c8b1bbf514135f279bb7c8d5a
2026-05-25T11:43:37.9333290Z time="2026-05-25T11:33:07Z" level=debug msg=fetch span="resolving docker.io/library/alpine:3.23" spanID=ed007e8fccde2c44 traceID=27ba861c8b1bbf514135f279bb7c8d5a
2026-05-25T11:43:37.9334837Z time="2026-05-25T11:33:07Z" level=debug msg="fetching layer" chunk_size=0 initial_parallelism=0 offset=0 parallelism=1 span="resolving docker.io/library/alpine:3.23" spanID=ed007e8fccde2c44 traceID=27ba861c8b1bbf514135f279bb7c8d5a
2026-05-25T11:43:37.9339017Z time="2026-05-25T11:33:07Z" level=debug msg="do request" request.header.accept="application/vnd.oci.image.index.v1+json, */*" request.header.accept-encoding="zstd;q=1.0, gzip;q=0.8, deflate;q=0.5" request.header.user-agent=buildkit/v0.30 request.method=GET span="resolving docker.io/library/alpine:3.23" spanID=ed007e8fccde2c44 traceID=27ba861c8b1bbf514135f279bb7c8d5a
2026-05-25T11:43:37.9346033Z time="2026-05-25T11:33:07Z" level=debug msg="fetch response received" response.header.connection=keep-alive response.header.content-length=5424 response.header.content-type=application/vnd.oci.image.index.v1+json response.header.date="Mon, 25 May 2026 11:33:07 GMT" response.header.docker-content-digest="sha256:f4a78f950acd6e870ae5de5ae89ff68972a96699fff72a91bb3526a07227d740" response.header.docker-distribution-api-version=registry/2.0 response.header.docker-ratelimit-source=52.159.229.148 response.header.etag="\"sha256:f4a78f950acd6e870ae5de5ae89ff68972a96699fff72a91bb3526a07227d740\"" response.header.strict-transport-security="max-age=31536000" response.status="200 OK" span="resolving docker.io/moby/moby-bin:29.4" spanID=05ccdac5bf3f22c5 traceID=27ba861c8b1bbf514135f279bb7c8d5a
2026-05-25T11:43:37.9350218Z time="2026-05-25T11:33:07Z" level=debug msg=fetch span="resolving docker.io/moby/moby-bin:29.4" spanID=05ccdac5bf3f22c5 traceID=27ba861c8b1bbf514135f279bb7c8d5a
2026-05-25T11:43:37.9351657Z time="2026-05-25T11:33:07Z" level=debug msg="fetching layer" chunk_size=0 initial_parallelism=0 offset=0 parallelism=1 span="resolving docker.io/moby/moby-bin:29.4" spanID=05ccdac5bf3f22c5 traceID=27ba861c8b1bbf514135f279bb7c8d5a
2026-05-25T11:43:37.9353841Z time="2026-05-25T11:33:07Z" level=debug msg="do request" request.header.accept="application/vnd.oci.image.manifest.v1+json, */*" request.header.accept-encoding="zstd;q=1.0, gzip;q=0.8, deflate;q=0.5" request.header.user-agent=buildkit/v0.30 request.method=GET span="resolving docker.io/moby/moby-bin:29.4" spanID=05ccdac5bf3f22c5 traceID=27ba861c8b1bbf514135f279bb7c8d5a
2026-05-25T11:43:37.9357915Z time="2026-05-25T11:33:07Z" level=debug msg="fetch response received" response.header.connection=keep-alive response.header.content-length=1490 response.header.content-type=application/vnd.docker.distribution.manifest.v2+json response.header.date="Mon, 25 May 2026 11:33:07 GMT" response.header.docker-content-digest="sha256:eb4ea9884b77704230e2423e9004d2fa738dc272876b9cc41a297d29443b8780" response.header.server=nginx response.header.strict-transport-security="max-age=63072000; preload" response.header.vary=Cookie response.header.x-frame-options=DENY response.status="200 OK" span="resolving quay.io/minio/mc:RELEASE.2025-08-13T08-35-41Z" spanID=c3a9e06bbcb1d9ad traceID=27ba861c8b1bbf514135f279bb7c8d5a
2026-05-25T11:43:37.9360983Z time="2026-05-25T11:33:07Z" level=debug msg=fetch span="resolving quay.io/minio/mc:RELEASE.2025-08-13T08-35-41Z" spanID=c3a9e06bbcb1d9ad traceID=27ba861c8b1bbf514135f279bb7c8d5a
2026-05-25T11:43:37.9362342Z time="2026-05-25T11:33:07Z" level=debug msg="fetching layer" chunk_size=0 initial_parallelism=0 offset=0 parallelism=1 span="resolving quay.io/minio/mc:RELEASE.2025-08-13T08-35-41Z" spanID=c3a9e06bbcb1d9ad traceID=27ba861c8b1bbf514135f279bb7c8d5a
2026-05-25T11:43:37.9364439Z time="2026-05-25T11:33:07Z" level=debug msg="do request" request.header.accept="application/vnd.docker.container.image.v1+json, */*" request.header.accept-encoding="zstd;q=1.0, gzip;q=0.8, deflate;q=0.5" request.header.user-agent=buildkit/v0.30 request.method=GET span="resolving quay.io/minio/mc:RELEASE.2025-08-13T08-35-41Z" spanID=c3a9e06bbcb1d9ad traceID=27ba861c8b1bbf514135f279bb7c8d5a
2026-05-25T11:43:37.9369645Z time="2026-05-25T11:33:07Z" level=debug msg="fetch response received" response.header.connection=keep-alive response.header.content-length=2081 response.header.content-type=application/vnd.docker.distribution.manifest.v2+json response.header.date="Mon, 25 May 2026 11:33:07 GMT" response.header.docker-content-digest="sha256:a1a8bd4ac40ad7881a245bab97323e18f971e4d4cba2c2007ec1bedd21cbaba2" response.header.server=nginx response.header.server-timing="dtTrId;desc=\"27ba861c8b1bbf514135f279bb7c8d5a\", dtSInfo;desc=\"0\"" response.header.server-timing.1="dtRpid;desc=\"-449422364\"" response.header.set-cookie="dtCookiebcswmuxo=v_4_srv_2_sn_592B9C864E36CE14698376221B0D0296_perc_100000_ol_0_mul_1_app-3Aea7c4b59f27d43eb_1_rcs-3Acss_0; Path=/; Domain=.quay.io" response.header.strict-transport-security="max-age=63072000; preload" response.header.vary=Cookie response.header.x-frame-options=DENY response.status="200 OK" span="resolving quay.io/minio/minio:RELEASE.2025-09-07T16-13-09Z" spanID=c92cf7a3b1d8b968 traceID=27ba861c8b1bbf514135f279bb7c8d5a
2026-05-25T11:43:37.9376925Z time="2026-05-25T11:33:07Z" level=debug msg="fetch response received" response.header.connection=keep-alive response.header.content-length=6175 response.header.content-type=application/vnd.oci.image.index.v1+json response.header.date="Mon, 25 May 2026 11:33:07 GMT" response.header.docker-content-digest="sha256:4cf4c0ad4919b18996362536883de02420c1010654d3c2a2b63e9b72600fa3a9" response.header.docker-distribution-api-version=registry/2.0 response.header.docker-ratelimit-source=59aa2839-97c5-4781-8b76-14f597fd2a04 response.header.etag="\"sha256:4cf4c0ad4919b18996362536883de02420c1010654d3c2a2b63e9b72600fa3a9\"" response.header.strict-transport-security="max-age=31536000" response.status="200 OK" span="resolving docker.io/tonistiigi/binfmt:buildkit-v10.2.1-64@sha256:4cf4c0ad4919b18996362536883de02420c1010654d3c2a2b63e9b72600fa3a9" spanID=7ecc492df782d0b6 traceID=27ba861c8b1bbf514135f279bb7c8d5a
2026-05-25T11:43:37.9380956Z time="2026-05-25T11:33:07Z" level=debug msg=fetch span="resolving quay.io/minio/minio:RELEASE.2025-09-07T16-13-09Z" spanID=c92cf7a3b1d8b968 traceID=27ba861c8b1bbf514135f279bb7c8d5a
2026-05-25T11:43:37.9382600Z time="2026-05-25T11:33:07Z" level=debug msg=fetch span="resolving docker.io/tonistiigi/binfmt:buildkit-v10.2.1-64@sha256:4cf4c0ad4919b18996362536883de02420c1010654d3c2a2b63e9b72600fa3a9" spanID=7ecc492df782d0b6 traceID=27ba861c8b1bbf514135f279bb7c8d5a
2026-05-25T11:43:37.9384255Z time="2026-05-25T11:33:07Z" level=debug msg="fetching layer" chunk_size=0 initial_parallelism=0 offset=0 parallelism=1 span="resolving quay.io/minio/minio:RELEASE.2025-09-07T16-13-09Z" spanID=c92cf7a3b1d8b968 traceID=27ba861c8b1bbf514135f279bb7c8d5a
2026-05-25T11:43:37.9386157Z time="2026-05-25T11:33:07Z" level=debug msg="do request" request.header.accept="application/vnd.docker.container.image.v1+json, */*" request.header.accept-encoding="zstd;q=1.0, gzip;q=0.8, deflate;q=0.5" request.header.user-agent=buildkit/v0.30 request.method=GET span="resolving quay.io/minio/minio:RELEASE.2025-09-07T16-13-09Z" spanID=c92cf7a3b1d8b968 traceID=27ba861c8b1bbf514135f279bb7c8d5a
2026-05-25T11:43:37.9387209Z time="2026-05-25T11:33:07Z" level=debug msg="fetching layer" chunk_size=0 initial_parallelism=0 offset=0 parallelism=1 span="resolving docker.io/tonistiigi/binfmt:buildkit-v10.2.1-64@sha256:4cf4c0ad4919b18996362536883de02420c1010654d3c2a2b63e9b72600fa3a9" spanID=7ecc492df782d0b6 traceID=27ba861c8b1bbf514135f279bb7c8d5a
2026-05-25T11:43:37.9388714Z time="2026-05-25T11:33:07Z" level=debug msg="do request" request.header.accept="application/vnd.oci.image.manifest.v1+json, */*" request.header.accept-encoding="zstd;q=1.0, gzip;q=0.8, deflate;q=0.5" request.header.user-agent=buildkit/v0.30 request.method=GET span="resolving docker.io/tonistiigi/binfmt:buildkit-v10.2.1-64@sha256:4cf4c0ad4919b18996362536883de02420c1010654d3c2a2b63e9b72600fa3a9" spanID=7ecc492df782d0b6 traceID=27ba861c8b1bbf514135f279bb7c8d5a
2026-05-25T11:43:37.9392000Z time="2026-05-25T11:33:07Z" level=debug msg="fetch response received" response.header.connection=keep-alive response.header.content-length=8431 response.header.content-type=application/vnd.oci.image.index.v1+json response.header.date="Mon, 25 May 2026 11:33:07 GMT" response.header.docker-content-digest="sha256:84eb7d2d5c598c46dcd5a5d765ffe954a9b4138ce570016e241fd2c70030c2cb" response.header.docker-distribution-api-version=registry/2.0 response.header.docker-ratelimit-source=52.159.229.148 response.header.etag="\"sha256:84eb7d2d5c598c46dcd5a5d765ffe954a9b4138ce570016e241fd2c70030c2cb\"" response.header.strict-transport-security="max-age=31536000" response.status="200 OK" span="resolving docker.io/dockereng/cli-bin:29.4" spanID=2d7171f133ead1e0 traceID=27ba861c8b1bbf514135f279bb7c8d5a
2026-05-25T11:43:37.9392656Z time="2026-05-25T11:33:07Z" level=debug msg=fetch span="resolving docker.io/dockereng/cli-bin:29.4" spanID=2d7171f133ead1e0 traceID=27ba861c8b1bbf514135f279bb7c8d5a
2026-05-25T11:43:37.9393959Z time="2026-05-25T11:33:07Z" level=debug msg="fetching layer" chunk_size=0 initial_parallelism=0 offset=0 parallelism=1 span="resolving docker.io/dockereng/cli-bin:29.4" spanID=2d7171f133ead1e0 traceID=27ba861c8b1bbf514135f279bb7c8d5a
2026-05-25T11:43:37.9396291Z time="2026-05-25T11:33:07Z" level=debug msg="do request" request.header.accept="application/vnd.oci.image.manifest.v1+json, */*" request.header.accept-encoding="zstd;q=1.0, gzip;q=0.8, deflate;q=0.5" request.header.user-agent=buildkit/v0.30 request.method=GET span="resolving docker.io/dockereng/cli-bin:29.4" spanID=2d7171f133ead1e0 traceID=27ba861c8b1bbf514135f279bb7c8d5a
2026-05-25T11:43:37.9401415Z time="2026-05-25T11:33:07Z" level=debug msg="fetch response received" response.header.connection=keep-alive response.header.content-length=9218 response.header.content-type=application/vnd.oci.image.index.v1+json response.header.date="Mon, 25 May 2026 11:33:07 GMT" response.header.docker-content-digest="sha256:5b10f432ef3da1b8d4c7eb6c487f2f5a8f096bc91145e68878dd4a5019afde11" response.header.docker-distribution-api-version=registry/2.0 response.header.docker-ratelimit-source=59aa2839-97c5-4781-8b76-14f597fd2a04 response.header.etag="\"sha256:5b10f432ef3da1b8d4c7eb6c487f2f5a8f096bc91145e68878dd4a5019afde11\"" response.header.strict-transport-security="max-age=31536000" response.status="200 OK" span="resolving docker.io/library/alpine:3.23" spanID=ed007e8fccde2c44 traceID=27ba861c8b1bbf514135f279bb7c8d5a
2026-05-25T11:43:37.9402112Z time="2026-05-25T11:33:07Z" level=debug msg=fetch span="resolving docker.io/library/alpine:3.23" spanID=ed007e8fccde2c44 traceID=27ba861c8b1bbf514135f279bb7c8d5a
2026-05-25T11:43:37.9403232Z time="2026-05-25T11:33:07Z" level=debug msg="fetching layer" chunk_size=0 initial_parallelism=0 offset=0 parallelism=1 span="resolving docker.io/library/alpine:3.23" spanID=ed007e8fccde2c44 traceID=27ba861c8b1bbf514135f279bb7c8d5a
2026-05-25T11:43:37.9405840Z time="2026-05-25T11:33:07Z" level=debug msg="do request" request.header.accept="application/vnd.oci.image.manifest.v1+json, */*" request.header.accept-encoding="zstd;q=1.0, gzip;q=0.8, deflate;q=0.5" request.header.user-agent=buildkit/v0.30 request.method=GET span="resolving docker.io/library/alpine:3.23" spanID=ed007e8fccde2c44 traceID=27ba861c8b1bbf514135f279bb7c8d5a
2026-05-25T11:43:37.9410930Z time="2026-05-25T11:33:07Z" level=debug msg="fetch response received" response.header.connection=keep-alive response.header.content-length=1921 response.header.content-type=application/vnd.oci.image.manifest.v1+json response.header.date="Mon, 25 May 2026 11:33:07 GMT" response.header.docker-content-digest="sha256:f44b851aa23dfa219d18db6eab743203245429d355cb619cf96a2ffe2a84ba7a" response.header.docker-distribution-api-version=registry/2.0 response.header.docker-ratelimit-source=59aa2839-97c5-4781-8b76-14f597fd2a04 response.header.etag="\"sha256:f44b851aa23dfa219d18db6eab743203245429d355cb619cf96a2ffe2a84ba7a\"" response.header.strict-transport-security="max-age=31536000" response.status="200 OK" span="resolving docker.io/library/golang:1.26-alpine3.23" spanID=17938040d2554a84 traceID=27ba861c8b1bbf514135f279bb7c8d5a
2026-05-25T11:43:37.9411861Z time="2026-05-25T11:33:07Z" level=debug msg=fetch span="resolving docker.io/library/golang:1.26-alpine3.23" spanID=17938040d2554a84 traceID=27ba861c8b1bbf514135f279bb7c8d5a
2026-05-25T11:43:37.9413176Z time="2026-05-25T11:33:07Z" level=debug msg="fetching layer" chunk_size=0 initial_parallelism=0 offset=0 parallelism=1 span="resolving docker.io/library/golang:1.26-alpine3.23" spanID=17938040d2554a84 traceID=27ba861c8b1bbf514135f279bb7c8d5a
2026-05-25T11:43:37.9415586Z time="2026-05-25T11:33:07Z" level=debug msg="do request" request.header.accept="application/vnd.oci.image.config.v1+json, */*" request.header.accept-encoding="zstd;q=1.0, gzip;q=0.8, deflate;q=0.5" request.header.user-agent=buildkit/v0.30 request.method=GET span="resolving docker.io/library/golang:1.26-alpine3.23" spanID=17938040d2554a84 traceID=27ba861c8b1bbf514135f279bb7c8d5a
2026-05-25T11:43:37.9420871Z time="2026-05-25T11:33:07Z" level=debug msg="fetch response received" response.header.connection=keep-alive response.header.content-length=10708 response.header.content-type=application/vnd.oci.image.index.v1+json response.header.date="Mon, 25 May 2026 11:33:07 GMT" response.header.docker-content-digest="sha256:c64defb9ed5a91eacb37f96ccc3d4cd72521c4bd18d5442905b95e2226b0e707" response.header.docker-distribution-api-version=registry/2.0 response.header.docker-ratelimit-source=59aa2839-97c5-4781-8b76-14f597fd2a04 response.header.etag="\"sha256:c64defb9ed5a91eacb37f96ccc3d4cd72521c4bd18d5442905b95e2226b0e707\"" response.header.strict-transport-security="max-age=31536000" response.status="200 OK" span="resolving docker.io/tonistiigi/xx:1.9.0" spanID=78a898db47cb42e7 traceID=27ba861c8b1bbf514135f279bb7c8d5a
2026-05-25T11:43:37.9422463Z time="2026-05-25T11:33:07Z" level=debug msg=resolved desc.digest="sha256:c64defb9ed5a91eacb37f96ccc3d4cd72521c4bd18d5442905b95e2226b0e707" span="resolving docker.io/tonistiigi/xx:1.9.0" spanID=78a898db47cb42e7 traceID=27ba861c8b1bbf514135f279bb7c8d5a
2026-05-25T11:43:37.9423308Z time="2026-05-25T11:33:07Z" level=debug msg=fetch span="resolving docker.io/tonistiigi/xx:1.9.0" spanID=78a898db47cb42e7 traceID=27ba861c8b1bbf514135f279bb7c8d5a
2026-05-25T11:43:37.9431154Z time="2026-05-25T11:33:07Z" level=debug msg="fetch response received" response.header.accept-ranges=bytes response.header.connection=keep-alive response.header.content-length=8506 response.header.content-type=application/octet-stream response.header.date="Mon, 25 May 2026 11:33:07 GMT" response.header.etag="\"69fbad7f505d0f0ffcb7fa170e3bbe61\"" response.header.last-modified="Sun, 07 Sep 2025 18:45:01 GMT" response.header.server=AmazonS3 response.header.x-amz-id-2="Kj8K/nqedUOnpeVpcC4RGaw9Tu0zp6Mzx4dtZoDrOUFOZlcQgrI1JUt768uYVUd5dR97wJg9Wfg=" response.header.x-amz-replication-status=COMPLETED response.header.x-amz-request-id=81GZS8HNGM7ADYBT response.header.x-amz-server-side-encryption=AES256 response.header.x-amz-version-id=RiH9kycnl9HdqeMPblNv_Doir2lJqUmy response.header.x-rh-edge-cache-status="Hit from child" response.header.x-rh-edge-reference-id=0.955d117.1779708787.de17d6c0 response.header.x-rh-edge-request-id=de17d6c0 response.status="200 OK" span="resolving quay.io/minio/minio:RELEASE.2025-09-07T16-13-09Z" spanID=c92cf7a3b1d8b968 traceID=27ba861c8b1bbf514135f279bb7c8d5a
2026-05-25T11:43:37.9437445Z time="2026-05-25T11:33:07Z" level=debug msg="fetch response received" response.header.connection=keep-alive response.header.content-length=12970 response.header.content-type=application/vnd.oci.image.index.v1+json response.header.date="Mon, 25 May 2026 11:33:07 GMT" response.header.docker-content-digest="sha256:1023c4a1ac77cee49520b620e1fa29d78be4ee3660bffd1a23b8a35f4e9ca417" response.header.docker-distribution-api-version=registry/2.0 response.header.docker-ratelimit-source=59aa2839-97c5-4781-8b76-14f597fd2a04 response.header.etag="\"sha256:1023c4a1ac77cee49520b620e1fa29d78be4ee3660bffd1a23b8a35f4e9ca417\"" response.header.strict-transport-security="max-age=31536000" response.status="200 OK" span="resolving docker.io/docker/buildx-bin:0.34.0" spanID=7a65dd0e72c20aca traceID=27ba861c8b1bbf514135f279bb7c8d5a
2026-05-25T11:43:37.9439013Z time="2026-05-25T11:33:07Z" level=debug msg=resolved desc.digest="sha256:1023c4a1ac77cee49520b620e1fa29d78be4ee3660bffd1a23b8a35f4e9ca417" span="resolving docker.io/docker/buildx-bin:0.34.0" spanID=7a65dd0e72c20aca traceID=27ba861c8b1bbf514135f279bb7c8d5a
2026-05-25T11:43:37.9439899Z time="2026-05-25T11:33:07Z" level=debug msg=fetch span="resolving docker.io/docker/buildx-bin:0.34.0" spanID=7a65dd0e72c20aca traceID=27ba861c8b1bbf514135f279bb7c8d5a
2026-05-25T11:43:37.9444965Z time="2026-05-25T11:33:07Z" level=debug msg="fetch response received" response.header.connection=keep-alive response.header.content-length=1629 response.header.content-type=application/vnd.oci.image.manifest.v1+json response.header.date="Mon, 25 May 2026 11:33:07 GMT" response.header.docker-content-digest="sha256:4583c7803d71d975ac077f2e151528a4bfea574a6f3784e9e968db0dc010a74b" response.header.docker-distribution-api-version=registry/2.0 response.header.docker-ratelimit-source=52.159.229.148 response.header.etag="\"sha256:4583c7803d71d975ac077f2e151528a4bfea574a6f3784e9e968db0dc010a74b\"" response.header.strict-transport-security="max-age=31536000" response.status="200 OK" span="resolving docker.io/moby/moby-bin:29.4" spanID=05ccdac5bf3f22c5 traceID=27ba861c8b1bbf514135f279bb7c8d5a
2026-05-25T11:43:37.9452243Z time="2026-05-25T11:33:07Z" level=debug msg="fetch response received" response.header.accept-ranges=bytes response.header.connection=keep-alive response.header.content-length=5908 response.header.content-type=application/octet-stream response.header.date="Mon, 25 May 2026 11:33:07 GMT" response.header.etag="\"f70a97df5224240d838b08c8f413ee52\"" response.header.last-modified="Sun, 07 Sep 2025 04:07:22 GMT" response.header.server=AmazonS3 response.header.x-amz-id-2="hi0lW2JE/cHW1+Eu45tEUrsLAvUqS9f6sAJiHawSVFTNT7E8Sej0YJGzCTO9HXMvx8kImUNwk1U=" response.header.x-amz-replication-status=COMPLETED response.header.x-amz-request-id=19W44HEC6EJM1ZYA response.header.x-amz-server-side-encryption=AES256 response.header.x-amz-version-id=rf4g6So22GWqOypNgtKKaJI.lWSSwSBn response.header.x-rh-edge-cache-status="Hit from child" response.header.x-rh-edge-reference-id=0.955d117.1779708787.de17d6ca response.header.x-rh-edge-request-id=de17d6ca response.status="200 OK" span="resolving quay.io/minio/mc:RELEASE.2025-08-13T08-35-41Z" spanID=c3a9e06bbcb1d9ad traceID=27ba861c8b1bbf514135f279bb7c8d5a
2026-05-25T11:43:37.9453744Z time="2026-05-25T11:33:07Z" level=debug msg="fetching layer" chunk_size=0 initial_parallelism=0 offset=0 parallelism=1 span="resolving docker.io/tonistiigi/xx:1.9.0" spanID=78a898db47cb42e7 traceID=27ba861c8b1bbf514135f279bb7c8d5a
2026-05-25T11:43:37.9455655Z time="2026-05-25T11:33:07Z" level=debug msg="do request" request.header.accept="application/vnd.oci.image.index.v1+json, */*" request.header.accept-encoding="zstd;q=1.0, gzip;q=0.8, deflate;q=0.5" request.header.user-agent=buildkit/v0.30 request.method=GET span="resolving docker.io/tonistiigi/xx:1.9.0" spanID=78a898db47cb42e7 traceID=27ba861c8b1bbf514135f279bb7c8d5a
2026-05-25T11:43:37.9456587Z time="2026-05-25T11:33:07Z" level=debug msg=fetch span="resolving docker.io/moby/moby-bin:29.4" spanID=05ccdac5bf3f22c5 traceID=27ba861c8b1bbf514135f279bb7c8d5a
2026-05-25T11:43:37.9461589Z time="2026-05-25T11:33:07Z" level=debug msg="fetch response received" response.header.connection=keep-alive response.header.content-length=1085 response.header.content-type=application/vnd.oci.image.manifest.v1+json response.header.date="Mon, 25 May 2026 11:33:07 GMT" response.header.docker-content-digest="sha256:247c5b95b023175891d2eba968c8ab2b6acfebae785d199e36b35406e629ce66" response.header.docker-distribution-api-version=registry/2.0 response.header.docker-ratelimit-source=59aa2839-97c5-4781-8b76-14f597fd2a04 response.header.etag="\"sha256:247c5b95b023175891d2eba968c8ab2b6acfebae785d199e36b35406e629ce66\"" response.header.strict-transport-security="max-age=31536000" response.status="200 OK" span="resolving docker.io/tonistiigi/binfmt:buildkit-v10.2.1-64@sha256:4cf4c0ad4919b18996362536883de02420c1010654d3c2a2b63e9b72600fa3a9" spanID=7ecc492df782d0b6 traceID=27ba861c8b1bbf514135f279bb7c8d5a
2026-05-25T11:43:37.9462986Z time="2026-05-25T11:33:07Z" level=debug msg="fetching layer" chunk_size=0 initial_parallelism=0 offset=0 parallelism=1 span="resolving docker.io/docker/buildx-bin:0.34.0" spanID=7a65dd0e72c20aca traceID=27ba861c8b1bbf514135f279bb7c8d5a
2026-05-25T11:43:37.9465810Z time="2026-05-25T11:33:07Z" level=debug msg="do request" request.header.accept="application/vnd.oci.image.index.v1+json, */*" request.header.accept-encoding="zstd;q=1.0, gzip;q=0.8, deflate;q=0.5" request.header.user-agent=buildkit/v0.30 request.method=GET span="resolving docker.io/docker/buildx-bin:0.34.0" spanID=7a65dd0e72c20aca traceID=27ba861c8b1bbf514135f279bb7c8d5a
2026-05-25T11:43:37.9466717Z time="2026-05-25T11:33:07Z" level=debug msg=fetch span="resolving docker.io/tonistiigi/binfmt:buildkit-v10.2.1-64@sha256:4cf4c0ad4919b18996362536883de02420c1010654d3c2a2b63e9b72600fa3a9" spanID=7ecc492df782d0b6 traceID=27ba861c8b1bbf514135f279bb7c8d5a
2026-05-25T11:43:37.9471256Z time="2026-05-25T11:33:07Z" level=debug msg="fetch response received" response.header.accept-ranges=bytes response.header.age=82594 response.header.alt-svc="h3=\":443\"; ma=86400" response.header.connection=keep-alive response.header.content-length=2193 response.header.content-type=application/octet-stream response.header.date="Sun, 24 May 2026 12:36:34 GMT" response.header.etag="\"9c1a62029b56f4a969e2899b527b643c\"" response.header.last-modified="Thu, 07 May 2026 17:37:52 GMT" response.header.server=AmazonS3 response.header.vary=Accept-Encoding response.header.via="1.1 5fa19949620deb5ea219d7070e76b034.cloudfront.net (CloudFront)" response.header.x-amz-cf-id="RA_CKG0Kd_3mEfTGoKWZWpxqpJwMAoF9wZEQIVPeAoQySuQnD2Ig1Q==" response.header.x-amz-cf-pop=SFO53-P12 response.header.x-amz-server-side-encryption=AES256 response.header.x-amz-version-id=FYadm_1_iHieVVsHtNJnX9Suzcc.R0S3 response.header.x-cache="Hit from cloudfront" response.status="200 OK" span="resolving docker.io/library/golang:1.26-alpine3.23" spanID=17938040d2554a84 traceID=27ba861c8b1bbf514135f279bb7c8d5a
2026-05-25T11:43:37.9472470Z time="2026-05-25T11:33:07Z" level=debug msg="fetching layer" chunk_size=0 initial_parallelism=0 offset=0 parallelism=1 span="resolving docker.io/moby/moby-bin:29.4" spanID=05ccdac5bf3f22c5 traceID=27ba861c8b1bbf514135f279bb7c8d5a
2026-05-25T11:43:37.9474470Z time="2026-05-25T11:33:07Z" level=debug msg="do request" request.header.accept="application/vnd.oci.image.config.v1+json, */*" request.header.accept-encoding="zstd;q=1.0, gzip;q=0.8, deflate;q=0.5" request.header.user-agent=buildkit/v0.30 request.method=GET span="resolving docker.io/moby/moby-bin:29.4" spanID=05ccdac5bf3f22c5 traceID=27ba861c8b1bbf514135f279bb7c8d5a
2026-05-25T11:43:37.9478315Z time="2026-05-25T11:33:07Z" level=debug msg="fetch response received" response.header.connection=keep-alive response.header.content-length=481 response.header.content-type=application/vnd.oci.image.manifest.v1+json response.header.date="Mon, 25 May 2026 11:33:07 GMT" response.header.docker-content-digest="sha256:33d7e0b664a26a8a2b16aff809d52ce394d2081816cb54299625426a1f676a07" response.header.docker-distribution-api-version=registry/2.0 response.header.docker-ratelimit-source=52.159.229.148 response.header.etag="\"sha256:33d7e0b664a26a8a2b16aff809d52ce394d2081816cb54299625426a1f676a07\"" response.header.strict-transport-security="max-age=31536000" response.status="200 OK" span="resolving docker.io/dockereng/cli-bin:29.4" spanID=2d7171f133ead1e0 traceID=27ba861c8b1bbf514135f279bb7c8d5a
2026-05-25T11:43:37.9479394Z time="2026-05-25T11:33:07Z" level=debug msg="fetching layer" chunk_size=0 initial_parallelism=0 offset=0 parallelism=1 span="resolving docker.io/tonistiigi/binfmt:buildkit-v10.2.1-64@sha256:4cf4c0ad4919b18996362536883de02420c1010654d3c2a2b63e9b72600fa3a9" spanID=7ecc492df782d0b6 traceID=27ba861c8b1bbf514135f279bb7c8d5a
2026-05-25T11:43:37.9481398Z time="2026-05-25T11:33:07Z" level=debug msg="do request" request.header.accept="application/vnd.oci.image.config.v1+json, */*" request.header.accept-encoding="zstd;q=1.0, gzip;q=0.8, deflate;q=0.5" request.header.user-agent=buildkit/v0.30 request.method=GET span="resolving docker.io/tonistiigi/binfmt:buildkit-v10.2.1-64@sha256:4cf4c0ad4919b18996362536883de02420c1010654d3c2a2b63e9b72600fa3a9" spanID=7ecc492df782d0b6 traceID=27ba861c8b1bbf514135f279bb7c8d5a
2026-05-25T11:43:37.9481893Z time="2026-05-25T11:33:07Z" level=debug msg=fetch span="resolving docker.io/dockereng/cli-bin:29.4" spanID=2d7171f133ead1e0 traceID=27ba861c8b1bbf514135f279bb7c8d5a
2026-05-25T11:43:37.9484760Z time="2026-05-25T11:33:07Z" level=debug msg="fetch response received" response.header.connection=keep-alive response.header.content-length=1022 response.header.content-type=application/vnd.oci.image.manifest.v1+json response.header.date="Mon, 25 May 2026 11:33:07 GMT" response.header.docker-content-digest="sha256:4d889c14e7d5a73929ab00be2ef8ff22437e7cbc545931e52554a7b00e123d8b" response.header.docker-distribution-api-version=registry/2.0 response.header.docker-ratelimit-source=59aa2839-97c5-4781-8b76-14f597fd2a04 response.header.etag="\"sha256:4d889c14e7d5a73929ab00be2ef8ff22437e7cbc545931e52554a7b00e123d8b\"" response.header.strict-transport-security="max-age=31536000" response.status="200 OK" span="resolving docker.io/library/alpine:3.23" spanID=ed007e8fccde2c44 traceID=27ba861c8b1bbf514135f279bb7c8d5a
2026-05-25T11:43:37.9485966Z time="2026-05-25T11:33:07Z" level=debug msg="fetching layer" chunk_size=0 initial_parallelism=0 offset=0 parallelism=1 span="resolving docker.io/dockereng/cli-bin:29.4" spanID=2d7171f133ead1e0 traceID=27ba861c8b1bbf514135f279bb7c8d5a
2026-05-25T11:43:37.9487166Z time="2026-05-25T11:33:07Z" level=debug msg="do request" request.header.accept="application/vnd.oci.image.config.v1+json, */*" request.header.accept-encoding="zstd;q=1.0, gzip;q=0.8, deflate;q=0.5" request.header.user-agent=buildkit/v0.30 request.method=GET span="resolving docker.io/dockereng/cli-bin:29.4" spanID=2d7171f133ead1e0 traceID=27ba861c8b1bbf514135f279bb7c8d5a
2026-05-25T11:43:37.9487652Z time="2026-05-25T11:33:07Z" level=debug msg=fetch span="resolving docker.io/library/alpine:3.23" spanID=ed007e8fccde2c44 traceID=27ba861c8b1bbf514135f279bb7c8d5a
2026-05-25T11:43:37.9491491Z time="2026-05-25T11:33:07Z" level=debug msg="fetch response received" response.header.accept-ranges=bytes response.header.age=57545 response.header.alt-svc="h3=\":443\"; ma=86400" response.header.connection=keep-alive response.header.content-length=1594 response.header.content-type=application/octet-stream response.header.date="Sun, 24 May 2026 19:34:03 GMT" response.header.etag="\"c5330f25bb8f4238e1622666cf45b577\"" response.header.last-modified="Wed, 06 May 2026 17:52:21 GMT" response.header.server=AmazonS3 response.header.vary=Accept-Encoding response.header.via="1.1 5fa19949620deb5ea219d7070e76b034.cloudfront.net (CloudFront)" response.header.x-amz-cf-id="1mezOcnwVuPH-AUrnUH55koQ6ygmgqI9y37ogRDxuNDoGXHmsT85FQ==" response.header.x-amz-cf-pop=SFO53-P12 response.header.x-amz-server-side-encryption=AES256 response.header.x-amz-version-id=.zry0L0_EDvAOq7o6eH3TmqtFj0S2bD4 response.header.x-cache="Hit from cloudfront" response.status="200 OK" span="resolving docker.io/moby/moby-bin:29.4" spanID=05ccdac5bf3f22c5 traceID=27ba861c8b1bbf514135f279bb7c8d5a
2026-05-25T11:43:37.9492300Z time="2026-05-25T11:33:07Z" level=debug msg="fetching layer" chunk_size=0 initial_parallelism=0 offset=0 parallelism=1 span="resolving docker.io/library/alpine:3.23" spanID=ed007e8fccde2c44 traceID=27ba861c8b1bbf514135f279bb7c8d5a
2026-05-25T11:43:37.9493571Z time="2026-05-25T11:33:07Z" level=debug msg="do request" request.header.accept="application/vnd.oci.image.config.v1+json, */*" request.header.accept-encoding="zstd;q=1.0, gzip;q=0.8, deflate;q=0.5" request.header.user-agent=buildkit/v0.30 request.method=GET span="resolving docker.io/library/alpine:3.23" spanID=ed007e8fccde2c44 traceID=27ba861c8b1bbf514135f279bb7c8d5a
2026-05-25T11:43:37.9496701Z time="2026-05-25T11:33:07Z" level=debug msg="fetch response received" response.header.connection=keep-alive response.header.content-length=10708 response.header.content-type=application/vnd.oci.image.index.v1+json response.header.date="Mon, 25 May 2026 11:33:07 GMT" response.header.docker-content-digest="sha256:c64defb9ed5a91eacb37f96ccc3d4cd72521c4bd18d5442905b95e2226b0e707" response.header.docker-distribution-api-version=registry/2.0 response.header.docker-ratelimit-source=59aa2839-97c5-4781-8b76-14f597fd2a04 response.header.etag="\"sha256:c64defb9ed5a91eacb37f96ccc3d4cd72521c4bd18d5442905b95e2226b0e707\"" response.header.strict-transport-security="max-age=31536000" response.status="200 OK" span="resolving docker.io/tonistiigi/xx:1.9.0" spanID=78a898db47cb42e7 traceID=27ba861c8b1bbf514135f279bb7c8d5a
2026-05-25T11:43:37.9497175Z time="2026-05-25T11:33:07Z" level=debug msg=fetch span="resolving docker.io/tonistiigi/xx:1.9.0" spanID=78a898db47cb42e7 traceID=27ba861c8b1bbf514135f279bb7c8d5a
2026-05-25T11:43:37.9497863Z time="2026-05-25T11:33:07Z" level=debug msg="fetching layer" chunk_size=0 initial_parallelism=0 offset=0 parallelism=1 span="resolving docker.io/tonistiigi/xx:1.9.0" spanID=78a898db47cb42e7 traceID=27ba861c8b1bbf514135f279bb7c8d5a
2026-05-25T11:43:37.9499036Z time="2026-05-25T11:33:07Z" level=debug msg="do request" request.header.accept="application/vnd.oci.image.manifest.v1+json, */*" request.header.accept-encoding="zstd;q=1.0, gzip;q=0.8, deflate;q=0.5" request.header.user-agent=buildkit/v0.30 request.method=GET span="resolving docker.io/tonistiigi/xx:1.9.0" spanID=78a898db47cb42e7 traceID=27ba861c8b1bbf514135f279bb7c8d5a
2026-05-25T11:43:37.9506037Z time="2026-05-25T11:33:08Z" level=debug msg="fetch response received" response.header.accept-ranges=bytes response.header.age=1000063 response.header.cache-control="public, max-age=14400" response.header.cf-cache-status=HIT response.header.cf-ray=a0143934fbb73354-SJC response.header.connection=keep-alive response.header.content-length=6009 response.header.content-type=application/octet-stream response.header.date="Mon, 25 May 2026 11:33:08 GMT" response.header.etag="\"354ab0d24092be2cd4d14ebf513c151b\"" response.header.expires="Mon, 25 May 2026 15:33:08 GMT" response.header.last-modified="Wed, 18 Feb 2026 18:11:17 GMT" response.header.server=cloudflare response.header.set-cookie="__cf_bm=vsm_PRAEODXNK1mDs9TfCSsUFDSLXS9cyEcpstO1dug-1779708787.9918554-1.0.1.1-J5ulawkuOtdaxhmYhDn5c9s4uDz3rkV_iQy2AMYuVntT2j5G0FlT8zNVJolKlFQdV0bdkmfZ_.xw4v61CtRNEPE.dxOx9WzCgpm2lwuqgnc4J1.N0ZG6tltMB5HfiRus; HttpOnly; SameSite=None; Secure; Path=/; Domain=production.cloudflare.docker.com; Expires=Mon, 25 May 2026 12:03:08 GMT" response.header.vary=Accept-Encoding response.header.x-amz-id-2=EdXuIAWyq4sOb0b3eGwywCwprBImgpbQTgRKelxgtEleUhLO5x0WGf1FLGAlhMikxCMvg5zAgHkr7xUUWtZlJKEw1IfsnAxt response.header.x-amz-request-id=YC73ZE5E5ZNTBG1K response.header.x-amz-server-side-encryption=AES256 response.header.x-amz-version-id=g5CUVtff.CyuPkk1Cy1Jw_n2pS9AjfL. response.status="200 OK" span="resolving docker.io/tonistiigi/binfmt:buildkit-v10.2.1-64@sha256:4cf4c0ad4919b18996362536883de02420c1010654d3c2a2b63e9b72600fa3a9" spanID=7ecc492df782d0b6 traceID=27ba861c8b1bbf514135f279bb7c8d5a
2026-05-25T11:43:37.9508857Z time="2026-05-25T11:33:08Z" level=debug msg="fetch response received" response.header.connection=keep-alive response.header.content-length=12970 response.header.content-type=application/vnd.oci.image.index.v1+json response.header.date="Mon, 25 May 2026 11:33:07 GMT" response.header.docker-content-digest="sha256:1023c4a1ac77cee49520b620e1fa29d78be4ee3660bffd1a23b8a35f4e9ca417" response.header.docker-distribution-api-version=registry/2.0 response.header.docker-ratelimit-source=52.159.229.148 response.header.etag="\"sha256:1023c4a1ac77cee49520b620e1fa29d78be4ee3660bffd1a23b8a35f4e9ca417\"" response.header.strict-transport-security="max-age=31536000" response.status="200 OK" span="resolving docker.io/docker/buildx-bin:0.34.0" spanID=7a65dd0e72c20aca traceID=27ba861c8b1bbf514135f279bb7c8d5a
2026-05-25T11:43:37.9509366Z time="2026-05-25T11:33:08Z" level=debug msg=fetch span="resolving docker.io/docker/buildx-bin:0.34.0" spanID=7a65dd0e72c20aca traceID=27ba861c8b1bbf514135f279bb7c8d5a
2026-05-25T11:43:37.9510085Z time="2026-05-25T11:33:08Z" level=debug msg="fetching layer" chunk_size=0 initial_parallelism=0 offset=0 parallelism=1 span="resolving docker.io/docker/buildx-bin:0.34.0" spanID=7a65dd0e72c20aca traceID=27ba861c8b1bbf514135f279bb7c8d5a
2026-05-25T11:43:37.9511301Z time="2026-05-25T11:33:08Z" level=debug msg="do request" request.header.accept="application/vnd.oci.image.manifest.v1+json, */*" request.header.accept-encoding="zstd;q=1.0, gzip;q=0.8, deflate;q=0.5" request.header.user-agent=buildkit/v0.30 request.method=GET span="resolving docker.io/docker/buildx-bin:0.34.0" spanID=7a65dd0e72c20aca traceID=27ba861c8b1bbf514135f279bb7c8d5a
2026-05-25T11:43:37.9516852Z time="2026-05-25T11:33:08Z" level=debug msg="fetch response received" response.header.accept-ranges=bytes response.header.age=1618377 response.header.cache-control="public, max-age=14400" response.header.cf-cache-status=HIT response.header.cf-ray=a01439350bd43354-SJC response.header.connection=keep-alive response.header.content-length=910 response.header.content-type=application/octet-stream response.header.date="Mon, 25 May 2026 11:33:08 GMT" response.header.etag="\"d9a4be2801e9afea4eea60ad01856318\"" response.header.expires="Mon, 25 May 2026 15:33:08 GMT" response.header.last-modified="Wed, 06 May 2026 17:55:44 GMT" response.header.server=cloudflare response.header.set-cookie="__cf_bm=0dMNkk422pzh2stckJYNm4aEkEda6dDvOcf1d1l13Zc-1779708788.007862-1.0.1.1-yY5QDk2yqtScyQi_xB6y2aHHWm00LsAEsy9J3lKRyK4S3aG6uxn4y8U3nHj8OgDvJ9pQW_BMz0XNgM8nxbfSnL9.TMsvUu06rFzsy1Yr90DjqrosCGJz21iYDBYd.aNJ; HttpOnly; SameSite=None; Secure; Path=/; Domain=production.cloudflare.docker.com; Expires=Mon, 25 May 2026 12:03:08 GMT" response.header.vary=Accept-Encoding response.header.x-amz-id-2=jtGhSejXD28LOj7mCeGvnlxGiG/ytGKrFQKPHKFqYtCIdgiY3DmSf4EyMJyXlUrctkYsMYdyX4deFkDRIBLtsj6ujSbhZONU response.header.x-amz-request-id=J85NY4P3GZJ7BK7D response.header.x-amz-server-side-encryption=AES256 response.header.x-amz-version-id=CGf7eoFt4G4jqRR.Gy.kT.Fn360UhPK3 response.status="200 OK" span="resolving docker.io/dockereng/cli-bin:29.4" spanID=2d7171f133ead1e0 traceID=27ba861c8b1bbf514135f279bb7c8d5a
2026-05-25T11:43:37.9520861Z time="2026-05-25T11:33:08Z" level=debug msg="fetch response received" response.header.accept-ranges=bytes response.header.age=64033 response.header.alt-svc="h3=\":443\"; ma=86400" response.header.connection=keep-alive response.header.content-length=611 response.header.content-type=application/octet-stream response.header.date="Sun, 24 May 2026 18:00:07 GMT" response.header.etag="\"adc5ab8dac4af1d9ea3dd155d43f6722\"" response.header.last-modified="Wed, 15 Apr 2026 20:01:45 GMT" response.header.server=AmazonS3 response.header.vary=Accept-Encoding response.header.via="1.1 5fa19949620deb5ea219d7070e76b034.cloudfront.net (CloudFront)" response.header.x-amz-cf-id="X8fUiUGHqcWEdCr58DoWkV7aW1NEuvooOEE-e_aJEUO2RLzWnquZpA==" response.header.x-amz-cf-pop=SFO53-P12 response.header.x-amz-server-side-encryption=AES256 response.header.x-amz-version-id=1haikR_3vND9SadVMcpzZ2yVI9uWkzAZ response.header.x-cache="Hit from cloudfront" response.status="200 OK" span="resolving docker.io/library/alpine:3.23" spanID=ed007e8fccde2c44 traceID=27ba861c8b1bbf514135f279bb7c8d5a
2026-05-25T11:43:37.9523729Z time="2026-05-25T11:33:08Z" level=debug msg="fetch response received" response.header.connection=keep-alive response.header.content-length=478 response.header.content-type=application/vnd.oci.image.manifest.v1+json response.header.date="Mon, 25 May 2026 11:33:08 GMT" response.header.docker-content-digest="sha256:50f4a46e93c5f7e8679f5a14222395a3ee5c65e406e16c96d987f6c911f55f90" response.header.docker-distribution-api-version=registry/2.0 response.header.docker-ratelimit-source=59aa2839-97c5-4781-8b76-14f597fd2a04 response.header.etag="\"sha256:50f4a46e93c5f7e8679f5a14222395a3ee5c65e406e16c96d987f6c911f55f90\"" response.header.strict-transport-security="max-age=31536000" response.status="200 OK" span="resolving docker.io/tonistiigi/xx:1.9.0" spanID=78a898db47cb42e7 traceID=27ba861c8b1bbf514135f279bb7c8d5a
2026-05-25T11:43:37.9524199Z time="2026-05-25T11:33:08Z" level=debug msg=fetch span="resolving docker.io/tonistiigi/xx:1.9.0" spanID=78a898db47cb42e7 traceID=27ba861c8b1bbf514135f279bb7c8d5a
2026-05-25T11:43:37.9524893Z time="2026-05-25T11:33:08Z" level=debug msg="fetching layer" chunk_size=0 initial_parallelism=0 offset=0 parallelism=1 span="resolving docker.io/tonistiigi/xx:1.9.0" spanID=78a898db47cb42e7 traceID=27ba861c8b1bbf514135f279bb7c8d5a
2026-05-25T11:43:37.9526361Z time="2026-05-25T11:33:08Z" level=debug msg="do request" request.header.accept="application/vnd.oci.image.config.v1+json, */*" request.header.accept-encoding="zstd;q=1.0, gzip;q=0.8, deflate;q=0.5" request.header.user-agent=buildkit/v0.30 request.method=GET span="resolving docker.io/tonistiigi/xx:1.9.0" spanID=78a898db47cb42e7 traceID=27ba861c8b1bbf514135f279bb7c8d5a
2026-05-25T11:43:37.9527217Z time="2026-05-25T11:33:08Z" level=debug msg="reset healthcheck failure" actualDuration="848.008µs" spanID=162bc6f38363f15d timeout=15s traceID=a9013635257ce06a78498d11f838df92
2026-05-25T11:43:37.9527880Z time="2026-05-25T11:33:08Z" level=debug msg="reset healthcheck failure" actualDuration="813.701µs" spanID=c7f887895b2b20c8 timeout=15s traceID=27ba861c8b1bbf514135f279bb7c8d5a
2026-05-25T11:43:37.9530844Z time="2026-05-25T11:33:08Z" level=debug msg="fetch response received" response.header.connection=keep-alive response.header.content-length=482 response.header.content-type=application/vnd.oci.image.manifest.v1+json response.header.date="Mon, 25 May 2026 11:33:08 GMT" response.header.docker-content-digest="sha256:7b1cf05386e1151283dfa781ed2cf55fb9c52a8f9b093dd7d82976544d1ac96e" response.header.docker-distribution-api-version=registry/2.0 response.header.docker-ratelimit-source=52.159.229.148 response.header.etag="\"sha256:7b1cf05386e1151283dfa781ed2cf55fb9c52a8f9b093dd7d82976544d1ac96e\"" response.header.strict-transport-security="max-age=31536000" response.status="200 OK" span="resolving docker.io/docker/buildx-bin:0.34.0" spanID=7a65dd0e72c20aca traceID=27ba861c8b1bbf514135f279bb7c8d5a
2026-05-25T11:43:37.9531332Z time="2026-05-25T11:33:08Z" level=debug msg=fetch span="resolving docker.io/docker/buildx-bin:0.34.0" spanID=7a65dd0e72c20aca traceID=27ba861c8b1bbf514135f279bb7c8d5a
2026-05-25T11:43:37.9532043Z time="2026-05-25T11:33:08Z" level=debug msg="fetching layer" chunk_size=0 initial_parallelism=0 offset=0 parallelism=1 span="resolving docker.io/docker/buildx-bin:0.34.0" spanID=7a65dd0e72c20aca traceID=27ba861c8b1bbf514135f279bb7c8d5a
2026-05-25T11:43:37.9534266Z time="2026-05-25T11:33:08Z" level=debug msg="do request" request.header.accept="application/vnd.oci.image.config.v1+json, */*" request.header.accept-encoding="zstd;q=1.0, gzip;q=0.8, deflate;q=0.5" request.header.user-agent=buildkit/v0.30 request.method=GET span="resolving docker.io/docker/buildx-bin:0.34.0" spanID=7a65dd0e72c20aca traceID=27ba861c8b1bbf514135f279bb7c8d5a
2026-05-25T11:43:37.9540548Z time="2026-05-25T11:33:08Z" level=debug msg="fetch response received" response.header.accept-ranges=bytes response.header.age=1529165 response.header.cache-control="public, max-age=14400" response.header.cf-cache-status=HIT response.header.cf-ray=a01439363d933354-SJC response.header.connection=keep-alive response.header.content-length=919 response.header.content-type=application/octet-stream response.header.date="Mon, 25 May 2026 11:33:08 GMT" response.header.etag="\"ce6985b0b2d07968f8d48065e6bc6441\"" response.header.expires="Mon, 25 May 2026 15:33:08 GMT" response.header.last-modified="Fri, 05 Dec 2025 10:16:58 GMT" response.header.server=cloudflare response.header.set-cookie="__cf_bm=hzR62ObWN_4uP1lTGq4lYUqoC6J10pNHWp5SyFu51Ao-1779708788.194109-1.0.1.1-JV3eD2gsXrtKmk8Lf38skxViBHJG.jOo7AMO1y7.193dZqB0csiautXN6ryUtvxJkUsL_Bnk7FQjZBdDPDvabdh1uY2cD7m5Cy_6T6drEKSZrhInGbxOAkjKigJ7UE_B; HttpOnly; SameSite=None; Secure; Path=/; Domain=production.cloudflare.docker.com; Expires=Mon, 25 May 2026 12:03:08 GMT" response.header.vary=Accept-Encoding response.header.x-amz-id-2="61uwQGTeHImnCvTzVOeoTDh9N1UAqKy6Jwz5ADUc/isL0eDcye2Yd9JSn8REZe7btb/gNPKWQUU=" response.header.x-amz-request-id=FHFEMCTFMWJNC7WQ response.header.x-amz-server-side-encryption=AES256 response.header.x-amz-version-id=iTUB1EROJWp74RzgONjk9ojAKe3._67c response.status="200 OK" span="resolving docker.io/tonistiigi/xx:1.9.0" spanID=78a898db47cb42e7 traceID=27ba861c8b1bbf514135f279bb7c8d5a
2026-05-25T11:43:37.9544784Z time="2026-05-25T11:33:08Z" level=debug msg="fetch response received" response.header.accept-ranges=bytes response.header.age=482 response.header.alt-svc="h3=\":443\"; ma=86400" response.header.connection=keep-alive response.header.content-length=1127 response.header.content-type=application/octet-stream response.header.date="Mon, 25 May 2026 11:25:06 GMT" response.header.etag="\"e91f19db0a11742b1f1510a29f682fa0\"" response.header.last-modified="Wed, 13 May 2026 14:52:19 GMT" response.header.server=AmazonS3 response.header.vary=Accept-Encoding response.header.via="1.1 5fa19949620deb5ea219d7070e76b034.cloudfront.net (CloudFront)" response.header.x-amz-cf-id="sbpra0YzPmofkrowTENX17bXjlyGyR6-O1dco8K9Kz6srrthixJFHQ==" response.header.x-amz-cf-pop=SFO53-P12 response.header.x-amz-server-side-encryption=AES256 response.header.x-amz-version-id=FYdewra9R.tqBoRX96DaBVLBeIo8h4.v response.header.x-cache="Hit from cloudfront" response.status="200 OK" span="resolving docker.io/docker/buildx-bin:0.34.0" spanID=7a65dd0e72c20aca traceID=27ba861c8b1bbf514135f279bb7c8d5a
2026-05-25T11:43:37.9545804Z time="2026-05-25T11:33:08Z" level=debug msg="parsed token: scopes: [{Scope:refs/heads/master Permission:Read|Write}], issued: 2026-05-25 11:27:32 +0000 UTC, expires: 2026-05-25 17:42:32 +0000 UTC"
2026-05-25T11:43:37.9546492Z time="2026-05-25T11:33:08Z" level=debug msg="checked for cached auth handler namespace" cached=true key="docker.io/docker/buildx-bin::pull" name=docker.io/docker/buildx-bin scope=pull
2026-05-25T11:43:37.9547186Z time="2026-05-25T11:33:08Z" level=debug msg="checked for cached auth handler namespace" cached=true key="docker.io/dockereng/cli-bin::pull" name=docker.io/dockereng/cli-bin scope=pull
2026-05-25T11:43:37.9548027Z time="2026-05-25T11:33:08Z" level=debug msg=fetch digest="sha256:1023c4a1ac77cee49520b620e1fa29d78be4ee3660bffd1a23b8a35f4e9ca417" mediatype=application/vnd.oci.image.index.v1+json size=12970 spanID=c50cf40d36e5d0c4 traceID=27ba861c8b1bbf514135f279bb7c8d5a
2026-05-25T11:43:37.9548715Z time="2026-05-25T11:33:08Z" level=debug msg="checked for cached auth handler namespace" cached=true key="docker.io/library/alpine::pull" name=docker.io/library/alpine scope=pull
2026-05-25T11:43:37.9549482Z time="2026-05-25T11:33:08Z" level=debug msg="checked for cached auth handler namespace" cached=true key="docker.io/library/golang::pull" name=docker.io/library/golang scope=pull
2026-05-25T11:43:37.9549991Z time="2026-05-25T11:33:08Z" level=debug msg="checked for cached auth handler namespace" cached=true key="quay.io/minio/mc::pull" name=quay.io/minio/mc scope=pull
2026-05-25T11:43:37.9550631Z time="2026-05-25T11:33:08Z" level=debug msg="checked for cached auth handler namespace" cached=true key="docker.io/tonistiigi/xx::pull" name=docker.io/tonistiigi/xx scope=pull
2026-05-25T11:43:37.9551229Z time="2026-05-25T11:33:08Z" level=debug msg="checked for cached auth handler namespace" cached=true key="docker.io/tonistiigi/binfmt::pull" name=docker.io/tonistiigi/binfmt scope=pull
2026-05-25T11:43:37.9552192Z time="2026-05-25T11:33:08Z" level=debug msg=fetch digest="sha256:84eb7d2d5c598c46dcd5a5d765ffe954a9b4138ce570016e241fd2c70030c2cb" mediatype=application/vnd.oci.image.index.v1+json size=8431 spanID=c50cf40d36e5d0c4 traceID=27ba861c8b1bbf514135f279bb7c8d5a
2026-05-25T11:43:37.9552699Z time="2026-05-25T11:33:08Z" level=debug msg="checked for cached auth handler namespace" cached=true key="quay.io/minio/minio::pull" name=quay.io/minio/minio scope=pull
2026-05-25T11:43:37.9553673Z time="2026-05-25T11:33:08Z" level=debug msg=fetch digest="sha256:7b1cf05386e1151283dfa781ed2cf55fb9c52a8f9b093dd7d82976544d1ac96e" mediatype=application/vnd.oci.image.manifest.v1+json size=482 spanID=c50cf40d36e5d0c4 traceID=27ba861c8b1bbf514135f279bb7c8d5a
2026-05-25T11:43:37.9554312Z time="2026-05-25T11:33:08Z" level=debug msg="checked for cached auth handler namespace" cached=true key="docker.io/moby/moby-bin::pull" name=docker.io/moby/moby-bin scope=pull
2026-05-25T11:43:37.9555502Z time="2026-05-25T11:33:08Z" level=debug msg=fetch digest="sha256:14cea493d9a34af32f524e538b8346cf79f3321eff8e708c1e2960462bd8936e" mediatype=application/vnd.docker.distribution.manifest.list.v2+json size=969 spanID=c50cf40d36e5d0c4 traceID=27ba861c8b1bbf514135f279bb7c8d5a
2026-05-25T11:43:37.9556348Z time="2026-05-25T11:33:08Z" level=debug msg=fetch digest="sha256:eac101c0a10c2afd0ecee3df2e298bb6b85859ff12124003708557ec75d6d623" mediatype=application/vnd.oci.image.config.v1+json size=1127 spanID=c50cf40d36e5d0c4 traceID=27ba861c8b1bbf514135f279bb7c8d5a
2026-05-25T11:43:37.9557305Z time="2026-05-25T11:33:08Z" level=debug msg=fetch digest="sha256:91eda9776261207ea25fd06b5b7fed8d397dd2c0a283e77f2ab6e91bfa71079d" mediatype=application/vnd.oci.image.index.v1+json size=10293 spanID=c50cf40d36e5d0c4 traceID=27ba861c8b1bbf514135f279bb7c8d5a
2026-05-25T11:43:37.9558434Z time="2026-05-25T11:33:08Z" level=debug msg=fetch digest="sha256:a7fe349ef4bd8521fb8497f55c6042871b2ae640607cf99d9bede5e9bdf11727" mediatype=application/vnd.docker.distribution.manifest.list.v2+json size=969 spanID=c50cf40d36e5d0c4 traceID=27ba861c8b1bbf514135f279bb7c8d5a
2026-05-25T11:43:37.9559590Z time="2026-05-25T11:33:08Z" level=debug msg=fetch digest="sha256:c64defb9ed5a91eacb37f96ccc3d4cd72521c4bd18d5442905b95e2226b0e707" mediatype=application/vnd.oci.image.index.v1+json size=10708 spanID=c50cf40d36e5d0c4 traceID=27ba861c8b1bbf514135f279bb7c8d5a
2026-05-25T11:43:37.9560625Z time="2026-05-25T11:33:08Z" level=debug msg=fetch digest="sha256:4cf4c0ad4919b18996362536883de02420c1010654d3c2a2b63e9b72600fa3a9" mediatype=application/vnd.oci.image.index.v1+json size=6175 spanID=c50cf40d36e5d0c4 traceID=27ba861c8b1bbf514135f279bb7c8d5a
2026-05-25T11:43:37.9561657Z time="2026-05-25T11:33:08Z" level=debug msg=fetch digest="sha256:5b10f432ef3da1b8d4c7eb6c487f2f5a8f096bc91145e68878dd4a5019afde11" mediatype=application/vnd.oci.image.index.v1+json size=9218 spanID=c50cf40d36e5d0c4 traceID=27ba861c8b1bbf514135f279bb7c8d5a
2026-05-25T11:43:37.9562582Z time="2026-05-25T11:33:08Z" level=debug msg=fetch digest="sha256:f4a78f950acd6e870ae5de5ae89ff68972a96699fff72a91bb3526a07227d740" mediatype=application/vnd.oci.image.index.v1+json size=5424 spanID=c50cf40d36e5d0c4 traceID=27ba861c8b1bbf514135f279bb7c8d5a
2026-05-25T11:43:37.9563603Z time="2026-05-25T11:33:08Z" level=debug msg=fetch digest="sha256:33d7e0b664a26a8a2b16aff809d52ce394d2081816cb54299625426a1f676a07" mediatype=application/vnd.oci.image.manifest.v1+json size=481 spanID=c50cf40d36e5d0c4 traceID=27ba861c8b1bbf514135f279bb7c8d5a
2026-05-25T11:43:37.9564645Z time="2026-05-25T11:33:08Z" level=debug msg=fetch digest="sha256:a1a8bd4ac40ad7881a245bab97323e18f971e4d4cba2c2007ec1bedd21cbaba2" mediatype=application/vnd.docker.distribution.manifest.v2+json size=2081 spanID=c50cf40d36e5d0c4 traceID=27ba861c8b1bbf514135f279bb7c8d5a
2026-05-25T11:43:37.9565719Z time="2026-05-25T11:33:08Z" level=debug msg=fetch digest="sha256:f44b851aa23dfa219d18db6eab743203245429d355cb619cf96a2ffe2a84ba7a" mediatype=application/vnd.oci.image.manifest.v1+json size=1921 spanID=c50cf40d36e5d0c4 traceID=27ba861c8b1bbf514135f279bb7c8d5a
2026-05-25T11:43:37.9566800Z time="2026-05-25T11:33:08Z" level=debug msg=fetch digest="sha256:eb4ea9884b77704230e2423e9004d2fa738dc272876b9cc41a297d29443b8780" mediatype=application/vnd.docker.distribution.manifest.v2+json size=1490 spanID=c50cf40d36e5d0c4 traceID=27ba861c8b1bbf514135f279bb7c8d5a
2026-05-25T11:43:37.9567764Z time="2026-05-25T11:33:08Z" level=debug msg=fetch digest="sha256:50f4a46e93c5f7e8679f5a14222395a3ee5c65e406e16c96d987f6c911f55f90" mediatype=application/vnd.oci.image.manifest.v1+json size=478 spanID=c50cf40d36e5d0c4 traceID=27ba861c8b1bbf514135f279bb7c8d5a
2026-05-25T11:43:37.9568915Z time="2026-05-25T11:33:08Z" level=debug msg=fetch digest="sha256:247c5b95b023175891d2eba968c8ab2b6acfebae785d199e36b35406e629ce66" mediatype=application/vnd.oci.image.manifest.v1+json size=1085 spanID=c50cf40d36e5d0c4 traceID=27ba861c8b1bbf514135f279bb7c8d5a
2026-05-25T11:43:37.9569927Z time="2026-05-25T11:33:08Z" level=debug msg=fetch digest="sha256:4d889c14e7d5a73929ab00be2ef8ff22437e7cbc545931e52554a7b00e123d8b" mediatype=application/vnd.oci.image.manifest.v1+json size=1022 spanID=c50cf40d36e5d0c4 traceID=27ba861c8b1bbf514135f279bb7c8d5a
2026-05-25T11:43:37.9571281Z time="2026-05-25T11:33:08Z" level=debug msg=fetch digest="sha256:4583c7803d71d975ac077f2e151528a4bfea574a6f3784e9e968db0dc010a74b" mediatype=application/vnd.oci.image.manifest.v1+json size=1629 spanID=c50cf40d36e5d0c4 traceID=27ba861c8b1bbf514135f279bb7c8d5a
2026-05-25T11:43:37.9572168Z time="2026-05-25T11:33:08Z" level=debug msg=fetch digest="sha256:6c981a3141122070a8fd8644172803c4f5149bde376cf4e66a66338c00720702" mediatype=application/vnd.oci.image.config.v1+json size=910 spanID=c50cf40d36e5d0c4 traceID=27ba861c8b1bbf514135f279bb7c8d5a
2026-05-25T11:43:37.9573230Z time="2026-05-25T11:33:08Z" level=debug msg=fetch digest="sha256:69b2ec208575b69597784255eec6fa6a2985ee9e1a47f4411a51f7f5fdd193a9" mediatype=application/vnd.docker.container.image.v1+json size=8506 spanID=c50cf40d36e5d0c4 traceID=27ba861c8b1bbf514135f279bb7c8d5a
2026-05-25T11:43:37.9574417Z time="2026-05-25T11:33:08Z" level=debug msg=fetch digest="sha256:b8fbd9862b05789bb9e5462bf7d67300660e2ab5217aeb637b8db103ac45ea21" mediatype=application/vnd.oci.image.config.v1+json size=2193 spanID=c50cf40d36e5d0c4 traceID=27ba861c8b1bbf514135f279bb7c8d5a
2026-05-25T11:43:37.9575495Z time="2026-05-25T11:33:08Z" level=debug msg=fetch digest="sha256:c2ad77420d33bb4ad8694457d3edf7188076428582bd24e3dd4d09d6a1d52872" mediatype=application/vnd.docker.container.image.v1+json size=5908 spanID=c50cf40d36e5d0c4 traceID=27ba861c8b1bbf514135f279bb7c8d5a
2026-05-25T11:43:37.9576511Z time="2026-05-25T11:33:08Z" level=debug msg=fetch digest="sha256:166b249494acf77ae1b27c2b7e6867c50d16a5265c710e16aa5e3447ec1cd1ef" mediatype=application/vnd.oci.image.config.v1+json size=919 spanID=c50cf40d36e5d0c4 traceID=27ba861c8b1bbf514135f279bb7c8d5a
2026-05-25T11:43:37.9577469Z time="2026-05-25T11:33:08Z" level=debug msg=fetch digest="sha256:8fdc86ac7696c711575d3784631629f0dbcbe50ef35abc19fc7c4d1bff691935" mediatype=application/vnd.oci.image.config.v1+json size=6009 spanID=c50cf40d36e5d0c4 traceID=27ba861c8b1bbf514135f279bb7c8d5a
2026-05-25T11:43:37.9578525Z time="2026-05-25T11:33:08Z" level=debug msg=fetch digest="sha256:3cb067eab609612d81b4d82ff8ad71d73482bb3059a87b642d7e14f0ed659cde" mediatype=application/vnd.oci.image.config.v1+json size=611 spanID=c50cf40d36e5d0c4 traceID=27ba861c8b1bbf514135f279bb7c8d5a
2026-05-25T11:43:37.9579500Z time="2026-05-25T11:33:08Z" level=debug msg=fetch digest="sha256:0b237d01cc527c8b95f79dc9db60176803a32ff311f4c21c5713a50ab6bafd65" mediatype=application/vnd.oci.image.config.v1+json size=1594 spanID=c50cf40d36e5d0c4 traceID=27ba861c8b1bbf514135f279bb7c8d5a
2026-05-25T11:43:37.9580503Z time="2026-05-25T11:33:09Z" level=debug msg="checked for cached auth handler namespace" cached=true key="docker.io/library/golang::pull" name=docker.io/library/golang scope=pull
2026-05-25T11:43:37.9581434Z time="2026-05-25T11:33:09Z" level=debug msg="load cache for [buildkit-base 1/1] WORKDIR /src with sha256:b56bc9e31df63c0272e7435c6d77a400875f42a3a6252b3c07c9946c9e73fdc7"
2026-05-25T11:43:37.9582379Z time="2026-05-25T11:33:09Z" level=debug msg="checked for cached auth handler namespace" cached=true key="docker.io/tonistiigi/xx::pull" name=docker.io/tonistiigi/xx scope=pull
2026-05-25T11:43:37.9583431Z time="2026-05-25T11:33:09Z" level=debug msg="checked for cached auth handler namespace" cached=true key="docker.io/tonistiigi/xx::pull" name=docker.io/tonistiigi/xx scope=pull
2026-05-25T11:43:37.9584953Z time="2026-05-25T11:33:09Z" level=debug msg=fetch digest="sha256:ff62ee5b594035d8ad03d05aadc05e2a73f7e0e11bf2574dc5473677a60e22b4" mediatype=application/vnd.oci.image.layer.v1.tar+gzip size=17700 spanID=6cf5cd5e3713bb56 traceID=27ba861c8b1bbf514135f279bb7c8d5a
2026-05-25T11:43:37.9586927Z time="2026-05-25T11:33:09Z" level=debug msg="fetching layer" chunk_size=0 digest="sha256:ff62ee5b594035d8ad03d05aadc05e2a73f7e0e11bf2574dc5473677a60e22b4" initial_parallelism=0 mediatype=application/vnd.oci.image.layer.v1.tar+gzip offset=0 parallelism=1 size=17700 spanID=6cf5cd5e3713bb56 traceID=27ba861c8b1bbf514135f279bb7c8d5a
2026-05-25T11:43:37.9589300Z time="2026-05-25T11:33:09Z" level=debug msg="do request" digest="sha256:ff62ee5b594035d8ad03d05aadc05e2a73f7e0e11bf2574dc5473677a60e22b4" mediatype=application/vnd.oci.image.layer.v1.tar+gzip request.header.accept="application/vnd.oci.image.layer.v1.tar+gzip, */*" request.header.accept-encoding="zstd;q=1.0, gzip;q=0.8, deflate;q=0.5" request.header.user-agent=buildkit/v0.30 request.method=GET size=17700 spanID=6cf5cd5e3713bb56 traceID=27ba861c8b1bbf514135f279bb7c8d5a url="https://registry-1.docker.io/v2/tonistiigi/xx/blobs/sha256:ff62ee5b594035d8ad03d05aadc05e2a73f7e0e11bf2574dc5473677a60e22b4"
2026-05-25T11:43:37.9596350Z time="2026-05-25T11:33:09Z" level=debug msg="fetch response received" digest="sha256:ff62ee5b594035d8ad03d05aadc05e2a73f7e0e11bf2574dc5473677a60e22b4" mediatype=application/vnd.oci.image.layer.v1.tar+gzip response.header.accept-ranges=bytes response.header.age=1486917 response.header.cache-control="public, max-age=14400" response.header.cf-cache-status=HIT response.header.cf-ray=a014393cdf8a3354-SJC response.header.connection=keep-alive response.header.content-length=17700 response.header.content-type=application/octet-stream response.header.date="Mon, 25 May 2026 11:33:09 GMT" response.header.etag="\"10a6f1a3455c3fd44efa8f0a00409c87\"" response.header.expires="Mon, 25 May 2026 15:33:09 GMT" response.header.last-modified="Fri, 05 Dec 2025 10:16:58 GMT" response.header.server=cloudflare response.header.set-cookie="__cf_bm=GTnG6YgqVW1Ducl0d9VF9zktrGwgJvHRO6ef0qpBJtY-1779708789.2511506-1.0.1.1-7Mfr2VX7Mm4GlmPhZvxxD1fQ78pO.FTQa_1Wh0.lNpAp_hPNjd18V1pkkhCj2XMs0asHpukZ2qGITpXGBuVovXopLjBMOc9aXwKBHOh3Wu3Pk9k08HhnkacAdLysU.Ls; HttpOnly; SameSite=None; Secure; Path=/; Domain=production.cloudflare.docker.com; Expires=Mon, 25 May 2026 12:03:09 GMT" response.header.vary=Accept-Encoding response.header.x-amz-id-2="VNWAqKVAPW/zJvCP9uvF9OC/+15teRCNwK4cFHMHkWdmTfECyXxj4ekbbUQIHPRcYz9yPrNtMKM=" response.header.x-amz-request-id=EPKH35TKH2BX24V0 response.header.x-amz-server-side-encryption=AES256 response.header.x-amz-version-id=ZI9WOFNyva6HK.uXLDFlT1g5T7A7086b response.status="200 OK" size=17700 spanID=6cf5cd5e3713bb56 traceID=27ba861c8b1bbf514135f279bb7c8d5a url="https://registry-1.docker.io/v2/tonistiigi/xx/blobs/sha256:ff62ee5b594035d8ad03d05aadc05e2a73f7e0e11bf2574dc5473677a60e22b4"
2026-05-25T11:43:37.9597697Z time="2026-05-25T11:33:09Z" level=debug msg="diff applied" d=2.799787ms digest="sha256:ff62ee5b594035d8ad03d05aadc05e2a73f7e0e11bf2574dc5473677a60e22b4" media=application/vnd.oci.image.layer.v1.tar+gzip size=17700 span=extract spanID=c09400f0e6b84690 traceID=27ba861c8b1bbf514135f279bb7c8d5a
2026-05-25T11:43:37.9598526Z time="2026-05-25T11:33:09Z" level=debug msg=fetch digest="sha256:9b392406201980b872801103f8cc06366025371422ec9c5ab0451333e461e7e2" mediatype=application/vnd.oci.image.layer.v1.tar+gzip size=93 spanID=35adf463509c0fc5 traceID=27ba861c8b1bbf514135f279bb7c8d5a
2026-05-25T11:43:37.9599667Z time="2026-05-25T11:33:09Z" level=debug msg=fetch digest="sha256:9884a46a2932a1cd2c3c1d82e777e8c8d465e1b4876ecd50e3c84d978159ffb2" mediatype=application/vnd.oci.image.layer.v1.tar+gzip size=196777747 spanID=35adf463509c0fc5 traceID=27ba861c8b1bbf514135f279bb7c8d5a
2026-05-25T11:43:37.9600500Z time="2026-05-25T11:33:09Z" level=debug msg=fetch digest="sha256:4f4fb700ef54461cfa02571ae0db9a0dc1e0cdb5577484a6d75e68dc38e8acc1" mediatype=application/vnd.oci.image.layer.v1.tar+gzip size=32 spanID=35adf463509c0fc5 traceID=27ba861c8b1bbf514135f279bb7c8d5a
2026-05-25T11:43:37.9601310Z time="2026-05-25T11:33:09Z" level=debug msg=fetch digest="sha256:1512b43389a873b0519ae3d6c1a3c4d9b19295b8e3330b040d95d73c50ba2f9e" mediatype=application/vnd.oci.image.layer.v1.tar+gzip size=124 spanID=35adf463509c0fc5 traceID=27ba861c8b1bbf514135f279bb7c8d5a
2026-05-25T11:43:37.9602157Z time="2026-05-25T11:33:09Z" level=debug msg=fetch digest="sha256:1a70bdedd442d430ea119cf8db8c0031b4eedeb5bde886892773876ded7629e8" mediatype=application/vnd.oci.image.layer.v1.tar+gzip size=67285082 spanID=35adf463509c0fc5 traceID=27ba861c8b1bbf514135f279bb7c8d5a
2026-05-25T11:43:37.9603166Z time="2026-05-25T11:33:09Z" level=debug msg=fetch digest="sha256:17423c887b377ec28c3923bc88337384a7a0c1f2b50b7faf4912760e8d503ebb" mediatype=application/vnd.oci.image.layer.v1.tar+gzip size=290240 spanID=35adf463509c0fc5 traceID=27ba861c8b1bbf514135f279bb7c8d5a
2026-05-25T11:43:37.9604013Z time="2026-05-25T11:33:09Z" level=debug msg=fetch digest="sha256:6a0ac1617861a677b045b7ff88545213ec31c0ff08763195a70a4a5adda577bb" mediatype=application/vnd.oci.image.layer.v1.tar+gzip size=3864189 spanID=35adf463509c0fc5 traceID=27ba861c8b1bbf514135f279bb7c8d5a
2026-05-25T11:43:37.9604807Z time="2026-05-25T11:33:10Z" level=debug msg="load cache for [gobuild-base 2/2] LINK COPY --link --from=xx / / with sha256:8d5745c4624135f2f9a281c335568fd08ea35ae5793ff04cb4321e585e5b5058"
2026-05-25T11:43:37.9606581Z time="2026-05-25T11:33:10Z" level=debug msg="diff applied" d=75.2309ms digest="sha256:6a0ac1617861a677b045b7ff88545213ec31c0ff08763195a70a4a5adda577bb" media=application/vnd.oci.image.layer.v1.tar+gzip size=3864189 span=extract spanID=3bae8ac8c0df501c traceID=27ba861c8b1bbf514135f279bb7c8d5a
2026-05-25T11:43:37.9607551Z time="2026-05-25T11:33:10Z" level=debug msg="diff applied" d=45.158232ms digest="sha256:17423c887b377ec28c3923bc88337384a7a0c1f2b50b7faf4912760e8d503ebb" media=application/vnd.oci.image.layer.v1.tar+gzip size=290240 span=extract spanID=9fe520df7fd936dd traceID=27ba861c8b1bbf514135f279bb7c8d5a
2026-05-25T11:43:37.9608078Z time="2026-05-25T11:33:13Z" level=debug msg="reset healthcheck failure" actualDuration=1.201325ms spanID=162bc6f38363f15d timeout=15s traceID=a9013635257ce06a78498d11f838df92
2026-05-25T11:43:37.9608829Z time="2026-05-25T11:33:13Z" level=debug msg="reset healthcheck failure" actualDuration="989.526µs" spanID=c7f887895b2b20c8 timeout=15s traceID=27ba861c8b1bbf514135f279bb7c8d5a
2026-05-25T11:43:37.9610012Z time="2026-05-25T11:33:16Z" level=debug msg="diff applied" d=3.005265198s digest="sha256:1a70bdedd442d430ea119cf8db8c0031b4eedeb5bde886892773876ded7629e8" media=application/vnd.oci.image.layer.v1.tar+gzip size=67285082 span=extract spanID=2d2ce909985400d8 traceID=27ba861c8b1bbf514135f279bb7c8d5a
2026-05-25T11:43:37.9611050Z time="2026-05-25T11:33:16Z" level=debug msg="diff applied" d=1.300723ms digest="sha256:1512b43389a873b0519ae3d6c1a3c4d9b19295b8e3330b040d95d73c50ba2f9e" media=application/vnd.oci.image.layer.v1.tar+gzip size=124 span=extract spanID=be169d86306b2f0f traceID=27ba861c8b1bbf514135f279bb7c8d5a
2026-05-25T11:43:37.9612211Z time="2026-05-25T11:33:16Z" level=debug msg="diff applied" d="916.809µs" digest="sha256:4f4fb700ef54461cfa02571ae0db9a0dc1e0cdb5577484a6d75e68dc38e8acc1" media=application/vnd.oci.image.layer.v1.tar+gzip size=32 span=extract spanID=8e1dd58d5917918d traceID=27ba861c8b1bbf514135f279bb7c8d5a
2026-05-25T11:43:37.9612866Z time="2026-05-25T11:33:18Z" level=debug msg="reset healthcheck failure" actualDuration="924.76µs" spanID=162bc6f38363f15d timeout=15s traceID=a9013635257ce06a78498d11f838df92
2026-05-25T11:43:37.9613504Z time="2026-05-25T11:33:18Z" level=debug msg="reset healthcheck failure" actualDuration="667.009µs" spanID=c7f887895b2b20c8 timeout=15s traceID=27ba861c8b1bbf514135f279bb7c8d5a
2026-05-25T11:43:37.9614456Z time="2026-05-25T11:33:21Z" level=debug msg="diff applied" d=2.570147784s digest="sha256:9884a46a2932a1cd2c3c1d82e777e8c8d465e1b4876ecd50e3c84d978159ffb2" media=application/vnd.oci.image.layer.v1.tar+gzip size=196777747 span=extract spanID=2f77ef41868b41ad traceID=27ba861c8b1bbf514135f279bb7c8d5a
2026-05-25T11:43:37.9615693Z time="2026-05-25T11:33:21Z" level=debug msg="diff applied" d=2.870895ms digest="sha256:ff62ee5b594035d8ad03d05aadc05e2a73f7e0e11bf2574dc5473677a60e22b4" media=application/vnd.oci.image.layer.v1.tar+gzip size=17700 span=extract spanID=6d7273cfb30dbb7c traceID=27ba861c8b1bbf514135f279bb7c8d5a
2026-05-25T11:43:37.9616619Z time="2026-05-25T11:33:21Z" level=debug msg="diff applied" d=1.321804ms digest="sha256:9b392406201980b872801103f8cc06366025371422ec9c5ab0451333e461e7e2" media=application/vnd.oci.image.layer.v1.tar+gzip size=93 span=extract spanID=d556ff3f5b39b80d traceID=27ba861c8b1bbf514135f279bb7c8d5a
2026-05-25T11:43:37.9621890Z time="2026-05-25T11:33:21Z" level=debug msg="> creating fgl2tb7jqv3822a6x1l3yso7d [/bin/sh -c   # if git is worktree (file starting with gitdir:) then skip verions check\n  if [ -f .git ] && head -1 .git | grep -q \"^gitdir:\"; then\n    echo >&2 \"Skipping version check for worktree\"\n    # set dev stubs\n    echo \"-X github.com/moby/buildkit/version.Version=dev -X github.com/moby/buildkit/version.Revision=dev -X github.com/moby/buildkit/version.Package=github.com/moby/buildkit\" > /tmp/.ldflags;\n    echo -n \"dev\" > /tmp/.version;\n    echo -n \"$(date -u +%Y-%m-%dT%H:%M:%SZ)\" > /tmp/.commit_date;\n    exit 0\n  fi\n  if ! git rev-parse HEAD 2>/dev/null; then\n    echo >&2 \"Failed to get git revision, make sure --build-arg BUILDKIT_CONTEXT_KEEP_GIT_DIR=1 is set when building from Git directly\"\n    exit 1\n  fi\n  set -ex\n  export PKG=github.com/moby/buildkit VERSION=$(git describe --match 'v[0-9]*' --dirty='.m' --always --tags) REVISION=$(git rev-parse HEAD)$(if ! git diff --no-ext-diff --quiet --exit-code; then echo .m; fi) COMMIT_DATE=$(git show -s --format=%cI HEAD);\n  echo \"-X ${PKG}/version.Version=${VERSION} -X ${PKG}/version.Revision=${REVISION} -X ${PKG}/version.Package=${PKG}\" > /tmp/.ldflags;\n  echo -n \"${VERSION}\" > /tmp/.version;\n  echo -n \"${COMMIT_DATE}\" > /tmp/.commit_date;\n]" span="[buildkit-version 1/1] RUN --mount=target=. <<'EOT' (# if git is worktree (file starting with gitdir:) then skip verions check...)" spanID=4f14126a5de70880 traceID=27ba861c8b1bbf514135f279bb7c8d5a
2026-05-25T11:43:37.9623600Z time="2026-05-25T11:33:23Z" level=debug msg="created new ref for cache dir \"//go/pkg/mod\": gb2s9qdek2m23gulopmgmqtp6" span="[buildkitd 1/1] RUN --mount=target=. --mount=target=/root/.cache,type=cache   --mount=target=/go/pkg/mod,type=cache   --mount=source=/tmp/.ldflags,target=/tmp/.ldflags,from=buildkit-version <<EOT (set -ex...)" spanID=24720e39f7e237a2 traceID=27ba861c8b1bbf514135f279bb7c8d5a
2026-05-25T11:43:37.9624363Z time="2026-05-25T11:33:23Z" level=debug msg="reset healthcheck failure" actualDuration=1.369234ms spanID=162bc6f38363f15d timeout=15s traceID=a9013635257ce06a78498d11f838df92
2026-05-25T11:43:37.9625862Z time="2026-05-25T11:33:23Z" level=debug msg="created new ref for cache dir \"//root/.cache\": jy0f6vbya7kks7ghym3pbz32t" span="[buildkitd 1/1] RUN --mount=target=. --mount=target=/root/.cache,type=cache   --mount=target=/go/pkg/mod,type=cache   --mount=source=/tmp/.ldflags,target=/tmp/.ldflags,from=buildkit-version <<EOT (set -ex...)" spanID=24720e39f7e237a2 traceID=27ba861c8b1bbf514135f279bb7c8d5a
2026-05-25T11:43:37.9630328Z time="2026-05-25T11:33:23Z" level=debug msg="> creating u03954ui7dev8n1xr22xwgjv5 [/bin/sh -c   set -ex\n  xx-go build ${GOBUILDFLAGS} -gcflags=\"${GOGCFLAGS}\" -ldflags \"$(cat /tmp/.ldflags) -extldflags '-static'\" -tags \"osusergo netgo static_build seccomp ${BUILDKITD_TAGS}\" -o /usr/bin/buildkitd ./cmd/buildkitd\n  xx-verify ${VERIFYFLAGS} /usr/bin/buildkitd\n\n  # buildkitd --version can be flaky when running through emulation related to\n  # https://github.com/moby/buildkit/pull/4491. Retry a few times as a workaround.\n  set +ex\n  if [ \"$(xx-info os)\" = \"linux\" ]; then\n    max_retries=5\n    for attempt in $(seq \"$max_retries\"); do\n      timeout 3 /usr/bin/buildkitd --version\n      exitcode=$?\n      if ! xx-info is-cross; then\n        exit $exitcode\n      elif [ $exitcode -eq 0 ]; then\n        break\n      elif [ $exitcode -eq 124 ] || [ $exitcode -eq 143 ]; then\n        echo \"WARN: buildkitd --version timed out ($attempt/$max_retries)\"\n        if [ \"$attempt\" -eq \"$max_retries\" ]; then\n          exit $exitcode\n        fi\n      else\n        echo \"ERROR: buildkitd --version failed with exit code $exitcode\"\n      fi\n      sleep 1\n    done\n  fi\n]" span="[buildkitd 1/1] RUN --mount=target=. --mount=target=/root/.cache,type=cache   --mount=target=/go/pkg/mod,type=cache   --mount=source=/tmp/.ldflags,target=/tmp/.ldflags,from=buildkit-version <<EOT (set -ex...)" spanID=24720e39f7e237a2 traceID=27ba861c8b1bbf514135f279bb7c8d5a
2026-05-25T11:43:37.9630863Z time="2026-05-25T11:33:23Z" level=debug msg="reset healthcheck failure" actualDuration=2.670378ms spanID=c7f887895b2b20c8 timeout=15s traceID=27ba861c8b1bbf514135f279bb7c8d5a
2026-05-25T11:43:37.9632723Z time="2026-05-25T11:33:23Z" level=debug msg="> creating 0p5n8pzgn3140s4ql8xefy5tl [/bin/sh -c   set -ex\n  xx-go build ${GOBUILDFLAGS} -ldflags \"$(cat /tmp/.ldflags)\" -o /usr/bin/buildctl ./cmd/buildctl\n  xx-verify --static /usr/bin/buildctl\n  if [ \"$(xx-info os)\" = \"linux\" ]; then /usr/bin/buildctl --version; fi\n]" span="[buildctl 1/1] RUN --mount=target=. --mount=target=/root/.cache,type=cache   --mount=target=/go/pkg/mod,type=cache   --mount=source=/tmp/.ldflags,target=/tmp/.ldflags,from=buildkit-version <<EOT (set -ex...)" spanID=326e1653117c77c8 traceID=27ba861c8b1bbf514135f279bb7c8d5a
2026-05-25T11:43:37.9634289Z time="2026-05-25T11:33:23Z" level=debug msg="> creating oxv4aet71genmv3w3ukzzwoec [/bin/sh -c CGO_ENABLED=0 xx-go build -o /usr/bin/dnsname ./plugins/meta/dnsname &&     xx-verify --static /usr/bin/dnsname]" span="[dnsname 3/3] RUN --mount=target=/root/.cache,type=cache     CGO_ENABLED=0 xx-go build -o /usr/bin/dnsname ./plugins/meta/dnsname &&     xx-verify --static /usr/bin/dnsname" spanID=4ceb9d7d7e4bac47 traceID=27ba861c8b1bbf514135f279bb7c8d5a
2026-05-25T11:43:37.9634807Z time="2026-05-25T11:33:28Z" level=debug msg="reset healthcheck failure" actualDuration=1.403466ms spanID=162bc6f38363f15d timeout=15s traceID=a9013635257ce06a78498d11f838df92
2026-05-25T11:43:37.9635802Z time="2026-05-25T11:33:28Z" level=debug msg="reset healthcheck failure" actualDuration="929.964µs" spanID=c7f887895b2b20c8 timeout=15s traceID=27ba861c8b1bbf514135f279bb7c8d5a
2026-05-25T11:43:37.9636328Z time="2026-05-25T11:33:33Z" level=debug msg="reset healthcheck failure" actualDuration=1.076605ms spanID=162bc6f38363f15d timeout=15s traceID=a9013635257ce06a78498d11f838df92
2026-05-25T11:43:37.9637116Z time="2026-05-25T11:33:33Z" level=debug msg="reset healthcheck failure" actualDuration="979.968µs" spanID=c7f887895b2b20c8 timeout=15s traceID=27ba861c8b1bbf514135f279bb7c8d5a
2026-05-25T11:43:37.9637629Z time="2026-05-25T11:33:38Z" level=debug msg="reset healthcheck failure" actualDuration=1.296094ms spanID=162bc6f38363f15d timeout=15s traceID=a9013635257ce06a78498d11f838df92
2026-05-25T11:43:37.9638137Z time="2026-05-25T11:33:38Z" level=debug msg="reset healthcheck failure" actualDuration=1.049068ms spanID=c7f887895b2b20c8 timeout=15s traceID=27ba861c8b1bbf514135f279bb7c8d5a
2026-05-25T11:43:37.9638653Z time="2026-05-25T11:33:43Z" level=debug msg="reset healthcheck failure" actualDuration=1.186387ms spanID=162bc6f38363f15d timeout=15s traceID=a9013635257ce06a78498d11f838df92
2026-05-25T11:43:37.9639294Z time="2026-05-25T11:33:43Z" level=debug msg="reset healthcheck failure" actualDuration="743.221µs" spanID=c7f887895b2b20c8 timeout=15s traceID=27ba861c8b1bbf514135f279bb7c8d5a
2026-05-25T11:43:37.9639844Z time="2026-05-25T11:33:44Z" level=debug msg="checked for cached auth handler namespace" cached=true key="docker.io/library/alpine::pull" name=docker.io/library/alpine scope=pull
2026-05-25T11:43:37.9640377Z time="2026-05-25T11:33:44Z" level=debug msg="checked for cached auth handler namespace" cached=true key="docker.io/library/alpine::pull" name=docker.io/library/alpine scope=pull
2026-05-25T11:43:37.9641099Z time="2026-05-25T11:33:44Z" level=debug msg="> creating nlgptn5oh28bggj5ygivbarqg [/bin/sh -c apk add --no-cache curl]" span="[cni-plugins 2/7] RUN apk add --no-cache curl" spanID=7760867c645a176c traceID=27ba861c8b1bbf514135f279bb7c8d5a
2026-05-25T11:43:37.9642685Z time="2026-05-25T11:33:45Z" level=debug msg="> creating xgmywt80hjeri3wtow88d7y9x [/bin/sh -c curl -fsSL https://github.com/containernetworking/plugins/releases/download/${CNI_VERSION}/cni-plugins-${TARGETOS}-${TARGETARCH}-${CNI_VERSION}.tgz | tar xzv]" span="[cni-plugins 5/7] RUN curl -fsSL https://github.com/containernetworking/plugins/releases/download/v1.9.1/cni-plugins-linux-amd64-v1.9.1.tgz | tar xzv" spanID=5db019b7053dbc8e traceID=27ba861c8b1bbf514135f279bb7c8d5a
2026-05-25T11:43:37.9643200Z time="2026-05-25T11:33:48Z" level=debug msg="reset healthcheck failure" actualDuration=1.063565ms spanID=162bc6f38363f15d timeout=15s traceID=a9013635257ce06a78498d11f838df92
2026-05-25T11:43:37.9643828Z time="2026-05-25T11:33:48Z" level=debug msg="reset healthcheck failure" actualDuration="747.552µs" spanID=c7f887895b2b20c8 timeout=15s traceID=27ba861c8b1bbf514135f279bb7c8d5a
2026-05-25T11:43:37.9644711Z time="2026-05-25T11:33:48Z" level=debug msg="> creating 8wp5rw8tr874lpzdqq1aeg8yh [/bin/sh -c xx-verify --static bridge loopback host-local]" span="[cni-plugins 6/7] RUN xx-verify --static bridge loopback host-local" spanID=5b4b851aeb1dc784 traceID=27ba861c8b1bbf514135f279bb7c8d5a
2026-05-25T11:43:37.9645641Z time="2026-05-25T11:33:49Z" level=debug msg="Using single walk diff for /tmp/buildkit-mount2983421756" spanID=a22acba173561778 traceID=27ba861c8b1bbf514135f279bb7c8d5a
2026-05-25T11:43:37.9646138Z time="2026-05-25T11:33:49Z" level=debug msg="Using single walk diff for /tmp/buildkit-mount3786052977" spanID=9bc90602e5a1212d traceID=27ba861c8b1bbf514135f279bb7c8d5a
2026-05-25T11:43:37.9646628Z time="2026-05-25T11:33:49Z" level=debug msg="Using single walk diff for /tmp/buildkit-mount2442507774" spanID=9bc90602e5a1212d traceID=27ba861c8b1bbf514135f279bb7c8d5a
2026-05-25T11:43:37.9647107Z time="2026-05-25T11:33:49Z" level=debug msg="Using single walk diff for /tmp/buildkit-mount2427447854" spanID=9bc90602e5a1212d traceID=27ba861c8b1bbf514135f279bb7c8d5a
2026-05-25T11:43:37.9648866Z time="2026-05-25T11:33:49Z" level=debug msg="skip merge due to dependency" edge_index=0 edge_vertex_digest="sha256:ca108f15abc9834e332e183eaedb67355c607603ebe9d57c840a18e739f98070" edge_vertex_name="[binaries-linux 3/5] COPY --link --from=cni-plugins-export-squashed / /" origEdge_index=0 origEdge_vertex_digest="sha256:6bbd03f54470f6cef11bf7952472b985771f67d3a4e410b68ce0a14e1cffa430" origEdge_vertex_name="[cni-plugins-export-squashed 1/1] COPY --from=cni-plugins-export / /"
2026-05-25T11:43:37.9649392Z time="2026-05-25T11:33:53Z" level=debug msg="reset healthcheck failure" actualDuration=1.322425ms spanID=162bc6f38363f15d timeout=15s traceID=a9013635257ce06a78498d11f838df92
2026-05-25T11:43:37.9650062Z time="2026-05-25T11:33:53Z" level=debug msg="reset healthcheck failure" actualDuration="874.861µs" spanID=c7f887895b2b20c8 timeout=15s traceID=27ba861c8b1bbf514135f279bb7c8d5a
2026-05-25T11:43:37.9650587Z time="2026-05-25T11:33:55Z" level=debug msg="remove snapshot" key=e76y83jakyzyrqng5rbltqphq snapshotter=overlayfs
2026-05-25T11:43:37.9650914Z time="2026-05-25T11:33:55Z" level=debug msg="remove snapshot" key=epvgbdt218lmtbryzyo4b969q snapshotter=overlayfs
2026-05-25T11:43:37.9651230Z time="2026-05-25T11:33:55Z" level=debug msg="remove snapshot" key=ldzlrsjef0c5rwzme76rdqdr2 snapshotter=overlayfs
2026-05-25T11:43:37.9651544Z time="2026-05-25T11:33:55Z" level=debug msg="remove snapshot" key=rgd3rr11l7wplveo4kfwqsx53 snapshotter=overlayfs
2026-05-25T11:43:37.9651847Z time="2026-05-25T11:33:55Z" level=debug msg="remove snapshot" key=u2dwf2u9bb0odkmiojxmhmax2 snapshotter=overlayfs
2026-05-25T11:43:37.9652101Z time="2026-05-25T11:33:55Z" level=debug msg="schedule snapshotter cleanup" snapshotter=overlayfs
2026-05-25T11:43:37.9652455Z time="2026-05-25T11:33:55Z" level=debug msg="removed snapshot" key=buildkit/51/epvgbdt218lmtbryzyo4b969q snapshotter=overlayfs
2026-05-25T11:43:37.9652815Z time="2026-05-25T11:33:55Z" level=debug msg="removed snapshot" key=buildkit/6/ldzlrsjef0c5rwzme76rdqdr2 snapshotter=overlayfs
2026-05-25T11:43:37.9653172Z time="2026-05-25T11:33:55Z" level=debug msg="removed snapshot" key=buildkit/63/u2dwf2u9bb0odkmiojxmhmax2 snapshotter=overlayfs
2026-05-25T11:43:37.9653517Z time="2026-05-25T11:33:55Z" level=debug msg="removed snapshot" key=buildkit/64/rgd3rr11l7wplveo4kfwqsx53 snapshotter=overlayfs
2026-05-25T11:43:37.9653869Z time="2026-05-25T11:33:55Z" level=debug msg="removed snapshot" key=buildkit/65/e76y83jakyzyrqng5rbltqphq snapshotter=overlayfs
2026-05-25T11:43:37.9654384Z time="2026-05-25T11:33:58Z" level=debug msg="reset healthcheck failure" actualDuration=1.356207ms spanID=162bc6f38363f15d timeout=15s traceID=a9013635257ce06a78498d11f838df92
2026-05-25T11:43:37.9655235Z time="2026-05-25T11:33:58Z" level=debug msg="reset healthcheck failure" actualDuration="912.453µs" spanID=c7f887895b2b20c8 timeout=15s traceID=27ba861c8b1bbf514135f279bb7c8d5a
2026-05-25T11:43:37.9655877Z time="2026-05-25T11:34:03Z" level=debug msg="reset healthcheck failure" actualDuration=1.697934ms spanID=162bc6f38363f15d timeout=15s traceID=a9013635257ce06a78498d11f838df92
2026-05-25T11:43:37.9656555Z time="2026-05-25T11:34:03Z" level=debug msg="reset healthcheck failure" actualDuration=1.491873ms spanID=c7f887895b2b20c8 timeout=15s traceID=27ba861c8b1bbf514135f279bb7c8d5a
2026-05-25T11:43:37.9657066Z time="2026-05-25T11:34:08Z" level=debug msg="reset healthcheck failure" actualDuration=1.043287ms spanID=162bc6f38363f15d timeout=15s traceID=a9013635257ce06a78498d11f838df92
2026-05-25T11:43:37.9657716Z time="2026-05-25T11:34:08Z" level=debug msg="reset healthcheck failure" actualDuration="749.614µs" spanID=c7f887895b2b20c8 timeout=15s traceID=27ba861c8b1bbf514135f279bb7c8d5a
2026-05-25T11:43:37.9658226Z time="2026-05-25T11:34:13Z" level=debug msg="reset healthcheck failure" actualDuration=1.389323ms spanID=162bc6f38363f15d timeout=15s traceID=a9013635257ce06a78498d11f838df92
2026-05-25T11:43:37.9658848Z time="2026-05-25T11:34:13Z" level=debug msg="reset healthcheck failure" actualDuration="786.255µs" spanID=c7f887895b2b20c8 timeout=15s traceID=27ba861c8b1bbf514135f279bb7c8d5a
2026-05-25T11:43:37.9659359Z time="2026-05-25T11:34:18Z" level=debug msg="reset healthcheck failure" actualDuration=1.219329ms spanID=162bc6f38363f15d timeout=15s traceID=a9013635257ce06a78498d11f838df92
2026-05-25T11:43:37.9660089Z time="2026-05-25T11:34:18Z" level=debug msg="reset healthcheck failure" actualDuration="890.783µs" spanID=c7f887895b2b20c8 timeout=15s traceID=27ba861c8b1bbf514135f279bb7c8d5a
2026-05-25T11:43:37.9660592Z time="2026-05-25T11:34:23Z" level=debug msg="reset healthcheck failure" actualDuration=1.099473ms spanID=162bc6f38363f15d timeout=15s traceID=a9013635257ce06a78498d11f838df92
2026-05-25T11:43:37.9661218Z time="2026-05-25T11:34:23Z" level=debug msg="reset healthcheck failure" actualDuration="713.134µs" spanID=c7f887895b2b20c8 timeout=15s traceID=27ba861c8b1bbf514135f279bb7c8d5a
2026-05-25T11:43:37.9661778Z time="2026-05-25T11:34:26Z" level=debug msg="checked for cached auth handler namespace" cached=true key="docker.io/tonistiigi/binfmt::pull" name=docker.io/tonistiigi/binfmt scope=pull
2026-05-25T11:43:37.9662323Z time="2026-05-25T11:34:26Z" level=debug msg="checked for cached auth handler namespace" cached=true key="docker.io/tonistiigi/binfmt::pull" name=docker.io/tonistiigi/binfmt scope=pull
2026-05-25T11:43:37.9663182Z time="2026-05-25T11:34:26Z" level=debug msg=fetch digest="sha256:703d6c3467f3bf9b1d61a59d5a3244db30235ffb36c60b76e0dcf486887687f6" mediatype=application/vnd.oci.image.layer.v1.tar+gzip size=30199996 spanID=758e7a41aa4ac370 traceID=27ba861c8b1bbf514135f279bb7c8d5a
2026-05-25T11:43:37.9664253Z time="2026-05-25T11:34:26Z" level=debug msg="fetching layer" chunk_size=0 digest="sha256:703d6c3467f3bf9b1d61a59d5a3244db30235ffb36c60b76e0dcf486887687f6" initial_parallelism=0 mediatype=application/vnd.oci.image.layer.v1.tar+gzip offset=0 parallelism=1 size=30199996 spanID=758e7a41aa4ac370 traceID=27ba861c8b1bbf514135f279bb7c8d5a
2026-05-25T11:43:37.9666760Z time="2026-05-25T11:34:26Z" level=debug msg="do request" digest="sha256:703d6c3467f3bf9b1d61a59d5a3244db30235ffb36c60b76e0dcf486887687f6" mediatype=application/vnd.oci.image.layer.v1.tar+gzip request.header.accept="application/vnd.oci.image.layer.v1.tar+gzip, */*" request.header.accept-encoding="zstd;q=1.0, gzip;q=0.8, deflate;q=0.5" request.header.user-agent=buildkit/v0.30 request.method=GET size=30199996 spanID=758e7a41aa4ac370 traceID=27ba861c8b1bbf514135f279bb7c8d5a url="https://registry-1.docker.io/v2/tonistiigi/binfmt/blobs/sha256:703d6c3467f3bf9b1d61a59d5a3244db30235ffb36c60b76e0dcf486887687f6"
2026-05-25T11:43:37.9673049Z time="2026-05-25T11:34:26Z" level=debug msg="fetch response received" digest="sha256:703d6c3467f3bf9b1d61a59d5a3244db30235ffb36c60b76e0dcf486887687f6" mediatype=application/vnd.oci.image.layer.v1.tar+gzip response.header.accept-ranges=bytes response.header.age=998331 response.header.cache-control="public, max-age=14400" response.header.cf-cache-status=HIT response.header.cf-ray=a0143b20fc703354-SJC response.header.connection=keep-alive response.header.content-length=30199996 response.header.content-type=application/octet-stream response.header.date="Mon, 25 May 2026 11:34:26 GMT" response.header.etag="\"5fd33fcae486c1c28838e5a5d97f6abe\"" response.header.expires="Mon, 25 May 2026 15:34:26 GMT" response.header.last-modified="Wed, 18 Feb 2026 18:11:19 GMT" response.header.server=cloudflare response.header.set-cookie="__cf_bm=sBo7h_E1caW0pTM3lSGzZ8Kds43SvVHyrfKSVAhyXJs-1779708866.718673-1.0.1.1-Lcoj0rHMqqGG74bU_Lp8mJysjgE1FjaF1hyVRTkJM80FL5g0R7yKv8VKAm4.xqRlGa9MRfOOB8oSvCqQBl98WWW9Id0tG0jVU.GJu9aCAosWDdi1W_i84ihr_lA5bao2; HttpOnly; SameSite=None; Secure; Path=/; Domain=production.cloudflare.docker.com; Expires=Mon, 25 May 2026 12:04:26 GMT" response.header.vary=Accept-Encoding response.header.x-amz-id-2=0OwPCldq2rPdBcOS1GPJqcs8yFJMX7aUNIoWeyen93Iaa0up1RFWUwL0qO8zLA/aq/3MqIHVoeAg6wfhpgsOjvqO3ukrX8DG response.header.x-amz-request-id=GEVF25QBG7G2YJK4 response.header.x-amz-server-side-encryption=AES256 response.header.x-amz-version-id=LwHSLjqn2RFgKDq.lOYIrfu4hYzl3xH_ response.status="200 OK" size=30199996 spanID=758e7a41aa4ac370 traceID=27ba861c8b1bbf514135f279bb7c8d5a url="https://registry-1.docker.io/v2/tonistiigi/binfmt/blobs/sha256:703d6c3467f3bf9b1d61a59d5a3244db30235ffb36c60b76e0dcf486887687f6"
2026-05-25T11:43:37.9674945Z time="2026-05-25T11:34:27Z" level=debug msg="diff applied" d=796.622801ms digest="sha256:703d6c3467f3bf9b1d61a59d5a3244db30235ffb36c60b76e0dcf486887687f6" media=application/vnd.oci.image.layer.v1.tar+gzip size=30199996 span=extract spanID=b2547aa694f07a51 traceID=27ba861c8b1bbf514135f279bb7c8d5a
2026-05-25T11:43:37.9675869Z time="2026-05-25T11:34:27Z" level=debug msg="Using single walk diff for /tmp/buildkit-mount2559152977" spanID=26f47a2e5b6ce343 traceID=27ba861c8b1bbf514135f279bb7c8d5a
2026-05-25T11:43:37.9676823Z time="2026-05-25T11:34:28Z" level=debug msg="reset healthcheck failure" actualDuration=1.351649ms spanID=162bc6f38363f15d timeout=15s traceID=a9013635257ce06a78498d11f838df92
2026-05-25T11:43:37.9678035Z time="2026-05-25T11:34:28Z" level=debug msg="reset healthcheck failure" actualDuration="988.223µs" spanID=c7f887895b2b20c8 timeout=15s traceID=27ba861c8b1bbf514135f279bb7c8d5a
2026-05-25T11:43:37.9680139Z time="2026-05-25T11:34:28Z" level=debug msg="> creating vg8j477ngma7qrq0xd0u659qm [/bin/sh -c rm -f buildkit-qemu-loongarch64 buildkit-qemu-mips64 buildkit-qemu-mips64el]" span="[binfmt-filter 4/4] RUN rm -f buildkit-qemu-loongarch64 buildkit-qemu-mips64 buildkit-qemu-mips64el" spanID=68cddfedbf4413c5 traceID=27ba861c8b1bbf514135f279bb7c8d5a
2026-05-25T11:43:37.9682961Z time="2026-05-25T11:34:28Z" level=debug msg="> creating o79vb3zcnalwkmf85vnud0334 [/bin/sh -c set -e; xx-apk add musl-dev gcc libseccomp-dev libseccomp-static;   [ \"$(xx-info arch)\" != \"ppc64le\" ] || XX_CC_PREFER_LINKER=ld xx-clang --setup-target-triple]" span="[runc 3/4] RUN set -e; xx-apk add musl-dev gcc libseccomp-dev libseccomp-static;   [ \"$(xx-info arch)\" != \"ppc64le\" ] || XX_CC_PREFER_LINKER=ld xx-clang --setup-target-triple" spanID=09cf9a8957e6157c traceID=27ba861c8b1bbf514135f279bb7c8d5a
2026-05-25T11:43:37.9686090Z time="2026-05-25T11:34:29Z" level=debug msg="> creating rbatarn08g18e4ga6zp6a69y6 [/bin/sh -c   set -ex\n  CGO_ENABLED=1 xx-go build -mod=vendor -ldflags '-extldflags -static' -tags 'apparmor seccomp netgo cgo static_build osusergo' -o /usr/bin/runc ./\n  xx-verify --static /usr/bin/runc\n  if [ \"$(xx-info os)\" = \"linux\" ]; then /usr/bin/runc --version; fi\n]" span="[runc 4/4] RUN --mount=target=/root/.cache,type=cache <<EOT (set -ex...)" spanID=e083e672b54bcb74 traceID=27ba861c8b1bbf514135f279bb7c8d5a
2026-05-25T11:43:37.9687081Z time="2026-05-25T11:34:33Z" level=debug msg="reset healthcheck failure" actualDuration=1.123158ms spanID=162bc6f38363f15d timeout=15s traceID=a9013635257ce06a78498d11f838df92
2026-05-25T11:43:37.9688330Z time="2026-05-25T11:34:33Z" level=debug msg="reset healthcheck failure" actualDuration="809.948µs" spanID=c7f887895b2b20c8 timeout=15s traceID=27ba861c8b1bbf514135f279bb7c8d5a
2026-05-25T11:43:37.9689471Z time="2026-05-25T11:34:38Z" level=debug msg="reset healthcheck failure" actualDuration=1.048537ms spanID=162bc6f38363f15d timeout=15s traceID=a9013635257ce06a78498d11f838df92
2026-05-25T11:43:37.9690691Z time="2026-05-25T11:34:38Z" level=debug msg="reset healthcheck failure" actualDuration="954.29µs" spanID=c7f887895b2b20c8 timeout=15s traceID=27ba861c8b1bbf514135f279bb7c8d5a
2026-05-25T11:43:37.9691657Z time="2026-05-25T11:34:43Z" level=debug msg="reset healthcheck failure" actualDuration=1.14226ms spanID=162bc6f38363f15d timeout=15s traceID=a9013635257ce06a78498d11f838df92
2026-05-25T11:43:37.9692849Z time="2026-05-25T11:34:43Z" level=debug msg="reset healthcheck failure" actualDuration="758.841µs" spanID=c7f887895b2b20c8 timeout=15s traceID=27ba861c8b1bbf514135f279bb7c8d5a
2026-05-25T11:43:37.9693807Z time="2026-05-25T11:34:48Z" level=debug msg="reset healthcheck failure" actualDuration=1.099794ms spanID=162bc6f38363f15d timeout=15s traceID=a9013635257ce06a78498d11f838df92
2026-05-25T11:43:37.9694996Z time="2026-05-25T11:34:48Z" level=debug msg="reset healthcheck failure" actualDuration="776.574µs" spanID=c7f887895b2b20c8 timeout=15s traceID=27ba861c8b1bbf514135f279bb7c8d5a
2026-05-25T11:43:37.9696391Z time="2026-05-25T11:34:53Z" level=debug msg="reset healthcheck failure" actualDuration=1.080757ms spanID=162bc6f38363f15d timeout=15s traceID=a9013635257ce06a78498d11f838df92
2026-05-25T11:43:37.9697682Z time="2026-05-25T11:34:53Z" level=debug msg="reset healthcheck failure" actualDuration="818.583µs" spanID=c7f887895b2b20c8 timeout=15s traceID=27ba861c8b1bbf514135f279bb7c8d5a
2026-05-25T11:43:37.9698832Z time="2026-05-25T11:34:53Z" level=debug msg="load cache for [binaries-linux 3/5] COPY --link --from=cni-plugins-export-squashed / / with m5w92qdjtg71a30xbs8lg21a5::100zb4m0xfn3fcdo3stxqhy3w"
2026-05-25T11:43:37.9699783Z time="2026-05-25T11:34:58Z" level=debug msg="reset healthcheck failure" actualDuration=1.198031ms spanID=162bc6f38363f15d timeout=15s traceID=a9013635257ce06a78498d11f838df92
2026-05-25T11:43:37.9700792Z time="2026-05-25T11:34:58Z" level=debug msg="reset healthcheck failure" actualDuration=1.09267ms spanID=c7f887895b2b20c8 timeout=15s traceID=27ba861c8b1bbf514135f279bb7c8d5a
2026-05-25T11:43:37.9701391Z time="2026-05-25T11:35:03Z" level=debug msg="reset healthcheck failure" actualDuration=1.178003ms spanID=162bc6f38363f15d timeout=15s traceID=a9013635257ce06a78498d11f838df92
2026-05-25T11:43:37.9702484Z time="2026-05-25T11:35:03Z" level=debug msg="reset healthcheck failure" actualDuration="913.448µs" spanID=c7f887895b2b20c8 timeout=15s traceID=27ba861c8b1bbf514135f279bb7c8d5a
2026-05-25T11:43:37.9703403Z time="2026-05-25T11:35:05Z" level=debug msg="Using single walk diff for /tmp/buildkit-mount1709022395" spanID=2f3fa731fb74cde2 traceID=27ba861c8b1bbf514135f279bb7c8d5a
2026-05-25T11:43:37.9704293Z time="2026-05-25T11:35:05Z" level=debug msg="Using single walk diff for /tmp/buildkit-mount1142711907" spanID=2f3fa731fb74cde2 traceID=27ba861c8b1bbf514135f279bb7c8d5a
2026-05-25T11:43:37.9705342Z time="2026-05-25T11:35:05Z" level=debug msg="Using single walk diff for /tmp/buildkit-mount1455650923" spanID=2f3fa731fb74cde2 traceID=27ba861c8b1bbf514135f279bb7c8d5a
2026-05-25T11:43:37.9706123Z time="2026-05-25T11:35:05Z" level=debug msg="Using single walk diff for /tmp/buildkit-mount2664187627" spanID=2f3fa731fb74cde2 traceID=27ba861c8b1bbf514135f279bb7c8d5a
2026-05-25T11:43:37.9706628Z time="2026-05-25T11:35:06Z" level=debug msg="checked for cached auth handler namespace" cached=true key="quay.io/minio/mc::pull" name=quay.io/minio/mc scope=pull
2026-05-25T11:43:37.9707122Z time="2026-05-25T11:35:06Z" level=debug msg="checked for cached auth handler namespace" cached=true key="quay.io/minio/minio::pull" name=quay.io/minio/minio scope=pull
2026-05-25T11:43:37.9707686Z time="2026-05-25T11:35:06Z" level=debug msg="checked for cached auth handler namespace" cached=true key="docker.io/dockereng/cli-bin::pull" name=docker.io/dockereng/cli-bin scope=pull
2026-05-25T11:43:37.9708240Z time="2026-05-25T11:35:06Z" level=debug msg="checked for cached auth handler namespace" cached=true key="docker.io/docker/buildx-bin::pull" name=docker.io/docker/buildx-bin scope=pull
2026-05-25T11:43:37.9708876Z time="2026-05-25T11:35:06Z" level=debug msg="checked for cached auth handler namespace" cached=true key="quay.io/minio/mc::pull" name=quay.io/minio/mc scope=pull
2026-05-25T11:43:37.9709366Z time="2026-05-25T11:35:06Z" level=debug msg="checked for cached auth handler namespace" cached=true key="quay.io/minio/minio::pull" name=quay.io/minio/minio scope=pull
2026-05-25T11:43:37.9709905Z time="2026-05-25T11:35:06Z" level=debug msg="checked for cached auth handler namespace" cached=true key="docker.io/dockereng/cli-bin::pull" name=docker.io/dockereng/cli-bin scope=pull
2026-05-25T11:43:37.9710438Z time="2026-05-25T11:35:06Z" level=debug msg="checked for cached auth handler namespace" cached=true key="docker.io/docker/buildx-bin::pull" name=docker.io/docker/buildx-bin scope=pull
2026-05-25T11:43:37.9711955Z time="2026-05-25T11:35:06Z" level=debug msg="> creating o5030lwl7w3h112wqqqgol936 [/bin/bash -c wget https://github.com/dragonflyoss/nydus/releases/download/$NYDUS_VERSION/nydus-static-$NYDUS_VERSION-$TARGETOS-$TARGETARCH.tgz]" span="[nydus 1/2] RUN wget https://github.com/dragonflyoss/nydus/releases/download/v2.4.0/nydus-static-v2.4.0-linux-amd64.tgz" spanID=53da7628cb005866 traceID=27ba861c8b1bbf514135f279bb7c8d5a
2026-05-25T11:43:37.9712824Z time="2026-05-25T11:35:06Z" level=debug msg=fetch digest="sha256:0938bfff5daceb8a102075073dfb7e67e7f0114a1c37d7f0fcd361176d865010" mediatype=application/vnd.oci.image.layer.v1.tar+gzip size=22988452 spanID=d232f8f0e4c1820b traceID=27ba861c8b1bbf514135f279bb7c8d5a
2026-05-25T11:43:37.9713904Z time="2026-05-25T11:35:06Z" level=debug msg="fetching layer" chunk_size=0 digest="sha256:0938bfff5daceb8a102075073dfb7e67e7f0114a1c37d7f0fcd361176d865010" initial_parallelism=0 mediatype=application/vnd.oci.image.layer.v1.tar+gzip offset=0 parallelism=1 size=22988452 spanID=d232f8f0e4c1820b traceID=27ba861c8b1bbf514135f279bb7c8d5a
2026-05-25T11:43:37.9716246Z time="2026-05-25T11:35:06Z" level=debug msg="do request" digest="sha256:0938bfff5daceb8a102075073dfb7e67e7f0114a1c37d7f0fcd361176d865010" mediatype=application/vnd.oci.image.layer.v1.tar+gzip request.header.accept="application/vnd.oci.image.layer.v1.tar+gzip, */*" request.header.accept-encoding="zstd;q=1.0, gzip;q=0.8, deflate;q=0.5" request.header.user-agent=buildkit/v0.30 request.method=GET size=22988452 spanID=d232f8f0e4c1820b traceID=27ba861c8b1bbf514135f279bb7c8d5a url="https://registry-1.docker.io/v2/docker/buildx-bin/blobs/sha256:0938bfff5daceb8a102075073dfb7e67e7f0114a1c37d7f0fcd361176d865010"
2026-05-25T11:43:37.9717099Z time="2026-05-25T11:35:06Z" level=debug msg=fetch digest="sha256:46108b26cf0b606749e3aee1801677c87caa66b603f7bc929527f9dad2da370e" mediatype=application/vnd.oci.image.layer.v1.tar+gzip size=19509553 spanID=97ed5f3e1d33334b traceID=27ba861c8b1bbf514135f279bb7c8d5a
2026-05-25T11:43:37.9718169Z time="2026-05-25T11:35:06Z" level=debug msg="fetching layer" chunk_size=0 digest="sha256:46108b26cf0b606749e3aee1801677c87caa66b603f7bc929527f9dad2da370e" initial_parallelism=0 mediatype=application/vnd.oci.image.layer.v1.tar+gzip offset=0 parallelism=1 size=19509553 spanID=97ed5f3e1d33334b traceID=27ba861c8b1bbf514135f279bb7c8d5a
2026-05-25T11:43:37.9720206Z time="2026-05-25T11:35:06Z" level=debug msg="do request" digest="sha256:46108b26cf0b606749e3aee1801677c87caa66b603f7bc929527f9dad2da370e" mediatype=application/vnd.oci.image.layer.v1.tar+gzip request.header.accept="application/vnd.oci.image.layer.v1.tar+gzip, */*" request.header.accept-encoding="zstd;q=1.0, gzip;q=0.8, deflate;q=0.5" request.header.user-agent=buildkit/v0.30 request.method=GET size=19509553 spanID=97ed5f3e1d33334b traceID=27ba861c8b1bbf514135f279bb7c8d5a url="https://registry-1.docker.io/v2/dockereng/cli-bin/blobs/sha256:46108b26cf0b606749e3aee1801677c87caa66b603f7bc929527f9dad2da370e"
2026-05-25T11:43:37.9721075Z time="2026-05-25T11:35:06Z" level=debug msg=fetch digest="sha256:b7c1efd1d2b4bd05128f02a69e3e8233283ca9b066b01d52fd2131767dee20a3" mediatype=application/vnd.docker.image.rootfs.diff.tar.gzip size=11188041 spanID=f2bcb8363c4d3222 traceID=27ba861c8b1bbf514135f279bb7c8d5a
2026-05-25T11:43:37.9722058Z time="2026-05-25T11:35:06Z" level=debug msg=fetch digest="sha256:f29310fc4a8aa3205942ce53ecf87a4cc46441875db33af816056d71f6490a7d" mediatype=application/vnd.docker.image.rootfs.diff.tar.gzip size=11874 spanID=f2bcb8363c4d3222 traceID=27ba861c8b1bbf514135f279bb7c8d5a
2026-05-25T11:43:37.9722901Z time="2026-05-25T11:35:06Z" level=debug msg=fetch digest="sha256:b268f447c87164009d333c3c720f57bceb5476bc2ed0d7417235603c0a8d073b" mediatype=application/vnd.docker.image.rootfs.diff.tar.gzip size=70448 spanID=f2bcb8363c4d3222 traceID=27ba861c8b1bbf514135f279bb7c8d5a
2026-05-25T11:43:37.9723749Z time="2026-05-25T11:35:06Z" level=debug msg=fetch digest="sha256:4a93952ab9ce7ab9ccf6a74817a286f59e9354c7722490f0d66b6f92171b60ec" mediatype=application/vnd.docker.image.rootfs.diff.tar.gzip size=129919 spanID=f2bcb8363c4d3222 traceID=27ba861c8b1bbf514135f279bb7c8d5a
2026-05-25T11:43:37.9724703Z time="2026-05-25T11:35:06Z" level=debug msg=fetch digest="sha256:b83ce1c86227e7eb8f809d5634df70202a43b5a2a42ad5881de019c6e7bb77ab" mediatype=application/vnd.docker.image.rootfs.diff.tar.gzip size=7240601 spanID=f2bcb8363c4d3222 traceID=27ba861c8b1bbf514135f279bb7c8d5a
2026-05-25T11:43:37.9725841Z time="2026-05-25T11:35:06Z" level=debug msg=fetch digest="sha256:9404e0df6bd3089a29fc91945027aa10fac24e31b956bbe4969dd77b63fa515c" mediatype=application/vnd.docker.image.rootfs.diff.tar.gzip size=11188059 spanID=f2bcb8363c4d3222 traceID=27ba861c8b1bbf514135f279bb7c8d5a
2026-05-25T11:43:37.9726951Z time="2026-05-25T11:35:06Z" level=debug msg="fetching layer" chunk_size=0 digest="sha256:b7c1efd1d2b4bd05128f02a69e3e8233283ca9b066b01d52fd2131767dee20a3" initial_parallelism=0 mediatype=application/vnd.docker.image.rootfs.diff.tar.gzip offset=0 parallelism=1 size=11188041 spanID=f2bcb8363c4d3222 traceID=27ba861c8b1bbf514135f279bb7c8d5a
2026-05-25T11:43:37.9728975Z time="2026-05-25T11:35:06Z" level=debug msg="do request" digest="sha256:b7c1efd1d2b4bd05128f02a69e3e8233283ca9b066b01d52fd2131767dee20a3" mediatype=application/vnd.docker.image.rootfs.diff.tar.gzip request.header.accept="application/vnd.docker.image.rootfs.diff.tar.gzip, */*" request.header.accept-encoding="zstd;q=1.0, gzip;q=0.8, deflate;q=0.5" request.header.user-agent=buildkit/v0.30 request.method=GET size=11188041 spanID=f2bcb8363c4d3222 traceID=27ba861c8b1bbf514135f279bb7c8d5a url="https://quay.io/v2/minio/mc/blobs/sha256:b7c1efd1d2b4bd05128f02a69e3e8233283ca9b066b01d52fd2131767dee20a3"
2026-05-25T11:43:37.9730054Z time="2026-05-25T11:35:06Z" level=debug msg="fetching layer" chunk_size=0 digest="sha256:f29310fc4a8aa3205942ce53ecf87a4cc46441875db33af816056d71f6490a7d" initial_parallelism=0 mediatype=application/vnd.docker.image.rootfs.diff.tar.gzip offset=0 parallelism=1 size=11874 spanID=f2bcb8363c4d3222 traceID=27ba861c8b1bbf514135f279bb7c8d5a
2026-05-25T11:43:37.9732060Z time="2026-05-25T11:35:06Z" level=debug msg="do request" digest="sha256:f29310fc4a8aa3205942ce53ecf87a4cc46441875db33af816056d71f6490a7d" mediatype=application/vnd.docker.image.rootfs.diff.tar.gzip request.header.accept="application/vnd.docker.image.rootfs.diff.tar.gzip, */*" request.header.accept-encoding="zstd;q=1.0, gzip;q=0.8, deflate;q=0.5" request.header.user-agent=buildkit/v0.30 request.method=GET size=11874 spanID=f2bcb8363c4d3222 traceID=27ba861c8b1bbf514135f279bb7c8d5a url="https://quay.io/v2/minio/mc/blobs/sha256:f29310fc4a8aa3205942ce53ecf87a4cc46441875db33af816056d71f6490a7d"
2026-05-25T11:43:37.9733140Z time="2026-05-25T11:35:06Z" level=debug msg="fetching layer" chunk_size=0 digest="sha256:b268f447c87164009d333c3c720f57bceb5476bc2ed0d7417235603c0a8d073b" initial_parallelism=0 mediatype=application/vnd.docker.image.rootfs.diff.tar.gzip offset=0 parallelism=1 size=70448 spanID=f2bcb8363c4d3222 traceID=27ba861c8b1bbf514135f279bb7c8d5a
2026-05-25T11:43:37.9735331Z time="2026-05-25T11:35:06Z" level=debug msg="do request" digest="sha256:b268f447c87164009d333c3c720f57bceb5476bc2ed0d7417235603c0a8d073b" mediatype=application/vnd.docker.image.rootfs.diff.tar.gzip request.header.accept="application/vnd.docker.image.rootfs.diff.tar.gzip, */*" request.header.accept-encoding="zstd;q=1.0, gzip;q=0.8, deflate;q=0.5" request.header.user-agent=buildkit/v0.30 request.method=GET size=70448 spanID=f2bcb8363c4d3222 traceID=27ba861c8b1bbf514135f279bb7c8d5a url="https://quay.io/v2/minio/mc/blobs/sha256:b268f447c87164009d333c3c720f57bceb5476bc2ed0d7417235603c0a8d073b"
2026-05-25T11:43:37.9736595Z time="2026-05-25T11:35:06Z" level=debug msg="fetching layer" chunk_size=0 digest="sha256:4a93952ab9ce7ab9ccf6a74817a286f59e9354c7722490f0d66b6f92171b60ec" initial_parallelism=0 mediatype=application/vnd.docker.image.rootfs.diff.tar.gzip offset=0 parallelism=1 size=129919 spanID=f2bcb8363c4d3222 traceID=27ba861c8b1bbf514135f279bb7c8d5a
2026-05-25T11:43:37.9738812Z time="2026-05-25T11:35:06Z" level=debug msg="do request" digest="sha256:4a93952ab9ce7ab9ccf6a74817a286f59e9354c7722490f0d66b6f92171b60ec" mediatype=application/vnd.docker.image.rootfs.diff.tar.gzip request.header.accept="application/vnd.docker.image.rootfs.diff.tar.gzip, */*" request.header.accept-encoding="zstd;q=1.0, gzip;q=0.8, deflate;q=0.5" request.header.user-agent=buildkit/v0.30 request.method=GET size=129919 spanID=f2bcb8363c4d3222 traceID=27ba861c8b1bbf514135f279bb7c8d5a url="https://quay.io/v2/minio/mc/blobs/sha256:4a93952ab9ce7ab9ccf6a74817a286f59e9354c7722490f0d66b6f92171b60ec"
2026-05-25T11:43:37.9740392Z time="2026-05-25T11:35:06Z" level=debug msg=fetch digest="sha256:34013573f2786dfd3f6a542374c2bb7821fa6924de6ed320dc808582d50879d3" mediatype=application/vnd.docker.image.rootfs.diff.tar.gzip size=496 spanID=15684066b092b109 traceID=27ba861c8b1bbf514135f279bb7c8d5a
2026-05-25T11:43:37.9741995Z time="2026-05-25T11:35:06Z" level=debug msg=fetch digest="sha256:71e9fc939447059a2e6b8db211155a6d0217582e6a93d13e53c111df359b05cf" mediatype=application/vnd.docker.image.rootfs.diff.tar.gzip size=2401645 spanID=15684066b092b109 traceID=27ba861c8b1bbf514135f279bb7c8d5a
2026-05-25T11:43:37.9743601Z time="2026-05-25T11:35:06Z" level=debug msg=fetch digest="sha256:1008deaf6ec413772a3de8828d030bd6472ec80c59a8595f3f9fee2524576692" mediatype=application/vnd.docker.image.rootfs.diff.tar.gzip size=11188523 spanID=15684066b092b109 traceID=27ba861c8b1bbf514135f279bb7c8d5a
2026-05-25T11:43:37.9745425Z time="2026-05-25T11:35:06Z" level=debug msg=fetch digest="sha256:f9c0805c25ee5c0d375a9c16810eafb57cf658d7b6814c179d52496272bec8a4" mediatype=application/vnd.docker.image.rootfs.diff.tar.gzip size=39450432 spanID=15684066b092b109 traceID=27ba861c8b1bbf514135f279bb7c8d5a
2026-05-25T11:43:37.9746985Z time="2026-05-25T11:35:06Z" level=debug msg=fetch digest="sha256:0288b5a0d7e71a2cdbdf114cb9869ce2bc4b05adfd6aa5e3ee9fa4b3847e7b80" mediatype=application/vnd.docker.image.rootfs.diff.tar.gzip size=11876 spanID=15684066b092b109 traceID=27ba861c8b1bbf514135f279bb7c8d5a
2026-05-25T11:43:37.9748595Z time="2026-05-25T11:35:06Z" level=debug msg=fetch digest="sha256:c1bc68842c41cb716734641f75dc37d629f05df5f812a8cc2e7e0370d4e833ec" mediatype=application/vnd.docker.image.rootfs.diff.tar.gzip size=180305 spanID=15684066b092b109 traceID=27ba861c8b1bbf514135f279bb7c8d5a
2026-05-25T11:43:37.9750090Z time="2026-05-25T11:35:06Z" level=debug msg=fetch digest="sha256:f94d28849fa387176d83fed06c02b5814597103420f929f8f74ad5c212e62a7a" mediatype=application/vnd.docker.image.rootfs.diff.tar.gzip size=1637189 spanID=15684066b092b109 traceID=27ba861c8b1bbf514135f279bb7c8d5a
2026-05-25T11:43:37.9751259Z time="2026-05-25T11:35:06Z" level=debug msg=fetch digest="sha256:81260b1730768c85f8ebdba7d561c7189971d84eef7dc0ff2b03d83957dcdd4a" mediatype=application/vnd.docker.image.rootfs.diff.tar.gzip size=122724 spanID=15684066b092b109 traceID=27ba861c8b1bbf514135f279bb7c8d5a
2026-05-25T11:43:37.9759621Z time="2026-05-25T11:35:06Z" level=debug msg="fetch response received" digest="sha256:0938bfff5daceb8a102075073dfb7e67e7f0114a1c37d7f0fcd361176d865010" mediatype=application/vnd.oci.image.layer.v1.tar+gzip response.header.accept-ranges=bytes response.header.age=256 response.header.alt-svc="h3=\":443\"; ma=86400" response.header.connection=keep-alive response.header.content-length=22988452 response.header.content-type=application/octet-stream response.header.date="Mon, 25 May 2026 11:30:58 GMT" response.header.etag="\"314e1942a4bb5f4df692d72d50eab5bb\"" response.header.last-modified="Wed, 13 May 2026 14:52:19 GMT" response.header.server=AmazonS3 response.header.vary=Accept-Encoding response.header.via="1.1 5fa19949620deb5ea219d7070e76b034.cloudfront.net (CloudFront)" response.header.x-amz-cf-id="vk7UBblwL-JpVf3CqYhR2cPL_DJTuBb984c3eUBXXh4h_wuCjqpnmA==" response.header.x-amz-cf-pop=SFO53-P12 response.header.x-amz-server-side-encryption=AES256 response.header.x-amz-storage-class=INTELLIGENT_TIERING response.header.x-amz-version-id=KNE49x.MEp6iS3cFcY74gJRBcXuKym17 response.header.x-cache="Hit from cloudfront" response.status="200 OK" size=22988452 spanID=d232f8f0e4c1820b traceID=27ba861c8b1bbf514135f279bb7c8d5a url="https://registry-1.docker.io/v2/docker/buildx-bin/blobs/sha256:0938bfff5daceb8a102075073dfb7e67e7f0114a1c37d7f0fcd361176d865010"
2026-05-25T11:43:37.9765578Z time="2026-05-25T11:35:06Z" level=debug msg="fetch response received" digest="sha256:b7c1efd1d2b4bd05128f02a69e3e8233283ca9b066b01d52fd2131767dee20a3" mediatype=application/vnd.docker.image.rootfs.diff.tar.gzip response.header.accept-ranges=bytes response.header.connection=keep-alive response.header.content-length=11188041 response.header.content-type=binary/octet-stream response.header.date="Mon, 25 May 2026 11:35:06 GMT" response.header.etag="\"a9f788c4d1b65cd20b2592ec91f31183-2\"" response.header.last-modified="Sun, 07 Sep 2025 04:07:22 GMT" response.header.server=AmazonS3 response.header.x-amz-id-2="vej6I5k3nIxhQcPwnHD4tQXGUezoBk1WMup5WimtOwSPJo44g281ZUB+dZeqWZTWWdcOgyRmhkINeg43oqal9XP259KIl4LzmD9KEeXItzk=" response.header.x-amz-replication-status=COMPLETED response.header.x-amz-request-id=7824ZHGZ3AZXVG83 response.header.x-amz-server-side-encryption=AES256 response.header.x-amz-version-id=N7cmvz6WnZM8F7MyA2KHAcRMtrjKSB.m response.header.x-rh-edge-cache-status="Hit from child" response.header.x-rh-edge-reference-id=0.955d117.1779708906.de17d760 response.header.x-rh-edge-request-id=de17d760 response.status="200 OK" size=11188041 spanID=f2bcb8363c4d3222 traceID=27ba861c8b1bbf514135f279bb7c8d5a url="https://quay.io/v2/minio/mc/blobs/sha256:b7c1efd1d2b4bd05128f02a69e3e8233283ca9b066b01d52fd2131767dee20a3"
2026-05-25T11:43:37.9766750Z time="2026-05-25T11:35:06Z" level=debug msg="fetching layer" chunk_size=0 digest="sha256:b83ce1c86227e7eb8f809d5634df70202a43b5a2a42ad5881de019c6e7bb77ab" initial_parallelism=0 mediatype=application/vnd.docker.image.rootfs.diff.tar.gzip offset=0 parallelism=1 size=7240601 spanID=f2bcb8363c4d3222 traceID=27ba861c8b1bbf514135f279bb7c8d5a
2026-05-25T11:43:37.9768781Z time="2026-05-25T11:35:06Z" level=debug msg="do request" digest="sha256:b83ce1c86227e7eb8f809d5634df70202a43b5a2a42ad5881de019c6e7bb77ab" mediatype=application/vnd.docker.image.rootfs.diff.tar.gzip request.header.accept="application/vnd.docker.image.rootfs.diff.tar.gzip, */*" request.header.accept-encoding="zstd;q=1.0, gzip;q=0.8, deflate;q=0.5" request.header.user-agent=buildkit/v0.30 request.method=GET size=7240601 spanID=f2bcb8363c4d3222 traceID=27ba861c8b1bbf514135f279bb7c8d5a url="https://quay.io/v2/minio/mc/blobs/sha256:b83ce1c86227e7eb8f809d5634df70202a43b5a2a42ad5881de019c6e7bb77ab"
2026-05-25T11:43:37.9775506Z time="2026-05-25T11:35:06Z" level=debug msg="fetch response received" digest="sha256:46108b26cf0b606749e3aee1801677c87caa66b603f7bc929527f9dad2da370e" mediatype=application/vnd.oci.image.layer.v1.tar+gzip response.header.accept-ranges=bytes response.header.age=1618493 response.header.cache-control="public, max-age=14400" response.header.cf-cache-status=HIT response.header.cf-ray=a0143c185c1b3354-SJC response.header.connection=keep-alive response.header.content-length=19509553 response.header.content-type=application/octet-stream response.header.date="Mon, 25 May 2026 11:35:06 GMT" response.header.etag="\"d782fd5c77bcb5e949c202f4f6eff07f\"" response.header.expires="Mon, 25 May 2026 15:35:06 GMT" response.header.last-modified="Wed, 06 May 2026 17:55:48 GMT" response.header.server=cloudflare response.header.set-cookie="__cf_bm=NHs1NVbfAj_eUS1JBsbRN0NVAQa.yZv1ELf61oajukk-1779708906.299596-1.0.1.1-Sqedgs6wOAtlOdvnqMphcQtvKnBTPEjCkZF5559cplMvuS0BaFFI3ivkkTPUPQyK7KiH0xgz6lHi10RT.PhTP57rMwYVju15DEbj_2lK4pqL1PZmMYeieZN1cJJ5DpQK; HttpOnly; SameSite=None; Secure; Path=/; Domain=production.cloudflare.docker.com; Expires=Mon, 25 May 2026 12:05:06 GMT" response.header.vary=Accept-Encoding response.header.x-amz-id-2=XCWDprme8EVhxxh2uP4NT04xM8q+0/zkjbR811GXAodr+qqgh0d9OifeeATsDP4VmJeA/+KXRuTTkHxLA9XzOkVyjC0fYj4R response.header.x-amz-request-id=M1DBZZKENB9J2XAM response.header.x-amz-server-side-encryption=AES256 response.header.x-amz-version-id=OyaPTDMBzkREpkPCYFUdWZckAaNCqQk7 response.status="200 OK" size=19509553 spanID=97ed5f3e1d33334b traceID=27ba861c8b1bbf514135f279bb7c8d5a url="https://registry-1.docker.io/v2/dockereng/cli-bin/blobs/sha256:46108b26cf0b606749e3aee1801677c87caa66b603f7bc929527f9dad2da370e"
2026-05-25T11:43:37.9783412Z time="2026-05-25T11:35:06Z" level=debug msg="fetch response received" digest="sha256:f29310fc4a8aa3205942ce53ecf87a4cc46441875db33af816056d71f6490a7d" mediatype=application/vnd.docker.image.rootfs.diff.tar.gzip response.header.accept-ranges=bytes response.header.connection=keep-alive response.header.content-length=11874 response.header.content-type=application/octet-stream response.header.date="Mon, 25 May 2026 11:35:06 GMT" response.header.etag="\"f4c1f0b4da8e5f11c8d865a84c758624\"" response.header.last-modified="Sun, 07 Sep 2025 04:07:28 GMT" response.header.server=AmazonS3 response.header.x-amz-id-2="EEgX6Ge81j7koxsjky2CAAnqgaKtfowsirNUgaJU6gVU3ErLHcGorCTydyTN8+OJETSBHQtl+uQ=" response.header.x-amz-replication-status=PENDING response.header.x-amz-request-id=X0W39K3ZF74THEDD response.header.x-amz-server-side-encryption=AES256 response.header.x-amz-version-id=V4VXM_RMzcP4zr94SnvlZ3S.GXqTmLfB response.header.x-rh-edge-cache-status="Hit from child" response.header.x-rh-edge-reference-id=0.955d117.1779708906.de260cbc response.header.x-rh-edge-request-id=de260cbc response.status="200 OK" size=11874 spanID=f2bcb8363c4d3222 traceID=27ba861c8b1bbf514135f279bb7c8d5a url="https://quay.io/v2/minio/mc/blobs/sha256:f29310fc4a8aa3205942ce53ecf87a4cc46441875db33af816056d71f6490a7d"
2026-05-25T11:43:37.9785639Z time="2026-05-25T11:35:06Z" level=debug msg="fetching layer" chunk_size=0 digest="sha256:9404e0df6bd3089a29fc91945027aa10fac24e31b956bbe4969dd77b63fa515c" initial_parallelism=0 mediatype=application/vnd.docker.image.rootfs.diff.tar.gzip offset=0 parallelism=1 size=11188059 spanID=f2bcb8363c4d3222 traceID=27ba861c8b1bbf514135f279bb7c8d5a
2026-05-25T11:43:37.9788972Z time="2026-05-25T11:35:06Z" level=debug msg="do request" digest="sha256:9404e0df6bd3089a29fc91945027aa10fac24e31b956bbe4969dd77b63fa515c" mediatype=application/vnd.docker.image.rootfs.diff.tar.gzip request.header.accept="application/vnd.docker.image.rootfs.diff.tar.gzip, */*" request.header.accept-encoding="zstd;q=1.0, gzip;q=0.8, deflate;q=0.5" request.header.user-agent=buildkit/v0.30 request.method=GET size=11188059 spanID=f2bcb8363c4d3222 traceID=27ba861c8b1bbf514135f279bb7c8d5a url="https://quay.io/v2/minio/mc/blobs/sha256:9404e0df6bd3089a29fc91945027aa10fac24e31b956bbe4969dd77b63fa515c"
2026-05-25T11:43:37.9793698Z time="2026-05-25T11:35:06Z" level=debug msg="fetch response received" digest="sha256:b268f447c87164009d333c3c720f57bceb5476bc2ed0d7417235603c0a8d073b" mediatype=application/vnd.docker.image.rootfs.diff.tar.gzip response.header.accept-ranges=bytes response.header.connection=keep-alive response.header.content-length=70448 response.header.content-type=application/octet-stream response.header.date="Mon, 25 May 2026 11:35:06 GMT" response.header.etag="\"32fd705da58e65b87bf950aa6b0a5e51\"" response.header.last-modified="Sun, 07 Sep 2025 04:07:24 GMT" response.header.server=AmazonS3 response.header.x-amz-id-2=KFAUnFCMN1PrVHQnU4xdnZGaHVX5/4jvtzwjwEBnAFtq5s9Lx9sH1DXNtbNQN/lTi4YxiyREFh5RqBEBD7b54Ha+mWZYcm20 response.header.x-amz-replication-status=COMPLETED response.header.x-amz-request-id=X0W4KN9NZGTFP41R response.header.x-amz-server-side-encryption=AES256 response.header.x-amz-version-id=aybJ0eLegtRDfGSAJxk0I.wl56gn.1Sp response.header.x-rh-edge-cache-status="Hit from child" response.header.x-rh-edge-reference-id=0.955d117.1779708906.de260d14 response.header.x-rh-edge-request-id=de260d14 response.status="200 OK" size=70448 spanID=f2bcb8363c4d3222 traceID=27ba861c8b1bbf514135f279bb7c8d5a url="https://quay.io/v2/minio/mc/blobs/sha256:b268f447c87164009d333c3c720f57bceb5476bc2ed0d7417235603c0a8d073b"
2026-05-25T11:43:37.9795537Z time="2026-05-25T11:35:06Z" level=debug msg="fetching layer" chunk_size=0 digest="sha256:34013573f2786dfd3f6a542374c2bb7821fa6924de6ed320dc808582d50879d3" initial_parallelism=0 mediatype=application/vnd.docker.image.rootfs.diff.tar.gzip offset=0 parallelism=1 size=496 spanID=15684066b092b109 traceID=27ba861c8b1bbf514135f279bb7c8d5a
2026-05-25T11:43:37.9797706Z time="2026-05-25T11:35:06Z" level=debug msg="do request" digest="sha256:34013573f2786dfd3f6a542374c2bb7821fa6924de6ed320dc808582d50879d3" mediatype=application/vnd.docker.image.rootfs.diff.tar.gzip request.header.accept="application/vnd.docker.image.rootfs.diff.tar.gzip, */*" request.header.accept-encoding="zstd;q=1.0, gzip;q=0.8, deflate;q=0.5" request.header.user-agent=buildkit/v0.30 request.method=GET size=496 spanID=15684066b092b109 traceID=27ba861c8b1bbf514135f279bb7c8d5a url="https://quay.io/v2/minio/minio/blobs/sha256:34013573f2786dfd3f6a542374c2bb7821fa6924de6ed320dc808582d50879d3"
2026-05-25T11:43:37.9803238Z time="2026-05-25T11:35:06Z" level=debug msg="fetch response received" digest="sha256:4a93952ab9ce7ab9ccf6a74817a286f59e9354c7722490f0d66b6f92171b60ec" mediatype=application/vnd.docker.image.rootfs.diff.tar.gzip response.header.accept-ranges=bytes response.header.connection=keep-alive response.header.content-length=129919 response.header.content-type=application/octet-stream response.header.date="Mon, 25 May 2026 11:35:06 GMT" response.header.etag="\"8d130123615a8974718d4eddd5ccd7b2\"" response.header.last-modified="Sun, 07 Sep 2025 04:07:25 GMT" response.header.server=AmazonS3 response.header.x-amz-id-2="NZAblwZX5VeeELeVjzxHJpZzrAuaq1UdETwkhXncgcnOrR6Wb79d2tE7es3zqK8LUnSzC6c5E4w=" response.header.x-amz-replication-status=COMPLETED response.header.x-amz-request-id=YDN9970VGXDW2DNT response.header.x-amz-server-side-encryption=AES256 response.header.x-amz-version-id=SOIXz3dJ9deRPWfFUEttjG7qy31i2Caq response.header.x-rh-edge-cache-status="Hit from child" response.header.x-rh-edge-reference-id=0.955d117.1779708906.de260ea9 response.header.x-rh-edge-request-id=de260ea9 response.status="200 OK" size=129919 spanID=f2bcb8363c4d3222 traceID=27ba861c8b1bbf514135f279bb7c8d5a url="https://quay.io/v2/minio/mc/blobs/sha256:4a93952ab9ce7ab9ccf6a74817a286f59e9354c7722490f0d66b6f92171b60ec"
2026-05-25T11:43:37.9804384Z time="2026-05-25T11:35:06Z" level=debug msg="fetching layer" chunk_size=0 digest="sha256:71e9fc939447059a2e6b8db211155a6d0217582e6a93d13e53c111df359b05cf" initial_parallelism=0 mediatype=application/vnd.docker.image.rootfs.diff.tar.gzip offset=0 parallelism=1 size=2401645 spanID=15684066b092b109 traceID=27ba861c8b1bbf514135f279bb7c8d5a
2026-05-25T11:43:37.9806823Z time="2026-05-25T11:35:06Z" level=debug msg="do request" digest="sha256:71e9fc939447059a2e6b8db211155a6d0217582e6a93d13e53c111df359b05cf" mediatype=application/vnd.docker.image.rootfs.diff.tar.gzip request.header.accept="application/vnd.docker.image.rootfs.diff.tar.gzip, */*" request.header.accept-encoding="zstd;q=1.0, gzip;q=0.8, deflate;q=0.5" request.header.user-agent=buildkit/v0.30 request.method=GET size=2401645 spanID=15684066b092b109 traceID=27ba861c8b1bbf514135f279bb7c8d5a url="https://quay.io/v2/minio/minio/blobs/sha256:71e9fc939447059a2e6b8db211155a6d0217582e6a93d13e53c111df359b05cf"
2026-05-25T11:43:37.9812155Z time="2026-05-25T11:35:06Z" level=debug msg="fetch response received" digest="sha256:b83ce1c86227e7eb8f809d5634df70202a43b5a2a42ad5881de019c6e7bb77ab" mediatype=application/vnd.docker.image.rootfs.diff.tar.gzip response.header.accept-ranges=bytes response.header.connection=keep-alive response.header.content-length=7240601 response.header.content-type=application/octet-stream response.header.date="Mon, 25 May 2026 11:35:06 GMT" response.header.etag="\"114a978c36eb3baee199d63343286a65\"" response.header.last-modified="Wed, 06 Aug 2025 08:13:16 GMT" response.header.server=AmazonS3 response.header.x-amz-id-2="8AFawoAZuvOhQEanw+RxgGJVArfLBoMC1geSp0PrTzzQc35s092R7oysTpcn5OIm39M2BNVkqfI=" response.header.x-amz-replication-status=COMPLETED response.header.x-amz-request-id=12DDJPWZAD44HCRR response.header.x-amz-server-side-encryption=AES256 response.header.x-amz-storage-class=INTELLIGENT_TIERING response.header.x-amz-version-id=nO548KIh.F02MAFstxShyj.bcXpEemG3 response.header.x-rh-edge-cache-status="Hit from child" response.header.x-rh-edge-reference-id=0.555d117.1779708906.fe9d97a3 response.header.x-rh-edge-request-id=fe9d97a3 response.status="200 OK" size=7240601 spanID=f2bcb8363c4d3222 traceID=27ba861c8b1bbf514135f279bb7c8d5a url="https://quay.io/v2/minio/mc/blobs/sha256:b83ce1c86227e7eb8f809d5634df70202a43b5a2a42ad5881de019c6e7bb77ab"
2026-05-25T11:43:37.9817228Z time="2026-05-25T11:35:06Z" level=debug msg="fetch response received" digest="sha256:9404e0df6bd3089a29fc91945027aa10fac24e31b956bbe4969dd77b63fa515c" mediatype=application/vnd.docker.image.rootfs.diff.tar.gzip response.header.accept-ranges=bytes response.header.connection=keep-alive response.header.content-length=11188059 response.header.content-type=binary/octet-stream response.header.date="Mon, 25 May 2026 11:35:06 GMT" response.header.etag="\"288198732f1b978a9286503ec490f540-2\"" response.header.last-modified="Sun, 07 Sep 2025 04:07:30 GMT" response.header.server=AmazonS3 response.header.x-amz-id-2="RurNjsUUvCipLucjS/6pmOCbLWPGsGuKk86lp4IORThYaMHcHCTAWAqjNNOkKHMJD2wvcWSNQOMz5pQPcqB+DKxYcMZCxXIUAUMbohc3JPo=" response.header.x-amz-replication-status=PENDING response.header.x-amz-request-id=X0WC50J4MH9PT1AP response.header.x-amz-server-side-encryption=AES256 response.header.x-amz-version-id=mwTsJj94U.mHBWhBC01gEfOwrrHyYt3B response.header.x-rh-edge-cache-status="Hit from child" response.header.x-rh-edge-reference-id=0.955d117.1779708906.de261077 response.header.x-rh-edge-request-id=de261077 response.status="200 OK" size=11188059 spanID=f2bcb8363c4d3222 traceID=27ba861c8b1bbf514135f279bb7c8d5a url="https://quay.io/v2/minio/mc/blobs/sha256:9404e0df6bd3089a29fc91945027aa10fac24e31b956bbe4969dd77b63fa515c"
2026-05-25T11:43:37.9822961Z time="2026-05-25T11:35:06Z" level=debug msg="fetch response received" digest="sha256:34013573f2786dfd3f6a542374c2bb7821fa6924de6ed320dc808582d50879d3" mediatype=application/vnd.docker.image.rootfs.diff.tar.gzip response.header.accept-ranges=bytes response.header.connection=keep-alive response.header.content-length=496 response.header.content-type=application/octet-stream response.header.date="Mon, 25 May 2026 11:35:06 GMT" response.header.etag="\"ca2c1397e9f42ac81e9f1a6519cf1ae9\"" response.header.last-modified="Sun, 07 Sep 2025 18:45:11 GMT" response.header.server=AmazonS3 response.header.x-amz-id-2="exO7uyG01gsgYHEuou84AZ1TkDCv4d1fAWV7UbfrSaVCzkrt9c+II9Sr4HUtpBsDzVliZhaawsM=" response.header.x-amz-replication-status=COMPLETED response.header.x-amz-request-id=BJECZBRA1WDK4PR4 response.header.x-amz-server-side-encryption=AES256 response.header.x-amz-version-id=_1CwmMf4liuPOyW2UPHc8v7hrDu2wK8z response.header.x-rh-edge-cache-status="Hit from child" response.header.x-rh-edge-reference-id=0.555d117.1779708906.fe9d98e2 response.header.x-rh-edge-request-id=fe9d98e2 response.status="200 OK" size=496 spanID=15684066b092b109 traceID=27ba861c8b1bbf514135f279bb7c8d5a url="https://quay.io/v2/minio/minio/blobs/sha256:34013573f2786dfd3f6a542374c2bb7821fa6924de6ed320dc808582d50879d3"
2026-05-25T11:43:37.9828665Z time="2026-05-25T11:35:06Z" level=debug msg="fetch response received" digest="sha256:71e9fc939447059a2e6b8db211155a6d0217582e6a93d13e53c111df359b05cf" mediatype=application/vnd.docker.image.rootfs.diff.tar.gzip response.header.accept-ranges=bytes response.header.connection=keep-alive response.header.content-length=2401645 response.header.content-type=application/octet-stream response.header.date="Mon, 25 May 2026 11:35:06 GMT" response.header.etag="\"e8afaa8c93898a9bd8ddebbb1dba40a5\"" response.header.last-modified="Sun, 07 Sep 2025 18:45:21 GMT" response.header.server=AmazonS3 response.header.x-amz-id-2="2VArPM8/nMB6G3/OVhlDqJvd65S31k2kjh4ehfKcSQuZv+aYkYfj2fu/Iw2IbgtomZ1g4fIy9os=" response.header.x-amz-replication-status=COMPLETED response.header.x-amz-request-id=21BYCHRQFPGSHM86 response.header.x-amz-server-side-encryption=AES256 response.header.x-amz-storage-class=INTELLIGENT_TIERING response.header.x-amz-version-id=iYsvexbeXf.ODogi8unxRjVirf92QrtF response.header.x-rh-edge-cache-status="Hit from child" response.header.x-rh-edge-reference-id=0.955d117.1779708906.de2613c1 response.header.x-rh-edge-request-id=de2613c1 response.status="200 OK" size=2401645 spanID=15684066b092b109 traceID=27ba861c8b1bbf514135f279bb7c8d5a url="https://quay.io/v2/minio/minio/blobs/sha256:71e9fc939447059a2e6b8db211155a6d0217582e6a93d13e53c111df359b05cf"
2026-05-25T11:43:37.9830115Z time="2026-05-25T11:35:06Z" level=debug msg="diff applied" d=356.705881ms digest="sha256:46108b26cf0b606749e3aee1801677c87caa66b603f7bc929527f9dad2da370e" media=application/vnd.oci.image.layer.v1.tar+gzip size=19509553 span=extract spanID=e9c5a9212cd535cc traceID=27ba861c8b1bbf514135f279bb7c8d5a
2026-05-25T11:43:37.9831398Z time="2026-05-25T11:35:07Z" level=debug msg="fetching layer" chunk_size=0 digest="sha256:1008deaf6ec413772a3de8828d030bd6472ec80c59a8595f3f9fee2524576692" initial_parallelism=0 mediatype=application/vnd.docker.image.rootfs.diff.tar.gzip offset=0 parallelism=1 size=11188523 spanID=15684066b092b109 traceID=27ba861c8b1bbf514135f279bb7c8d5a
2026-05-25T11:43:37.9833732Z time="2026-05-25T11:35:07Z" level=debug msg="do request" digest="sha256:1008deaf6ec413772a3de8828d030bd6472ec80c59a8595f3f9fee2524576692" mediatype=application/vnd.docker.image.rootfs.diff.tar.gzip request.header.accept="application/vnd.docker.image.rootfs.diff.tar.gzip, */*" request.header.accept-encoding="zstd;q=1.0, gzip;q=0.8, deflate;q=0.5" request.header.user-agent=buildkit/v0.30 request.method=GET size=11188523 spanID=15684066b092b109 traceID=27ba861c8b1bbf514135f279bb7c8d5a url="https://quay.io/v2/minio/minio/blobs/sha256:1008deaf6ec413772a3de8828d030bd6472ec80c59a8595f3f9fee2524576692"
2026-05-25T11:43:37.9834979Z time="2026-05-25T11:35:07Z" level=debug msg="fetching layer" chunk_size=0 digest="sha256:f9c0805c25ee5c0d375a9c16810eafb57cf658d7b6814c179d52496272bec8a4" initial_parallelism=0 mediatype=application/vnd.docker.image.rootfs.diff.tar.gzip offset=0 parallelism=1 size=39450432 spanID=15684066b092b109 traceID=27ba861c8b1bbf514135f279bb7c8d5a
2026-05-25T11:43:37.9837468Z time="2026-05-25T11:35:07Z" level=debug msg="do request" digest="sha256:f9c0805c25ee5c0d375a9c16810eafb57cf658d7b6814c179d52496272bec8a4" mediatype=application/vnd.docker.image.rootfs.diff.tar.gzip request.header.accept="application/vnd.docker.image.rootfs.diff.tar.gzip, */*" request.header.accept-encoding="zstd;q=1.0, gzip;q=0.8, deflate;q=0.5" request.header.user-agent=buildkit/v0.30 request.method=GET size=39450432 spanID=15684066b092b109 traceID=27ba861c8b1bbf514135f279bb7c8d5a url="https://quay.io/v2/minio/minio/blobs/sha256:f9c0805c25ee5c0d375a9c16810eafb57cf658d7b6814c179d52496272bec8a4"
2026-05-25T11:43:37.9838722Z time="2026-05-25T11:35:07Z" level=debug msg="fetching layer" chunk_size=0 digest="sha256:c1bc68842c41cb716734641f75dc37d629f05df5f812a8cc2e7e0370d4e833ec" initial_parallelism=0 mediatype=application/vnd.docker.image.rootfs.diff.tar.gzip offset=0 parallelism=1 size=180305 spanID=15684066b092b109 traceID=27ba861c8b1bbf514135f279bb7c8d5a
2026-05-25T11:43:37.9841025Z time="2026-05-25T11:35:07Z" level=debug msg="do request" digest="sha256:c1bc68842c41cb716734641f75dc37d629f05df5f812a8cc2e7e0370d4e833ec" mediatype=application/vnd.docker.image.rootfs.diff.tar.gzip request.header.accept="application/vnd.docker.image.rootfs.diff.tar.gzip, */*" request.header.accept-encoding="zstd;q=1.0, gzip;q=0.8, deflate;q=0.5" request.header.user-agent=buildkit/v0.30 request.method=GET size=180305 spanID=15684066b092b109 traceID=27ba861c8b1bbf514135f279bb7c8d5a url="https://quay.io/v2/minio/minio/blobs/sha256:c1bc68842c41cb716734641f75dc37d629f05df5f812a8cc2e7e0370d4e833ec"
2026-05-25T11:43:37.9842448Z time="2026-05-25T11:35:07Z" level=debug msg="fetching layer" chunk_size=0 digest="sha256:0288b5a0d7e71a2cdbdf114cb9869ce2bc4b05adfd6aa5e3ee9fa4b3847e7b80" initial_parallelism=0 mediatype=application/vnd.docker.image.rootfs.diff.tar.gzip offset=0 parallelism=1 size=11876 spanID=15684066b092b109 traceID=27ba861c8b1bbf514135f279bb7c8d5a
2026-05-25T11:43:37.9844982Z time="2026-05-25T11:35:07Z" level=debug msg="do request" digest="sha256:0288b5a0d7e71a2cdbdf114cb9869ce2bc4b05adfd6aa5e3ee9fa4b3847e7b80" mediatype=application/vnd.docker.image.rootfs.diff.tar.gzip request.header.accept="application/vnd.docker.image.rootfs.diff.tar.gzip, */*" request.header.accept-encoding="zstd;q=1.0, gzip;q=0.8, deflate;q=0.5" request.header.user-agent=buildkit/v0.30 request.method=GET size=11876 spanID=15684066b092b109 traceID=27ba861c8b1bbf514135f279bb7c8d5a url="https://quay.io/v2/minio/minio/blobs/sha256:0288b5a0d7e71a2cdbdf114cb9869ce2bc4b05adfd6aa5e3ee9fa4b3847e7b80"
2026-05-25T11:43:37.9846560Z time="2026-05-25T11:35:07Z" level=debug msg="> creating qrzpbhmqf8kmzwtcihn1yln31 [/bin/bash -c mkdir -p /out/nydus-static && tar xzvf nydus-static-$NYDUS_VERSION-$TARGETOS-$TARGETARCH.tgz -C /out]" span="[nydus 2/2] RUN mkdir -p /out/nydus-static && tar xzvf nydus-static-v2.4.0-linux-amd64.tgz -C /out" spanID=42209a16401880c1 traceID=27ba861c8b1bbf514135f279bb7c8d5a
2026-05-25T11:43:37.9851797Z time="2026-05-25T11:35:07Z" level=debug msg="fetch response received" digest="sha256:c1bc68842c41cb716734641f75dc37d629f05df5f812a8cc2e7e0370d4e833ec" mediatype=application/vnd.docker.image.rootfs.diff.tar.gzip response.header.accept-ranges=bytes response.header.connection=keep-alive response.header.content-length=180305 response.header.content-type=application/octet-stream response.header.date="Mon, 25 May 2026 11:35:07 GMT" response.header.etag="\"91eadadaa0ccf88b1527f8b4e1003503\"" response.header.last-modified="Sun, 07 Sep 2025 18:45:15 GMT" response.header.server=AmazonS3 response.header.x-amz-id-2="3gZe/yHsFdIL9Qzp44NNW44dLOQpf/QvynfzFs8Mqynav9LslD1OusxU3zHeR6hsB/KX7glg4q8=" response.header.x-amz-replication-status=COMPLETED response.header.x-amz-request-id=BJEEVZ1RKFG14KGG response.header.x-amz-server-side-encryption=AES256 response.header.x-amz-version-id=kXckzeiBlHf3zv_XZbSHuym_22WGNO2G response.header.x-rh-edge-cache-status="Hit from child" response.header.x-rh-edge-reference-id=0.955d117.1779708907.de2614eb response.header.x-rh-edge-request-id=de2614eb response.status="200 OK" size=180305 spanID=15684066b092b109 traceID=27ba861c8b1bbf514135f279bb7c8d5a url="https://quay.io/v2/minio/minio/blobs/sha256:c1bc68842c41cb716734641f75dc37d629f05df5f812a8cc2e7e0370d4e833ec"
2026-05-25T11:43:37.9853142Z time="2026-05-25T11:35:07Z" level=debug msg="fetching layer" chunk_size=0 digest="sha256:f94d28849fa387176d83fed06c02b5814597103420f929f8f74ad5c212e62a7a" initial_parallelism=0 mediatype=application/vnd.docker.image.rootfs.diff.tar.gzip offset=0 parallelism=1 size=1637189 spanID=15684066b092b109 traceID=27ba861c8b1bbf514135f279bb7c8d5a
2026-05-25T11:43:37.9855603Z time="2026-05-25T11:35:07Z" level=debug msg="do request" digest="sha256:f94d28849fa387176d83fed06c02b5814597103420f929f8f74ad5c212e62a7a" mediatype=application/vnd.docker.image.rootfs.diff.tar.gzip request.header.accept="application/vnd.docker.image.rootfs.diff.tar.gzip, */*" request.header.accept-encoding="zstd;q=1.0, gzip;q=0.8, deflate;q=0.5" request.header.user-agent=buildkit/v0.30 request.method=GET size=1637189 spanID=15684066b092b109 traceID=27ba861c8b1bbf514135f279bb7c8d5a url="https://quay.io/v2/minio/minio/blobs/sha256:f94d28849fa387176d83fed06c02b5814597103420f929f8f74ad5c212e62a7a"
2026-05-25T11:43:37.9861266Z time="2026-05-25T11:35:07Z" level=debug msg="fetch response received" digest="sha256:f9c0805c25ee5c0d375a9c16810eafb57cf658d7b6814c179d52496272bec8a4" mediatype=application/vnd.docker.image.rootfs.diff.tar.gzip response.header.accept-ranges=bytes response.header.connection=keep-alive response.header.content-length=39450432 response.header.content-type=binary/octet-stream response.header.date="Mon, 25 May 2026 11:35:07 GMT" response.header.etag="\"f04589c10265753c0420e5cb1d2c029c-5\"" response.header.last-modified="Sun, 07 Sep 2025 18:45:25 GMT" response.header.server=AmazonS3 response.header.x-amz-id-2="Za5iUc5BNeLV3dpmoSZ/RBPOLugqN5Al/gXELz6BNj8gPVpKZVVr8VtoCKZ1Ug/0ZDKT6MC5b40=" response.header.x-amz-replication-status=PENDING response.header.x-amz-request-id=K814HXSRYPCMCB74 response.header.x-amz-server-side-encryption=AES256 response.header.x-amz-version-id=naqiGKs3TZY17tKq3ZbQ7fS5YEbHEyrw response.header.x-rh-edge-cache-status="Hit from child" response.header.x-rh-edge-reference-id=0.955d117.1779708907.de262c5d response.header.x-rh-edge-request-id=de262c5d response.status="200 OK" size=39450432 spanID=15684066b092b109 traceID=27ba861c8b1bbf514135f279bb7c8d5a url="https://quay.io/v2/minio/minio/blobs/sha256:f9c0805c25ee5c0d375a9c16810eafb57cf658d7b6814c179d52496272bec8a4"
2026-05-25T11:43:37.9868080Z time="2026-05-25T11:35:07Z" level=debug msg="fetch response received" digest="sha256:0288b5a0d7e71a2cdbdf114cb9869ce2bc4b05adfd6aa5e3ee9fa4b3847e7b80" mediatype=application/vnd.docker.image.rootfs.diff.tar.gzip response.header.accept-ranges=bytes response.header.connection=keep-alive response.header.content-length=11876 response.header.content-type=application/octet-stream response.header.date="Mon, 25 May 2026 11:35:07 GMT" response.header.etag="\"3e0ec68dbfdcbcc6a8f92cba208fa3f0\"" response.header.last-modified="Sun, 07 Sep 2025 18:45:05 GMT" response.header.server=AmazonS3 response.header.x-amz-id-2="9deHLeeKIwjnGAvFpr1Po4hbMwIkrt57RP1B7gVpV/U+Jw63Oqez5TQDj+G1g9+9oFbeT2xX51U=" response.header.x-amz-replication-status=COMPLETED response.header.x-amz-request-id=BJE1RB2271844GRR response.header.x-amz-server-side-encryption=AES256 response.header.x-amz-version-id=or8YnnyY2sDDSP_263LqIOBe8oxpo.LV response.header.x-rh-edge-cache-status="Hit from child" response.header.x-rh-edge-reference-id=0.955d117.1779708907.de260ece response.header.x-rh-edge-request-id=de260ece response.status="200 OK" size=11876 spanID=15684066b092b109 traceID=27ba861c8b1bbf514135f279bb7c8d5a url="https://quay.io/v2/minio/minio/blobs/sha256:0288b5a0d7e71a2cdbdf114cb9869ce2bc4b05adfd6aa5e3ee9fa4b3847e7b80"
2026-05-25T11:43:37.9870136Z time="2026-05-25T11:35:07Z" level=debug msg="fetching layer" chunk_size=0 digest="sha256:81260b1730768c85f8ebdba7d561c7189971d84eef7dc0ff2b03d83957dcdd4a" initial_parallelism=0 mediatype=application/vnd.docker.image.rootfs.diff.tar.gzip offset=0 parallelism=1 size=122724 spanID=15684066b092b109 traceID=27ba861c8b1bbf514135f279bb7c8d5a
2026-05-25T11:43:37.9873699Z time="2026-05-25T11:35:07Z" level=debug msg="do request" digest="sha256:81260b1730768c85f8ebdba7d561c7189971d84eef7dc0ff2b03d83957dcdd4a" mediatype=application/vnd.docker.image.rootfs.diff.tar.gzip request.header.accept="application/vnd.docker.image.rootfs.diff.tar.gzip, */*" request.header.accept-encoding="zstd;q=1.0, gzip;q=0.8, deflate;q=0.5" request.header.user-agent=buildkit/v0.30 request.method=GET size=122724 spanID=15684066b092b109 traceID=27ba861c8b1bbf514135f279bb7c8d5a url="https://quay.io/v2/minio/minio/blobs/sha256:81260b1730768c85f8ebdba7d561c7189971d84eef7dc0ff2b03d83957dcdd4a"
2026-05-25T11:43:37.9879527Z time="2026-05-25T11:35:07Z" level=debug msg="fetch response received" digest="sha256:1008deaf6ec413772a3de8828d030bd6472ec80c59a8595f3f9fee2524576692" mediatype=application/vnd.docker.image.rootfs.diff.tar.gzip response.header.accept-ranges=bytes response.header.connection=keep-alive response.header.content-length=11188523 response.header.content-type=binary/octet-stream response.header.date="Mon, 25 May 2026 11:35:07 GMT" response.header.etag="\"e8f2d9047f28e243a90f1b20ac46ba10-2\"" response.header.last-modified="Sun, 07 Sep 2025 18:45:10 GMT" response.header.server=AmazonS3 response.header.x-amz-id-2="jw8tvIv1V0rf/8HjXDYUgPlpiH0lO2kNLkAkMpi0th+QJOZgU9tS2eadCx+Z1LHnzjQzuMcez7c=" response.header.x-amz-replication-status=COMPLETED response.header.x-amz-request-id=K810S347KD2VK711 response.header.x-amz-server-side-encryption=AES256 response.header.x-amz-version-id=jDDj4FKrcTzNMJA4Gc3uYVW9gLOvuL5O response.header.x-rh-edge-cache-status="Hit from child" response.header.x-rh-edge-reference-id=0.555d117.1779708907.fe9d9998 response.header.x-rh-edge-request-id=fe9d9998 response.status="200 OK" size=11188523 spanID=15684066b092b109 traceID=27ba861c8b1bbf514135f279bb7c8d5a url="https://quay.io/v2/minio/minio/blobs/sha256:1008deaf6ec413772a3de8828d030bd6472ec80c59a8595f3f9fee2524576692"
2026-05-25T11:43:37.9885753Z time="2026-05-25T11:35:07Z" level=debug msg="fetch response received" digest="sha256:f94d28849fa387176d83fed06c02b5814597103420f929f8f74ad5c212e62a7a" mediatype=application/vnd.docker.image.rootfs.diff.tar.gzip response.header.accept-ranges=bytes response.header.connection=keep-alive response.header.content-length=1637189 response.header.content-type=application/octet-stream response.header.date="Mon, 25 May 2026 11:35:07 GMT" response.header.etag="\"6392ae87d220ca5958a3bb9d6b235524\"" response.header.last-modified="Thu, 07 Aug 2025 20:40:38 GMT" response.header.server=AmazonS3 response.header.x-amz-id-2=emGjP3Rb1p0gxfUl48MMwv3/pWcie/NlSxmEQqFuF+WWO6GbUlwbJlXDywKn4h4qO3O+UjGu4hR3zObrM/GN2Ay7/Ld20o3T response.header.x-amz-replication-status=COMPLETED response.header.x-amz-request-id=X15JSARKDHJ25V5B response.header.x-amz-server-side-encryption=AES256 response.header.x-amz-storage-class=INTELLIGENT_TIERING response.header.x-amz-version-id=Y1CqEONGViTDWZYSXx.Pz96lk8S2mAQu response.header.x-rh-edge-cache-status="Hit from child" response.header.x-rh-edge-reference-id=0.555d117.1779708907.fe9db714 response.header.x-rh-edge-request-id=fe9db714 response.status="200 OK" size=1637189 spanID=15684066b092b109 traceID=27ba861c8b1bbf514135f279bb7c8d5a url="https://quay.io/v2/minio/minio/blobs/sha256:f94d28849fa387176d83fed06c02b5814597103420f929f8f74ad5c212e62a7a"
2026-05-25T11:43:37.9891203Z time="2026-05-25T11:35:07Z" level=debug msg="fetch response received" digest="sha256:81260b1730768c85f8ebdba7d561c7189971d84eef7dc0ff2b03d83957dcdd4a" mediatype=application/vnd.docker.image.rootfs.diff.tar.gzip response.header.accept-ranges=bytes response.header.connection=keep-alive response.header.content-length=122724 response.header.content-type=application/octet-stream response.header.date="Mon, 25 May 2026 11:35:07 GMT" response.header.etag="\"458e4611e7de4bd259a62faef8f1a7dc\"" response.header.last-modified="Sun, 07 Sep 2025 18:45:05 GMT" response.header.server=AmazonS3 response.header.x-amz-id-2=Se/z4rfWG/dYbxH5AVv4nOcDYDnCg8LH0j9+oL4R/1i70hDbaXGEUijhweycSjpPKDldwYNdZmDn58MK5PTuLggcbZlPW4ti response.header.x-amz-replication-status=COMPLETED response.header.x-amz-request-id=CWQ5E9KR992HJT79 response.header.x-amz-server-side-encryption=AES256 response.header.x-amz-version-id=FQOLFXd_eWu6vusxLPQI7i6XPv2VpIJW response.header.x-rh-edge-cache-status="Hit from child" response.header.x-rh-edge-reference-id=0.955d117.1779708907.de262cbd response.header.x-rh-edge-request-id=de262cbd response.status="200 OK" size=122724 spanID=15684066b092b109 traceID=27ba861c8b1bbf514135f279bb7c8d5a url="https://quay.io/v2/minio/minio/blobs/sha256:81260b1730768c85f8ebdba7d561c7189971d84eef7dc0ff2b03d83957dcdd4a"
2026-05-25T11:43:37.9892316Z time="2026-05-25T11:35:07Z" level=debug msg="diff applied" d=320.031677ms digest="sha256:b83ce1c86227e7eb8f809d5634df70202a43b5a2a42ad5881de019c6e7bb77ab" media=application/vnd.docker.image.rootfs.diff.tar.gzip size=7240601 span=extract spanID=e5dfb7df4200d8d9 traceID=27ba861c8b1bbf514135f279bb7c8d5a
2026-05-25T11:43:37.9893619Z time="2026-05-25T11:35:07Z" level=debug msg="diff applied" d=4.784773ms digest="sha256:4a93952ab9ce7ab9ccf6a74817a286f59e9354c7722490f0d66b6f92171b60ec" media=application/vnd.docker.image.rootfs.diff.tar.gzip size=129919 span=extract spanID=d68386b9b6104a99 traceID=27ba861c8b1bbf514135f279bb7c8d5a
2026-05-25T11:43:37.9894685Z time="2026-05-25T11:35:07Z" level=debug msg="diff applied" d=6.115869ms digest="sha256:b268f447c87164009d333c3c720f57bceb5476bc2ed0d7417235603c0a8d073b" media=application/vnd.docker.image.rootfs.diff.tar.gzip size=70448 span=extract spanID=9d212ad20358d4bb traceID=27ba861c8b1bbf514135f279bb7c8d5a
2026-05-25T11:43:37.9895955Z time="2026-05-25T11:35:07Z" level=debug msg="diff applied" d=2.274664ms digest="sha256:f29310fc4a8aa3205942ce53ecf87a4cc46441875db33af816056d71f6490a7d" media=application/vnd.docker.image.rootfs.diff.tar.gzip size=11874 span=extract spanID=339e50f12c6d37b4 traceID=27ba861c8b1bbf514135f279bb7c8d5a
2026-05-25T11:43:37.9897060Z time="2026-05-25T11:35:07Z" level=debug msg="diff applied" d=54.177136ms digest="sha256:f94d28849fa387176d83fed06c02b5814597103420f929f8f74ad5c212e62a7a" media=application/vnd.docker.image.rootfs.diff.tar.gzip size=1637189 span=extract spanID=58d54f4cd4cafc56 traceID=27ba861c8b1bbf514135f279bb7c8d5a
2026-05-25T11:43:37.9898342Z time="2026-05-25T11:35:07Z" level=debug msg="diff applied" d=6.258809ms digest="sha256:81260b1730768c85f8ebdba7d561c7189971d84eef7dc0ff2b03d83957dcdd4a" media=application/vnd.docker.image.rootfs.diff.tar.gzip size=122724 span=extract spanID=dc43180f7f6e3558 traceID=27ba861c8b1bbf514135f279bb7c8d5a
2026-05-25T11:43:37.9899450Z time="2026-05-25T11:35:07Z" level=debug msg="diff applied" d=519.721894ms digest="sha256:0938bfff5daceb8a102075073dfb7e67e7f0114a1c37d7f0fcd361176d865010" media=application/vnd.oci.image.layer.v1.tar+gzip size=22988452 span=extract spanID=4ec4e974f39a8aa6 traceID=27ba861c8b1bbf514135f279bb7c8d5a
2026-05-25T11:43:37.9900538Z time="2026-05-25T11:35:07Z" level=debug msg="diff applied" d=261.601005ms digest="sha256:9404e0df6bd3089a29fc91945027aa10fac24e31b956bbe4969dd77b63fa515c" media=application/vnd.docker.image.rootfs.diff.tar.gzip size=11188059 span=extract spanID=69b9743fb97fe9eb traceID=27ba861c8b1bbf514135f279bb7c8d5a
2026-05-25T11:43:37.9901687Z time="2026-05-25T11:35:07Z" level=debug msg="diff applied" d=203.742514ms digest="sha256:b7c1efd1d2b4bd05128f02a69e3e8233283ca9b066b01d52fd2131767dee20a3" media=application/vnd.docker.image.rootfs.diff.tar.gzip size=11188041 span=extract spanID=5811807c224ab5b6 traceID=27ba861c8b1bbf514135f279bb7c8d5a
2026-05-25T11:43:37.9902378Z time="2026-05-25T11:35:08Z" level=debug msg="reset healthcheck failure" actualDuration=1.90918ms spanID=162bc6f38363f15d timeout=15s traceID=a9013635257ce06a78498d11f838df92
2026-05-25T11:43:37.9902897Z time="2026-05-25T11:35:08Z" level=debug msg="reset healthcheck failure" actualDuration=1.938535ms spanID=c7f887895b2b20c8 timeout=15s traceID=27ba861c8b1bbf514135f279bb7c8d5a
2026-05-25T11:43:37.9904042Z time="2026-05-25T11:35:08Z" level=debug msg="diff applied" d=622.724416ms digest="sha256:f9c0805c25ee5c0d375a9c16810eafb57cf658d7b6814c179d52496272bec8a4" media=application/vnd.docker.image.rootfs.diff.tar.gzip size=39450432 span=extract spanID=947f90de38069c6b traceID=27ba861c8b1bbf514135f279bb7c8d5a
2026-05-25T11:43:37.9905404Z time="2026-05-25T11:35:08Z" level=debug msg="diff applied" d=146.125497ms digest="sha256:1008deaf6ec413772a3de8828d030bd6472ec80c59a8595f3f9fee2524576692" media=application/vnd.docker.image.rootfs.diff.tar.gzip size=11188523 span=extract spanID=658487a993e06fef traceID=27ba861c8b1bbf514135f279bb7c8d5a
2026-05-25T11:43:37.9906541Z time="2026-05-25T11:35:08Z" level=debug msg="diff applied" d=25.605569ms digest="sha256:71e9fc939447059a2e6b8db211155a6d0217582e6a93d13e53c111df359b05cf" media=application/vnd.docker.image.rootfs.diff.tar.gzip size=2401645 span=extract spanID=aaef6307ab525224 traceID=27ba861c8b1bbf514135f279bb7c8d5a
2026-05-25T11:43:37.9908238Z time="2026-05-25T11:35:08Z" level=debug msg="diff applied" d=5.838613ms digest="sha256:c1bc68842c41cb716734641f75dc37d629f05df5f812a8cc2e7e0370d4e833ec" media=application/vnd.docker.image.rootfs.diff.tar.gzip size=180305 span=extract spanID=92815158ff5cd82f traceID=27ba861c8b1bbf514135f279bb7c8d5a
2026-05-25T11:43:37.9909976Z time="2026-05-25T11:35:08Z" level=debug msg="diff applied" d=1.56627ms digest="sha256:0288b5a0d7e71a2cdbdf114cb9869ce2bc4b05adfd6aa5e3ee9fa4b3847e7b80" media=application/vnd.docker.image.rootfs.diff.tar.gzip size=11876 span=extract spanID=a268e86e7355cb55 traceID=27ba861c8b1bbf514135f279bb7c8d5a
2026-05-25T11:43:37.9911715Z time="2026-05-25T11:35:08Z" level=debug msg="diff applied" d=1.227878ms digest="sha256:34013573f2786dfd3f6a542374c2bb7821fa6924de6ed320dc808582d50879d3" media=application/vnd.docker.image.rootfs.diff.tar.gzip size=496 span=extract spanID=fdb5c42628fb8c53 traceID=27ba861c8b1bbf514135f279bb7c8d5a
2026-05-25T11:43:37.9912914Z time="2026-05-25T11:35:09Z" level=debug msg="load cache for [integration-tests-base 10/25] COPY --link --from=minio /usr/bin/minio /usr/bin/ with sha256:0f6034d0f9df75279d5cf4afba1ebe7b6cc97cdab98ae437a0f718c3ae13190a"
2026-05-25T11:43:37.9914342Z time="2026-05-25T11:35:09Z" level=debug msg="load cache for [integration-tests-base 18/25] COPY --link --from=runc /usr/bin/runc /usr/bin/ with sha256:cf04ec3b9c4ab3e419db160c67ea72dd2a8a3c809aeaa6a8b3119bb51bcf96a1"
2026-05-25T11:43:37.9915747Z time="2026-05-25T11:35:09Z" level=debug msg="load cache for [integration-tests-base 12/25] COPY --link --from=nydus /out/nydus-static/* /usr/bin/ with sha256:87d02865dd7c23901df6a1bc2caffd25ef8eb5e539ba20a523066fa3c30e768f"
2026-05-25T11:43:37.9916449Z time="2026-05-25T11:35:09Z" level=debug msg="load cache for [integration-tests-base  9/25] LINK COPY --link --from=gotestsum /out /usr/bin/ with sha256:8efce861842588c1150eda101e9cb762ff88f265c129a60485dcfc5a47425ab9"
2026-05-25T11:43:37.9917142Z time="2026-05-25T11:35:09Z" level=debug msg="load cache for [integration-tests-base 13/25] COPY --link --from=stargz-snapshotter /out/* /usr/bin/ with sha256:5a8d059ee655fa163d910119578940c5db831ceb16e4a94e13398ba6c3a2b985"
2026-05-25T11:43:37.9917806Z time="2026-05-25T11:35:09Z" level=debug msg="load cache for [integration-tests-base 17/25] COPY --link --from=registry /out /usr/bin/ with sha256:e7d0aef5f6a3af1f38027b793ce2fcb17819ff9d5e2086316144178f1fbf13ee"
2026-05-25T11:43:37.9919016Z time="2026-05-25T11:35:09Z" level=debug msg="load cache for [integration-tests-base 24/25] COPY --link hack/fixtures/dns-cni.conflist /etc/buildkit/dns-cni.conflist with sha256:c10ff39e0811ceb949b652cc7d2f5ac09b94fe748f27d918add160eae3764931"
2026-05-25T11:43:37.9919972Z time="2026-05-25T11:35:09Z" level=debug msg="load cache for [integration-tests-base 23/25] COPY --link hack/fixtures/cni.json /etc/buildkit/cni.json with sha256:f2efa94197e6da47dc1a6a7a6e1c6cbd02e788758cfb1863742eb1ab749962a4"
2026-05-25T11:43:37.9920992Z time="2026-05-25T11:35:09Z" level=debug msg="load cache for [integration-tests-base 22/25] COPY --link --from=cni-plugins /opt/cni/bin/bridge /opt/cni/bin/host-local /opt/cni/bin/loopback /opt/cni/bin/firewall /opt/cni/bin/dnsname /opt/cni/bin/ with sha256:389876814b01a38feb558aab6b68bcc43189d7e16ed493590aefbd70b3cd2569"
2026-05-25T11:43:37.9921811Z time="2026-05-25T11:35:09Z" level=debug msg="load cache for [integration-tests-base 21/25] COPY --link --from=docker-buildx /buildx /usr/libexec/docker/cli-plugins/docker-buildx with sha256:082be9c5a18ac436990a7ed0a42599d1a6f88f795e269bddb34a963c97b8fe50"
2026-05-25T11:43:37.9922444Z time="2026-05-25T11:35:09Z" level=debug msg="load cache for [integration-tests-base 20/25] COPY --link --from=docker-cli / /usr/bin/ with sha256:52841bd69f17df31eaeb7790f7af4fa5e82013db11900bc71562347d960bd212"
2026-05-25T11:43:37.9923143Z time="2026-05-25T11:35:09Z" level=debug msg="load cache for [integration-tests-base 19/25] COPY --link --from=containerd /out/containerd* /usr/bin/ with sha256:057553a415e099b54d6bb0b7c5f443bbb4038be9f6b0813f69e777c538a28927"
2026-05-25T11:43:37.9924082Z time="2026-05-25T11:35:09Z" level=debug msg="load cache for [integration-tests-base 16/25] COPY --link --from=containerd-alt-17 /out/containerd* /opt/containerd-alt-17/bin/ with sha256:749a9fa48598219d4a20feb97a9f2dbe40982e1e1bd8718c5c32db778ddb9d0c"
2026-05-25T11:43:37.9924877Z time="2026-05-25T11:35:09Z" level=debug msg="load cache for [integration-tests-base 15/25] COPY --link --from=containerd-alt-21 /out/containerd* /opt/containerd-alt-21/bin/ with sha256:7b8bb8222d3ddc14b0cb7a5a986ec5ba7018ac3d0e3326ab1d86b045cb0cc411"
2026-05-25T11:43:37.9925862Z time="2026-05-25T11:35:09Z" level=debug msg="load cache for [integration-tests-base 14/25] COPY --link --from=rootlesskit /rootlesskit /usr/bin/ with sha256:e0b95d5bac3f5d8f19f085bc1f2ce308714add91efea8cbac3bd411b5bf19eb8"
2026-05-25T11:43:37.9926521Z time="2026-05-25T11:35:09Z" level=debug msg="load cache for [integration-tests-base 11/25] COPY --link --from=minio-mc /usr/bin/mc /usr/bin/ with sha256:67f20ed62ee52c19d06f5d4bd743bc0a507e9b31dd67b97051946aabd1e00c93"
2026-05-25T11:43:37.9927379Z time="2026-05-25T11:35:09Z" level=debug msg=fetch digest="sha256:89c45cfc631501fede1afcb4aeb81a053a408e654b06fbceaace20deefa177e1" mediatype=application/vnd.oci.image.layer.v1.tar+gzip size=1357 spanID=e89a2bf76cd4986d traceID=27ba861c8b1bbf514135f279bb7c8d5a
2026-05-25T11:43:37.9928344Z time="2026-05-25T11:35:09Z" level=debug msg=fetch digest="sha256:0523946f1479098d8c148a3125b1486292ccae12dee4f181ba1a91d1e57373cc" mediatype=application/vnd.oci.image.layer.v1.tar+gzip size=12424951 spanID=e89a2bf76cd4986d traceID=27ba861c8b1bbf514135f279bb7c8d5a
2026-05-25T11:43:37.9929196Z time="2026-05-25T11:35:09Z" level=debug msg=fetch digest="sha256:e892100fd8e33024f5849017c6deb24d9735b49b209bc124505e443f4f59c94e" mediatype=application/vnd.oci.image.layer.v1.tar+gzip size=9129623 spanID=e89a2bf76cd4986d traceID=27ba861c8b1bbf514135f279bb7c8d5a
2026-05-25T11:43:37.9930047Z time="2026-05-25T11:35:09Z" level=debug msg=fetch digest="sha256:4052b11da8e554efd89a25b89cebe1e3456d4d57f36fbff195c2330ef16a0fb5" mediatype=application/vnd.oci.image.layer.v1.tar+gzip size=85940892 spanID=e89a2bf76cd4986d traceID=27ba861c8b1bbf514135f279bb7c8d5a
2026-05-25T11:43:37.9930900Z time="2026-05-25T11:35:09Z" level=debug msg=fetch digest="sha256:9eeb16942f5ff058f5c4c4d542a81b4525fcf0d4912a5751125e01323e0744fc" mediatype=application/vnd.oci.image.layer.v1.tar+gzip size=19077215 spanID=e89a2bf76cd4986d traceID=27ba861c8b1bbf514135f279bb7c8d5a
2026-05-25T11:43:37.9931732Z time="2026-05-25T11:35:09Z" level=debug msg=fetch digest="sha256:510bc2d2d1347cb58694d8db745a9d8f0b6458e1e9161b1801db323d528e1a72" mediatype=application/vnd.oci.image.layer.v1.tar+gzip size=6778289 spanID=e89a2bf76cd4986d traceID=27ba861c8b1bbf514135f279bb7c8d5a
2026-05-25T11:43:37.9932549Z time="2026-05-25T11:35:09Z" level=debug msg=fetch digest="sha256:cbd83377bfa31c0c66483bd0bce1b89cc2587c903c624fe12275daad60bae22d" mediatype=application/vnd.oci.image.layer.v1.tar+gzip size=378 spanID=e89a2bf76cd4986d traceID=27ba861c8b1bbf514135f279bb7c8d5a
2026-05-25T11:43:37.9933371Z time="2026-05-25T11:35:09Z" level=debug msg=fetch digest="sha256:79a23e87f8c09084cd02d45f220bae67d303597ac8189a926782065fcbcefe60" mediatype=application/vnd.oci.image.layer.v1.tar+gzip size=153 spanID=e89a2bf76cd4986d traceID=27ba861c8b1bbf514135f279bb7c8d5a
2026-05-25T11:43:37.9934217Z time="2026-05-25T11:35:09Z" level=debug msg=fetch digest="sha256:bb52cae446c11f802f36a036d74d559f8bd99c4bec508ea6fcab9f36a51ec7c7" mediatype=application/vnd.oci.image.layer.v1.tar+gzip size=39449895 spanID=e89a2bf76cd4986d traceID=27ba861c8b1bbf514135f279bb7c8d5a
2026-05-25T11:43:37.9935256Z time="2026-05-25T11:35:09Z" level=debug msg=fetch digest="sha256:e54143cc20335a80ff75793e185a530bb53c2dbfff41b352495927371af9c614" mediatype=application/vnd.oci.image.layer.v1.tar+gzip size=11188022 spanID=e89a2bf76cd4986d traceID=27ba861c8b1bbf514135f279bb7c8d5a
2026-05-25T11:43:37.9936234Z time="2026-05-25T11:35:09Z" level=debug msg=fetch digest="sha256:f7d285b9f33d9ad3b6af44a50541b1f8805183310b4e9adfa58fb7904405b5ba" mediatype=application/vnd.oci.image.layer.v1.tar+gzip size=19509650 spanID=e89a2bf76cd4986d traceID=27ba861c8b1bbf514135f279bb7c8d5a
2026-05-25T11:43:37.9937233Z time="2026-05-25T11:35:09Z" level=debug msg=fetch digest="sha256:a89dd06ce11dcaeefc1e83499241319e9afe892470c77edee53f5cd9085140fd" mediatype=application/vnd.oci.image.layer.v1.tar+gzip size=24646520 spanID=e89a2bf76cd4986d traceID=27ba861c8b1bbf514135f279bb7c8d5a
2026-05-25T11:43:37.9938083Z time="2026-05-25T11:35:09Z" level=debug msg=fetch digest="sha256:82bb24a786205dcd9e54224b6cc19ddcfe9f87783b68d59296faf0c94dd70808" mediatype=application/vnd.oci.image.layer.v1.tar+gzip size=12102461 spanID=e89a2bf76cd4986d traceID=27ba861c8b1bbf514135f279bb7c8d5a
2026-05-25T11:43:37.9938921Z time="2026-05-25T11:35:09Z" level=debug msg=fetch digest="sha256:fe32849017acc1d11e1c72e52fffda162c107cd8dc46059dbc4602609cfbd5b0" mediatype=application/vnd.oci.image.layer.v1.tar+gzip size=22988527 spanID=e89a2bf76cd4986d traceID=27ba861c8b1bbf514135f279bb7c8d5a
2026-05-25T11:43:37.9939762Z time="2026-05-25T11:35:09Z" level=debug msg=fetch digest="sha256:e02deb1ab150cee912a04631d392d418c5d2885b9b818327552f1c651ff40686" mediatype=application/vnd.oci.image.layer.v1.tar+gzip size=1450 spanID=e89a2bf76cd4986d traceID=27ba861c8b1bbf514135f279bb7c8d5a
2026-05-25T11:43:37.9940708Z time="2026-05-25T11:35:09Z" level=debug msg=fetch digest="sha256:08c5fbc3c5027253991c96274cc7036ba73ad2c7bc549bf7745a79bb92cb9ae3" mediatype=application/vnd.oci.image.layer.v1.tar+gzip size=3144 spanID=e89a2bf76cd4986d traceID=27ba861c8b1bbf514135f279bb7c8d5a
2026-05-25T11:43:37.9941547Z time="2026-05-25T11:35:09Z" level=debug msg=fetch digest="sha256:b15c818d718ef3f8e2e312c43fd16e97b23563709a5e034ec0013e330c68d437" mediatype=application/vnd.oci.image.layer.v1.tar+gzip size=14763473 spanID=e89a2bf76cd4986d traceID=27ba861c8b1bbf514135f279bb7c8d5a
2026-05-25T11:43:37.9942386Z time="2026-05-25T11:35:09Z" level=debug msg=fetch digest="sha256:215f82bf688d44e9320c260a1342544aedca7e64a66c615345bdbae2ae2e381f" mediatype=application/vnd.oci.image.layer.v1.tar+gzip size=21638358 spanID=e89a2bf76cd4986d traceID=27ba861c8b1bbf514135f279bb7c8d5a
2026-05-25T11:43:37.9943229Z time="2026-05-25T11:35:09Z" level=debug msg=fetch digest="sha256:018afd6ce09bbd5ce7357fe84c476cc4a31560a6f8049710860a187a8052fd3d" mediatype=application/vnd.oci.image.layer.v1.tar+gzip size=18917704 spanID=e89a2bf76cd4986d traceID=27ba861c8b1bbf514135f279bb7c8d5a
2026-05-25T11:43:37.9944071Z time="2026-05-25T11:35:09Z" level=debug msg=fetch digest="sha256:93c5bd204ab5c3894d47f61edfa4f0ed0ce40395d815c51fe0a70cb39a1fd7d2" mediatype=application/vnd.oci.image.layer.v1.tar+gzip size=58046568 spanID=e89a2bf76cd4986d traceID=27ba861c8b1bbf514135f279bb7c8d5a
2026-05-25T11:43:37.9944895Z time="2026-05-25T11:35:09Z" level=debug msg=fetch digest="sha256:0b1012940598146ed354744dba9ce1b92a1698e40bf4dfcb3b821dfb18bac2e3" mediatype=application/vnd.oci.image.layer.v1.tar+gzip size=16622 spanID=e89a2bf76cd4986d traceID=27ba861c8b1bbf514135f279bb7c8d5a
2026-05-25T11:43:37.9945971Z time="2026-05-25T11:35:09Z" level=debug msg=fetch digest="sha256:402bc17647ba309d8727ebad8bb274a8569a9cbe5e7345fa74cdf9c252adbe6b" mediatype=application/vnd.oci.image.layer.v1.tar+gzip size=84302327 spanID=e89a2bf76cd4986d traceID=27ba861c8b1bbf514135f279bb7c8d5a
2026-05-25T11:43:37.9946797Z time="2026-05-25T11:35:09Z" level=debug msg=fetch digest="sha256:64d0e0be22c26cf7187be23b64288a4cc06993840349e207ee8785597381e223" mediatype=application/vnd.oci.image.layer.v1.tar+gzip size=333 spanID=e89a2bf76cd4986d traceID=27ba861c8b1bbf514135f279bb7c8d5a
2026-05-25T11:43:37.9947631Z time="2026-05-25T11:35:09Z" level=debug msg=fetch digest="sha256:c3b38b5bb998a034d55621ea876cac919dc7e43af11a69f865396f609e6f1c99" mediatype=application/vnd.oci.image.layer.v1.tar+gzip size=29673084 spanID=e89a2bf76cd4986d traceID=27ba861c8b1bbf514135f279bb7c8d5a
2026-05-25T11:43:37.9948556Z time="2026-05-25T11:35:11Z" level=debug msg="diff applied" d=71.84563ms digest="sha256:e892100fd8e33024f5849017c6deb24d9735b49b209bc124505e443f4f59c94e" media=application/vnd.oci.image.layer.v1.tar+gzip size=9129623 span=extract spanID=4860bb025730ff12 traceID=27ba861c8b1bbf514135f279bb7c8d5a
2026-05-25T11:43:37.9949604Z time="2026-05-25T11:35:11Z" level=debug msg="diff applied" d=1.647035ms digest="sha256:cbd83377bfa31c0c66483bd0bce1b89cc2587c903c624fe12275daad60bae22d" media=application/vnd.oci.image.layer.v1.tar+gzip size=378 span=extract spanID=462351fc1adcff22 traceID=27ba861c8b1bbf514135f279bb7c8d5a
2026-05-25T11:43:37.9950549Z time="2026-05-25T11:35:11Z" level=debug msg="diff applied" d=108.623081ms digest="sha256:0523946f1479098d8c148a3125b1486292ccae12dee4f181ba1a91d1e57373cc" media=application/vnd.oci.image.layer.v1.tar+gzip size=12424951 span=extract spanID=b677e1102ba98980 traceID=27ba861c8b1bbf514135f279bb7c8d5a
2026-05-25T11:43:37.9951481Z time="2026-05-25T11:35:12Z" level=debug msg="diff applied" d=237.274095ms digest="sha256:9eeb16942f5ff058f5c4c4d542a81b4525fcf0d4912a5751125e01323e0744fc" media=application/vnd.oci.image.layer.v1.tar+gzip size=19077215 span=extract spanID=825f84b1314d7cc6 traceID=27ba861c8b1bbf514135f279bb7c8d5a
2026-05-25T11:43:37.9952276Z time="2026-05-25T11:35:13Z" level=debug msg="reset healthcheck failure" actualDuration="955.769µs" spanID=162bc6f38363f15d timeout=15s traceID=a9013635257ce06a78498d11f838df92
2026-05-25T11:43:37.9953038Z time="2026-05-25T11:35:13Z" level=debug msg="reset healthcheck failure" actualDuration="717.19µs" spanID=c7f887895b2b20c8 timeout=15s traceID=27ba861c8b1bbf514135f279bb7c8d5a
2026-05-25T11:43:37.9953988Z time="2026-05-25T11:35:13Z" level=debug msg="diff applied" d=163.106536ms digest="sha256:f7d285b9f33d9ad3b6af44a50541b1f8805183310b4e9adfa58fb7904405b5ba" media=application/vnd.oci.image.layer.v1.tar+gzip size=19509650 span=extract spanID=360844e36483be19 traceID=27ba861c8b1bbf514135f279bb7c8d5a
2026-05-25T11:43:37.9954932Z time="2026-05-25T11:35:14Z" level=debug msg="diff applied" d=136.968445ms digest="sha256:e54143cc20335a80ff75793e185a530bb53c2dbfff41b352495927371af9c614" media=application/vnd.oci.image.layer.v1.tar+gzip size=11188022 span=extract spanID=b003e5b9c1a0a265 traceID=27ba861c8b1bbf514135f279bb7c8d5a
2026-05-25T11:43:37.9956370Z time="2026-05-25T11:35:15Z" level=debug msg="diff applied" d=430.99873ms digest="sha256:bb52cae446c11f802f36a036d74d559f8bd99c4bec508ea6fcab9f36a51ec7c7" media=application/vnd.oci.image.layer.v1.tar+gzip size=39449895 span=extract spanID=93883cfe6cf56897 traceID=27ba861c8b1bbf514135f279bb7c8d5a
2026-05-25T11:43:37.9957331Z time="2026-05-25T11:35:15Z" level=debug msg="diff applied" d=95.103572ms digest="sha256:82bb24a786205dcd9e54224b6cc19ddcfe9f87783b68d59296faf0c94dd70808" media=application/vnd.oci.image.layer.v1.tar+gzip size=12102461 span=extract spanID=7a6be9b101a48120 traceID=27ba861c8b1bbf514135f279bb7c8d5a
2026-05-25T11:43:37.9958272Z time="2026-05-25T11:35:15Z" level=debug msg="diff applied" d=105.255382ms digest="sha256:b15c818d718ef3f8e2e312c43fd16e97b23563709a5e034ec0013e330c68d437" media=application/vnd.oci.image.layer.v1.tar+gzip size=14763473 span=extract spanID=6dd69811eb42f06f traceID=27ba861c8b1bbf514135f279bb7c8d5a
2026-05-25T11:43:37.9960027Z time="2026-05-25T11:35:16Z" level=debug msg="diff applied" d=298.878587ms digest="sha256:a89dd06ce11dcaeefc1e83499241319e9afe892470c77edee53f5cd9085140fd" media=application/vnd.oci.image.layer.v1.tar+gzip size=24646520 span=extract spanID=e61f166dc39091b0 traceID=27ba861c8b1bbf514135f279bb7c8d5a
2026-05-25T11:43:37.9961766Z time="2026-05-25T11:35:16Z" level=debug msg="diff applied" d=268.084257ms digest="sha256:fe32849017acc1d11e1c72e52fffda162c107cd8dc46059dbc4602609cfbd5b0" media=application/vnd.oci.image.layer.v1.tar+gzip size=22988527 span=extract spanID=f7df9fc89be8a620 traceID=27ba861c8b1bbf514135f279bb7c8d5a
2026-05-25T11:43:37.9963390Z time="2026-05-25T11:35:17Z" level=debug msg="diff applied" d=2.325638ms digest="sha256:64d0e0be22c26cf7187be23b64288a4cc06993840349e207ee8785597381e223" media=application/vnd.oci.image.layer.v1.tar+gzip size=333 span=extract spanID=a5201452ede2b6fc traceID=27ba861c8b1bbf514135f279bb7c8d5a
2026-05-25T11:43:37.9964989Z time="2026-05-25T11:35:17Z" level=debug msg="diff applied" d=237.237644ms digest="sha256:018afd6ce09bbd5ce7357fe84c476cc4a31560a6f8049710860a187a8052fd3d" media=application/vnd.oci.image.layer.v1.tar+gzip size=18917704 span=extract spanID=0fb52cf55363b1a8 traceID=27ba861c8b1bbf514135f279bb7c8d5a
2026-05-25T11:43:37.9965976Z time="2026-05-25T11:35:18Z" level=debug msg="reset healthcheck failure" actualDuration="938.878µs" spanID=162bc6f38363f15d timeout=15s traceID=a9013635257ce06a78498d11f838df92
2026-05-25T11:43:37.9966640Z time="2026-05-25T11:35:18Z" level=debug msg="reset healthcheck failure" actualDuration="638.351µs" spanID=c7f887895b2b20c8 timeout=15s traceID=27ba861c8b1bbf514135f279bb7c8d5a
2026-05-25T11:43:37.9967608Z time="2026-05-25T11:35:18Z" level=debug msg="diff applied" d=546.586494ms digest="sha256:215f82bf688d44e9320c260a1342544aedca7e64a66c615345bdbae2ae2e381f" media=application/vnd.oci.image.layer.v1.tar+gzip size=21638358 span=extract spanID=140d1aa486bdb0a5 traceID=27ba861c8b1bbf514135f279bb7c8d5a
2026-05-25T11:43:37.9968696Z time="2026-05-25T11:35:18Z" level=debug msg="diff applied" d=1.315575ms digest="sha256:08c5fbc3c5027253991c96274cc7036ba73ad2c7bc549bf7745a79bb92cb9ae3" media=application/vnd.oci.image.layer.v1.tar+gzip size=3144 span=extract spanID=137058119f23d7f1 traceID=27ba861c8b1bbf514135f279bb7c8d5a
2026-05-25T11:43:37.9969659Z time="2026-05-25T11:35:19Z" level=debug msg="diff applied" d=717.465109ms digest="sha256:93c5bd204ab5c3894d47f61edfa4f0ed0ce40395d815c51fe0a70cb39a1fd7d2" media=application/vnd.oci.image.layer.v1.tar+gzip size=58046568 span=extract spanID=dc7e99d051a55f51 traceID=27ba861c8b1bbf514135f279bb7c8d5a
2026-05-25T11:43:37.9970598Z time="2026-05-25T11:35:20Z" level=debug msg="diff applied" d=340.673792ms digest="sha256:c3b38b5bb998a034d55621ea876cac919dc7e43af11a69f865396f609e6f1c99" media=application/vnd.oci.image.layer.v1.tar+gzip size=29673084 span=extract spanID=cae820d54f92c986 traceID=27ba861c8b1bbf514135f279bb7c8d5a
2026-05-25T11:43:37.9971252Z time="2026-05-25T11:35:23Z" level=debug msg="reset healthcheck failure" actualDuration="938.922µs" spanID=162bc6f38363f15d timeout=15s traceID=a9013635257ce06a78498d11f838df92
2026-05-25T11:43:37.9972016Z time="2026-05-25T11:35:23Z" level=debug msg="reset healthcheck failure" actualDuration="859.933µs" spanID=c7f887895b2b20c8 timeout=15s traceID=27ba861c8b1bbf514135f279bb7c8d5a
2026-05-25T11:43:37.9973781Z time="2026-05-25T11:35:25Z" level=debug msg="diff applied" d=4.983088288s digest="sha256:402bc17647ba309d8727ebad8bb274a8569a9cbe5e7345fa74cdf9c252adbe6b" media=application/vnd.oci.image.layer.v1.tar+gzip size=84302327 span=extract spanID=d2132c0198bfa682 traceID=27ba861c8b1bbf514135f279bb7c8d5a
2026-05-25T11:43:37.9975728Z time="2026-05-25T11:35:25Z" level=debug msg="diff applied" d=1.207682ms digest="sha256:e02deb1ab150cee912a04631d392d418c5d2885b9b818327552f1c651ff40686" media=application/vnd.oci.image.layer.v1.tar+gzip size=1450 span=extract spanID=8112bcd641715f25 traceID=27ba861c8b1bbf514135f279bb7c8d5a
2026-05-25T11:43:37.9977484Z time="2026-05-25T11:35:25Z" level=debug msg="diff applied" d=3.629149ms digest="sha256:0b1012940598146ed354744dba9ce1b92a1698e40bf4dfcb3b821dfb18bac2e3" media=application/vnd.oci.image.layer.v1.tar+gzip size=16622 span=extract spanID=cf89a3909a336ee4 traceID=27ba861c8b1bbf514135f279bb7c8d5a
2026-05-25T11:43:37.9979182Z time="2026-05-25T11:35:25Z" level=debug msg="diff applied" d=1.939844ms digest="sha256:89c45cfc631501fede1afcb4aeb81a053a408e654b06fbceaace20deefa177e1" media=application/vnd.oci.image.layer.v1.tar+gzip size=1357 span=extract spanID=1e64b78cec0502cb traceID=27ba861c8b1bbf514135f279bb7c8d5a
2026-05-25T11:43:37.9980868Z time="2026-05-25T11:35:26Z" level=debug msg="diff applied" d=934.765899ms digest="sha256:4052b11da8e554efd89a25b89cebe1e3456d4d57f36fbff195c2330ef16a0fb5" media=application/vnd.oci.image.layer.v1.tar+gzip size=85940892 span=extract spanID=efa6aab5654e43f5 traceID=27ba861c8b1bbf514135f279bb7c8d5a
2026-05-25T11:43:37.9982835Z time="2026-05-25T11:35:26Z" level=debug msg="diff applied" d=1.268179ms digest="sha256:79a23e87f8c09084cd02d45f220bae67d303597ac8189a926782065fcbcefe60" media=application/vnd.oci.image.layer.v1.tar+gzip size=153 span=extract spanID=aab714cefd6d038b traceID=27ba861c8b1bbf514135f279bb7c8d5a
2026-05-25T11:43:37.9984428Z time="2026-05-25T11:35:26Z" level=debug msg="diff applied" d=50.179731ms digest="sha256:510bc2d2d1347cb58694d8db745a9d8f0b6458e1e9161b1801db323d528e1a72" media=application/vnd.oci.image.layer.v1.tar+gzip size=6778289 span=extract spanID=0995768659b8dd08 traceID=27ba861c8b1bbf514135f279bb7c8d5a
2026-05-25T11:43:37.9985597Z time="2026-05-25T11:35:26Z" level=debug msg="Using single walk diff for /tmp/buildkit-mount3109791002" spanID=e89a2bf76cd4986d traceID=27ba861c8b1bbf514135f279bb7c8d5a
2026-05-25T11:43:37.9986517Z time="2026-05-25T11:35:26Z" level=debug msg="Using single walk diff for /tmp/buildkit-mount106512434" spanID=e89a2bf76cd4986d traceID=27ba861c8b1bbf514135f279bb7c8d5a
2026-05-25T11:43:37.9987481Z time="2026-05-25T11:35:26Z" level=debug msg="Using single walk diff for /tmp/buildkit-mount1050465358" spanID=e89a2bf76cd4986d traceID=27ba861c8b1bbf514135f279bb7c8d5a
2026-05-25T11:43:37.9988450Z time="2026-05-25T11:35:27Z" level=debug msg="Using single walk diff for /tmp/buildkit-mount4214966908" spanID=e89a2bf76cd4986d traceID=27ba861c8b1bbf514135f279bb7c8d5a
2026-05-25T11:43:37.9989193Z time="2026-05-25T11:35:27Z" level=debug msg="Using single walk diff for /tmp/buildkit-mount2904651459" spanID=e89a2bf76cd4986d traceID=27ba861c8b1bbf514135f279bb7c8d5a
2026-05-25T11:43:37.9990061Z time="2026-05-25T11:35:27Z" level=debug msg="Using single walk diff for /tmp/buildkit-mount2717962432" spanID=e89a2bf76cd4986d traceID=27ba861c8b1bbf514135f279bb7c8d5a
2026-05-25T11:43:37.9990942Z time="2026-05-25T11:35:27Z" level=debug msg="Using single walk diff for /tmp/buildkit-mount2839287785" spanID=e89a2bf76cd4986d traceID=27ba861c8b1bbf514135f279bb7c8d5a
2026-05-25T11:43:37.9991788Z time="2026-05-25T11:35:27Z" level=debug msg="Using single walk diff for /tmp/buildkit-mount3264822393" spanID=e89a2bf76cd4986d traceID=27ba861c8b1bbf514135f279bb7c8d5a
2026-05-25T11:43:37.9992681Z time="2026-05-25T11:35:27Z" level=debug msg="Using single walk diff for /tmp/buildkit-mount3436356439" spanID=e89a2bf76cd4986d traceID=27ba861c8b1bbf514135f279bb7c8d5a
2026-05-25T11:43:37.9993537Z time="2026-05-25T11:35:27Z" level=debug msg="Using single walk diff for /tmp/buildkit-mount1552642036" spanID=e89a2bf76cd4986d traceID=27ba861c8b1bbf514135f279bb7c8d5a
2026-05-25T11:43:37.9994460Z time="2026-05-25T11:35:27Z" level=debug msg="Using single walk diff for /tmp/buildkit-mount139320399" spanID=e89a2bf76cd4986d traceID=27ba861c8b1bbf514135f279bb7c8d5a
2026-05-25T11:43:37.9995587Z time="2026-05-25T11:35:27Z" level=debug msg="Using single walk diff for /tmp/buildkit-mount1788005679" spanID=e89a2bf76cd4986d traceID=27ba861c8b1bbf514135f279bb7c8d5a
2026-05-25T11:43:37.9996487Z time="2026-05-25T11:35:27Z" level=debug msg="Using single walk diff for /tmp/buildkit-mount2214484881" spanID=e89a2bf76cd4986d traceID=27ba861c8b1bbf514135f279bb7c8d5a
2026-05-25T11:43:37.9997362Z time="2026-05-25T11:35:27Z" level=debug msg="Using single walk diff for /tmp/buildkit-mount749159240" spanID=e89a2bf76cd4986d traceID=27ba861c8b1bbf514135f279bb7c8d5a
2026-05-25T11:43:37.9998221Z time="2026-05-25T11:35:27Z" level=debug msg="Using single walk diff for /tmp/buildkit-mount362777716" spanID=e89a2bf76cd4986d traceID=27ba861c8b1bbf514135f279bb7c8d5a
2026-05-25T11:43:37.9999111Z time="2026-05-25T11:35:27Z" level=debug msg="Using single walk diff for /tmp/buildkit-mount1240292235" spanID=e89a2bf76cd4986d traceID=27ba861c8b1bbf514135f279bb7c8d5a
2026-05-25T11:43:38.0000058Z time="2026-05-25T11:35:28Z" level=debug msg="reset healthcheck failure" actualDuration=1.096403ms spanID=162bc6f38363f15d timeout=15s traceID=a9013635257ce06a78498d11f838df92
2026-05-25T11:43:38.0001333Z time="2026-05-25T11:35:28Z" level=debug msg="reset healthcheck failure" actualDuration="713.743µs" spanID=c7f887895b2b20c8 timeout=15s traceID=27ba861c8b1bbf514135f279bb7c8d5a
2026-05-25T11:43:38.0002577Z time="2026-05-25T11:35:33Z" level=debug msg="reset healthcheck failure" actualDuration=1.183023ms spanID=162bc6f38363f15d timeout=15s traceID=a9013635257ce06a78498d11f838df92
2026-05-25T11:43:38.0003660Z time="2026-05-25T11:35:33Z" level=debug msg="reset healthcheck failure" actualDuration="821.863µs" spanID=c7f887895b2b20c8 timeout=15s traceID=27ba861c8b1bbf514135f279bb7c8d5a
2026-05-25T11:43:38.0004202Z time="2026-05-25T11:35:38Z" level=debug msg="reset healthcheck failure" actualDuration=1.007384ms spanID=162bc6f38363f15d timeout=15s traceID=a9013635257ce06a78498d11f838df92
2026-05-25T11:43:38.0004856Z time="2026-05-25T11:35:38Z" level=debug msg="reset healthcheck failure" actualDuration=1.740932ms spanID=c7f887895b2b20c8 timeout=15s traceID=27ba861c8b1bbf514135f279bb7c8d5a
2026-05-25T11:43:38.0005810Z time="2026-05-25T11:35:43Z" level=debug msg="reset healthcheck failure" actualDuration="842.327µs" spanID=162bc6f38363f15d timeout=15s traceID=a9013635257ce06a78498d11f838df92
2026-05-25T11:43:38.0006527Z time="2026-05-25T11:35:43Z" level=debug msg="reset healthcheck failure" actualDuration="669.547µs" spanID=c7f887895b2b20c8 timeout=15s traceID=27ba861c8b1bbf514135f279bb7c8d5a
2026-05-25T11:43:38.0007321Z time="2026-05-25T11:35:48Z" level=debug msg="reset healthcheck failure" actualDuration="964.429µs" spanID=162bc6f38363f15d timeout=15s traceID=a9013635257ce06a78498d11f838df92
2026-05-25T11:43:38.0007957Z time="2026-05-25T11:35:48Z" level=debug msg="reset healthcheck failure" actualDuration="927.9µs" spanID=c7f887895b2b20c8 timeout=15s traceID=27ba861c8b1bbf514135f279bb7c8d5a
2026-05-25T11:43:38.0008483Z time="2026-05-25T11:35:53Z" level=debug msg="reset healthcheck failure" actualDuration=1.066032ms spanID=162bc6f38363f15d timeout=15s traceID=a9013635257ce06a78498d11f838df92
2026-05-25T11:43:38.0009112Z time="2026-05-25T11:35:53Z" level=debug msg="reset healthcheck failure" actualDuration="581.822µs" spanID=c7f887895b2b20c8 timeout=15s traceID=27ba861c8b1bbf514135f279bb7c8d5a
2026-05-25T11:43:38.0009735Z time="2026-05-25T11:35:58Z" level=debug msg="reset healthcheck failure" actualDuration="965.735µs" spanID=162bc6f38363f15d timeout=15s traceID=a9013635257ce06a78498d11f838df92
2026-05-25T11:43:38.0010599Z time="2026-05-25T11:35:58Z" level=debug msg="reset healthcheck failure" actualDuration="755.693µs" spanID=c7f887895b2b20c8 timeout=15s traceID=27ba861c8b1bbf514135f279bb7c8d5a
2026-05-25T11:43:38.0011490Z time="2026-05-25T11:36:03Z" level=debug msg="reset healthcheck failure" actualDuration=1.356706ms spanID=162bc6f38363f15d timeout=15s traceID=a9013635257ce06a78498d11f838df92
2026-05-25T11:43:38.0012599Z time="2026-05-25T11:36:03Z" level=debug msg="reset healthcheck failure" actualDuration="881.292µs" spanID=c7f887895b2b20c8 timeout=15s traceID=27ba861c8b1bbf514135f279bb7c8d5a
2026-05-25T11:43:38.0013487Z time="2026-05-25T11:36:08Z" level=debug msg="reset healthcheck failure" actualDuration=1.100711ms spanID=162bc6f38363f15d timeout=15s traceID=a9013635257ce06a78498d11f838df92
2026-05-25T11:43:38.0014617Z time="2026-05-25T11:36:08Z" level=debug msg="reset healthcheck failure" actualDuration="766.795µs" spanID=c7f887895b2b20c8 timeout=15s traceID=27ba861c8b1bbf514135f279bb7c8d5a
2026-05-25T11:43:38.0015480Z time="2026-05-25T11:36:11Z" level=debug msg="session finished: <nil>" spanID=c7f887895b2b20c8 traceID=27ba861c8b1bbf514135f279bb7c8d5a
2026-05-25T11:43:38.0016146Z time="2026-05-25T11:36:11Z" level=debug msg="session finished: <nil>" spanID=162bc6f38363f15d traceID=a9013635257ce06a78498d11f838df92
2026-05-25T11:43:38.0017024Z time="2026-05-25T11:36:11Z" level=error msg="/moby.buildkit.v1.Control/Solve returned error: rpc error: code = Canceled desc = context canceled" spanID=496990da62b139ea traceID=4f014eaf68ccf3ae8fcf465d47733ad7
2026-05-25T11:43:38.0017122Z Canceled: context canceled
2026-05-25T11:43:38.0017352Z 7 v0.30.0 /usr/bin/buildkitd --debug --allow-insecure-entitlement=network.host
2026-05-25T11:43:38.0019989Z main.unaryInterceptor
2026-05-25T11:43:38.0020149Z 	/src/cmd/buildkitd/main.go:779
2026-05-25T11:43:38.0020720Z google.golang.org/grpc.NewServer.chainUnaryServerInterceptors.chainUnaryInterceptors.func1
2026-05-25T11:43:38.0020959Z 	/src/vendor/google.golang.org/grpc/server.go:1234
2026-05-25T11:43:38.0021207Z github.com/moby/buildkit/api/services/control._Control_Solve_Handler
2026-05-25T11:43:38.0021334Z 	/src/api/services/control/control_grpc.pb.go:289
2026-05-25T11:43:38.0021469Z google.golang.org/grpc.(*Server).processUnaryRPC
2026-05-25T11:43:38.0021596Z 	/src/vendor/google.golang.org/grpc/server.go:1430
2026-05-25T11:43:38.0021785Z google.golang.org/grpc.(*Server).handleStream
2026-05-25T11:43:38.0021995Z 	/src/vendor/google.golang.org/grpc/server.go:1856
2026-05-25T11:43:38.0022239Z google.golang.org/grpc.(*Server).serveStreams.func2.1
2026-05-25T11:43:38.0022444Z 	/src/vendor/google.golang.org/grpc/server.go:1065
2026-05-25T11:43:38.0022595Z runtime.goexit
2026-05-25T11:43:38.0022770Z 	/usr/local/go/src/runtime/asm_amd64.s:1771
2026-05-25T11:43:38.0022778Z 
2026-05-25T11:43:38.0023303Z time="2026-05-25T11:36:12Z" level=debug msg="remove snapshot" key=2rhhe5yz810rdp194ne76phru snapshotter=overlayfs
2026-05-25T11:43:38.0023883Z time="2026-05-25T11:36:12Z" level=debug msg="remove snapshot" key=3oizj25oqp6n9fena7cv8jdx5 snapshotter=overlayfs
2026-05-25T11:43:38.0024197Z time="2026-05-25T11:36:12Z" level=debug msg="remove snapshot" key=3ubnl5rcdtqs158cqkjg1expk snapshotter=overlayfs
2026-05-25T11:43:38.0024512Z time="2026-05-25T11:36:12Z" level=debug msg="remove snapshot" key=47r2a45k2dm6wyf5juvqwu0tq snapshotter=overlayfs
2026-05-25T11:43:38.0024814Z time="2026-05-25T11:36:12Z" level=debug msg="remove snapshot" key=75an4yoknyym1b1hicfyqkkzk snapshotter=overlayfs
2026-05-25T11:43:38.0025378Z time="2026-05-25T11:36:12Z" level=debug msg="remove snapshot" key=7c71h9v9rqwmlvsre8kvj5u84 snapshotter=overlayfs
2026-05-25T11:43:38.0025862Z time="2026-05-25T11:36:12Z" level=debug msg="remove snapshot" key=8ii4tjldnag2zzrgtg8q6tp7u-view snapshotter=overlayfs
2026-05-25T11:43:38.0026226Z time="2026-05-25T11:36:12Z" level=debug msg="remove snapshot" key=avy4exkt3qp5upy4xdetkc9kc snapshotter=overlayfs
2026-05-25T11:43:38.0026546Z time="2026-05-25T11:36:12Z" level=debug msg="remove snapshot" key=btclv47gb4ec51th2fuomvvqg snapshotter=overlayfs
2026-05-25T11:43:38.0026853Z time="2026-05-25T11:36:12Z" level=debug msg="remove snapshot" key=c64mnejdczjs8yodsuz5k0khc snapshotter=overlayfs
2026-05-25T11:43:38.0027157Z time="2026-05-25T11:36:12Z" level=debug msg="remove snapshot" key=f53id2y5o82a97851wn9op4k9 snapshotter=overlayfs
2026-05-25T11:43:38.0027465Z time="2026-05-25T11:36:12Z" level=debug msg="remove snapshot" key=fjx1a3bs7ddz6jogajhgxcyuj snapshotter=overlayfs
2026-05-25T11:43:38.0027799Z time="2026-05-25T11:36:12Z" level=debug msg="remove snapshot" key=hpxe3nbq5yjindpn445d3bqda snapshotter=overlayfs
2026-05-25T11:43:38.0028134Z time="2026-05-25T11:36:12Z" level=debug msg="remove snapshot" key=jsmcxnxiqb52xrwv562856jgw snapshotter=overlayfs
2026-05-25T11:43:38.0028762Z time="2026-05-25T11:36:12Z" level=debug msg="remove snapshot" key=kfhfzkdmpyjfbcdy9397r9m4u-view snapshotter=overlayfs
2026-05-25T11:43:38.0029323Z time="2026-05-25T11:36:12Z" level=debug msg="remove snapshot" key=kyh66ot2co5nai32fegp3bb2s snapshotter=overlayfs
2026-05-25T11:43:38.0029836Z time="2026-05-25T11:36:12Z" level=debug msg="remove snapshot" key=lz13la8krmqr2jxdsehpqtlx5 snapshotter=overlayfs
2026-05-25T11:43:38.0030348Z time="2026-05-25T11:36:12Z" level=debug msg="remove snapshot" key=npegxvk1bilpf9mnv9ukw2kz2 snapshotter=overlayfs
2026-05-25T11:43:38.0030962Z time="2026-05-25T11:36:12Z" level=debug msg="remove snapshot" key=ns0nin68azaoi9rklzliuelf1-view snapshotter=overlayfs
2026-05-25T11:43:38.0031807Z time="2026-05-25T11:36:12Z" level=debug msg="remove snapshot" key="sha256:16c74194edfe2c60c1bbda8dbd31a0a0acd2492ea9ad78f86171e51ec42b28f4-view" snapshotter=overlayfs
2026-05-25T11:43:38.0032843Z time="2026-05-25T11:36:12Z" level=debug msg="remove snapshot" key="sha256:5d51aac005b18f82548458cadc9a7f1c89a4b2dc284f721175452f91192ce52e-view" snapshotter=overlayfs
2026-05-25T11:43:38.0033679Z time="2026-05-25T11:36:12Z" level=debug msg="remove snapshot" key="sha256:6ec0f8a73003a0ccd866ec70776d6325793cad0911f7dfeb1c07524be941d825-view" snapshotter=overlayfs
2026-05-25T11:43:38.0034559Z time="2026-05-25T11:36:12Z" level=debug msg="remove snapshot" key="sha256:a0552d43cfab9a7f10063fe41f9cc4703d5bcf6adb0874fa4c74801a61ea289d-view" snapshotter=overlayfs
2026-05-25T11:43:38.0035485Z time="2026-05-25T11:36:12Z" level=debug msg="remove snapshot" key="sha256:a22a6d63b3b1c6fce433a80039165f68d8fbf32013d937cb5794cb8612e8d9e5-view" snapshotter=overlayfs
2026-05-25T11:43:38.0036226Z time="2026-05-25T11:36:12Z" level=debug msg="remove snapshot" key="sha256:a8521dc4ce33015271bc7813595f3b84016c94cceac12f2bd170b647167a50ee-view" snapshotter=overlayfs
2026-05-25T11:43:38.0036571Z time="2026-05-25T11:36:12Z" level=debug msg="remove snapshot" key=smqi7ng75s6owkeak5gtmb80e snapshotter=overlayfs
2026-05-25T11:43:38.0037131Z time="2026-05-25T11:36:12Z" level=debug msg="remove snapshot" key=tfefeqeqa8x2wmadglaiistgi snapshotter=overlayfs
2026-05-25T11:43:38.0037657Z time="2026-05-25T11:36:12Z" level=debug msg="remove snapshot" key=v31so5ybu7yuri1ssgsbc1qkj-view snapshotter=overlayfs
2026-05-25T11:43:38.0038115Z time="2026-05-25T11:36:12Z" level=debug msg="remove snapshot" key=ynzpge11s84bad8mp462eqarh snapshotter=overlayfs
2026-05-25T11:43:38.0038487Z time="2026-05-25T11:36:12Z" level=debug msg="remove snapshot" key=yuirurl3arqf5vqzzjttpmk4e snapshotter=overlayfs
2026-05-25T11:43:38.0039001Z time="2026-05-25T11:36:12Z" level=debug msg="remove snapshot" key=zdl91espkit5pdsba94j79cio snapshotter=overlayfs
2026-05-25T11:43:38.0039699Z time="2026-05-25T11:36:12Z" level=debug msg="remove content" key="sha256:3c71bb6406ea89067ff053af902c41adcac7621cdb4b75082958ae1467826486"
2026-05-25T11:43:38.0040333Z time="2026-05-25T11:36:12Z" level=debug msg="remove content" key="sha256:af606f97ef0dd3447b59582409a4f278d9622a12a19db57c987605b4153d284d"
2026-05-25T11:43:38.0040774Z time="2026-05-25T11:36:12Z" level=debug msg="schedule snapshotter cleanup" snapshotter=overlayfs
2026-05-25T11:43:38.0041091Z time="2026-05-25T11:36:12Z" level=debug msg="schedule content cleanup"
2026-05-25T11:43:38.0041930Z time="2026-05-25T11:36:12Z" level=debug msg="removed snapshot" key="buildkit/110/sha256:a22a6d63b3b1c6fce433a80039165f68d8fbf32013d937cb5794cb8612e8d9e5-view" snapshotter=overlayfs
2026-05-25T11:43:38.0042890Z time="2026-05-25T11:36:12Z" level=debug msg="removed snapshot" key="buildkit/132/sha256:5d51aac005b18f82548458cadc9a7f1c89a4b2dc284f721175452f91192ce52e-view" snapshotter=overlayfs
2026-05-25T11:43:38.0044022Z time="2026-05-25T11:36:12Z" level=debug msg="removed snapshot" key="buildkit/144/sha256:a0552d43cfab9a7f10063fe41f9cc4703d5bcf6adb0874fa4c74801a61ea289d-view" snapshotter=overlayfs
2026-05-25T11:43:38.0045255Z time="2026-05-25T11:36:12Z" level=debug msg="removed snapshot" key="buildkit/128/sha256:16c74194edfe2c60c1bbda8dbd31a0a0acd2492ea9ad78f86171e51ec42b28f4-view" snapshotter=overlayfs
2026-05-25T11:43:38.0045973Z time="2026-05-25T11:36:12Z" level=debug msg="removed snapshot" key=buildkit/216/kfhfzkdmpyjfbcdy9397r9m4u-view snapshotter=overlayfs
2026-05-25T11:43:38.0046680Z time="2026-05-25T11:36:12Z" level=debug msg="removed snapshot" key=buildkit/53/ns0nin68azaoi9rklzliuelf1-view snapshotter=overlayfs
2026-05-25T11:43:38.0047289Z time="2026-05-25T11:36:12Z" level=debug msg="removed snapshot" key=buildkit/210/zdl91espkit5pdsba94j79cio snapshotter=overlayfs
2026-05-25T11:43:38.0047930Z time="2026-05-25T11:36:12Z" level=debug msg="removed snapshot" key=buildkit/203/c64mnejdczjs8yodsuz5k0khc snapshotter=overlayfs
2026-05-25T11:43:38.0048576Z time="2026-05-25T11:36:12Z" level=debug msg="removed snapshot" key=buildkit/209/jsmcxnxiqb52xrwv562856jgw snapshotter=overlayfs
2026-05-25T11:43:38.0049207Z time="2026-05-25T11:36:12Z" level=debug msg="removed snapshot" key=buildkit/202/kyh66ot2co5nai32fegp3bb2s snapshotter=overlayfs
2026-05-25T11:43:38.0050077Z time="2026-05-25T11:36:12Z" level=debug msg="removed snapshot" key=buildkit/204/avy4exkt3qp5upy4xdetkc9kc snapshotter=overlayfs
2026-05-25T11:43:38.0050734Z time="2026-05-25T11:36:12Z" level=debug msg="removed snapshot" key=buildkit/205/npegxvk1bilpf9mnv9ukw2kz2 snapshotter=overlayfs
2026-05-25T11:43:38.0051490Z time="2026-05-25T11:36:12Z" level=debug msg="removed snapshot" key=buildkit/196/tfefeqeqa8x2wmadglaiistgi snapshotter=overlayfs
2026-05-25T11:43:38.0052139Z time="2026-05-25T11:36:12Z" level=debug msg="removed snapshot" key=buildkit/195/75an4yoknyym1b1hicfyqkkzk snapshotter=overlayfs
2026-05-25T11:43:38.0052771Z time="2026-05-25T11:36:12Z" level=debug msg="removed snapshot" key=buildkit/199/47r2a45k2dm6wyf5juvqwu0tq snapshotter=overlayfs
2026-05-25T11:43:38.0053388Z time="2026-05-25T11:36:12Z" level=debug msg="removed snapshot" key=buildkit/207/2rhhe5yz810rdp194ne76phru snapshotter=overlayfs
2026-05-25T11:43:38.0054027Z time="2026-05-25T11:36:12Z" level=debug msg="removed snapshot" key=buildkit/201/3ubnl5rcdtqs158cqkjg1expk snapshotter=overlayfs
2026-05-25T11:43:38.0054659Z time="2026-05-25T11:36:12Z" level=debug msg="removed snapshot" key=buildkit/206/7c71h9v9rqwmlvsre8kvj5u84 snapshotter=overlayfs
2026-05-25T11:43:38.0055755Z time="2026-05-25T11:36:12Z" level=debug msg="removed snapshot" key=buildkit/208/btclv47gb4ec51th2fuomvvqg snapshotter=overlayfs
2026-05-25T11:43:38.0056412Z time="2026-05-25T11:36:12Z" level=debug msg="removed snapshot" key=buildkit/200/f53id2y5o82a97851wn9op4k9 snapshotter=overlayfs
2026-05-25T11:43:38.0057024Z time="2026-05-25T11:36:12Z" level=debug msg="removed snapshot" key=buildkit/198/ynzpge11s84bad8mp462eqarh snapshotter=overlayfs
2026-05-25T11:43:38.0057642Z time="2026-05-25T11:36:12Z" level=debug msg="removed snapshot" key=buildkit/197/yuirurl3arqf5vqzzjttpmk4e snapshotter=overlayfs
2026-05-25T11:43:38.0058329Z time="2026-05-25T11:36:12Z" level=debug msg="removed snapshot" key=buildkit/67/8ii4tjldnag2zzrgtg8q6tp7u-view snapshotter=overlayfs
2026-05-25T11:43:38.0059342Z time="2026-05-25T11:36:12Z" level=debug msg="removed snapshot" key="buildkit/74/sha256:6ec0f8a73003a0ccd866ec70776d6325793cad0911f7dfeb1c07524be941d825-view" snapshotter=overlayfs
2026-05-25T11:43:38.0059965Z time="2026-05-25T11:36:12Z" level=debug msg="removed snapshot" key=buildkit/78/lz13la8krmqr2jxdsehpqtlx5 snapshotter=overlayfs
2026-05-25T11:43:38.0060945Z time="2026-05-25T11:36:12Z" level=debug msg="removed snapshot" key="buildkit/10/sha256:a8521dc4ce33015271bc7813595f3b84016c94cceac12f2bd170b647167a50ee-view" snapshotter=overlayfs
2026-05-25T11:43:38.0061643Z time="2026-05-25T11:36:12Z" level=debug msg="removed snapshot" key=buildkit/104/v31so5ybu7yuri1ssgsbc1qkj-view snapshotter=overlayfs
2026-05-25T11:43:38.0062272Z time="2026-05-25T11:36:12Z" level=debug msg="removed snapshot" key=buildkit/99/3oizj25oqp6n9fena7cv8jdx5 snapshotter=overlayfs
2026-05-25T11:43:38.0062910Z time="2026-05-25T11:36:12Z" level=debug msg="removed snapshot" key=buildkit/100/smqi7ng75s6owkeak5gtmb80e snapshotter=overlayfs
2026-05-25T11:43:38.0063530Z time="2026-05-25T11:36:12Z" level=debug msg="removed snapshot" key=buildkit/101/fjx1a3bs7ddz6jogajhgxcyuj snapshotter=overlayfs
2026-05-25T11:43:38.0064177Z time="2026-05-25T11:36:12Z" level=debug msg="removed snapshot" key=buildkit/102/hpxe3nbq5yjindpn445d3bqda snapshotter=overlayfs
2026-05-25T11:43:38.0075917Z ##[endgroup]
2026-05-25T11:43:38.0076450Z ##[group]Removing builder
2026-05-25T11:43:38.0078201Z [command]/usr/bin/docker buildx rm builder-b1a4b324-6a7f-4375-bf13-35cad6edf1c4
2026-05-25T11:43:41.1196233Z builder-b1a4b324-6a7f-4375-bf13-35cad6edf1c4 removed
2026-05-25T11:43:41.1236341Z ##[endgroup]
2026-05-25T11:43:41.1237128Z ##[group]Cleaning up certificates
2026-05-25T11:43:41.1239781Z ##[endgroup]
2026-05-25T11:43:41.1240482Z ##[group]Post cache
2026-05-25T11:43:41.1243714Z State not set
2026-05-25T11:43:41.1244428Z ##[endgroup]
2026-05-25T11:43:41.1446495Z Post job cleanup.
2026-05-25T11:43:41.3039629Z ##[group]Post cache
2026-05-25T11:43:41.3042049Z Caching docker.io--tonistiigi--binfmt-latest-linux-x64 to GitHub Actions cache
2026-05-25T11:43:41.3208154Z [command]/usr/bin/tar --posix -cf cache.tzst --exclude cache.tzst -P -C /home/runner/work/buildkit/buildkit --files-from manifest.txt --use-compress-program zstdmt
2026-05-25T11:43:41.8768811Z Failed to save: Unable to reserve cache with key docker.io--tonistiigi--binfmt-latest-linux-x64, another job may be creating this cache.
2026-05-25T11:43:41.8798130Z ##[endgroup]
2026-05-25T11:43:41.8946804Z Post job cleanup.
2026-05-25T11:43:41.9800108Z [command]/usr/bin/git version
2026-05-25T11:43:41.9836982Z git version 2.54.0
2026-05-25T11:43:41.9872634Z Copying '/home/runner/.gitconfig' to '/home/runner/work/_temp/f5c0aba6-760f-4209-85a8-011584c88872/.gitconfig'
2026-05-25T11:43:41.9884716Z Temporarily overriding HOME='/home/runner/work/_temp/f5c0aba6-760f-4209-85a8-011584c88872' before making global git config changes
2026-05-25T11:43:41.9886860Z Adding repository directory to the temporary git global config as a safe directory
2026-05-25T11:43:41.9891999Z [command]/usr/bin/git config --global --add safe.directory /home/runner/work/buildkit/buildkit
2026-05-25T11:43:41.9925616Z Removing SSH command configuration
2026-05-25T11:43:41.9932044Z [command]/usr/bin/git config --local --name-only --get-regexp core\.sshCommand
2026-05-25T11:43:41.9964639Z [command]/usr/bin/git submodule foreach --recursive sh -c "git config --local --name-only --get-regexp 'core\.sshCommand' && git config --local --unset-all 'core.sshCommand' || :"
2026-05-25T11:43:42.0197559Z Removing HTTP extra header
2026-05-25T11:43:42.0202249Z [command]/usr/bin/git config --local --name-only --get-regexp http\.https\:\/\/github\.com\/\.extraheader
2026-05-25T11:43:42.0234846Z [command]/usr/bin/git submodule foreach --recursive sh -c "git config --local --name-only --get-regexp 'http\.https\:\/\/github\.com\/\.extraheader' && git config --local --unset-all 'http.https://github.com/.extraheader' || :"
2026-05-25T11:43:42.0459315Z Removing includeIf entries pointing to credentials config files
2026-05-25T11:43:42.0465921Z [command]/usr/bin/git config --local --name-only --get-regexp ^includeIf\.gitdir:
2026-05-25T11:43:42.0491445Z includeif.gitdir:/home/runner/work/buildkit/buildkit/.git.path
2026-05-25T11:43:42.0492218Z includeif.gitdir:/home/runner/work/buildkit/buildkit/.git/worktrees/*.path
2026-05-25T11:43:42.0492685Z includeif.gitdir:/github/workspace/.git.path
2026-05-25T11:43:42.0493097Z includeif.gitdir:/github/workspace/.git/worktrees/*.path
2026-05-25T11:43:42.0502740Z [command]/usr/bin/git config --local --get-all includeif.gitdir:/home/runner/work/buildkit/buildkit/.git.path
2026-05-25T11:43:42.0524036Z /home/runner/work/_temp/git-credentials-ba1841c5-05ea-4a63-a41a-167542d94413.config
2026-05-25T11:43:42.0534642Z [command]/usr/bin/git config --local --unset includeif.gitdir:/home/runner/work/buildkit/buildkit/.git.path /home/runner/work/_temp/git-credentials-ba1841c5-05ea-4a63-a41a-167542d94413.config
2026-05-25T11:43:42.0568974Z [command]/usr/bin/git config --local --get-all includeif.gitdir:/home/runner/work/buildkit/buildkit/.git/worktrees/*.path
2026-05-25T11:43:42.0589643Z /home/runner/work/_temp/git-credentials-ba1841c5-05ea-4a63-a41a-167542d94413.config
2026-05-25T11:43:42.0599878Z [command]/usr/bin/git config --local --unset includeif.gitdir:/home/runner/work/buildkit/buildkit/.git/worktrees/*.path /home/runner/work/_temp/git-credentials-ba1841c5-05ea-4a63-a41a-167542d94413.config
2026-05-25T11:43:42.0630886Z [command]/usr/bin/git config --local --get-all includeif.gitdir:/github/workspace/.git.path
2026-05-25T11:43:42.0652814Z /github/runner_temp/git-credentials-ba1841c5-05ea-4a63-a41a-167542d94413.config
2026-05-25T11:43:42.0661247Z [command]/usr/bin/git config --local --unset includeif.gitdir:/github/workspace/.git.path /github/runner_temp/git-credentials-ba1841c5-05ea-4a63-a41a-167542d94413.config
2026-05-25T11:43:42.0691855Z [command]/usr/bin/git config --local --get-all includeif.gitdir:/github/workspace/.git/worktrees/*.path
2026-05-25T11:43:42.0712385Z /github/runner_temp/git-credentials-ba1841c5-05ea-4a63-a41a-167542d94413.config
2026-05-25T11:43:42.0721815Z [command]/usr/bin/git config --local --unset includeif.gitdir:/github/workspace/.git/worktrees/*.path /github/runner_temp/git-credentials-ba1841c5-05ea-4a63-a41a-167542d94413.config
2026-05-25T11:43:42.0752809Z [command]/usr/bin/git submodule foreach --recursive git config --local --show-origin --name-only --get-regexp remote.origin.url
2026-05-25T11:43:42.0980394Z Removing credentials config '/home/runner/work/_temp/git-credentials-ba1841c5-05ea-4a63-a41a-167542d94413.config'
2026-05-25T11:43:42.1117572Z Cleaning up orphan processes
