2026-06-05T11:09:12.3021533Z Current runner version: '2.334.0'
2026-06-05T11:09:12.3059460Z ##[group]Runner Image Provisioner
2026-06-05T11:09:12.3060923Z Hosted Compute Agent
2026-06-05T11:09:12.3062066Z Version: 20260520.533
2026-06-05T11:09:12.3063567Z Commit: 189110e25284a9812c124fd27b339e2fb4f2f9db
2026-06-05T11:09:12.3064977Z Build Date: 2026-05-20T17:44:04Z
2026-06-05T11:09:12.3066243Z Worker ID: {2320a8d9-3f70-4890-a1da-ee7a916fc7b0}
2026-06-05T11:09:12.3067482Z Azure Region: eastus
2026-06-05T11:09:12.3068629Z ##[endgroup]
2026-06-05T11:09:12.3070867Z ##[group]Operating System
2026-06-05T11:09:12.3072083Z Ubuntu
2026-06-05T11:09:12.3073232Z 22.04.5
2026-06-05T11:09:12.3074091Z LTS
2026-06-05T11:09:12.3075089Z ##[endgroup]
2026-06-05T11:09:12.3076039Z ##[group]Runner Image
2026-06-05T11:09:12.3077091Z Image: ubuntu-22.04
2026-06-05T11:09:12.3078139Z Version: 20260525.156.1
2026-06-05T11:09:12.3080418Z Included Software: https://github.com/actions/runner-images/blob/ubuntu22/20260525.156/images/ubuntu/Ubuntu2204-Readme.md
2026-06-05T11:09:12.3083651Z Image Release: https://github.com/actions/runner-images/releases/tag/ubuntu22%2F20260525.156
2026-06-05T11:09:12.3085570Z ##[endgroup]
2026-06-05T11:09:12.3087676Z ##[group]GITHUB_TOKEN Permissions
2026-06-05T11:09:12.3091224Z Contents: read
2026-06-05T11:09:12.3092790Z Metadata: read
2026-06-05T11:09:12.3093920Z ##[endgroup]
2026-06-05T11:09:12.3097074Z Secret source: Actions
2026-06-05T11:09:12.3098655Z Prepare workflow directory
2026-06-05T11:09:12.3667216Z Prepare all required actions
2026-06-05T11:09:12.3723598Z Getting action download info
2026-06-05T11:09:12.8071977Z Download action repository 'actions/checkout@df4cb1c069e1874edd31b4311f1884172cec0e10' (SHA:df4cb1c069e1874edd31b4311f1884172cec0e10)
2026-06-05T11:09:13.0249068Z Download action repository 'actions/download-artifact@3e5f45b2cfb9172054b4087a40e8e0b5a5461e7c' (SHA:3e5f45b2cfb9172054b4087a40e8e0b5a5461e7c)
2026-06-05T11:09:13.2110406Z Download action repository 'actions/cache@27d5ce7f107fe9357f9df03efb73ab90386fccae' (SHA:27d5ce7f107fe9357f9df03efb73ab90386fccae)
2026-06-05T11:09:13.3677851Z Download action repository 'nick-fields/retry@ad984534de44a9489a53aefd81eb77f87c70dc60' (SHA:ad984534de44a9489a53aefd81eb77f87c70dc60)
2026-06-05T11:09:13.6235757Z Complete job name: test-freebsd-amd64
2026-06-05T11:09:13.7124348Z ##[group]Run actions/checkout@df4cb1c069e1874edd31b4311f1884172cec0e10
2026-06-05T11:09:13.7126081Z with:
2026-06-05T11:09:13.7126845Z   repository: moby/buildkit
2026-06-05T11:09:13.7138173Z   token: ***
2026-06-05T11:09:13.7138956Z   ssh-strict: true
2026-06-05T11:09:13.7139753Z   ssh-user: git
2026-06-05T11:09:13.7140557Z   persist-credentials: true
2026-06-05T11:09:13.7141467Z   clean: true
2026-06-05T11:09:13.7142436Z   sparse-checkout-cone-mode: true
2026-06-05T11:09:13.7143441Z   fetch-depth: 1
2026-06-05T11:09:13.7144238Z   fetch-tags: false
2026-06-05T11:09:13.7145051Z   show-progress: true
2026-06-05T11:09:13.7145872Z   lfs: false
2026-06-05T11:09:13.7146630Z   submodules: false
2026-06-05T11:09:13.7147481Z   set-safe-directory: true
2026-06-05T11:09:13.7148648Z env:
2026-06-05T11:09:13.7149373Z   GO_VERSION: 1.26
2026-06-05T11:09:13.7150186Z   SETUP_BUILDX_VERSION: edge
2026-06-05T11:09:13.7151181Z   SETUP_BUILDKIT_IMAGE: moby/buildkit:latest
2026-06-05T11:09:13.7152570Z   DESTDIR: ./bin
2026-06-05T11:09:13.7153366Z   GOOS: freebsd
2026-06-05T11:09:13.7154265Z   VAGRANT_DISABLE_STRICT_DEPENDENCY_ENFORCEMENT: 1
2026-06-05T11:09:13.7155384Z ##[endgroup]
2026-06-05T11:09:13.8155234Z Syncing repository: moby/buildkit
2026-06-05T11:09:13.8157758Z ##[group]Getting Git version info
2026-06-05T11:09:13.8159057Z Working directory is '/home/runner/work/buildkit/buildkit'
2026-06-05T11:09:13.8161115Z [command]/usr/bin/git version
2026-06-05T11:09:13.8220938Z git version 2.54.0
2026-06-05T11:09:13.8245860Z ##[endgroup]
2026-06-05T11:09:13.8260868Z Temporarily overriding HOME='/home/runner/work/_temp/b4a592a6-3a11-446b-b8b7-36eb373e8ae7' before making global git config changes
2026-06-05T11:09:13.8264159Z Adding repository directory to the temporary git global config as a safe directory
2026-06-05T11:09:13.8266928Z [command]/usr/bin/git config --global --add safe.directory /home/runner/work/buildkit/buildkit
2026-06-05T11:09:13.8303321Z Deleting the contents of '/home/runner/work/buildkit/buildkit'
2026-06-05T11:09:13.8308484Z ##[group]Determining repository object format
2026-06-05T11:09:13.8311567Z ##[endgroup]
2026-06-05T11:09:13.8315706Z ##[group]Initializing the repository
2026-06-05T11:09:13.8317931Z [command]/usr/bin/git init /home/runner/work/buildkit/buildkit
2026-06-05T11:09:13.8428241Z hint: Using 'master' as the name for the initial branch. This default branch name
2026-06-05T11:09:13.8430969Z hint: will change to "main" in Git 3.0. To configure the initial branch name
2026-06-05T11:09:13.8433054Z hint: to use in all of your new repositories, which will suppress this warning,
2026-06-05T11:09:13.8434488Z hint: call:
2026-06-05T11:09:13.8435178Z hint:
2026-06-05T11:09:13.8436529Z hint: 	git config --global init.defaultBranch <name>
2026-06-05T11:09:13.8437822Z hint:
2026-06-05T11:09:13.8439013Z hint: Names commonly chosen instead of 'master' are 'main', 'trunk' and
2026-06-05T11:09:13.8441449Z hint: 'development'. The just-created branch can be renamed via this command:
2026-06-05T11:09:13.8443110Z hint:
2026-06-05T11:09:13.8443845Z hint: 	git branch -m <name>
2026-06-05T11:09:13.8444702Z hint:
2026-06-05T11:09:13.8445854Z hint: Disable this message with "git config set advice.defaultBranchName false"
2026-06-05T11:09:13.8447727Z Initialized empty Git repository in /home/runner/work/buildkit/buildkit/.git/
2026-06-05T11:09:13.8450651Z [command]/usr/bin/git remote add origin https://github.com/moby/buildkit
2026-06-05T11:09:13.8477383Z ##[endgroup]
2026-06-05T11:09:13.8478824Z ##[group]Disabling automatic garbage collection
2026-06-05T11:09:13.8482880Z [command]/usr/bin/git config --local gc.auto 0
2026-06-05T11:09:13.8513598Z ##[endgroup]
2026-06-05T11:09:13.8515292Z ##[group]Setting up auth
2026-06-05T11:09:13.8516463Z Removing SSH command configuration
2026-06-05T11:09:13.8520559Z [command]/usr/bin/git config --local --name-only --get-regexp core\.sshCommand
2026-06-05T11:09:13.8555328Z [command]/usr/bin/git submodule foreach --recursive sh -c "git config --local --name-only --get-regexp 'core\.sshCommand' && git config --local --unset-all 'core.sshCommand' || :"
2026-06-05T11:09:13.8910064Z Removing HTTP extra header
2026-06-05T11:09:13.8916153Z [command]/usr/bin/git config --local --name-only --get-regexp http\.https\:\/\/github\.com\/\.extraheader
2026-06-05T11:09:13.8951878Z [command]/usr/bin/git submodule foreach --recursive sh -c "git config --local --name-only --get-regexp 'http\.https\:\/\/github\.com\/\.extraheader' && git config --local --unset-all 'http.https://github.com/.extraheader' || :"
2026-06-05T11:09:13.9182203Z Removing includeIf entries pointing to credentials config files
2026-06-05T11:09:13.9187480Z [command]/usr/bin/git config --local --name-only --get-regexp ^includeIf\.gitdir:
2026-06-05T11:09:13.9221237Z [command]/usr/bin/git submodule foreach --recursive git config --local --show-origin --name-only --get-regexp remote.origin.url
2026-06-05T11:09:13.9464000Z [command]/usr/bin/git config --file /home/runner/work/_temp/git-credentials-bb6e188d-9932-47bf-9957-d2108b3f23e1.config http.https://github.com/.extraheader AUTHORIZATION: basic ***
2026-06-05T11:09:13.9502542Z [command]/usr/bin/git config --local includeIf.gitdir:/home/runner/work/buildkit/buildkit/.git.path /home/runner/work/_temp/git-credentials-bb6e188d-9932-47bf-9957-d2108b3f23e1.config
2026-06-05T11:09:13.9534664Z [command]/usr/bin/git config --local includeIf.gitdir:/home/runner/work/buildkit/buildkit/.git/worktrees/*.path /home/runner/work/_temp/git-credentials-bb6e188d-9932-47bf-9957-d2108b3f23e1.config
2026-06-05T11:09:13.9567046Z [command]/usr/bin/git config --local includeIf.gitdir:/github/workspace/.git.path /github/runner_temp/git-credentials-bb6e188d-9932-47bf-9957-d2108b3f23e1.config
2026-06-05T11:09:13.9600155Z [command]/usr/bin/git config --local includeIf.gitdir:/github/workspace/.git/worktrees/*.path /github/runner_temp/git-credentials-bb6e188d-9932-47bf-9957-d2108b3f23e1.config
2026-06-05T11:09:13.9628126Z ##[endgroup]
2026-06-05T11:09:13.9629445Z ##[group]Fetching the repository
2026-06-05T11:09:13.9637960Z [command]/usr/bin/git -c protocol.version=2 fetch --no-tags --prune --no-recurse-submodules --depth=1 origin +2ff20da8b40b79eb75b8df9db70752d003a0c4b4:refs/remotes/origin/master
2026-06-05T11:09:16.0132189Z From https://github.com/moby/buildkit
2026-06-05T11:09:16.0134150Z  * [new ref]         2ff20da8b40b79eb75b8df9db70752d003a0c4b4 -> origin/master
2026-06-05T11:09:16.0167890Z [command]/usr/bin/git branch --list --remote origin/master
2026-06-05T11:09:16.0193743Z   origin/master
2026-06-05T11:09:16.0201794Z [command]/usr/bin/git rev-parse refs/remotes/origin/master
2026-06-05T11:09:16.0227008Z 2ff20da8b40b79eb75b8df9db70752d003a0c4b4
2026-06-05T11:09:16.0233663Z ##[endgroup]
2026-06-05T11:09:16.0235211Z ##[group]Determining the checkout info
2026-06-05T11:09:16.0235982Z ##[endgroup]
2026-06-05T11:09:16.0237685Z [command]/usr/bin/git sparse-checkout disable
2026-06-05T11:09:16.0281901Z [command]/usr/bin/git config --local --unset-all extensions.worktreeConfig
2026-06-05T11:09:16.0310563Z ##[group]Checking out the ref
2026-06-05T11:09:16.0315297Z [command]/usr/bin/git checkout --progress --force -B master refs/remotes/origin/master
2026-06-05T11:09:16.5488683Z Reset branch 'master'
2026-06-05T11:09:16.5490584Z branch 'master' set up to track 'origin/master'.
2026-06-05T11:09:16.5510052Z ##[endgroup]
2026-06-05T11:09:16.5560830Z [command]/usr/bin/git log -1 --format=%H
2026-06-05T11:09:16.5589291Z 2ff20da8b40b79eb75b8df9db70752d003a0c4b4
2026-06-05T11:09:16.5881208Z ##[group]Run actions/download-artifact@3e5f45b2cfb9172054b4087a40e8e0b5a5461e7c
2026-06-05T11:09:16.5881663Z with:
2026-06-05T11:09:16.5881891Z   name: buildkit-freebsd-amd64
2026-06-05T11:09:16.5882143Z   path: ./bin
2026-06-05T11:09:16.5882804Z   merge-multiple: false
2026-06-05T11:09:16.5883077Z   repository: moby/buildkit
2026-06-05T11:09:16.5883313Z   run-id: 27011309106
2026-06-05T11:09:16.5883534Z   skip-decompress: false
2026-06-05T11:09:16.5883778Z   digest-mismatch: error
2026-06-05T11:09:16.5883994Z env:
2026-06-05T11:09:16.5884179Z   GO_VERSION: 1.26
2026-06-05T11:09:16.5884423Z   SETUP_BUILDX_VERSION: edge
2026-06-05T11:09:16.5884723Z   SETUP_BUILDKIT_IMAGE: moby/buildkit:latest
2026-06-05T11:09:16.5885006Z   DESTDIR: ./bin
2026-06-05T11:09:16.5885207Z   GOOS: freebsd
2026-06-05T11:09:16.5885450Z   VAGRANT_DISABLE_STRICT_DEPENDENCY_ENFORCEMENT: 1
2026-06-05T11:09:16.5885751Z ##[endgroup]
2026-06-05T11:09:16.7228798Z Downloading single artifact
2026-06-05T11:09:16.8398002Z Preparing to download the following artifacts:
2026-06-05T11:09:16.8399461Z - buildkit-freebsd-amd64 (ID: 7435091313, Size: 82300880, Expected Digest: sha256:071ee820281d833fdb57b8884b824b6a07b501ab6be42b6fc7045394a538afea)
2026-06-05T11:09:16.9800117Z Redirecting to blob download url: https://productionresultssa6.blob.core.windows.net/actions-results/e45f3d25-19f5-4c27-9497-c1e8b7d9cd28/workflow-job-run-27cf7e56-3aaf-5a25-a449-91a13d65c2f5/artifacts/bdfc01970194f905f4d036b1ad83b92dc3d591b8334c1703724f822b6d7fd976.zip
2026-06-05T11:09:16.9803161Z Starting download of artifact to: /home/runner/work/buildkit/buildkit/bin
2026-06-05T11:09:17.0969186Z (node:2033) [DEP0005] DeprecationWarning: Buffer() is deprecated due to security and usability issues. Please use the Buffer.alloc(), Buffer.allocUnsafe(), or Buffer.from() methods instead.
2026-06-05T11:09:17.0970893Z (Use `node --trace-deprecation ...` to show where the warning was created)
2026-06-05T11:09:18.7591546Z SHA256 digest of downloaded artifact is 071ee820281d833fdb57b8884b824b6a07b501ab6be42b6fc7045394a538afea
2026-06-05T11:09:18.7592169Z Artifact download completed successfully.
2026-06-05T11:09:18.7592765Z Total of 1 artifact(s) downloaded
2026-06-05T11:09:18.7600663Z Download artifact has finished successfully
2026-06-05T11:09:18.8326033Z ##[group]Run actions/cache@27d5ce7f107fe9357f9df03efb73ab90386fccae
2026-06-05T11:09:18.8326431Z with:
2026-06-05T11:09:18.8326647Z   path: ~/.vagrant.d/boxes
2026-06-05T11:09:18.8327064Z   key: Linux-vagrant-0bb2ae7d6686e10c4f7b0fb61669393d408d2bb036583f8397f1b6b1227b7259
2026-06-05T11:09:18.8327540Z   restore-keys: Linux-vagrant-

2026-06-05T11:09:18.8327809Z   enableCrossOsArchive: false
2026-06-05T11:09:18.8328070Z   fail-on-cache-miss: false
2026-06-05T11:09:18.8328308Z   lookup-only: false
2026-06-05T11:09:18.8328530Z   save-always: false
2026-06-05T11:09:18.8328759Z env:
2026-06-05T11:09:18.8328944Z   GO_VERSION: 1.26
2026-06-05T11:09:18.8329159Z   SETUP_BUILDX_VERSION: edge
2026-06-05T11:09:18.8329427Z   SETUP_BUILDKIT_IMAGE: moby/buildkit:latest
2026-06-05T11:09:18.8329709Z   DESTDIR: ./bin
2026-06-05T11:09:18.8329915Z   GOOS: freebsd
2026-06-05T11:09:18.8330159Z   VAGRANT_DISABLE_STRICT_DEPENDENCY_ENFORCEMENT: 1
2026-06-05T11:09:18.8330464Z ##[endgroup]
2026-06-05T11:09:19.0296455Z Cache hit for: Linux-vagrant-0bb2ae7d6686e10c4f7b0fb61669393d408d2bb036583f8397f1b6b1227b7259
2026-06-05T11:09:20.0920660Z Received 218103808 of 518159876 (42.1%), 208.2 MBs/sec
2026-06-05T11:09:21.1013514Z Received 465567744 of 518159876 (89.9%), 221.7 MBs/sec
2026-06-05T11:09:21.2909437Z Received 518159876 of 518159876 (100.0%), 224.8 MBs/sec
2026-06-05T11:09:21.2912794Z Cache Size: ~494 MB (518159876 B)
2026-06-05T11:09:21.3019126Z [command]/usr/bin/tar -xf /home/runner/work/_temp/8d3eac33-c8a0-40db-aee7-cc82c4790a21/cache.tzst -P -C /home/runner/work/buildkit/buildkit --use-compress-program unzstd
2026-06-05T11:09:22.0696547Z Cache restored successfully
2026-06-05T11:09:22.1878400Z Cache restored from key: Linux-vagrant-0bb2ae7d6686e10c4f7b0fb61669393d408d2bb036583f8397f1b6b1227b7259
2026-06-05T11:09:22.2040814Z ##[group]Run set -x
2026-06-05T11:09:22.2041155Z [36;1mset -x[0m
2026-06-05T11:09:22.2041914Z [36;1mwget -O - https://apt.releases.hashicorp.com/gpg | sudo gpg --dearmor -o /usr/share/keyrings/hashicorp-archive-keyring.gpg[0m
2026-06-05T11:09:22.2043738Z [36;1mecho "deb [arch=$(dpkg --print-architecture) signed-by=/usr/share/keyrings/hashicorp-archive-keyring.gpg] https://apt.releases.hashicorp.com $(lsb_release -cs) main" | sudo tee /etc/apt/sources.list.d/hashicorp.list[0m
2026-06-05T11:09:22.2044662Z [36;1msudo apt-get update[0m
2026-06-05T11:09:22.2045199Z [36;1msudo apt-get install -y libvirt-dev libvirt-daemon libvirt-daemon-system vagrant vagrant-libvirt ruby-libvirt[0m
2026-06-05T11:09:22.2045778Z [36;1msudo systemctl enable --now libvirtd[0m
2026-06-05T11:09:22.2046144Z [36;1msudo chmod a+rw /var/run/libvirt/libvirt-sock[0m
2026-06-05T11:09:22.2046503Z [36;1mvagrant plugin install vagrant-libvirt[0m
2026-06-05T11:09:22.2046862Z [36;1mvagrant --version[0m
2026-06-05T11:09:22.2218277Z shell: /usr/bin/bash -e {0}
2026-06-05T11:09:22.2218608Z env:
2026-06-05T11:09:22.2218850Z   GO_VERSION: 1.26
2026-06-05T11:09:22.2219128Z   SETUP_BUILDX_VERSION: edge
2026-06-05T11:09:22.2219483Z   SETUP_BUILDKIT_IMAGE: moby/buildkit:latest
2026-06-05T11:09:22.2219857Z   DESTDIR: ./bin
2026-06-05T11:09:22.2220108Z   GOOS: freebsd
2026-06-05T11:09:22.2220422Z   VAGRANT_DISABLE_STRICT_DEPENDENCY_ENFORCEMENT: 1
2026-06-05T11:09:22.2220798Z ##[endgroup]
2026-06-05T11:09:22.2318215Z + wget -O - https://apt.releases.hashicorp.com/gpg
2026-06-05T11:09:22.2319369Z + sudo gpg --dearmor -o /usr/share/keyrings/hashicorp-archive-keyring.gpg
2026-06-05T11:09:22.2635394Z --2026-06-05 11:09:22--  https://apt.releases.hashicorp.com/gpg
2026-06-05T11:09:22.2847009Z Resolving apt.releases.hashicorp.com (apt.releases.hashicorp.com)... 143.204.204.26, 143.204.204.95, 143.204.204.40, ...
2026-06-05T11:09:22.3020445Z Connecting to apt.releases.hashicorp.com (apt.releases.hashicorp.com)|143.204.204.26|:443... connected.
2026-06-05T11:09:22.3571503Z HTTP request sent, awaiting response... 200 OK
2026-06-05T11:09:22.3572506Z Length: 3980 (3.9K) [binary/octet-stream]
2026-06-05T11:09:22.3573751Z Saving to: ‘STDOUT’
2026-06-05T11:09:22.3574461Z 
2026-06-05T11:09:22.3574769Z      0K ...                                                   100% 2.47G=0s
2026-06-05T11:09:22.3575279Z 
2026-06-05T11:09:22.3575640Z 2026-06-05 11:09:22 (2.47 GB/s) - written to stdout [3980/3980]
2026-06-05T11:09:22.3576085Z 
2026-06-05T11:09:22.3594669Z + sudo tee /etc/apt/sources.list.d/hashicorp.list
2026-06-05T11:09:22.3595652Z ++ dpkg --print-architecture
2026-06-05T11:09:22.3615510Z ++ lsb_release -cs
2026-06-05T11:09:22.3899188Z + echo 'deb [arch=amd64 signed-by=/usr/share/keyrings/hashicorp-archive-keyring.gpg] https://apt.releases.hashicorp.com jammy main'
2026-06-05T11:09:22.3900843Z deb [arch=amd64 signed-by=/usr/share/keyrings/hashicorp-archive-keyring.gpg] https://apt.releases.hashicorp.com jammy main
2026-06-05T11:09:22.3912719Z + sudo apt-get update
2026-06-05T11:09:22.5133545Z Get:1 file:/etc/apt/apt-mirrors.txt Mirrorlist [144 B]
2026-06-05T11:09:22.5777052Z Hit:2 http://azure.archive.ubuntu.com/ubuntu jammy InRelease
2026-06-05T11:09:22.5786052Z Get:6 https://packages.microsoft.com/repos/azure-cli jammy InRelease [3596 B]
2026-06-05T11:09:22.5797432Z Get:7 https://packages.microsoft.com/ubuntu/22.04/prod jammy InRelease [3632 B]
2026-06-05T11:09:22.5820961Z Get:8 https://dl.google.com/linux/chrome-stable/deb stable InRelease [1825 B]
2026-06-05T11:09:22.5844023Z Get:3 http://azure.archive.ubuntu.com/ubuntu jammy-updates InRelease [128 kB]
2026-06-05T11:09:22.5916503Z Get:4 http://azure.archive.ubuntu.com/ubuntu jammy-backports InRelease [127 kB]
2026-06-05T11:09:22.5934788Z Get:5 http://azure.archive.ubuntu.com/ubuntu jammy-security InRelease [129 kB]
2026-06-05T11:09:22.6106267Z Get:9 https://apt.releases.hashicorp.com jammy InRelease [12.9 kB]
2026-06-05T11:09:22.7324565Z Get:10 https://packages.microsoft.com/repos/azure-cli jammy/main amd64 Packages [3325 B]
2026-06-05T11:09:22.7746763Z Get:11 https://packages.microsoft.com/ubuntu/22.04/prod jammy/main arm64 Packages [197 kB]
2026-06-05T11:09:22.7794595Z Get:12 https://packages.microsoft.com/ubuntu/22.04/prod jammy/main amd64 Packages [386 kB]
2026-06-05T11:09:22.7836958Z Get:13 https://packages.microsoft.com/ubuntu/22.04/prod jammy/main armhf Packages [21.9 kB]
2026-06-05T11:09:22.8342467Z Get:14 https://dl.google.com/linux/chrome-stable/deb stable/main amd64 Packages [1211 B]
2026-06-05T11:09:22.8992483Z Get:15 http://azure.archive.ubuntu.com/ubuntu jammy-updates/main amd64 Packages [3565 kB]
2026-06-05T11:09:22.9206407Z Get:16 http://azure.archive.ubuntu.com/ubuntu jammy-updates/main Translation-en [534 kB]
2026-06-05T11:09:22.9264493Z Get:17 http://azure.archive.ubuntu.com/ubuntu jammy-updates/main amd64 c-n-f Metadata [19.9 kB]
2026-06-05T11:09:22.9296281Z Get:18 http://azure.archive.ubuntu.com/ubuntu jammy-updates/restricted amd64 Packages [6082 kB]
2026-06-05T11:09:22.9859329Z Get:19 http://azure.archive.ubuntu.com/ubuntu jammy-updates/restricted Translation-en [1161 kB]
2026-06-05T11:09:22.9924953Z Get:20 http://azure.archive.ubuntu.com/ubuntu jammy-updates/restricted amd64 c-n-f Metadata [584 B]
2026-06-05T11:09:22.9953250Z Get:21 http://azure.archive.ubuntu.com/ubuntu jammy-updates/universe amd64 Packages [1273 kB]
2026-06-05T11:09:23.0034966Z Get:22 http://azure.archive.ubuntu.com/ubuntu jammy-updates/universe Translation-en [318 kB]
2026-06-05T11:09:23.0047935Z Get:23 http://azure.archive.ubuntu.com/ubuntu jammy-updates/universe amd64 c-n-f Metadata [30.6 kB]
2026-06-05T11:09:23.0056134Z Get:24 http://azure.archive.ubuntu.com/ubuntu jammy-updates/multiverse amd64 c-n-f Metadata [756 B]
2026-06-05T11:09:23.1487129Z Get:25 http://azure.archive.ubuntu.com/ubuntu jammy-security/main amd64 Packages [3291 kB]
2026-06-05T11:09:23.1644404Z Get:26 http://azure.archive.ubuntu.com/ubuntu jammy-security/main Translation-en [462 kB]
2026-06-05T11:09:23.1672678Z Get:27 http://azure.archive.ubuntu.com/ubuntu jammy-security/main amd64 c-n-f Metadata [14.4 kB]
2026-06-05T11:09:23.1681324Z Get:28 http://azure.archive.ubuntu.com/ubuntu jammy-security/restricted amd64 Packages [5862 kB]
2026-06-05T11:09:23.1729175Z Get:35 https://apt.releases.hashicorp.com jammy/main amd64 Packages [238 kB]
2026-06-05T11:09:23.2018885Z Get:29 http://azure.archive.ubuntu.com/ubuntu jammy-security/restricted Translation-en [1121 kB]
2026-06-05T11:09:23.2093588Z Get:30 http://azure.archive.ubuntu.com/ubuntu jammy-security/restricted amd64 c-n-f Metadata [600 B]
2026-06-05T11:09:23.2135135Z Get:31 http://azure.archive.ubuntu.com/ubuntu jammy-security/universe amd64 Packages [1035 kB]
2026-06-05T11:09:23.2186791Z Get:32 http://azure.archive.ubuntu.com/ubuntu jammy-security/universe Translation-en [229 kB]
2026-06-05T11:09:23.2207810Z Get:33 http://azure.archive.ubuntu.com/ubuntu jammy-security/universe amd64 c-n-f Metadata [22.9 kB]
2026-06-05T11:09:23.2213761Z Get:34 http://azure.archive.ubuntu.com/ubuntu jammy-security/multiverse amd64 c-n-f Metadata [544 B]
2026-06-05T11:09:30.9353231Z Fetched 26.3 MB in 3s (8473 kB/s)
2026-06-05T11:09:31.9298986Z Reading package lists...
2026-06-05T11:09:31.9415454Z + sudo apt-get install -y libvirt-dev libvirt-daemon libvirt-daemon-system vagrant vagrant-libvirt ruby-libvirt
2026-06-05T11:09:31.9924624Z Reading package lists...
2026-06-05T11:09:32.1913846Z Building dependency tree...
2026-06-05T11:09:32.1925236Z Reading state information...
2026-06-05T11:09:32.3541853Z The following additional packages will be installed:
2026-06-05T11:09:32.3543074Z   attr augeas-lenses bsdmainutils cpu-checker db-util db5.3-util debootstrap
2026-06-05T11:09:32.3544014Z   exfatprogs extlinux f2fs-tools fonts-droid-fallback fonts-noto-mono
2026-06-05T11:09:32.3544887Z   fonts-urw-base35 ghostscript gstreamer1.0-plugins-base
2026-06-05T11:09:32.3545835Z   gstreamer1.0-plugins-good gstreamer1.0-x guestfish guestfs-tools guestmount
2026-06-05T11:09:32.3547397Z   hfsplus ibverbs-providers icoutils ipxe-qemu ipxe-qemu-256k-compat-efi-roms
2026-06-05T11:09:32.3548365Z   ldmtool libaa1 libafflib0v5 libasyncns0 libaugeas0 libauthen-sasl-perl
2026-06-05T11:09:32.3549230Z   libavc1394-0 libbfio1 libboost-iostreams1.74.0 libboost-thread1.74.0
2026-06-05T11:09:32.3550192Z   libbrlapi0.8 libcaca0 libcacard0 libcdparanoia0 libconfig9 libdata-dump-perl
2026-06-05T11:09:32.3551367Z   libdate-manip-perl libdaxctl1 libdecor-0-0 libdecor-0-plugin-1-cairo libdv4
2026-06-05T11:09:32.3552821Z   libewf2 libfdt1 libfile-listing-perl libflac8 libfont-afm-perl libfuse2
2026-06-05T11:09:32.3553869Z   libgfapi0 libgfrpc0 libgfxdr0 libglusterfs0 libgs9 libgs9-common
2026-06-05T11:09:32.3554701Z   libgstreamer-plugins-base1.0-0 libgstreamer-plugins-good1.0-0
2026-06-05T11:09:32.3555208Z   libguestfs-hfsplus libguestfs-perl libguestfs-reiserfs libguestfs-tools
2026-06-05T11:09:32.3555711Z   libguestfs-xfs libguestfs0 libhfsp0 libhivex0 libhtml-form-perl
2026-06-05T11:09:32.3556170Z   libhtml-format-perl libhtml-tree-perl libhttp-cookies-perl
2026-06-05T11:09:32.3556617Z   libhttp-daemon-perl libhttp-negotiate-perl libibverbs1 libidn12
2026-06-05T11:09:32.3557184Z   libiec61883-0 libijs-0.35 libio-socket-ssl-perl libiscsi7 libjack-jackd2-0
2026-06-05T11:09:32.3558104Z   libjbig2dec0 libldm-1.0-0 liblwp-protocol-https-perl libmailtools-perl
2026-06-05T11:09:32.3559011Z   libmp3lame0 libmpg123-0 libndctl6 libnet-http-perl libnet-smtp-ssl-perl
2026-06-05T11:09:32.3559851Z   libnet-ssleay-perl libnetpbm10 libnfsidmap1 libnl-route-3-200
2026-06-05T11:09:32.3560927Z   libnss-mymachines libopus0 liborc-0.4-0 libpcsclite1 libpmem1 libpmemobj1
2026-06-05T11:09:32.3561591Z   libpulse0 librados2 libraw1394-11 librbd1 librdmacm1 libsamplerate0
2026-06-05T11:09:32.3562053Z   libsdl2-2.0-0 libshout3 libsndfile1 libspeex1 libspice-server1
2026-06-05T11:09:32.3562783Z   libstring-shellquote-perl libsys-virt-perl libtag1v5 libtag1v5-vanilla
2026-06-05T11:09:32.3563293Z   libtheora0 libtpms0 libtry-tiny-perl libtsk19 libtwolame0 liburing2
2026-06-05T11:09:32.3563907Z   libusbredirparser1 libv4l-0 libv4lconvert0 libvhdi1 libvirglrenderer1
2026-06-05T11:09:32.3564461Z   libvirt-clients libvirt-daemon-config-network libvirt-daemon-config-nwfilter
2026-06-05T11:09:32.3564988Z   libvirt-daemon-driver-qemu libvirt-daemon-system-systemd libvirt0
2026-06-05T11:09:32.3565782Z   libvisual-0.4-0 libvmdk1 libvorbisenc2 libvpx7 libvte-2.91-0
2026-06-05T11:09:32.3566250Z   libvte-2.91-common libwavpack1 libwin-hivex-perl libwww-perl
2026-06-05T11:09:32.3566706Z   libwww-robotrules-perl libxen-dev libxencall1 libxendevicemodel1
2026-06-05T11:09:32.3567232Z   libxenevtchn1 libxenforeignmemory1 libxengnttab1 libxenhypfs1 libxenmisc4.16
2026-06-05T11:09:32.3567751Z   libxenstore4 libxentoolcore1 libxentoollog1 libxml-parser-perl
2026-06-05T11:09:32.3568227Z   libxml-xpath-perl libxml2-utils libxv1 libyara8 lzop mdevctl msr-tools
2026-06-05T11:09:32.3568709Z   mtools ncal netpbm nfs-common nfs-kernel-server osinfo-db ovmf
2026-06-05T11:09:32.3569195Z   perl-openssl-defaults poppler-data qemu-block-extra qemu-system-common
2026-06-05T11:09:32.3569683Z   qemu-system-data qemu-system-gui qemu-system-x86 qemu-utils racc
2026-06-05T11:09:32.3570185Z   reiserfsprogs rpcbind ruby-bcrypt-pbkdf ruby-builder ruby-ed25519 ruby-excon
2026-06-05T11:09:32.3570730Z   ruby-fog-core ruby-fog-json ruby-fog-libvirt ruby-fog-xml ruby-formatador
2026-06-05T11:09:32.3571247Z   ruby-mime-types ruby-mime-types-data ruby-mini-portile2 ruby-multi-json
2026-06-05T11:09:32.3571845Z   ruby-net-scp ruby-net-ssh ruby-nokogiri ruby-oj ruby-pkg-config scrub
2026-06-05T11:09:32.3572556Z   seabios sleuthkit supermin swtpm swtpm-tools syslinux syslinux-common
2026-06-05T11:09:32.3572964Z   systemd-container virt-p2v
2026-06-05T11:09:32.3573246Z Suggested packages:
2026-06-05T11:09:32.3573580Z   augeas-doc calendar whois vacation mailutils squid-deb-proxy-client
2026-06-05T11:09:32.3574049Z   debian-archive-keyring arch-test fonts-noto fonts-freefont-otf
2026-06-05T11:09:32.3574671Z   | fonts-freefont-ttf fonts-texgyre ghostscript-x gvfs
2026-06-05T11:09:32.3575130Z   libterm-readline-gnu-perl | libterm-readline-perl-perl augeas-tools
2026-06-05T11:09:32.3575595Z   libdigest-hmac-perl libgssapi-perl libdv-bin oss-compat
2026-06-05T11:09:32.3576051Z   libvisual-0.4-plugins libguestfs-gfs2 libguestfs-jfs libguestfs-nilfs
2026-06-05T11:09:32.3576509Z   libguestfs-rescue libguestfs-rsync libguestfs-zfs jackd2
2026-06-05T11:09:32.3576970Z   libcrypt-ssleay-perl opus-tools pcscd pulseaudio libraw1394-doc speex
2026-06-05T11:09:32.3577553Z   gstreamer1.0-libav gstreamer1.0-plugins-ugly libsub-name-perl
2026-06-05T11:09:32.3577996Z   libvirt-login-shell libvirt-daemon-driver-storage-gluster
2026-06-05T11:09:32.3578517Z   libvirt-daemon-driver-storage-iscsi-direct libvirt-daemon-driver-storage-rbd
2026-06-05T11:09:32.3579047Z   libvirt-daemon-driver-storage-zfs libvirt-daemon-driver-lxc
2026-06-05T11:09:32.3579545Z   libvirt-daemon-driver-vbox libvirt-daemon-driver-xen numad auditd pm-utils
2026-06-05T11:09:32.3580088Z   systemtap zfsutils libauthen-ntlm-perl floppyd watchdog poppler-utils
2026-06-05T11:09:32.3580576Z   fonts-japanese-mincho | fonts-ipafont-mincho fonts-japanese-gothic
2026-06-05T11:09:32.3581075Z   | fonts-ipafont-gothic fonts-arphic-ukai fonts-arphic-uming fonts-nanum
2026-06-05T11:09:32.3581543Z   samba vde2 ruby-activesupport autopsy mac-robber trousers
2026-06-05T11:09:32.3581892Z Recommended packages:
2026-06-05T11:09:32.3582133Z   linux-image-amd64
2026-06-05T11:09:32.4326494Z The following NEW packages will be installed:
2026-06-05T11:09:32.4327461Z   attr augeas-lenses bsdmainutils cpu-checker db-util db5.3-util debootstrap
2026-06-05T11:09:32.4328441Z   exfatprogs extlinux f2fs-tools fonts-droid-fallback fonts-noto-mono
2026-06-05T11:09:32.4329244Z   fonts-urw-base35 ghostscript gstreamer1.0-plugins-base
2026-06-05T11:09:32.4330110Z   gstreamer1.0-plugins-good gstreamer1.0-x guestfish guestfs-tools guestmount
2026-06-05T11:09:32.4331160Z   hfsplus ibverbs-providers icoutils ipxe-qemu ipxe-qemu-256k-compat-efi-roms
2026-06-05T11:09:32.4332114Z   ldmtool libaa1 libafflib0v5 libasyncns0 libaugeas0 libauthen-sasl-perl
2026-06-05T11:09:32.4334284Z   libavc1394-0 libbfio1 libboost-iostreams1.74.0 libboost-thread1.74.0
2026-06-05T11:09:32.4335574Z   libbrlapi0.8 libcaca0 libcacard0 libcdparanoia0 libconfig9 libdata-dump-perl
2026-06-05T11:09:32.4336562Z   libdate-manip-perl libdaxctl1 libdecor-0-0 libdecor-0-plugin-1-cairo libdv4
2026-06-05T11:09:32.4337490Z   libewf2 libfdt1 libfile-listing-perl libflac8 libfont-afm-perl libfuse2
2026-06-05T11:09:32.4338335Z   libgfapi0 libgfrpc0 libgfxdr0 libglusterfs0 libgs9 libgs9-common
2026-06-05T11:09:32.4339154Z   libgstreamer-plugins-base1.0-0 libgstreamer-plugins-good1.0-0
2026-06-05T11:09:32.4339942Z   libguestfs-hfsplus libguestfs-perl libguestfs-reiserfs libguestfs-tools
2026-06-05T11:09:32.4340468Z   libguestfs-xfs libguestfs0 libhfsp0 libhivex0 libhtml-form-perl
2026-06-05T11:09:32.4340922Z   libhtml-format-perl libhtml-tree-perl libhttp-cookies-perl
2026-06-05T11:09:32.4341462Z   libhttp-daemon-perl libhttp-negotiate-perl libibverbs1 libidn12
2026-06-05T11:09:32.4341965Z   libiec61883-0 libijs-0.35 libio-socket-ssl-perl libiscsi7 libjack-jackd2-0
2026-06-05T11:09:32.4342784Z   libjbig2dec0 libldm-1.0-0 liblwp-protocol-https-perl libmailtools-perl
2026-06-05T11:09:32.4343340Z   libmp3lame0 libmpg123-0 libndctl6 libnet-http-perl libnet-smtp-ssl-perl
2026-06-05T11:09:32.4343862Z   libnet-ssleay-perl libnetpbm10 libnfsidmap1 libnl-route-3-200
2026-06-05T11:09:32.4344361Z   libnss-mymachines libopus0 liborc-0.4-0 libpcsclite1 libpmem1 libpmemobj1
2026-06-05T11:09:32.4344880Z   libpulse0 librados2 libraw1394-11 librbd1 librdmacm1 libsamplerate0
2026-06-05T11:09:32.4345346Z   libsdl2-2.0-0 libshout3 libsndfile1 libspeex1 libspice-server1
2026-06-05T11:09:32.4345834Z   libstring-shellquote-perl libsys-virt-perl libtag1v5 libtag1v5-vanilla
2026-06-05T11:09:32.4346353Z   libtheora0 libtpms0 libtry-tiny-perl libtsk19 libtwolame0 liburing2
2026-06-05T11:09:32.4347062Z   libusbredirparser1 libv4l-0 libv4lconvert0 libvhdi1 libvirglrenderer1
2026-06-05T11:09:32.4347556Z   libvirt-clients libvirt-daemon libvirt-daemon-config-network
2026-06-05T11:09:32.4348004Z   libvirt-daemon-config-nwfilter libvirt-daemon-driver-qemu
2026-06-05T11:09:32.4348493Z   libvirt-daemon-system libvirt-daemon-system-systemd libvirt-dev libvirt0
2026-06-05T11:09:32.4348973Z   libvisual-0.4-0 libvmdk1 libvorbisenc2 libvpx7 libvte-2.91-0
2026-06-05T11:09:32.4349406Z   libvte-2.91-common libwavpack1 libwin-hivex-perl libwww-perl
2026-06-05T11:09:32.4349846Z   libwww-robotrules-perl libxen-dev libxencall1 libxendevicemodel1
2026-06-05T11:09:32.4350352Z   libxenevtchn1 libxenforeignmemory1 libxengnttab1 libxenhypfs1 libxenmisc4.16
2026-06-05T11:09:32.4350854Z   libxenstore4 libxentoolcore1 libxentoollog1 libxml-parser-perl
2026-06-05T11:09:32.4351337Z   libxml-xpath-perl libxml2-utils libxv1 libyara8 lzop mdevctl msr-tools
2026-06-05T11:09:32.4351804Z   mtools ncal netpbm nfs-common nfs-kernel-server osinfo-db ovmf
2026-06-05T11:09:32.4352530Z   perl-openssl-defaults poppler-data qemu-block-extra qemu-system-common
2026-06-05T11:09:32.4353048Z   qemu-system-data qemu-system-gui qemu-system-x86 qemu-utils racc
2026-06-05T11:09:32.4353557Z   reiserfsprogs rpcbind ruby-bcrypt-pbkdf ruby-builder ruby-ed25519 ruby-excon
2026-06-05T11:09:32.4354087Z   ruby-fog-core ruby-fog-json ruby-fog-libvirt ruby-fog-xml ruby-formatador
2026-06-05T11:09:32.4354595Z   ruby-libvirt ruby-mime-types ruby-mime-types-data ruby-mini-portile2
2026-06-05T11:09:32.4355060Z   ruby-multi-json ruby-net-scp ruby-net-ssh ruby-nokogiri ruby-oj
2026-06-05T11:09:32.4355547Z   ruby-pkg-config scrub seabios sleuthkit supermin swtpm swtpm-tools syslinux
2026-06-05T11:09:32.4356072Z   syslinux-common systemd-container vagrant vagrant-libvirt virt-p2v
2026-06-05T11:09:32.4609228Z 0 upgraded, 213 newly installed, 0 to remove and 79 not upgraded.
2026-06-05T11:09:32.4609917Z Need to get 180 MB of archives.
2026-06-05T11:09:32.4610498Z After this operation, 619 MB of additional disk space will be used.
2026-06-05T11:09:32.4610932Z Get:1 file:/etc/apt/apt-mirrors.txt Mirrorlist [144 B]
2026-06-05T11:09:32.4951982Z Get:2 http://azure.archive.ubuntu.com/ubuntu jammy/main amd64 fonts-droid-fallback all 1:6.0.1r16-1.1build1 [1805 kB]
2026-06-05T11:09:32.5154026Z Get:3 http://azure.archive.ubuntu.com/ubuntu jammy-updates/main amd64 libnfsidmap1 amd64 1:2.6.1-1ubuntu1.2 [42.9 kB]
2026-06-05T11:09:32.5241583Z Get:4 http://azure.archive.ubuntu.com/ubuntu jammy/main amd64 rpcbind amd64 1.2.6-2build1 [46.6 kB]
2026-06-05T11:09:32.5319332Z Get:5 http://azure.archive.ubuntu.com/ubuntu jammy-updates/main amd64 nfs-common amd64 1:2.6.1-1ubuntu1.2 [241 kB]
2026-06-05T11:09:32.5417165Z Get:6 http://azure.archive.ubuntu.com/ubuntu jammy/main amd64 poppler-data all 0.4.11-1 [2171 kB]
2026-06-05T11:09:32.5779232Z Get:7 http://azure.archive.ubuntu.com/ubuntu jammy/main amd64 attr amd64 1:2.5.1-1build1 [22.6 kB]
2026-06-05T11:09:32.5854238Z Get:8 http://azure.archive.ubuntu.com/ubuntu jammy/universe amd64 augeas-lenses all 1.13.0-1 [321 kB]
2026-06-05T11:09:32.5966326Z Get:9 http://azure.archive.ubuntu.com/ubuntu jammy/universe amd64 ncal amd64 12.1.7+nmu3ubuntu2 [20.2 kB]
2026-06-05T11:09:32.6039754Z Get:10 http://azure.archive.ubuntu.com/ubuntu jammy/universe amd64 bsdmainutils all 12.1.7+nmu3ubuntu2 [3170 B]
2026-06-05T11:09:32.6111497Z Get:11 http://azure.archive.ubuntu.com/ubuntu jammy/main amd64 msr-tools amd64 1.3-4 [10.3 kB]
2026-06-05T11:09:32.6186072Z Get:12 http://azure.archive.ubuntu.com/ubuntu jammy/main amd64 cpu-checker amd64 0.7-1.3build1 [6800 B]
2026-06-05T11:09:32.6260611Z Get:13 http://azure.archive.ubuntu.com/ubuntu jammy/main amd64 db5.3-util amd64 5.3.28+dfsg1-0.8ubuntu3 [65.5 kB]
2026-06-05T11:09:32.6338340Z Get:14 http://azure.archive.ubuntu.com/ubuntu jammy-updates/universe amd64 exfatprogs amd64 1.1.3-1ubuntu0.1 [40.5 kB]
2026-06-05T11:09:32.6416800Z Get:15 http://azure.archive.ubuntu.com/ubuntu jammy/universe amd64 extlinux amd64 3:6.04~git20190206.bf6db5b4+dfsg1-3ubuntu1 [151 kB]
2026-06-05T11:09:32.6684166Z Get:16 http://azure.archive.ubuntu.com/ubuntu jammy/universe amd64 f2fs-tools amd64 1.14.0-2build1 [169 kB]
2026-06-05T11:09:32.6713934Z Get:214 https://apt.releases.hashicorp.com jammy/main amd64 vagrant amd64 2.4.9-1 [90.6 MB]
2026-06-05T11:09:32.6777982Z Get:17 http://azure.archive.ubuntu.com/ubuntu jammy/main amd64 fonts-noto-mono all 20201225-1build1 [397 kB]
2026-06-05T11:09:32.6916676Z Get:18 http://azure.archive.ubuntu.com/ubuntu jammy/main amd64 fonts-urw-base35 all 20200910-1 [6367 kB]
2026-06-05T11:09:32.8017668Z Get:19 http://azure.archive.ubuntu.com/ubuntu jammy-updates/main amd64 libgs9-common all 9.55.0~dfsg1-0ubuntu5.13 [753 kB]
2026-06-05T11:09:32.8671347Z Get:20 http://azure.archive.ubuntu.com/ubuntu jammy-updates/main amd64 libidn12 amd64 1.38-4ubuntu1 [60.0 kB]
2026-06-05T11:09:32.8753196Z Get:21 http://azure.archive.ubuntu.com/ubuntu jammy/main amd64 libijs-0.35 amd64 0.35-15build2 [16.5 kB]
2026-06-05T11:09:32.8841114Z Get:22 http://azure.archive.ubuntu.com/ubuntu jammy/main amd64 libjbig2dec0 amd64 0.19-3build2 [64.7 kB]
2026-06-05T11:09:32.8947320Z Get:23 http://azure.archive.ubuntu.com/ubuntu jammy-updates/main amd64 libgs9 amd64 9.55.0~dfsg1-0ubuntu5.13 [5032 kB]
2026-06-05T11:09:33.0071282Z Get:24 http://azure.archive.ubuntu.com/ubuntu jammy-updates/main amd64 ghostscript amd64 9.55.0~dfsg1-0ubuntu5.13 [49.4 kB]
2026-06-05T11:09:33.0150640Z Get:25 http://azure.archive.ubuntu.com/ubuntu jammy/main amd64 libcdparanoia0 amd64 3.10.2+debian-14build2 [49.3 kB]
2026-06-05T11:09:33.0230571Z Get:26 http://azure.archive.ubuntu.com/ubuntu jammy-updates/main amd64 liborc-0.4-0 amd64 1:0.4.32-2ubuntu0.1 [228 kB]
2026-06-05T11:09:33.0483749Z Get:27 http://azure.archive.ubuntu.com/ubuntu jammy-updates/main amd64 libgstreamer-plugins-base1.0-0 amd64 1.20.1-1ubuntu0.6 [848 kB]
2026-06-05T11:09:33.0737920Z Get:28 http://azure.archive.ubuntu.com/ubuntu jammy/main amd64 libopus0 amd64 1.3.1-0.1build2 [203 kB]
2026-06-05T11:09:33.0848277Z Get:29 http://azure.archive.ubuntu.com/ubuntu jammy/main amd64 libtheora0 amd64 1.1.1+dfsg.1-15ubuntu4 [209 kB]
2026-06-05T11:09:33.0965325Z Get:30 http://azure.archive.ubuntu.com/ubuntu jammy/main amd64 libvisual-0.4-0 amd64 0.4.0-17build2 [108 kB]
2026-06-05T11:09:33.1056134Z Get:31 http://azure.archive.ubuntu.com/ubuntu jammy/main amd64 libvorbisenc2 amd64 1.3.7-1build2 [82.6 kB]
2026-06-05T11:09:33.1160408Z Get:32 http://azure.archive.ubuntu.com/ubuntu jammy-updates/main amd64 gstreamer1.0-plugins-base amd64 1.20.1-1ubuntu0.6 [712 kB]
2026-06-05T11:09:33.1372786Z Get:33 http://azure.archive.ubuntu.com/ubuntu jammy/main amd64 libaa1 amd64 1.4p5-50build1 [51.9 kB]
2026-06-05T11:09:33.1469685Z Get:34 http://azure.archive.ubuntu.com/ubuntu jammy/main amd64 libraw1394-11 amd64 2.1.2-2build2 [27.0 kB]
2026-06-05T11:09:33.1545355Z Get:35 http://azure.archive.ubuntu.com/ubuntu jammy/main amd64 libavc1394-0 amd64 0.5.4-5build2 [17.0 kB]
2026-06-05T11:09:33.1623752Z Get:36 http://azure.archive.ubuntu.com/ubuntu jammy-updates/main amd64 libcaca0 amd64 0.99.beta19-2.2ubuntu4.2 [224 kB]
2026-06-05T11:09:33.1742169Z Get:37 http://azure.archive.ubuntu.com/ubuntu jammy/main amd64 libdv4 amd64 1.0.0-14build1 [61.9 kB]
2026-06-05T11:09:33.1825803Z Get:38 http://azure.archive.ubuntu.com/ubuntu jammy-updates/main amd64 libflac8 amd64 1.3.3-2ubuntu0.2 [111 kB]
2026-06-05T11:09:33.2355071Z Get:39 http://azure.archive.ubuntu.com/ubuntu jammy-updates/main amd64 libgstreamer-plugins-good1.0-0 amd64 1.20.3-0ubuntu1.6 [30.4 kB]
2026-06-05T11:09:33.2439247Z Get:40 http://azure.archive.ubuntu.com/ubuntu jammy/main amd64 libiec61883-0 amd64 1.2.0-4build3 [25.9 kB]
2026-06-05T11:09:33.2521435Z Get:41 http://azure.archive.ubuntu.com/ubuntu jammy/main amd64 libsamplerate0 amd64 0.2.2-1build1 [1359 kB]
2026-06-05T11:09:33.2772064Z Get:42 http://azure.archive.ubuntu.com/ubuntu jammy/main amd64 libjack-jackd2-0 amd64 1.9.20~dfsg-1 [293 kB]
2026-06-05T11:09:33.2878168Z Get:43 http://azure.archive.ubuntu.com/ubuntu jammy/main amd64 libmp3lame0 amd64 3.100-3build2 [141 kB]
2026-06-05T11:09:33.2962666Z Get:44 http://azure.archive.ubuntu.com/ubuntu jammy-updates/main amd64 libmpg123-0 amd64 1.29.3-1ubuntu0.1 [172 kB]
2026-06-05T11:09:33.3047241Z Get:45 http://azure.archive.ubuntu.com/ubuntu jammy/main amd64 libasyncns0 amd64 0.8-6build2 [12.8 kB]
2026-06-05T11:09:33.3121776Z Get:46 http://azure.archive.ubuntu.com/ubuntu jammy-updates/main amd64 libsndfile1 amd64 1.0.31-2ubuntu0.2 [196 kB]
2026-06-05T11:09:33.3219533Z Get:47 http://azure.archive.ubuntu.com/ubuntu jammy-updates/main amd64 libpulse0 amd64 1:15.99.1+dfsg1-1ubuntu2.2 [298 kB]
2026-06-05T11:09:33.3366957Z Get:48 http://azure.archive.ubuntu.com/ubuntu jammy/main amd64 libspeex1 amd64 1.2~rc1.2-1.1ubuntu3 [57.9 kB]
2026-06-05T11:09:33.3449159Z Get:49 http://azure.archive.ubuntu.com/ubuntu jammy/main amd64 libshout3 amd64 2.4.5-1build3 [54.5 kB]
2026-06-05T11:09:33.3532595Z Get:50 http://azure.archive.ubuntu.com/ubuntu jammy/main amd64 libtag1v5-vanilla amd64 1.11.1+dfsg.1-3ubuntu3 [304 kB]
2026-06-05T11:09:33.3709626Z Get:51 http://azure.archive.ubuntu.com/ubuntu jammy/main amd64 libtag1v5 amd64 1.11.1+dfsg.1-3ubuntu3 [11.5 kB]
2026-06-05T11:09:33.3790137Z Get:52 http://azure.archive.ubuntu.com/ubuntu jammy/main amd64 libtwolame0 amd64 0.4.0-2build2 [52.5 kB]
2026-06-05T11:09:33.3876826Z Get:53 http://azure.archive.ubuntu.com/ubuntu jammy/main amd64 libv4lconvert0 amd64 1.22.1-2build1 [82.4 kB]
2026-06-05T11:09:33.3969850Z Get:54 http://azure.archive.ubuntu.com/ubuntu jammy/main amd64 libv4l-0 amd64 1.22.1-2build1 [44.9 kB]
2026-06-05T11:09:33.4055441Z Get:55 http://azure.archive.ubuntu.com/ubuntu jammy-updates/main amd64 libvpx7 amd64 1.11.0-2ubuntu2.5 [1078 kB]
2026-06-05T11:09:33.4373690Z Get:56 http://azure.archive.ubuntu.com/ubuntu jammy/main amd64 libwavpack1 amd64 5.4.0-1build2 [83.7 kB]
2026-06-05T11:09:33.4872632Z Get:57 http://azure.archive.ubuntu.com/ubuntu jammy-updates/main amd64 gstreamer1.0-plugins-good amd64 1.20.3-0ubuntu1.6 [2006 kB]
2026-06-05T11:09:33.5302794Z Get:58 http://azure.archive.ubuntu.com/ubuntu jammy/main amd64 libxv1 amd64 2:1.0.11-1build2 [11.2 kB]
2026-06-05T11:09:33.5377793Z Get:59 http://azure.archive.ubuntu.com/ubuntu jammy-updates/main amd64 gstreamer1.0-x amd64 1.20.1-1ubuntu0.6 [85.1 kB]
2026-06-05T11:09:33.5463549Z Get:60 http://azure.archive.ubuntu.com/ubuntu jammy/universe amd64 libaugeas0 amd64 1.13.0-1 [200 kB]
2026-06-05T11:09:33.5557912Z Get:61 http://azure.archive.ubuntu.com/ubuntu jammy/universe amd64 libfuse2 amd64 2.9.9-5ubuntu3 [90.3 kB]
2026-06-05T11:09:33.5674285Z Get:62 http://azure.archive.ubuntu.com/ubuntu jammy/universe amd64 libhivex0 amd64 1.3.21-1ubuntu5 [26.0 kB]
2026-06-05T11:09:33.5731183Z Get:63 http://azure.archive.ubuntu.com/ubuntu jammy/universe amd64 libafflib0v5 amd64 3.7.19-2build1 [222 kB]
2026-06-05T11:09:33.5920164Z Get:64 http://azure.archive.ubuntu.com/ubuntu jammy/universe amd64 libewf2 amd64 20140807-2ubuntu2 [586 kB]
2026-06-05T11:09:33.6293766Z Get:65 http://azure.archive.ubuntu.com/ubuntu jammy/universe amd64 libvhdi1 amd64 20210425-1build1 [446 kB]
2026-06-05T11:09:33.6471827Z Get:66 http://azure.archive.ubuntu.com/ubuntu jammy/universe amd64 libbfio1 amd64 20170123-6 [306 kB]
2026-06-05T11:09:33.6576193Z Get:67 http://azure.archive.ubuntu.com/ubuntu jammy/universe amd64 libvmdk1 amd64 20200926-2build1 [473 kB]
2026-06-05T11:09:33.6754609Z Get:68 http://azure.archive.ubuntu.com/ubuntu jammy/universe amd64 libtsk19 amd64 4.11.1+dfsg-1 [447 kB]
2026-06-05T11:09:33.6897875Z Get:69 http://azure.archive.ubuntu.com/ubuntu jammy-updates/main amd64 libvirt0 amd64 8.0.0-1ubuntu7.16 [1757 kB]
2026-06-05T11:09:33.7232156Z Get:70 http://azure.archive.ubuntu.com/ubuntu jammy/universe amd64 libyara8 amd64 4.1.3-1build1 [157 kB]
2026-06-05T11:09:33.7319541Z Get:71 http://azure.archive.ubuntu.com/ubuntu jammy/universe amd64 supermin amd64 5.2.1-4ubuntu2 [441 kB]
2026-06-05T11:09:33.7436306Z Get:72 http://azure.archive.ubuntu.com/ubuntu jammy/main amd64 libfdt1 amd64 1.6.1-1 [20.0 kB]
2026-06-05T11:09:33.7509865Z Get:73 http://azure.archive.ubuntu.com/ubuntu jammy/main amd64 libnl-route-3-200 amd64 3.5.0-0.1 [180 kB]
2026-06-05T11:09:33.7608736Z Get:74 http://azure.archive.ubuntu.com/ubuntu jammy/main amd64 libibverbs1 amd64 39.0-1 [69.3 kB]
2026-06-05T11:09:33.7683074Z Get:75 http://azure.archive.ubuntu.com/ubuntu jammy/main amd64 libdaxctl1 amd64 72.1-1 [19.8 kB]
2026-06-05T11:09:33.8191550Z Get:76 http://azure.archive.ubuntu.com/ubuntu jammy/main amd64 libndctl6 amd64 72.1-1 [57.7 kB]
2026-06-05T11:09:33.8267698Z Get:77 http://azure.archive.ubuntu.com/ubuntu jammy/main amd64 libpmem1 amd64 1.11.1-3build1 [81.4 kB]
2026-06-05T11:09:33.8346121Z Get:78 http://azure.archive.ubuntu.com/ubuntu jammy/main amd64 librdmacm1 amd64 39.0-1 [71.2 kB]
2026-06-05T11:09:33.8424362Z Get:79 http://azure.archive.ubuntu.com/ubuntu jammy/main amd64 liburing2 amd64 2.1-2build1 [10.3 kB]
2026-06-05T11:09:33.8495300Z Get:80 http://azure.archive.ubuntu.com/ubuntu jammy-updates/main amd64 libbrlapi0.8 amd64 6.4-4ubuntu3 [28.7 kB]
2026-06-05T11:09:33.8567099Z Get:81 http://azure.archive.ubuntu.com/ubuntu jammy-updates/main amd64 libpcsclite1 amd64 1.9.5-3ubuntu1 [19.8 kB]
2026-06-05T11:09:33.8640923Z Get:82 http://azure.archive.ubuntu.com/ubuntu jammy/main amd64 libcacard0 amd64 1:2.8.0-3build2 [38.0 kB]
2026-06-05T11:09:33.8719728Z Get:83 http://azure.archive.ubuntu.com/ubuntu jammy/main amd64 libspice-server1 amd64 0.15.0-2ubuntu4 [351 kB]
2026-06-05T11:09:33.8818377Z Get:84 http://azure.archive.ubuntu.com/ubuntu jammy/main amd64 libusbredirparser1 amd64 0.11.0-2build1 [15.9 kB]
2026-06-05T11:09:33.8923459Z Get:85 http://azure.archive.ubuntu.com/ubuntu jammy-updates/main amd64 qemu-system-common amd64 1:6.2+dfsg-2ubuntu6.30 [2049 kB]
2026-06-05T11:09:33.9277801Z Get:86 http://azure.archive.ubuntu.com/ubuntu jammy-updates/main amd64 qemu-system-data all 1:6.2+dfsg-2ubuntu6.30 [1430 kB]
2026-06-05T11:09:33.9490086Z Get:87 http://azure.archive.ubuntu.com/ubuntu jammy/main amd64 seabios all 1.15.0-1 [174 kB]
2026-06-05T11:09:33.9578614Z Get:88 http://azure.archive.ubuntu.com/ubuntu jammy/main amd64 ipxe-qemu all 1.21.1+git-20220113.fbbdc3926-0ubuntu1 [1569 kB]
2026-06-05T11:09:33.9877466Z Get:89 http://azure.archive.ubuntu.com/ubuntu jammy/main amd64 ipxe-qemu-256k-compat-efi-roms all 1.0.0+git-20150424.a25a16d-0ubuntu4 [552 kB]
2026-06-05T11:09:34.0006250Z Get:90 http://azure.archive.ubuntu.com/ubuntu jammy-updates/main amd64 qemu-system-x86 amd64 1:6.2+dfsg-2ubuntu6.30 [10.1 MB]
2026-06-05T11:09:34.1425852Z Get:91 http://azure.archive.ubuntu.com/ubuntu jammy/main amd64 db-util all 1:5.3.21~exp1ubuntu4 [2714 B]
2026-06-05T11:09:34.1494768Z Get:92 http://azure.archive.ubuntu.com/ubuntu jammy/main amd64 libfile-listing-perl all 6.14-1 [11.2 kB]
2026-06-05T11:09:34.1705201Z Get:93 http://azure.archive.ubuntu.com/ubuntu jammy/main amd64 libhtml-tree-perl all 5.07-2 [200 kB]
2026-06-05T11:09:34.1798722Z Get:94 http://azure.archive.ubuntu.com/ubuntu jammy/main amd64 libhttp-cookies-perl all 6.10-1 [18.4 kB]
2026-06-05T11:09:34.2306745Z Get:95 http://azure.archive.ubuntu.com/ubuntu jammy/main amd64 libhttp-negotiate-perl all 6.01-1 [12.5 kB]
2026-06-05T11:09:34.2380622Z Get:96 http://azure.archive.ubuntu.com/ubuntu jammy/main amd64 perl-openssl-defaults amd64 5build2 [7542 B]
2026-06-05T11:09:34.2467225Z Get:97 http://azure.archive.ubuntu.com/ubuntu jammy/main amd64 libnet-ssleay-perl amd64 1.92-1build2 [327 kB]
2026-06-05T11:09:34.2595266Z Get:98 http://azure.archive.ubuntu.com/ubuntu jammy/main amd64 libio-socket-ssl-perl all 2.074-2 [192 kB]
2026-06-05T11:09:34.2688048Z Get:99 http://azure.archive.ubuntu.com/ubuntu jammy/main amd64 libnet-http-perl all 6.22-1 [23.2 kB]
2026-06-05T11:09:34.2774715Z Get:100 http://azure.archive.ubuntu.com/ubuntu jammy/main amd64 liblwp-protocol-https-perl all 6.10-1 [10.9 kB]
2026-06-05T11:09:34.2845364Z Get:101 http://azure.archive.ubuntu.com/ubuntu jammy/main amd64 libtry-tiny-perl all 0.31-1 [21.8 kB]
2026-06-05T11:09:34.2918817Z Get:102 http://azure.archive.ubuntu.com/ubuntu jammy/main amd64 libwww-robotrules-perl all 6.02-1 [12.6 kB]
2026-06-05T11:09:34.3016794Z Get:103 http://azure.archive.ubuntu.com/ubuntu jammy-updates/main amd64 libwww-perl all 6.61-1ubuntu0.1 [142 kB]
2026-06-05T11:09:34.3112446Z Get:104 http://azure.archive.ubuntu.com/ubuntu jammy/universe amd64 icoutils amd64 0.32.3-4 [56.6 kB]
2026-06-05T11:09:34.3190954Z Get:105 http://azure.archive.ubuntu.com/ubuntu jammy/universe amd64 libnetpbm10 amd64 2:10.0-15.4 [59.1 kB]
2026-06-05T11:09:34.3279352Z Get:106 http://azure.archive.ubuntu.com/ubuntu jammy/universe amd64 netpbm amd64 2:10.0-15.4 [1007 kB]
2026-06-05T11:09:34.3479047Z Get:107 http://azure.archive.ubuntu.com/ubuntu jammy-updates/universe amd64 osinfo-db all 0.20250124-0ubuntu0.22.04.1 [175 kB]
2026-06-05T11:09:34.3583270Z Get:108 http://azure.archive.ubuntu.com/ubuntu jammy-updates/main amd64 debootstrap all 1.0.126+nmu1ubuntu0.8 [40.6 kB]
2026-06-05T11:09:34.3675178Z Get:109 http://azure.archive.ubuntu.com/ubuntu jammy/universe amd64 libldm-1.0-0 amd64 0.2.5-1 [23.4 kB]
2026-06-05T11:09:34.3771831Z Get:110 http://azure.archive.ubuntu.com/ubuntu jammy/universe amd64 ldmtool amd64 0.2.5-1 [13.3 kB]
2026-06-05T11:09:34.3847587Z Get:111 http://azure.archive.ubuntu.com/ubuntu jammy/main amd64 lzop amd64 1.04-2build2 [83.7 kB]
2026-06-05T11:09:34.3931767Z Get:112 http://azure.archive.ubuntu.com/ubuntu jammy/main amd64 mtools amd64 4.0.33-1+really4.0.32-1build1 [201 kB]
2026-06-05T11:09:34.4020498Z Get:113 http://azure.archive.ubuntu.com/ubuntu jammy-updates/main amd64 qemu-utils amd64 1:6.2+dfsg-2ubuntu6.30 [1503 kB]
2026-06-05T11:09:34.4230484Z Get:114 http://azure.archive.ubuntu.com/ubuntu jammy/universe amd64 scrub amd64 2.6.1-1build2 [30.8 kB]
2026-06-05T11:09:34.4308409Z Get:115 http://azure.archive.ubuntu.com/ubuntu jammy/main amd64 libdate-manip-perl all 6.86-1 [946 kB]
2026-06-05T11:09:34.4458581Z Get:116 http://azure.archive.ubuntu.com/ubuntu jammy/universe amd64 sleuthkit amd64 4.11.1+dfsg-1 [365 kB]
2026-06-05T11:09:34.4556949Z Get:117 http://azure.archive.ubuntu.com/ubuntu jammy/universe amd64 syslinux amd64 3:6.04~git20190206.bf6db5b4+dfsg1-3ubuntu1 [161 kB]
2026-06-05T11:09:34.4641857Z Get:118 http://azure.archive.ubuntu.com/ubuntu jammy/universe amd64 libguestfs0 amd64 1:1.46.2-10ubuntu3 [3236 kB]
2026-06-05T11:09:34.4953364Z Get:119 http://azure.archive.ubuntu.com/ubuntu jammy/universe amd64 libconfig9 amd64 1.5-0.4build1 [22.3 kB]
2026-06-05T11:09:34.5028047Z Get:120 http://azure.archive.ubuntu.com/ubuntu jammy/universe amd64 guestfish amd64 1:1.46.2-10ubuntu3 [648 kB]
2026-06-05T11:09:34.5596933Z Get:121 http://azure.archive.ubuntu.com/ubuntu jammy-updates/main amd64 libxml-parser-perl amd64 2.46-3ubuntu0.1 [212 kB]
2026-06-05T11:09:34.5686281Z Get:122 http://azure.archive.ubuntu.com/ubuntu jammy/universe amd64 libxml-xpath-perl all 1.44-1 [66.2 kB]
2026-06-05T11:09:34.5768006Z Get:123 http://azure.archive.ubuntu.com/ubuntu jammy/universe amd64 libwin-hivex-perl amd64 1.3.21-1ubuntu5 [40.5 kB]
2026-06-05T11:09:34.5842972Z Get:124 http://azure.archive.ubuntu.com/ubuntu jammy/universe amd64 libsys-virt-perl amd64 8.0.0-1build1 [294 kB]
2026-06-05T11:09:34.5989018Z Get:125 http://azure.archive.ubuntu.com/ubuntu jammy/universe amd64 libguestfs-perl amd64 1:1.46.2-10ubuntu3 [321 kB]
2026-06-05T11:09:34.6304009Z Get:126 http://azure.archive.ubuntu.com/ubuntu jammy/main amd64 libstring-shellquote-perl all 1.04-1 [12.0 kB]
2026-06-05T11:09:34.6375352Z Get:127 http://azure.archive.ubuntu.com/ubuntu jammy/universe amd64 guestfs-tools amd64 1.46.1-4ubuntu2 [4144 kB]
2026-06-05T11:09:34.7055038Z Get:128 http://azure.archive.ubuntu.com/ubuntu jammy/universe amd64 guestmount amd64 1:1.46.2-10ubuntu3 [58.9 kB]
2026-06-05T11:09:34.7134092Z Get:129 http://azure.archive.ubuntu.com/ubuntu jammy/main amd64 libhfsp0 amd64 1.0.4-16build2 [38.8 kB]
2026-06-05T11:09:34.7208926Z Get:130 http://azure.archive.ubuntu.com/ubuntu jammy/main amd64 hfsplus amd64 1.0.4-16build2 [36.9 kB]
2026-06-05T11:09:34.7280213Z Get:131 http://azure.archive.ubuntu.com/ubuntu jammy/main amd64 ibverbs-providers amd64 39.0-1 [341 kB]
2026-06-05T11:09:34.7374298Z Get:132 http://azure.archive.ubuntu.com/ubuntu jammy/main amd64 libboost-iostreams1.74.0 amd64 1.74.0-14ubuntu3 [245 kB]
2026-06-05T11:09:34.7458369Z Get:133 http://azure.archive.ubuntu.com/ubuntu jammy/main amd64 libboost-thread1.74.0 amd64 1.74.0-14ubuntu3 [262 kB]
2026-06-05T11:09:34.7541029Z Get:134 http://azure.archive.ubuntu.com/ubuntu jammy/main amd64 libdata-dump-perl all 1.25-1 [25.9 kB]
2026-06-05T11:09:34.7609978Z Get:135 http://azure.archive.ubuntu.com/ubuntu jammy/main amd64 libdecor-0-0 amd64 0.1.0-3build1 [15.1 kB]
2026-06-05T11:09:34.7684816Z Get:136 http://azure.archive.ubuntu.com/ubuntu jammy/main amd64 libdecor-0-plugin-1-cairo amd64 0.1.0-3build1 [20.4 kB]
2026-06-05T11:09:34.7755453Z Get:137 http://azure.archive.ubuntu.com/ubuntu jammy/main amd64 libfont-afm-perl all 1.20-3 [13.6 kB]
2026-06-05T11:09:34.7845143Z Get:138 http://azure.archive.ubuntu.com/ubuntu jammy-updates/main amd64 libgfxdr0 amd64 10.1-1ubuntu0.2 [22.3 kB]
2026-06-05T11:09:34.8326073Z Get:139 http://azure.archive.ubuntu.com/ubuntu jammy-updates/main amd64 libglusterfs0 amd64 10.1-1ubuntu0.2 [287 kB]
2026-06-05T11:09:34.8409057Z Get:140 http://azure.archive.ubuntu.com/ubuntu jammy-updates/main amd64 libgfrpc0 amd64 10.1-1ubuntu0.2 [47.1 kB]
2026-06-05T11:09:34.8480118Z Get:141 http://azure.archive.ubuntu.com/ubuntu jammy-updates/main amd64 libgfapi0 amd64 10.1-1ubuntu0.2 [77.3 kB]
2026-06-05T11:09:34.8554248Z Get:142 http://azure.archive.ubuntu.com/ubuntu jammy/main amd64 libhtml-form-perl all 6.07-1 [22.2 kB]
2026-06-05T11:09:34.8655945Z Get:143 http://azure.archive.ubuntu.com/ubuntu jammy/main amd64 libhtml-format-perl all 2.12-1.1 [41.3 kB]
2026-06-05T11:09:34.8724766Z Get:144 http://azure.archive.ubuntu.com/ubuntu jammy-updates/main amd64 libhttp-daemon-perl all 6.13-1ubuntu0.1 [22.9 kB]
2026-06-05T11:09:34.8793792Z Get:145 http://azure.archive.ubuntu.com/ubuntu jammy/main amd64 libiscsi7 amd64 1.19.0-3build2 [70.6 kB]
2026-06-05T11:09:34.8866347Z Get:146 http://azure.archive.ubuntu.com/ubuntu jammy/main amd64 libnet-smtp-ssl-perl all 1.04-1 [5948 B]
2026-06-05T11:09:34.8941595Z Get:147 http://azure.archive.ubuntu.com/ubuntu jammy/main amd64 libmailtools-perl all 2.21-1 [80.7 kB]
2026-06-05T11:09:34.9016548Z Get:148 http://azure.archive.ubuntu.com/ubuntu jammy/main amd64 libpmemobj1 amd64 1.11.1-3build1 [124 kB]
2026-06-05T11:09:34.9111038Z Get:149 http://azure.archive.ubuntu.com/ubuntu jammy-updates/main amd64 librados2 amd64 17.2.9-0ubuntu0.22.04.3 [3603 kB]
2026-06-05T11:09:34.9575934Z Get:150 http://azure.archive.ubuntu.com/ubuntu jammy-updates/main amd64 librbd1 amd64 17.2.9-0ubuntu0.22.04.3 [3557 kB]
2026-06-05T11:09:35.0041119Z Get:151 http://azure.archive.ubuntu.com/ubuntu jammy-updates/main amd64 libsdl2-2.0-0 amd64 2.0.20+dfsg-2ubuntu1.22.04.1 [582 kB]
2026-06-05T11:09:35.0195877Z Get:152 http://azure.archive.ubuntu.com/ubuntu jammy-updates/main amd64 libtpms0 amd64 0.9.3-0ubuntu1.22.04.2 [385 kB]
2026-06-05T11:09:35.0299651Z Get:153 http://azure.archive.ubuntu.com/ubuntu jammy/main amd64 libvirglrenderer1 amd64 0.9.1-1~exp1ubuntu2 [188 kB]
2026-06-05T11:09:35.0399750Z Get:154 http://azure.archive.ubuntu.com/ubuntu jammy-updates/main amd64 libvirt-clients amd64 8.0.0-1ubuntu7.16 [430 kB]
2026-06-05T11:09:35.0508561Z Get:155 http://azure.archive.ubuntu.com/ubuntu jammy-updates/main amd64 libvirt-daemon-driver-qemu amd64 8.0.0-1ubuntu7.16 [748 kB]
2026-06-05T11:09:35.0662607Z Get:156 http://azure.archive.ubuntu.com/ubuntu jammy-updates/main amd64 libvirt-daemon amd64 8.0.0-1ubuntu7.16 [412 kB]
2026-06-05T11:09:35.0823346Z Get:157 http://azure.archive.ubuntu.com/ubuntu jammy-updates/main amd64 libvirt-daemon-config-network all 8.0.0-1ubuntu7.16 [9358 B]
2026-06-05T11:09:35.1322823Z Get:158 http://azure.archive.ubuntu.com/ubuntu jammy-updates/main amd64 libvirt-daemon-config-nwfilter all 8.0.0-1ubuntu7.16 [12.3 kB]
2026-06-05T11:09:35.1420833Z Get:159 http://azure.archive.ubuntu.com/ubuntu jammy-updates/main amd64 systemd-container amd64 249.11-0ubuntu3.20 [389 kB]
2026-06-05T11:09:35.1515023Z Get:160 http://azure.archive.ubuntu.com/ubuntu jammy-updates/main amd64 libvirt-daemon-system-systemd all 8.0.0-1ubuntu7.16 [69.7 kB]
2026-06-05T11:09:35.1594948Z Get:161 http://azure.archive.ubuntu.com/ubuntu jammy-updates/main amd64 libvirt-daemon-system amd64 8.0.0-1ubuntu7.16 [52.5 kB]
2026-06-05T11:09:35.1666602Z Get:162 http://azure.archive.ubuntu.com/ubuntu jammy-updates/universe amd64 libxentoolcore1 amd64 4.16.0-1~ubuntu2.1 [14.6 kB]
2026-06-05T11:09:35.1734306Z Get:163 http://azure.archive.ubuntu.com/ubuntu jammy-updates/universe amd64 libxentoollog1 amd64 4.16.0-1~ubuntu2.1 [16.5 kB]
2026-06-05T11:09:35.1804144Z Get:164 http://azure.archive.ubuntu.com/ubuntu jammy-updates/universe amd64 libxencall1 amd64 4.16.0-1~ubuntu2.1 [10.3 kB]
2026-06-05T11:09:35.1875034Z Get:165 http://azure.archive.ubuntu.com/ubuntu jammy-updates/universe amd64 libxendevicemodel1 amd64 4.16.0-1~ubuntu2.1 [11.2 kB]
2026-06-05T11:09:35.1941733Z Get:166 http://azure.archive.ubuntu.com/ubuntu jammy-updates/universe amd64 libxenevtchn1 amd64 4.16.0-1~ubuntu2.1 [8644 B]
2026-06-05T11:09:35.2007108Z Get:167 http://azure.archive.ubuntu.com/ubuntu jammy-updates/universe amd64 libxenforeignmemory1 amd64 4.16.0-1~ubuntu2.1 [10.6 kB]
2026-06-05T11:09:35.2076259Z Get:168 http://azure.archive.ubuntu.com/ubuntu jammy-updates/universe amd64 libxengnttab1 amd64 4.16.0-1~ubuntu2.1 [11.2 kB]
2026-06-05T11:09:35.2146363Z Get:169 http://azure.archive.ubuntu.com/ubuntu jammy-updates/universe amd64 libxenhypfs1 amd64 4.16.0-1~ubuntu2.1 [10.6 kB]
2026-06-05T11:09:35.2217718Z Get:170 http://azure.archive.ubuntu.com/ubuntu jammy-updates/universe amd64 libxenstore4 amd64 4.16.0-1~ubuntu2.1 [17.9 kB]
2026-06-05T11:09:35.2291412Z Get:171 http://azure.archive.ubuntu.com/ubuntu jammy-updates/universe amd64 libxenmisc4.16 amd64 4.16.0-1~ubuntu2.1 [528 kB]
2026-06-05T11:09:35.2426044Z Get:172 http://azure.archive.ubuntu.com/ubuntu jammy-updates/universe amd64 libxen-dev amd64 4.16.0-1~ubuntu2.1 [848 kB]
2026-06-05T11:09:35.2592989Z Get:173 http://azure.archive.ubuntu.com/ubuntu jammy-updates/universe amd64 libvirt-dev amd64 8.0.0-1ubuntu7.16 [169 kB]
2026-06-05T11:09:35.2682035Z Get:174 http://azure.archive.ubuntu.com/ubuntu jammy-updates/main amd64 libvte-2.91-common amd64 0.68.0-1ubuntu0.1 [9408 B]
2026-06-05T11:09:35.2778632Z Get:175 http://azure.archive.ubuntu.com/ubuntu jammy-updates/main amd64 libvte-2.91-0 amd64 0.68.0-1ubuntu0.1 [214 kB]
2026-06-05T11:09:35.3288042Z Get:176 http://azure.archive.ubuntu.com/ubuntu jammy-updates/main amd64 libxml2-utils amd64 2.9.13+dfsg-1ubuntu0.11 [40.2 kB]
2026-06-05T11:09:35.3361111Z Get:177 http://azure.archive.ubuntu.com/ubuntu jammy/main amd64 mdevctl all 0.81-1 [11.7 kB]
2026-06-05T11:09:35.3435719Z Get:178 http://azure.archive.ubuntu.com/ubuntu jammy-updates/main amd64 nfs-kernel-server amd64 1:2.6.1-1ubuntu1.2 [140 kB]
2026-06-05T11:09:35.3526457Z Get:179 http://azure.archive.ubuntu.com/ubuntu jammy-updates/main amd64 qemu-block-extra amd64 1:6.2+dfsg-2ubuntu6.30 [68.1 kB]
2026-06-05T11:09:35.3613256Z Get:180 http://azure.archive.ubuntu.com/ubuntu jammy-updates/main amd64 qemu-system-gui amd64 1:6.2+dfsg-2ubuntu6.30 [220 kB]
2026-06-05T11:09:35.3691342Z Get:181 http://azure.archive.ubuntu.com/ubuntu jammy/universe amd64 racc all 1.4.14-2 [77.6 kB]
2026-06-05T11:09:35.3771762Z Get:182 http://azure.archive.ubuntu.com/ubuntu jammy/main amd64 reiserfsprogs amd64 1:3.6.27-4build4 [263 kB]
2026-06-05T11:09:35.3889880Z Get:183 http://azure.archive.ubuntu.com/ubuntu jammy/universe amd64 ruby-bcrypt-pbkdf amd64 1.1.0-2 [20.2 kB]
2026-06-05T11:09:35.3956061Z Get:184 http://azure.archive.ubuntu.com/ubuntu jammy/universe amd64 ruby-builder all 3.2.4-1 [22.0 kB]
2026-06-05T11:09:35.4020943Z Get:185 http://azure.archive.ubuntu.com/ubuntu jammy/universe amd64 ruby-ed25519 amd64 1.3.0+ds-1 [98.1 kB]
2026-06-05T11:09:35.4159360Z Get:186 http://azure.archive.ubuntu.com/ubuntu jammy/universe amd64 ruby-excon all 0.88.0-1 [160 kB]
2026-06-05T11:09:35.4286255Z Get:187 http://azure.archive.ubuntu.com/ubuntu jammy/universe amd64 ruby-formatador all 0.2.5-3 [7690 B]
2026-06-05T11:09:35.4352885Z Get:188 http://azure.archive.ubuntu.com/ubuntu jammy/universe amd64 ruby-mime-types-data all 3.2015.1120-2 [73.1 kB]
2026-06-05T11:09:35.4431655Z Get:189 http://azure.archive.ubuntu.com/ubuntu jammy/universe amd64 ruby-mime-types all 3.3.1-1 [20.9 kB]
2026-06-05T11:09:35.4508584Z Get:190 http://azure.archive.ubuntu.com/ubuntu jammy-updates/universe amd64 ruby-net-ssh all 1:6.1.0-2ubuntu0.1 [98.1 kB]
2026-06-05T11:09:35.4597615Z Get:191 http://azure.archive.ubuntu.com/ubuntu jammy/universe amd64 ruby-net-scp all 3.0.0-1 [16.3 kB]
2026-06-05T11:09:35.4673823Z Get:192 http://azure.archive.ubuntu.com/ubuntu jammy/universe amd64 ruby-fog-core all 2.1.0-3.1 [33.5 kB]
2026-06-05T11:09:35.4755773Z Get:193 http://azure.archive.ubuntu.com/ubuntu jammy/universe amd64 ruby-multi-json all 1.14.1-1 [16.3 kB]
2026-06-05T11:09:35.4845810Z Get:194 http://azure.archive.ubuntu.com/ubuntu jammy/universe amd64 ruby-fog-json all 1.2.0-1 [4676 B]
2026-06-05T11:09:35.5327731Z Get:195 http://azure.archive.ubuntu.com/ubuntu jammy/universe amd64 ruby-mini-portile2 all 2.7.1-1 [13.9 kB]
2026-06-05T11:09:35.5402713Z Get:196 http://azure.archive.ubuntu.com/ubuntu jammy/universe amd64 ruby-pkg-config all 1.4.6-2 [8058 B]
2026-06-05T11:09:35.5493636Z Get:197 http://azure.archive.ubuntu.com/ubuntu jammy/universe amd64 ruby-nokogiri amd64 1.13.1+dfsg-2 [256 kB]
2026-06-05T11:09:35.5593330Z Get:198 http://azure.archive.ubuntu.com/ubuntu jammy/universe amd64 ruby-fog-xml all 0.1.1-5.1 [6068 B]
2026-06-05T11:09:35.5683740Z Get:199 http://azure.archive.ubuntu.com/ubuntu jammy/universe amd64 ruby-libvirt amd64 0.7.1-1.1build1 [83.6 kB]
2026-06-05T11:09:35.5768245Z Get:200 http://azure.archive.ubuntu.com/ubuntu jammy/universe amd64 ruby-fog-libvirt all 0.8.0-1 [22.4 kB]
2026-06-05T11:09:35.5849665Z Get:201 http://azure.archive.ubuntu.com/ubuntu jammy/universe amd64 ruby-oj amd64 3.13.9-1build1 [172 kB]
2026-06-05T11:09:35.5954821Z Get:202 http://azure.archive.ubuntu.com/ubuntu jammy-updates/main amd64 swtpm amd64 0.6.3-0ubuntu3.3 [48.0 kB]
2026-06-05T11:09:35.6041879Z Get:203 http://azure.archive.ubuntu.com/ubuntu jammy-updates/main amd64 swtpm-tools amd64 0.6.3-0ubuntu3.3 [89.0 kB]
2026-06-05T11:09:35.6186670Z Get:204 http://azure.archive.ubuntu.com/ubuntu jammy/main amd64 syslinux-common all 3:6.04~git20190206.bf6db5b4+dfsg1-3ubuntu1 [1271 kB]
2026-06-05T11:09:35.6419530Z Get:205 http://azure.archive.ubuntu.com/ubuntu jammy/universe amd64 vagrant-libvirt all 0.7.0-1 [88.3 kB]
2026-06-05T11:09:35.6504821Z Get:206 http://azure.archive.ubuntu.com/ubuntu jammy/universe amd64 libguestfs-tools amd64 1:1.46.2-10ubuntu3 [34.8 kB]
2026-06-05T11:09:35.6582640Z Get:207 http://azure.archive.ubuntu.com/ubuntu jammy/universe amd64 virt-p2v amd64 1.42.0-4 [231 kB]
2026-06-05T11:09:35.6718577Z Get:208 http://azure.archive.ubuntu.com/ubuntu jammy/main amd64 libauthen-sasl-perl all 2.1600-1.1 [43.1 kB]
2026-06-05T11:09:35.6798524Z Get:209 http://azure.archive.ubuntu.com/ubuntu jammy/universe amd64 libguestfs-hfsplus amd64 1:1.46.2-10ubuntu3 [1578 B]
2026-06-05T11:09:35.6870791Z Get:210 http://azure.archive.ubuntu.com/ubuntu jammy/universe amd64 libguestfs-reiserfs amd64 1:1.46.2-10ubuntu3 [1584 B]
2026-06-05T11:09:35.6949176Z Get:211 http://azure.archive.ubuntu.com/ubuntu jammy/universe amd64 libguestfs-xfs amd64 1:1.46.2-10ubuntu3 [1580 B]
2026-06-05T11:09:35.7017252Z Get:212 http://azure.archive.ubuntu.com/ubuntu jammy-updates/main amd64 libnss-mymachines amd64 249.11-0ubuntu3.20 [146 kB]
2026-06-05T11:09:35.7104086Z Get:213 http://azure.archive.ubuntu.com/ubuntu jammy-updates/main amd64 ovmf all 2022.02-3ubuntu0.22.04.5 [7574 kB]
2026-06-05T11:09:36.4531551Z Preconfiguring packages ...
2026-06-05T11:09:36.5228722Z Fetched 180 MB in 3s (54.2 MB/s)
2026-06-05T11:09:36.5541889Z Selecting previously unselected package fonts-droid-fallback.
2026-06-05T11:09:36.5937792Z (Reading database ... 
2026-06-05T11:09:36.5938095Z (Reading database ... 5%
2026-06-05T11:09:36.5938378Z (Reading database ... 10%
2026-06-05T11:09:36.5938640Z (Reading database ... 15%
2026-06-05T11:09:36.5939132Z (Reading database ... 20%
2026-06-05T11:09:36.5939399Z (Reading database ... 25%
2026-06-05T11:09:36.5939657Z (Reading database ... 30%
2026-06-05T11:09:36.5939913Z (Reading database ... 35%
2026-06-05T11:09:36.5940560Z (Reading database ... 40%
2026-06-05T11:09:36.5940838Z (Reading database ... 45%
2026-06-05T11:09:36.5941106Z (Reading database ... 50%
2026-06-05T11:09:36.6775594Z (Reading database ... 55%
2026-06-05T11:09:36.8154957Z (Reading database ... 60%
2026-06-05T11:09:36.8742404Z (Reading database ... 65%
2026-06-05T11:09:37.0652226Z (Reading database ... 70%
2026-06-05T11:09:37.2658464Z (Reading database ... 75%
2026-06-05T11:09:37.4363849Z (Reading database ... 80%
2026-06-05T11:09:37.5881393Z (Reading database ... 85%
2026-06-05T11:09:37.6989403Z (Reading database ... 90%
2026-06-05T11:09:37.9121830Z (Reading database ... 95%
2026-06-05T11:09:37.9122772Z (Reading database ... 100%
2026-06-05T11:09:37.9123458Z (Reading database ... 267993 files and directories currently installed.)
2026-06-05T11:09:37.9176770Z Preparing to unpack .../000-fonts-droid-fallback_1%3a6.0.1r16-1.1build1_all.deb ...
2026-06-05T11:09:37.9414113Z Unpacking fonts-droid-fallback (1:6.0.1r16-1.1build1) ...
2026-06-05T11:09:38.1038453Z Selecting previously unselected package libnfsidmap1:amd64.
2026-06-05T11:09:38.1233648Z Preparing to unpack .../001-libnfsidmap1_1%3a2.6.1-1ubuntu1.2_amd64.deb ...
2026-06-05T11:09:38.1260889Z Unpacking libnfsidmap1:amd64 (1:2.6.1-1ubuntu1.2) ...
2026-06-05T11:09:38.1574969Z Selecting previously unselected package rpcbind.
2026-06-05T11:09:38.1770572Z Preparing to unpack .../002-rpcbind_1.2.6-2build1_amd64.deb ...
2026-06-05T11:09:38.1914577Z Unpacking rpcbind (1.2.6-2build1) ...
2026-06-05T11:09:38.2216129Z Selecting previously unselected package nfs-common.
2026-06-05T11:09:38.2412748Z Preparing to unpack .../003-nfs-common_1%3a2.6.1-1ubuntu1.2_amd64.deb ...
2026-06-05T11:09:38.2427984Z Unpacking nfs-common (1:2.6.1-1ubuntu1.2) ...
2026-06-05T11:09:38.2874994Z Selecting previously unselected package poppler-data.
2026-06-05T11:09:38.3072033Z Preparing to unpack .../004-poppler-data_0.4.11-1_all.deb ...
2026-06-05T11:09:38.3085324Z Unpacking poppler-data (0.4.11-1) ...
2026-06-05T11:09:38.4369952Z Selecting previously unselected package attr.
2026-06-05T11:09:38.4566802Z Preparing to unpack .../005-attr_1%3a2.5.1-1build1_amd64.deb ...
2026-06-05T11:09:38.4582302Z Unpacking attr (1:2.5.1-1build1) ...
2026-06-05T11:09:38.4856305Z Selecting previously unselected package augeas-lenses.
2026-06-05T11:09:38.5054954Z Preparing to unpack .../006-augeas-lenses_1.13.0-1_all.deb ...
2026-06-05T11:09:38.5068670Z Unpacking augeas-lenses (1.13.0-1) ...
2026-06-05T11:09:38.6319930Z Selecting previously unselected package ncal.
2026-06-05T11:09:38.6519607Z Preparing to unpack .../007-ncal_12.1.7+nmu3ubuntu2_amd64.deb ...
2026-06-05T11:09:38.6534598Z Unpacking ncal (12.1.7+nmu3ubuntu2) ...
2026-06-05T11:09:38.6816530Z Selecting previously unselected package bsdmainutils.
2026-06-05T11:09:38.7012734Z Preparing to unpack .../008-bsdmainutils_12.1.7+nmu3ubuntu2_all.deb ...
2026-06-05T11:09:38.7049501Z Unpacking bsdmainutils (12.1.7+nmu3ubuntu2) ...
2026-06-05T11:09:38.7272659Z Selecting previously unselected package msr-tools.
2026-06-05T11:09:38.7468152Z Preparing to unpack .../009-msr-tools_1.3-4_amd64.deb ...
2026-06-05T11:09:38.7482120Z Unpacking msr-tools (1.3-4) ...
2026-06-05T11:09:38.7725671Z Selecting previously unselected package cpu-checker.
2026-06-05T11:09:38.7925033Z Preparing to unpack .../010-cpu-checker_0.7-1.3build1_amd64.deb ...
2026-06-05T11:09:38.7938169Z Unpacking cpu-checker (0.7-1.3build1) ...
2026-06-05T11:09:38.8181407Z Selecting previously unselected package db5.3-util.
2026-06-05T11:09:38.8377890Z Preparing to unpack .../011-db5.3-util_5.3.28+dfsg1-0.8ubuntu3_amd64.deb ...
2026-06-05T11:09:38.8388694Z Unpacking db5.3-util (5.3.28+dfsg1-0.8ubuntu3) ...
2026-06-05T11:09:38.8748708Z Selecting previously unselected package exfatprogs.
2026-06-05T11:09:38.8946444Z Preparing to unpack .../012-exfatprogs_1.1.3-1ubuntu0.1_amd64.deb ...
2026-06-05T11:09:38.8960694Z Unpacking exfatprogs (1.1.3-1ubuntu0.1) ...
2026-06-05T11:09:38.9239111Z Selecting previously unselected package extlinux.
2026-06-05T11:09:38.9435782Z Preparing to unpack .../013-extlinux_3%3a6.04~git20190206.bf6db5b4+dfsg1-3ubuntu1_amd64.deb ...
2026-06-05T11:09:38.9538774Z Unpacking extlinux (3:6.04~git20190206.bf6db5b4+dfsg1-3ubuntu1) ...
2026-06-05T11:09:38.9798912Z Selecting previously unselected package f2fs-tools.
2026-06-05T11:09:38.9997384Z Preparing to unpack .../014-f2fs-tools_1.14.0-2build1_amd64.deb ...
2026-06-05T11:09:39.0024051Z Unpacking f2fs-tools (1.14.0-2build1) ...
2026-06-05T11:09:39.0399059Z Selecting previously unselected package fonts-noto-mono.
2026-06-05T11:09:39.0597363Z Preparing to unpack .../015-fonts-noto-mono_20201225-1build1_all.deb ...
2026-06-05T11:09:39.0611645Z Unpacking fonts-noto-mono (20201225-1build1) ...
2026-06-05T11:09:39.1140165Z Selecting previously unselected package fonts-urw-base35.
2026-06-05T11:09:39.1337330Z Preparing to unpack .../016-fonts-urw-base35_20200910-1_all.deb ...
2026-06-05T11:09:39.1885838Z Unpacking fonts-urw-base35 (20200910-1) ...
2026-06-05T11:09:39.4898902Z Selecting previously unselected package libgs9-common.
2026-06-05T11:09:39.5094474Z Preparing to unpack .../017-libgs9-common_9.55.0~dfsg1-0ubuntu5.13_all.deb ...
2026-06-05T11:09:39.5107583Z Unpacking libgs9-common (9.55.0~dfsg1-0ubuntu5.13) ...
2026-06-05T11:09:39.5864178Z Selecting previously unselected package libidn12:amd64.
2026-06-05T11:09:39.6059627Z Preparing to unpack .../018-libidn12_1.38-4ubuntu1_amd64.deb ...
2026-06-05T11:09:39.6071790Z Unpacking libidn12:amd64 (1.38-4ubuntu1) ...
2026-06-05T11:09:39.6330296Z Selecting previously unselected package libijs-0.35:amd64.
2026-06-05T11:09:39.6526699Z Preparing to unpack .../019-libijs-0.35_0.35-15build2_amd64.deb ...
2026-06-05T11:09:39.6538584Z Unpacking libijs-0.35:amd64 (0.35-15build2) ...
2026-06-05T11:09:39.6781285Z Selecting previously unselected package libjbig2dec0:amd64.
2026-06-05T11:09:39.6976490Z Preparing to unpack .../020-libjbig2dec0_0.19-3build2_amd64.deb ...
2026-06-05T11:09:39.6989783Z Unpacking libjbig2dec0:amd64 (0.19-3build2) ...
2026-06-05T11:09:39.7264733Z Selecting previously unselected package libgs9:amd64.
2026-06-05T11:09:39.7458893Z Preparing to unpack .../021-libgs9_9.55.0~dfsg1-0ubuntu5.13_amd64.deb ...
2026-06-05T11:09:39.7469289Z Unpacking libgs9:amd64 (9.55.0~dfsg1-0ubuntu5.13) ...
2026-06-05T11:09:39.8568553Z Selecting previously unselected package ghostscript.
2026-06-05T11:09:39.8766940Z Preparing to unpack .../022-ghostscript_9.55.0~dfsg1-0ubuntu5.13_amd64.deb ...
2026-06-05T11:09:39.8779059Z Unpacking ghostscript (9.55.0~dfsg1-0ubuntu5.13) ...
2026-06-05T11:09:39.9137660Z Selecting previously unselected package libcdparanoia0:amd64.
2026-06-05T11:09:39.9333607Z Preparing to unpack .../023-libcdparanoia0_3.10.2+debian-14build2_amd64.deb ...
2026-06-05T11:09:39.9346292Z Unpacking libcdparanoia0:amd64 (3.10.2+debian-14build2) ...
2026-06-05T11:09:39.9600455Z Selecting previously unselected package liborc-0.4-0:amd64.
2026-06-05T11:09:39.9797132Z Preparing to unpack .../024-liborc-0.4-0_1%3a0.4.32-2ubuntu0.1_amd64.deb ...
2026-06-05T11:09:39.9818337Z Unpacking liborc-0.4-0:amd64 (1:0.4.32-2ubuntu0.1) ...
2026-06-05T11:09:40.0104308Z Selecting previously unselected package libgstreamer-plugins-base1.0-0:amd64.
2026-06-05T11:09:40.0301994Z Preparing to unpack .../025-libgstreamer-plugins-base1.0-0_1.20.1-1ubuntu0.6_amd64.deb ...
2026-06-05T11:09:40.0314504Z Unpacking libgstreamer-plugins-base1.0-0:amd64 (1.20.1-1ubuntu0.6) ...
2026-06-05T11:09:40.0673088Z Selecting previously unselected package libopus0:amd64.
2026-06-05T11:09:40.0869308Z Preparing to unpack .../026-libopus0_1.3.1-0.1build2_amd64.deb ...
2026-06-05T11:09:40.0884603Z Unpacking libopus0:amd64 (1.3.1-0.1build2) ...
2026-06-05T11:09:40.1148708Z Selecting previously unselected package libtheora0:amd64.
2026-06-05T11:09:40.1346644Z Preparing to unpack .../027-libtheora0_1.1.1+dfsg.1-15ubuntu4_amd64.deb ...
2026-06-05T11:09:40.1357875Z Unpacking libtheora0:amd64 (1.1.1+dfsg.1-15ubuntu4) ...
2026-06-05T11:09:40.1637264Z Selecting previously unselected package libvisual-0.4-0:amd64.
2026-06-05T11:09:40.1833627Z Preparing to unpack .../028-libvisual-0.4-0_0.4.0-17build2_amd64.deb ...
2026-06-05T11:09:40.1845892Z Unpacking libvisual-0.4-0:amd64 (0.4.0-17build2) ...
2026-06-05T11:09:40.2106608Z Selecting previously unselected package libvorbisenc2:amd64.
2026-06-05T11:09:40.2302707Z Preparing to unpack .../029-libvorbisenc2_1.3.7-1build2_amd64.deb ...
2026-06-05T11:09:40.2313424Z Unpacking libvorbisenc2:amd64 (1.3.7-1build2) ...
2026-06-05T11:09:40.2565831Z Selecting previously unselected package gstreamer1.0-plugins-base:amd64.
2026-06-05T11:09:40.2761024Z Preparing to unpack .../030-gstreamer1.0-plugins-base_1.20.1-1ubuntu0.6_amd64.deb ...
2026-06-05T11:09:40.2770916Z Unpacking gstreamer1.0-plugins-base:amd64 (1.20.1-1ubuntu0.6) ...
2026-06-05T11:09:40.3154532Z Selecting previously unselected package libaa1:amd64.
2026-06-05T11:09:40.3351891Z Preparing to unpack .../031-libaa1_1.4p5-50build1_amd64.deb ...
2026-06-05T11:09:40.3364331Z Unpacking libaa1:amd64 (1.4p5-50build1) ...
2026-06-05T11:09:40.3607234Z Selecting previously unselected package libraw1394-11:amd64.
2026-06-05T11:09:40.3801542Z Preparing to unpack .../032-libraw1394-11_2.1.2-2build2_amd64.deb ...
2026-06-05T11:09:40.3813314Z Unpacking libraw1394-11:amd64 (2.1.2-2build2) ...
2026-06-05T11:09:40.4043166Z Selecting previously unselected package libavc1394-0:amd64.
2026-06-05T11:09:40.4236983Z Preparing to unpack .../033-libavc1394-0_0.5.4-5build2_amd64.deb ...
2026-06-05T11:09:40.4260303Z Unpacking libavc1394-0:amd64 (0.5.4-5build2) ...
2026-06-05T11:09:40.4483463Z Selecting previously unselected package libcaca0:amd64.
2026-06-05T11:09:40.4675863Z Preparing to unpack .../034-libcaca0_0.99.beta19-2.2ubuntu4.2_amd64.deb ...
2026-06-05T11:09:40.4690311Z Unpacking libcaca0:amd64 (0.99.beta19-2.2ubuntu4.2) ...
2026-06-05T11:09:40.4963021Z Selecting previously unselected package libdv4:amd64.
2026-06-05T11:09:40.5157239Z Preparing to unpack .../035-libdv4_1.0.0-14build1_amd64.deb ...
2026-06-05T11:09:40.5166703Z Unpacking libdv4:amd64 (1.0.0-14build1) ...
2026-06-05T11:09:40.5406725Z Selecting previously unselected package libflac8:amd64.
2026-06-05T11:09:40.5605162Z Preparing to unpack .../036-libflac8_1.3.3-2ubuntu0.2_amd64.deb ...
2026-06-05T11:09:40.5615374Z Unpacking libflac8:amd64 (1.3.3-2ubuntu0.2) ...
2026-06-05T11:09:40.5862974Z Selecting previously unselected package libgstreamer-plugins-good1.0-0:amd64.
2026-06-05T11:09:40.6063096Z Preparing to unpack .../037-libgstreamer-plugins-good1.0-0_1.20.3-0ubuntu1.6_amd64.deb ...
2026-06-05T11:09:40.6073082Z Unpacking libgstreamer-plugins-good1.0-0:amd64 (1.20.3-0ubuntu1.6) ...
2026-06-05T11:09:40.6324644Z Selecting previously unselected package libiec61883-0:amd64.
2026-06-05T11:09:40.6523844Z Preparing to unpack .../038-libiec61883-0_1.2.0-4build3_amd64.deb ...
2026-06-05T11:09:40.6535340Z Unpacking libiec61883-0:amd64 (1.2.0-4build3) ...
2026-06-05T11:09:40.6768204Z Selecting previously unselected package libsamplerate0:amd64.
2026-06-05T11:09:40.6966077Z Preparing to unpack .../039-libsamplerate0_0.2.2-1build1_amd64.deb ...
2026-06-05T11:09:40.6976314Z Unpacking libsamplerate0:amd64 (0.2.2-1build1) ...
2026-06-05T11:09:40.7267908Z Selecting previously unselected package libjack-jackd2-0:amd64.
2026-06-05T11:09:40.7465711Z Preparing to unpack .../040-libjack-jackd2-0_1.9.20~dfsg-1_amd64.deb ...
2026-06-05T11:09:40.7480384Z Unpacking libjack-jackd2-0:amd64 (1.9.20~dfsg-1) ...
2026-06-05T11:09:40.7754835Z Selecting previously unselected package libmp3lame0:amd64.
2026-06-05T11:09:40.7949774Z Preparing to unpack .../041-libmp3lame0_3.100-3build2_amd64.deb ...
2026-06-05T11:09:40.7959460Z Unpacking libmp3lame0:amd64 (3.100-3build2) ...
2026-06-05T11:09:40.8207679Z Selecting previously unselected package libmpg123-0:amd64.
2026-06-05T11:09:40.8407407Z Preparing to unpack .../042-libmpg123-0_1.29.3-1ubuntu0.1_amd64.deb ...
2026-06-05T11:09:40.8416471Z Unpacking libmpg123-0:amd64 (1.29.3-1ubuntu0.1) ...
2026-06-05T11:09:40.8681256Z Selecting previously unselected package libasyncns0:amd64.
2026-06-05T11:09:40.8879009Z Preparing to unpack .../043-libasyncns0_0.8-6build2_amd64.deb ...
2026-06-05T11:09:40.8889386Z Unpacking libasyncns0:amd64 (0.8-6build2) ...
2026-06-05T11:09:40.9123438Z Selecting previously unselected package libsndfile1:amd64.
2026-06-05T11:09:40.9316865Z Preparing to unpack .../044-libsndfile1_1.0.31-2ubuntu0.2_amd64.deb ...
2026-06-05T11:09:40.9329911Z Unpacking libsndfile1:amd64 (1.0.31-2ubuntu0.2) ...
2026-06-05T11:09:40.9600401Z Selecting previously unselected package libpulse0:amd64.
2026-06-05T11:09:40.9797839Z Preparing to unpack .../045-libpulse0_1%3a15.99.1+dfsg1-1ubuntu2.2_amd64.deb ...
2026-06-05T11:09:40.9869177Z Unpacking libpulse0:amd64 (1:15.99.1+dfsg1-1ubuntu2.2) ...
2026-06-05T11:09:41.0145548Z Selecting previously unselected package libspeex1:amd64.
2026-06-05T11:09:41.0343097Z Preparing to unpack .../046-libspeex1_1.2~rc1.2-1.1ubuntu3_amd64.deb ...
2026-06-05T11:09:41.0354293Z Unpacking libspeex1:amd64 (1.2~rc1.2-1.1ubuntu3) ...
2026-06-05T11:09:41.0587319Z Selecting previously unselected package libshout3:amd64.
2026-06-05T11:09:41.0787083Z Preparing to unpack .../047-libshout3_2.4.5-1build3_amd64.deb ...
2026-06-05T11:09:41.0799022Z Unpacking libshout3:amd64 (2.4.5-1build3) ...
2026-06-05T11:09:41.1048509Z Selecting previously unselected package libtag1v5-vanilla:amd64.
2026-06-05T11:09:41.1245270Z Preparing to unpack .../048-libtag1v5-vanilla_1.11.1+dfsg.1-3ubuntu3_amd64.deb ...
2026-06-05T11:09:41.1254659Z Unpacking libtag1v5-vanilla:amd64 (1.11.1+dfsg.1-3ubuntu3) ...
2026-06-05T11:09:41.1508698Z Selecting previously unselected package libtag1v5:amd64.
2026-06-05T11:09:41.1706710Z Preparing to unpack .../049-libtag1v5_1.11.1+dfsg.1-3ubuntu3_amd64.deb ...
2026-06-05T11:09:41.1718065Z Unpacking libtag1v5:amd64 (1.11.1+dfsg.1-3ubuntu3) ...
2026-06-05T11:09:41.1956938Z Selecting previously unselected package libtwolame0:amd64.
2026-06-05T11:09:41.2152861Z Preparing to unpack .../050-libtwolame0_0.4.0-2build2_amd64.deb ...
2026-06-05T11:09:41.2163185Z Unpacking libtwolame0:amd64 (0.4.0-2build2) ...
2026-06-05T11:09:41.2397671Z Selecting previously unselected package libv4lconvert0:amd64.
2026-06-05T11:09:41.2593270Z Preparing to unpack .../051-libv4lconvert0_1.22.1-2build1_amd64.deb ...
2026-06-05T11:09:41.2603818Z Unpacking libv4lconvert0:amd64 (1.22.1-2build1) ...
2026-06-05T11:09:41.2853281Z Selecting previously unselected package libv4l-0:amd64.
2026-06-05T11:09:41.3049455Z Preparing to unpack .../052-libv4l-0_1.22.1-2build1_amd64.deb ...
2026-06-05T11:09:41.3062296Z Unpacking libv4l-0:amd64 (1.22.1-2build1) ...
2026-06-05T11:09:41.3379505Z Selecting previously unselected package libvpx7:amd64.
2026-06-05T11:09:41.3581224Z Preparing to unpack .../053-libvpx7_1.11.0-2ubuntu2.5_amd64.deb ...
2026-06-05T11:09:41.3592945Z Unpacking libvpx7:amd64 (1.11.0-2ubuntu2.5) ...
2026-06-05T11:09:41.3966596Z Selecting previously unselected package libwavpack1:amd64.
2026-06-05T11:09:41.4232812Z Preparing to unpack .../054-libwavpack1_5.4.0-1build2_amd64.deb ...
2026-06-05T11:09:41.4245633Z Unpacking libwavpack1:amd64 (5.4.0-1build2) ...
2026-06-05T11:09:41.4494369Z Selecting previously unselected package gstreamer1.0-plugins-good:amd64.
2026-06-05T11:09:41.4694138Z Preparing to unpack .../055-gstreamer1.0-plugins-good_1.20.3-0ubuntu1.6_amd64.deb ...
2026-06-05T11:09:41.4704155Z Unpacking gstreamer1.0-plugins-good:amd64 (1.20.3-0ubuntu1.6) ...
2026-06-05T11:09:41.5268268Z Selecting previously unselected package libxv1:amd64.
2026-06-05T11:09:41.5466063Z Preparing to unpack .../056-libxv1_2%3a1.0.11-1build2_amd64.deb ...
2026-06-05T11:09:41.5478124Z Unpacking libxv1:amd64 (2:1.0.11-1build2) ...
2026-06-05T11:09:41.5704662Z Selecting previously unselected package gstreamer1.0-x:amd64.
2026-06-05T11:09:41.5904601Z Preparing to unpack .../057-gstreamer1.0-x_1.20.1-1ubuntu0.6_amd64.deb ...
2026-06-05T11:09:41.5914884Z Unpacking gstreamer1.0-x:amd64 (1.20.1-1ubuntu0.6) ...
2026-06-05T11:09:41.6163712Z Selecting previously unselected package libaugeas0:amd64.
2026-06-05T11:09:41.6363601Z Preparing to unpack .../058-libaugeas0_1.13.0-1_amd64.deb ...
2026-06-05T11:09:41.6378860Z Unpacking libaugeas0:amd64 (1.13.0-1) ...
2026-06-05T11:09:41.6654178Z Selecting previously unselected package libfuse2:amd64.
2026-06-05T11:09:41.6853308Z Preparing to unpack .../059-libfuse2_2.9.9-5ubuntu3_amd64.deb ...
2026-06-05T11:09:41.6864424Z Unpacking libfuse2:amd64 (2.9.9-5ubuntu3) ...
2026-06-05T11:09:41.7119815Z Selecting previously unselected package libhivex0:amd64.
2026-06-05T11:09:41.7315194Z Preparing to unpack .../060-libhivex0_1.3.21-1ubuntu5_amd64.deb ...
2026-06-05T11:09:41.7327844Z Unpacking libhivex0:amd64 (1.3.21-1ubuntu5) ...
2026-06-05T11:09:41.7572019Z Selecting previously unselected package libafflib0v5:amd64.
2026-06-05T11:09:41.7768568Z Preparing to unpack .../061-libafflib0v5_3.7.19-2build1_amd64.deb ...
2026-06-05T11:09:41.7780850Z Unpacking libafflib0v5:amd64 (3.7.19-2build1) ...
2026-06-05T11:09:41.8076733Z Selecting previously unselected package libewf2.
2026-06-05T11:09:41.8275309Z Preparing to unpack .../062-libewf2_20140807-2ubuntu2_amd64.deb ...
2026-06-05T11:09:41.8286240Z Unpacking libewf2 (20140807-2ubuntu2) ...
2026-06-05T11:09:41.8594337Z Selecting previously unselected package libvhdi1:amd64.
2026-06-05T11:09:41.8791370Z Preparing to unpack .../063-libvhdi1_20210425-1build1_amd64.deb ...
2026-06-05T11:09:41.8801639Z Unpacking libvhdi1:amd64 (20210425-1build1) ...
2026-06-05T11:09:41.9082950Z Selecting previously unselected package libbfio1:amd64.
2026-06-05T11:09:41.9280465Z Preparing to unpack .../064-libbfio1_20170123-6_amd64.deb ...
2026-06-05T11:09:41.9290595Z Unpacking libbfio1:amd64 (20170123-6) ...
2026-06-05T11:09:41.9740245Z Selecting previously unselected package libvmdk1:amd64.
2026-06-05T11:09:41.9938487Z Preparing to unpack .../065-libvmdk1_20200926-2build1_amd64.deb ...
2026-06-05T11:09:41.9951193Z Unpacking libvmdk1:amd64 (20200926-2build1) ...
2026-06-05T11:09:42.0234216Z Selecting previously unselected package libtsk19:amd64.
2026-06-05T11:09:42.0432531Z Preparing to unpack .../066-libtsk19_4.11.1+dfsg-1_amd64.deb ...
2026-06-05T11:09:42.0445140Z Unpacking libtsk19:amd64 (4.11.1+dfsg-1) ...
2026-06-05T11:09:42.0735420Z Selecting previously unselected package libvirt0:amd64.
2026-06-05T11:09:42.0937457Z Preparing to unpack .../067-libvirt0_8.0.0-1ubuntu7.16_amd64.deb ...
2026-06-05T11:09:42.0948365Z Unpacking libvirt0:amd64 (8.0.0-1ubuntu7.16) ...
2026-06-05T11:09:42.1587330Z Selecting previously unselected package libyara8:amd64.
2026-06-05T11:09:42.1787596Z Preparing to unpack .../068-libyara8_4.1.3-1build1_amd64.deb ...
2026-06-05T11:09:42.1800370Z Unpacking libyara8:amd64 (4.1.3-1build1) ...
2026-06-05T11:09:42.2049209Z Selecting previously unselected package supermin.
2026-06-05T11:09:42.2247100Z Preparing to unpack .../069-supermin_5.2.1-4ubuntu2_amd64.deb ...
2026-06-05T11:09:42.2257713Z Unpacking supermin (5.2.1-4ubuntu2) ...
2026-06-05T11:09:42.2779263Z Selecting previously unselected package libfdt1:amd64.
2026-06-05T11:09:42.2977235Z Preparing to unpack .../070-libfdt1_1.6.1-1_amd64.deb ...
2026-06-05T11:09:42.2991583Z Unpacking libfdt1:amd64 (1.6.1-1) ...
2026-06-05T11:09:42.3238725Z Selecting previously unselected package libnl-route-3-200:amd64.
2026-06-05T11:09:42.3437656Z Preparing to unpack .../071-libnl-route-3-200_3.5.0-0.1_amd64.deb ...
2026-06-05T11:09:42.3448938Z Unpacking libnl-route-3-200:amd64 (3.5.0-0.1) ...
2026-06-05T11:09:42.3721137Z Selecting previously unselected package libibverbs1:amd64.
2026-06-05T11:09:42.3923353Z Preparing to unpack .../072-libibverbs1_39.0-1_amd64.deb ...
2026-06-05T11:09:42.3933890Z Unpacking libibverbs1:amd64 (39.0-1) ...
2026-06-05T11:09:42.4198141Z Selecting previously unselected package libdaxctl1:amd64.
2026-06-05T11:09:42.4395157Z Preparing to unpack .../073-libdaxctl1_72.1-1_amd64.deb ...
2026-06-05T11:09:42.4409386Z Unpacking libdaxctl1:amd64 (72.1-1) ...
2026-06-05T11:09:42.4651142Z Selecting previously unselected package libndctl6:amd64.
2026-06-05T11:09:42.4846646Z Preparing to unpack .../074-libndctl6_72.1-1_amd64.deb ...
2026-06-05T11:09:42.4858560Z Unpacking libndctl6:amd64 (72.1-1) ...
2026-06-05T11:09:42.5130763Z Selecting previously unselected package libpmem1:amd64.
2026-06-05T11:09:42.5328051Z Preparing to unpack .../075-libpmem1_1.11.1-3build1_amd64.deb ...
2026-06-05T11:09:42.5340145Z Unpacking libpmem1:amd64 (1.11.1-3build1) ...
2026-06-05T11:09:42.5605646Z Selecting previously unselected package librdmacm1:amd64.
2026-06-05T11:09:42.5804754Z Preparing to unpack .../076-librdmacm1_39.0-1_amd64.deb ...
2026-06-05T11:09:42.5815412Z Unpacking librdmacm1:amd64 (39.0-1) ...
2026-06-05T11:09:42.6101595Z Selecting previously unselected package liburing2:amd64.
2026-06-05T11:09:42.6297530Z Preparing to unpack .../077-liburing2_2.1-2build1_amd64.deb ...
2026-06-05T11:09:42.6311894Z Unpacking liburing2:amd64 (2.1-2build1) ...
2026-06-05T11:09:42.6572508Z Selecting previously unselected package libbrlapi0.8:amd64.
2026-06-05T11:09:42.6768901Z Preparing to unpack .../078-libbrlapi0.8_6.4-4ubuntu3_amd64.deb ...
2026-06-05T11:09:42.6780548Z Unpacking libbrlapi0.8:amd64 (6.4-4ubuntu3) ...
2026-06-05T11:09:42.7014572Z Selecting previously unselected package libpcsclite1:amd64.
2026-06-05T11:09:42.7210069Z Preparing to unpack .../079-libpcsclite1_1.9.5-3ubuntu1_amd64.deb ...
2026-06-05T11:09:42.7273458Z Unpacking libpcsclite1:amd64 (1.9.5-3ubuntu1) ...
2026-06-05T11:09:42.7520353Z Selecting previously unselected package libcacard0:amd64.
2026-06-05T11:09:42.7716072Z Preparing to unpack .../080-libcacard0_1%3a2.8.0-3build2_amd64.deb ...
2026-06-05T11:09:42.7728228Z Unpacking libcacard0:amd64 (1:2.8.0-3build2) ...
2026-06-05T11:09:42.7963070Z Selecting previously unselected package libspice-server1:amd64.
2026-06-05T11:09:42.8158042Z Preparing to unpack .../081-libspice-server1_0.15.0-2ubuntu4_amd64.deb ...
2026-06-05T11:09:42.8168190Z Unpacking libspice-server1:amd64 (0.15.0-2ubuntu4) ...
2026-06-05T11:09:42.8645529Z Selecting previously unselected package libusbredirparser1:amd64.
2026-06-05T11:09:42.8843772Z Preparing to unpack .../082-libusbredirparser1_0.11.0-2build1_amd64.deb ...
2026-06-05T11:09:42.8854268Z Unpacking libusbredirparser1:amd64 (0.11.0-2build1) ...
2026-06-05T11:09:42.9140991Z Selecting previously unselected package qemu-system-common.
2026-06-05T11:09:42.9338168Z Preparing to unpack .../083-qemu-system-common_1%3a6.2+dfsg-2ubuntu6.30_amd64.deb ...
2026-06-05T11:09:42.9349649Z Unpacking qemu-system-common (1:6.2+dfsg-2ubuntu6.30) ...
2026-06-05T11:09:43.0189165Z Selecting previously unselected package qemu-system-data.
2026-06-05T11:09:43.0387561Z Preparing to unpack .../084-qemu-system-data_1%3a6.2+dfsg-2ubuntu6.30_all.deb ...
2026-06-05T11:09:43.0414090Z Unpacking qemu-system-data (1:6.2+dfsg-2ubuntu6.30) ...
2026-06-05T11:09:43.1127842Z Selecting previously unselected package seabios.
2026-06-05T11:09:43.1326298Z Preparing to unpack .../085-seabios_1.15.0-1_all.deb ...
2026-06-05T11:09:43.1344993Z Unpacking seabios (1.15.0-1) ...
2026-06-05T11:09:43.1640903Z Selecting previously unselected package ipxe-qemu.
2026-06-05T11:09:43.1840876Z Preparing to unpack .../086-ipxe-qemu_1.21.1+git-20220113.fbbdc3926-0ubuntu1_all.deb ...
2026-06-05T11:09:43.1851943Z Unpacking ipxe-qemu (1.21.1+git-20220113.fbbdc3926-0ubuntu1) ...
2026-06-05T11:09:43.2263204Z Selecting previously unselected package ipxe-qemu-256k-compat-efi-roms.
2026-06-05T11:09:43.2461662Z Preparing to unpack .../087-ipxe-qemu-256k-compat-efi-roms_1.0.0+git-20150424.a25a16d-0ubuntu4_all.deb ...
2026-06-05T11:09:43.2470367Z Unpacking ipxe-qemu-256k-compat-efi-roms (1.0.0+git-20150424.a25a16d-0ubuntu4) ...
2026-06-05T11:09:43.3000838Z Selecting previously unselected package qemu-system-x86.
2026-06-05T11:09:43.3200698Z Preparing to unpack .../088-qemu-system-x86_1%3a6.2+dfsg-2ubuntu6.30_amd64.deb ...
2026-06-05T11:09:43.3212609Z Unpacking qemu-system-x86 (1:6.2+dfsg-2ubuntu6.30) ...
2026-06-05T11:09:43.4744527Z Selecting previously unselected package db-util.
2026-06-05T11:09:43.4944238Z Preparing to unpack .../089-db-util_1%3a5.3.21~exp1ubuntu4_all.deb ...
2026-06-05T11:09:43.4959969Z Unpacking db-util (1:5.3.21~exp1ubuntu4) ...
2026-06-05T11:09:43.5217424Z Selecting previously unselected package libfile-listing-perl.
2026-06-05T11:09:43.5415623Z Preparing to unpack .../090-libfile-listing-perl_6.14-1_all.deb ...
2026-06-05T11:09:43.5423930Z Unpacking libfile-listing-perl (6.14-1) ...
2026-06-05T11:09:43.5671216Z Selecting previously unselected package libhtml-tree-perl.
2026-06-05T11:09:43.5871084Z Preparing to unpack .../091-libhtml-tree-perl_5.07-2_all.deb ...
2026-06-05T11:09:43.5883339Z Unpacking libhtml-tree-perl (5.07-2) ...
2026-06-05T11:09:43.6328855Z Selecting previously unselected package libhttp-cookies-perl.
2026-06-05T11:09:43.6528369Z Preparing to unpack .../092-libhttp-cookies-perl_6.10-1_all.deb ...
2026-06-05T11:09:43.6538777Z Unpacking libhttp-cookies-perl (6.10-1) ...
2026-06-05T11:09:43.6786811Z Selecting previously unselected package libhttp-negotiate-perl.
2026-06-05T11:09:43.6984992Z Preparing to unpack .../093-libhttp-negotiate-perl_6.01-1_all.deb ...
2026-06-05T11:09:43.6999809Z Unpacking libhttp-negotiate-perl (6.01-1) ...
2026-06-05T11:09:43.7240564Z Selecting previously unselected package perl-openssl-defaults:amd64.
2026-06-05T11:09:43.7436473Z Preparing to unpack .../094-perl-openssl-defaults_5build2_amd64.deb ...
2026-06-05T11:09:43.7446905Z Unpacking perl-openssl-defaults:amd64 (5build2) ...
2026-06-05T11:09:43.7692174Z Selecting previously unselected package libnet-ssleay-perl:amd64.
2026-06-05T11:09:43.7888316Z Preparing to unpack .../095-libnet-ssleay-perl_1.92-1build2_amd64.deb ...
2026-06-05T11:09:43.7898799Z Unpacking libnet-ssleay-perl:amd64 (1.92-1build2) ...
2026-06-05T11:09:43.8328463Z Selecting previously unselected package libio-socket-ssl-perl.
2026-06-05T11:09:43.8530397Z Preparing to unpack .../096-libio-socket-ssl-perl_2.074-2_all.deb ...
2026-06-05T11:09:43.8540882Z Unpacking libio-socket-ssl-perl (2.074-2) ...
2026-06-05T11:09:43.8818592Z Selecting previously unselected package libnet-http-perl.
2026-06-05T11:09:43.9015639Z Preparing to unpack .../097-libnet-http-perl_6.22-1_all.deb ...
2026-06-05T11:09:43.9028930Z Unpacking libnet-http-perl (6.22-1) ...
2026-06-05T11:09:43.9268755Z Selecting previously unselected package liblwp-protocol-https-perl.
2026-06-05T11:09:43.9467157Z Preparing to unpack .../098-liblwp-protocol-https-perl_6.10-1_all.deb ...
2026-06-05T11:09:43.9481137Z Unpacking liblwp-protocol-https-perl (6.10-1) ...
2026-06-05T11:09:43.9742078Z Selecting previously unselected package libtry-tiny-perl.
2026-06-05T11:09:43.9939936Z Preparing to unpack .../099-libtry-tiny-perl_0.31-1_all.deb ...
2026-06-05T11:09:43.9950672Z Unpacking libtry-tiny-perl (0.31-1) ...
2026-06-05T11:09:44.0183404Z Selecting previously unselected package libwww-robotrules-perl.
2026-06-05T11:09:44.0382126Z Preparing to unpack .../100-libwww-robotrules-perl_6.02-1_all.deb ...
2026-06-05T11:09:44.0392403Z Unpacking libwww-robotrules-perl (6.02-1) ...
2026-06-05T11:09:44.0700789Z Selecting previously unselected package libwww-perl.
2026-06-05T11:09:44.0897850Z Preparing to unpack .../101-libwww-perl_6.61-1ubuntu0.1_all.deb ...
2026-06-05T11:09:44.0906466Z Unpacking libwww-perl (6.61-1ubuntu0.1) ...
2026-06-05T11:09:44.1285714Z Selecting previously unselected package icoutils.
2026-06-05T11:09:44.1482414Z Preparing to unpack .../102-icoutils_0.32.3-4_amd64.deb ...
2026-06-05T11:09:44.1491373Z Unpacking icoutils (0.32.3-4) ...
2026-06-05T11:09:44.1788240Z Selecting previously unselected package libnetpbm10.
2026-06-05T11:09:44.1987288Z Preparing to unpack .../103-libnetpbm10_2%3a10.0-15.4_amd64.deb ...
2026-06-05T11:09:44.1997312Z Unpacking libnetpbm10 (2:10.0-15.4) ...
2026-06-05T11:09:44.2261568Z Selecting previously unselected package netpbm.
2026-06-05T11:09:44.2459772Z Preparing to unpack .../104-netpbm_2%3a10.0-15.4_amd64.deb ...
2026-06-05T11:09:44.2468622Z Unpacking netpbm (2:10.0-15.4) ...
2026-06-05T11:09:44.3752053Z Selecting previously unselected package osinfo-db.
2026-06-05T11:09:44.3954206Z Preparing to unpack .../105-osinfo-db_0.20250124-0ubuntu0.22.04.1_all.deb ...
2026-06-05T11:09:44.3968696Z Unpacking osinfo-db (0.20250124-0ubuntu0.22.04.1) ...
2026-06-05T11:09:44.6111033Z Selecting previously unselected package debootstrap.
2026-06-05T11:09:44.6313888Z Preparing to unpack .../106-debootstrap_1.0.126+nmu1ubuntu0.8_all.deb ...
2026-06-05T11:09:44.6323386Z Unpacking debootstrap (1.0.126+nmu1ubuntu0.8) ...
2026-06-05T11:09:44.6662498Z Selecting previously unselected package libldm-1.0-0:amd64.
2026-06-05T11:09:44.6861694Z Preparing to unpack .../107-libldm-1.0-0_0.2.5-1_amd64.deb ...
2026-06-05T11:09:44.6871679Z Unpacking libldm-1.0-0:amd64 (0.2.5-1) ...
2026-06-05T11:09:44.7110712Z Selecting previously unselected package ldmtool.
2026-06-05T11:09:44.7307833Z Preparing to unpack .../108-ldmtool_0.2.5-1_amd64.deb ...
2026-06-05T11:09:44.7318644Z Unpacking ldmtool (0.2.5-1) ...
2026-06-05T11:09:44.7552146Z Selecting previously unselected package lzop.
2026-06-05T11:09:44.7749520Z Preparing to unpack .../109-lzop_1.04-2build2_amd64.deb ...
2026-06-05T11:09:44.7761037Z Unpacking lzop (1.04-2build2) ...
2026-06-05T11:09:44.8009124Z Selecting previously unselected package mtools.
2026-06-05T11:09:44.8208670Z Preparing to unpack .../110-mtools_4.0.33-1+really4.0.32-1build1_amd64.deb ...
2026-06-05T11:09:44.8222405Z Unpacking mtools (4.0.33-1+really4.0.32-1build1) ...
2026-06-05T11:09:44.8581502Z Selecting previously unselected package qemu-utils.
2026-06-05T11:09:44.8779528Z Preparing to unpack .../111-qemu-utils_1%3a6.2+dfsg-2ubuntu6.30_amd64.deb ...
2026-06-05T11:09:44.8798298Z Unpacking qemu-utils (1:6.2+dfsg-2ubuntu6.30) ...
2026-06-05T11:09:44.9259665Z Selecting previously unselected package scrub.
2026-06-05T11:09:44.9461533Z Preparing to unpack .../112-scrub_2.6.1-1build2_amd64.deb ...
2026-06-05T11:09:44.9476113Z Unpacking scrub (2.6.1-1build2) ...
2026-06-05T11:09:44.9751816Z Selecting previously unselected package libdate-manip-perl.
2026-06-05T11:09:44.9964500Z Preparing to unpack .../113-libdate-manip-perl_6.86-1_all.deb ...
2026-06-05T11:09:44.9975105Z Unpacking libdate-manip-perl (6.86-1) ...
2026-06-05T11:09:45.2111706Z Selecting previously unselected package sleuthkit.
2026-06-05T11:09:45.2315687Z Preparing to unpack .../114-sleuthkit_4.11.1+dfsg-1_amd64.deb ...
2026-06-05T11:09:45.2326644Z Unpacking sleuthkit (4.11.1+dfsg-1) ...
2026-06-05T11:09:45.2721189Z Selecting previously unselected package syslinux.
2026-06-05T11:09:45.2919927Z Preparing to unpack .../115-syslinux_3%3a6.04~git20190206.bf6db5b4+dfsg1-3ubuntu1_amd64.deb ...
2026-06-05T11:09:45.2929937Z Unpacking syslinux (3:6.04~git20190206.bf6db5b4+dfsg1-3ubuntu1) ...
2026-06-05T11:09:45.3217606Z Selecting previously unselected package libguestfs0:amd64.
2026-06-05T11:09:45.3419345Z Preparing to unpack .../116-libguestfs0_1%3a1.46.2-10ubuntu3_amd64.deb ...
2026-06-05T11:09:45.3531873Z Unpacking libguestfs0:amd64 (1:1.46.2-10ubuntu3) ...
2026-06-05T11:09:45.4491994Z Selecting previously unselected package libconfig9:amd64.
2026-06-05T11:09:45.4695964Z Preparing to unpack .../117-libconfig9_1.5-0.4build1_amd64.deb ...
2026-06-05T11:09:45.4708636Z Unpacking libconfig9:amd64 (1.5-0.4build1) ...
2026-06-05T11:09:45.4957888Z Selecting previously unselected package guestfish.
2026-06-05T11:09:45.5157428Z Preparing to unpack .../118-guestfish_1%3a1.46.2-10ubuntu3_amd64.deb ...
2026-06-05T11:09:45.5169652Z Unpacking guestfish (1:1.46.2-10ubuntu3) ...
2026-06-05T11:09:45.5529578Z Selecting previously unselected package libxml-parser-perl:amd64.
2026-06-05T11:09:45.5729778Z Preparing to unpack .../119-libxml-parser-perl_2.46-3ubuntu0.1_amd64.deb ...
2026-06-05T11:09:45.5738237Z Unpacking libxml-parser-perl:amd64 (2.46-3ubuntu0.1) ...
2026-06-05T11:09:45.6163063Z Selecting previously unselected package libxml-xpath-perl.
2026-06-05T11:09:45.6364227Z Preparing to unpack .../120-libxml-xpath-perl_1.44-1_all.deb ...
2026-06-05T11:09:45.6373486Z Unpacking libxml-xpath-perl (1.44-1) ...
2026-06-05T11:09:45.6708167Z Selecting previously unselected package libwin-hivex-perl.
2026-06-05T11:09:45.6907511Z Preparing to unpack .../121-libwin-hivex-perl_1.3.21-1ubuntu5_amd64.deb ...
2026-06-05T11:09:45.6918283Z Unpacking libwin-hivex-perl (1.3.21-1ubuntu5) ...
2026-06-05T11:09:45.7160309Z Selecting previously unselected package libsys-virt-perl.
2026-06-05T11:09:45.7359833Z Preparing to unpack .../122-libsys-virt-perl_8.0.0-1build1_amd64.deb ...
2026-06-05T11:09:45.7368102Z Unpacking libsys-virt-perl (8.0.0-1build1) ...
2026-06-05T11:09:45.7736280Z Selecting previously unselected package libguestfs-perl.
2026-06-05T11:09:45.7934177Z Preparing to unpack .../123-libguestfs-perl_1%3a1.46.2-10ubuntu3_amd64.deb ...
2026-06-05T11:09:45.8004725Z Unpacking libguestfs-perl (1:1.46.2-10ubuntu3) ...
2026-06-05T11:09:45.8235253Z Selecting previously unselected package libstring-shellquote-perl.
2026-06-05T11:09:45.8438087Z Preparing to unpack .../124-libstring-shellquote-perl_1.04-1_all.deb ...
2026-06-05T11:09:45.8449032Z Unpacking libstring-shellquote-perl (1.04-1) ...
2026-06-05T11:09:45.8696633Z Selecting previously unselected package guestfs-tools.
2026-06-05T11:09:45.8897420Z Preparing to unpack .../125-guestfs-tools_1.46.1-4ubuntu2_amd64.deb ...
2026-06-05T11:09:45.8905635Z Unpacking guestfs-tools (1.46.1-4ubuntu2) ...
2026-06-05T11:09:46.0224901Z Selecting previously unselected package guestmount.
2026-06-05T11:09:46.0426007Z Preparing to unpack .../126-guestmount_1%3a1.46.2-10ubuntu3_amd64.deb ...
2026-06-05T11:09:46.0435863Z Unpacking guestmount (1:1.46.2-10ubuntu3) ...
2026-06-05T11:09:46.0705049Z Selecting previously unselected package libhfsp0.
2026-06-05T11:09:46.0906583Z Preparing to unpack .../127-libhfsp0_1.0.4-16build2_amd64.deb ...
2026-06-05T11:09:46.0920941Z Unpacking libhfsp0 (1.0.4-16build2) ...
2026-06-05T11:09:46.1151065Z Selecting previously unselected package hfsplus.
2026-06-05T11:09:46.1351406Z Preparing to unpack .../128-hfsplus_1.0.4-16build2_amd64.deb ...
2026-06-05T11:09:46.1359758Z Unpacking hfsplus (1.0.4-16build2) ...
2026-06-05T11:09:46.1682629Z Selecting previously unselected package ibverbs-providers:amd64.
2026-06-05T11:09:46.1883688Z Preparing to unpack .../129-ibverbs-providers_39.0-1_amd64.deb ...
2026-06-05T11:09:46.2022872Z Unpacking ibverbs-providers:amd64 (39.0-1) ...
2026-06-05T11:09:46.2349625Z Selecting previously unselected package libboost-iostreams1.74.0:amd64.
2026-06-05T11:09:46.2549682Z Preparing to unpack .../130-libboost-iostreams1.74.0_1.74.0-14ubuntu3_amd64.deb ...
2026-06-05T11:09:46.2560753Z Unpacking libboost-iostreams1.74.0:amd64 (1.74.0-14ubuntu3) ...
2026-06-05T11:09:46.2897254Z Selecting previously unselected package libboost-thread1.74.0:amd64.
2026-06-05T11:09:46.3095983Z Preparing to unpack .../131-libboost-thread1.74.0_1.74.0-14ubuntu3_amd64.deb ...
2026-06-05T11:09:46.3105215Z Unpacking libboost-thread1.74.0:amd64 (1.74.0-14ubuntu3) ...
2026-06-05T11:09:46.3398354Z Selecting previously unselected package libdata-dump-perl.
2026-06-05T11:09:46.3597991Z Preparing to unpack .../132-libdata-dump-perl_1.25-1_all.deb ...
2026-06-05T11:09:46.3607782Z Unpacking libdata-dump-perl (1.25-1) ...
2026-06-05T11:09:46.3884930Z Selecting previously unselected package libdecor-0-0:amd64.
2026-06-05T11:09:46.4082684Z Preparing to unpack .../133-libdecor-0-0_0.1.0-3build1_amd64.deb ...
2026-06-05T11:09:46.4093291Z Unpacking libdecor-0-0:amd64 (0.1.0-3build1) ...
2026-06-05T11:09:46.4312847Z Selecting previously unselected package libdecor-0-plugin-1-cairo:amd64.
2026-06-05T11:09:46.4511842Z Preparing to unpack .../134-libdecor-0-plugin-1-cairo_0.1.0-3build1_amd64.deb ...
2026-06-05T11:09:46.4520208Z Unpacking libdecor-0-plugin-1-cairo:amd64 (0.1.0-3build1) ...
2026-06-05T11:09:46.4735943Z Selecting previously unselected package libfont-afm-perl.
2026-06-05T11:09:46.4939555Z Preparing to unpack .../135-libfont-afm-perl_1.20-3_all.deb ...
2026-06-05T11:09:46.4955578Z Unpacking libfont-afm-perl (1.20-3) ...
2026-06-05T11:09:46.5220045Z Selecting previously unselected package libgfxdr0:amd64.
2026-06-05T11:09:46.5423563Z Preparing to unpack .../136-libgfxdr0_10.1-1ubuntu0.2_amd64.deb ...
2026-06-05T11:09:46.5436008Z Unpacking libgfxdr0:amd64 (10.1-1ubuntu0.2) ...
2026-06-05T11:09:46.5683522Z Selecting previously unselected package libglusterfs0:amd64.
2026-06-05T11:09:46.5885449Z Preparing to unpack .../137-libglusterfs0_10.1-1ubuntu0.2_amd64.deb ...
2026-06-05T11:09:46.5898254Z Unpacking libglusterfs0:amd64 (10.1-1ubuntu0.2) ...
2026-06-05T11:09:46.6210412Z Selecting previously unselected package libgfrpc0:amd64.
2026-06-05T11:09:46.6412970Z Preparing to unpack .../138-libgfrpc0_10.1-1ubuntu0.2_amd64.deb ...
2026-06-05T11:09:46.6424129Z Unpacking libgfrpc0:amd64 (10.1-1ubuntu0.2) ...
2026-06-05T11:09:46.6656263Z Selecting previously unselected package libgfapi0:amd64.
2026-06-05T11:09:46.6856653Z Preparing to unpack .../139-libgfapi0_10.1-1ubuntu0.2_amd64.deb ...
2026-06-05T11:09:46.6867611Z Unpacking libgfapi0:amd64 (10.1-1ubuntu0.2) ...
2026-06-05T11:09:46.7095218Z Selecting previously unselected package libhtml-form-perl.
2026-06-05T11:09:46.7296181Z Preparing to unpack .../140-libhtml-form-perl_6.07-1_all.deb ...
2026-06-05T11:09:46.7305914Z Unpacking libhtml-form-perl (6.07-1) ...
2026-06-05T11:09:46.7617206Z Selecting previously unselected package libhtml-format-perl.
2026-06-05T11:09:46.7818725Z Preparing to unpack .../141-libhtml-format-perl_2.12-1.1_all.deb ...
2026-06-05T11:09:46.7828004Z Unpacking libhtml-format-perl (2.12-1.1) ...
2026-06-05T11:09:46.8076085Z Selecting previously unselected package libhttp-daemon-perl.
2026-06-05T11:09:46.8276499Z Preparing to unpack .../142-libhttp-daemon-perl_6.13-1ubuntu0.1_all.deb ...
2026-06-05T11:09:46.8338438Z Unpacking libhttp-daemon-perl (6.13-1ubuntu0.1) ...
2026-06-05T11:09:46.8585682Z Selecting previously unselected package libiscsi7:amd64.
2026-06-05T11:09:46.8785661Z Preparing to unpack .../143-libiscsi7_1.19.0-3build2_amd64.deb ...
2026-06-05T11:09:46.8796599Z Unpacking libiscsi7:amd64 (1.19.0-3build2) ...
2026-06-05T11:09:46.9028048Z Selecting previously unselected package libnet-smtp-ssl-perl.
2026-06-05T11:09:46.9229217Z Preparing to unpack .../144-libnet-smtp-ssl-perl_1.04-1_all.deb ...
2026-06-05T11:09:46.9242453Z Unpacking libnet-smtp-ssl-perl (1.04-1) ...
2026-06-05T11:09:46.9469832Z Selecting previously unselected package libmailtools-perl.
2026-06-05T11:09:46.9669996Z Preparing to unpack .../145-libmailtools-perl_2.21-1_all.deb ...
2026-06-05T11:09:46.9680961Z Unpacking libmailtools-perl (2.21-1) ...
2026-06-05T11:09:47.0003864Z Selecting previously unselected package libpmemobj1:amd64.
2026-06-05T11:09:47.0206058Z Preparing to unpack .../146-libpmemobj1_1.11.1-3build1_amd64.deb ...
2026-06-05T11:09:47.0215739Z Unpacking libpmemobj1:amd64 (1.11.1-3build1) ...
2026-06-05T11:09:47.0544835Z Selecting previously unselected package librados2.
2026-06-05T11:09:47.0748203Z Preparing to unpack .../147-librados2_17.2.9-0ubuntu0.22.04.3_amd64.deb ...
2026-06-05T11:09:47.0758522Z Unpacking librados2 (17.2.9-0ubuntu0.22.04.3) ...
2026-06-05T11:09:47.1493046Z Selecting previously unselected package librbd1.
2026-06-05T11:09:47.1697840Z Preparing to unpack .../148-librbd1_17.2.9-0ubuntu0.22.04.3_amd64.deb ...
2026-06-05T11:09:47.1708561Z Unpacking librbd1 (17.2.9-0ubuntu0.22.04.3) ...
2026-06-05T11:09:47.2412429Z Selecting previously unselected package libsdl2-2.0-0:amd64.
2026-06-05T11:09:47.2612645Z Preparing to unpack .../149-libsdl2-2.0-0_2.0.20+dfsg-2ubuntu1.22.04.1_amd64.deb ...
2026-06-05T11:09:47.2622909Z Unpacking libsdl2-2.0-0:amd64 (2.0.20+dfsg-2ubuntu1.22.04.1) ...
2026-06-05T11:09:47.2915848Z Selecting previously unselected package libtpms0:amd64.
2026-06-05T11:09:47.3117886Z Preparing to unpack .../150-libtpms0_0.9.3-0ubuntu1.22.04.2_amd64.deb ...
2026-06-05T11:09:47.3129818Z Unpacking libtpms0:amd64 (0.9.3-0ubuntu1.22.04.2) ...
2026-06-05T11:09:47.3420605Z Selecting previously unselected package libvirglrenderer1:amd64.
2026-06-05T11:09:47.3621477Z Preparing to unpack .../151-libvirglrenderer1_0.9.1-1~exp1ubuntu2_amd64.deb ...
2026-06-05T11:09:47.3634831Z Unpacking libvirglrenderer1:amd64 (0.9.1-1~exp1ubuntu2) ...
2026-06-05T11:09:47.3905626Z Selecting previously unselected package libvirt-clients.
2026-06-05T11:09:47.4108595Z Preparing to unpack .../152-libvirt-clients_8.0.0-1ubuntu7.16_amd64.deb ...
2026-06-05T11:09:47.4235908Z Unpacking libvirt-clients (8.0.0-1ubuntu7.16) ...
2026-06-05T11:09:47.4553351Z Selecting previously unselected package libvirt-daemon-driver-qemu.
2026-06-05T11:09:47.4753794Z Preparing to unpack .../153-libvirt-daemon-driver-qemu_8.0.0-1ubuntu7.16_amd64.deb ...
2026-06-05T11:09:47.4767736Z Unpacking libvirt-daemon-driver-qemu (8.0.0-1ubuntu7.16) ...
2026-06-05T11:09:47.5099239Z Selecting previously unselected package libvirt-daemon.
2026-06-05T11:09:47.5300033Z Preparing to unpack .../154-libvirt-daemon_8.0.0-1ubuntu7.16_amd64.deb ...
2026-06-05T11:09:47.5309415Z Unpacking libvirt-daemon (8.0.0-1ubuntu7.16) ...
2026-06-05T11:09:47.5660674Z Selecting previously unselected package libvirt-daemon-config-network.
2026-06-05T11:09:47.5867528Z Preparing to unpack .../155-libvirt-daemon-config-network_8.0.0-1ubuntu7.16_all.deb ...
2026-06-05T11:09:47.5897380Z Unpacking libvirt-daemon-config-network (8.0.0-1ubuntu7.16) ...
2026-06-05T11:09:47.6157080Z Selecting previously unselected package libvirt-daemon-config-nwfilter.
2026-06-05T11:09:47.6367380Z Preparing to unpack .../156-libvirt-daemon-config-nwfilter_8.0.0-1ubuntu7.16_all.deb ...
2026-06-05T11:09:47.6379846Z Unpacking libvirt-daemon-config-nwfilter (8.0.0-1ubuntu7.16) ...
2026-06-05T11:09:47.6672820Z Selecting previously unselected package systemd-container.
2026-06-05T11:09:47.6881825Z Preparing to unpack .../157-systemd-container_249.11-0ubuntu3.20_amd64.deb ...
2026-06-05T11:09:47.6899106Z Unpacking systemd-container (249.11-0ubuntu3.20) ...
2026-06-05T11:09:47.7338956Z Selecting previously unselected package libvirt-daemon-system-systemd.
2026-06-05T11:09:47.7545152Z Preparing to unpack .../158-libvirt-daemon-system-systemd_8.0.0-1ubuntu7.16_all.deb ...
2026-06-05T11:09:47.7554380Z Unpacking libvirt-daemon-system-systemd (8.0.0-1ubuntu7.16) ...
2026-06-05T11:09:47.7814734Z Selecting previously unselected package libvirt-daemon-system.
2026-06-05T11:09:47.8018175Z Preparing to unpack .../159-libvirt-daemon-system_8.0.0-1ubuntu7.16_amd64.deb ...
2026-06-05T11:09:47.8379820Z Unpacking libvirt-daemon-system (8.0.0-1ubuntu7.16) ...
2026-06-05T11:09:47.8873823Z Selecting previously unselected package libxentoolcore1:amd64.
2026-06-05T11:09:47.9076660Z Preparing to unpack .../160-libxentoolcore1_4.16.0-1~ubuntu2.1_amd64.deb ...
2026-06-05T11:09:47.9088088Z Unpacking libxentoolcore1:amd64 (4.16.0-1~ubuntu2.1) ...
2026-06-05T11:09:47.9328308Z Selecting previously unselected package libxentoollog1:amd64.
2026-06-05T11:09:47.9531538Z Preparing to unpack .../161-libxentoollog1_4.16.0-1~ubuntu2.1_amd64.deb ...
2026-06-05T11:09:47.9543910Z Unpacking libxentoollog1:amd64 (4.16.0-1~ubuntu2.1) ...
2026-06-05T11:09:47.9799751Z Selecting previously unselected package libxencall1:amd64.
2026-06-05T11:09:48.0003680Z Preparing to unpack .../162-libxencall1_4.16.0-1~ubuntu2.1_amd64.deb ...
2026-06-05T11:09:48.0014846Z Unpacking libxencall1:amd64 (4.16.0-1~ubuntu2.1) ...
2026-06-05T11:09:48.0265296Z Selecting previously unselected package libxendevicemodel1:amd64.
2026-06-05T11:09:48.0476629Z Preparing to unpack .../163-libxendevicemodel1_4.16.0-1~ubuntu2.1_amd64.deb ...
2026-06-05T11:09:48.0495296Z Unpacking libxendevicemodel1:amd64 (4.16.0-1~ubuntu2.1) ...
2026-06-05T11:09:48.0758124Z Selecting previously unselected package libxenevtchn1:amd64.
2026-06-05T11:09:48.0975103Z Preparing to unpack .../164-libxenevtchn1_4.16.0-1~ubuntu2.1_amd64.deb ...
2026-06-05T11:09:48.1126762Z Unpacking libxenevtchn1:amd64 (4.16.0-1~ubuntu2.1) ...
2026-06-05T11:09:48.1380381Z Selecting previously unselected package libxenforeignmemory1:amd64.
2026-06-05T11:09:48.1585906Z Preparing to unpack .../165-libxenforeignmemory1_4.16.0-1~ubuntu2.1_amd64.deb ...
2026-06-05T11:09:48.1597213Z Unpacking libxenforeignmemory1:amd64 (4.16.0-1~ubuntu2.1) ...
2026-06-05T11:09:48.1850026Z Selecting previously unselected package libxengnttab1:amd64.
2026-06-05T11:09:48.2056531Z Preparing to unpack .../166-libxengnttab1_4.16.0-1~ubuntu2.1_amd64.deb ...
2026-06-05T11:09:48.2067459Z Unpacking libxengnttab1:amd64 (4.16.0-1~ubuntu2.1) ...
2026-06-05T11:09:48.2312170Z Selecting previously unselected package libxenhypfs1:amd64.
2026-06-05T11:09:48.2515750Z Preparing to unpack .../167-libxenhypfs1_4.16.0-1~ubuntu2.1_amd64.deb ...
2026-06-05T11:09:48.2528134Z Unpacking libxenhypfs1:amd64 (4.16.0-1~ubuntu2.1) ...
2026-06-05T11:09:48.2784316Z Selecting previously unselected package libxenstore4:amd64.
2026-06-05T11:09:48.2988192Z Preparing to unpack .../168-libxenstore4_4.16.0-1~ubuntu2.1_amd64.deb ...
2026-06-05T11:09:48.2998610Z Unpacking libxenstore4:amd64 (4.16.0-1~ubuntu2.1) ...
2026-06-05T11:09:48.3238986Z Selecting previously unselected package libxenmisc4.16:amd64.
2026-06-05T11:09:48.3444497Z Preparing to unpack .../169-libxenmisc4.16_4.16.0-1~ubuntu2.1_amd64.deb ...
2026-06-05T11:09:48.3458535Z Unpacking libxenmisc4.16:amd64 (4.16.0-1~ubuntu2.1) ...
2026-06-05T11:09:48.3793774Z Selecting previously unselected package libxen-dev.
2026-06-05T11:09:48.3997142Z Preparing to unpack .../170-libxen-dev_4.16.0-1~ubuntu2.1_amd64.deb ...
2026-06-05T11:09:48.4006088Z Unpacking libxen-dev (4.16.0-1~ubuntu2.1) ...
2026-06-05T11:09:48.4671205Z Selecting previously unselected package libvirt-dev:amd64.
2026-06-05T11:09:48.4873136Z Preparing to unpack .../171-libvirt-dev_8.0.0-1ubuntu7.16_amd64.deb ...
2026-06-05T11:09:48.4882231Z Unpacking libvirt-dev:amd64 (8.0.0-1ubuntu7.16) ...
2026-06-05T11:09:48.5213930Z Selecting previously unselected package libvte-2.91-common.
2026-06-05T11:09:48.5414066Z Preparing to unpack .../172-libvte-2.91-common_0.68.0-1ubuntu0.1_amd64.deb ...
2026-06-05T11:09:48.5424513Z Unpacking libvte-2.91-common (0.68.0-1ubuntu0.1) ...
2026-06-05T11:09:48.5675293Z Selecting previously unselected package libvte-2.91-0:amd64.
2026-06-05T11:09:48.5875838Z Preparing to unpack .../173-libvte-2.91-0_0.68.0-1ubuntu0.1_amd64.deb ...
2026-06-05T11:09:48.5887363Z Unpacking libvte-2.91-0:amd64 (0.68.0-1ubuntu0.1) ...
2026-06-05T11:09:48.6137028Z Selecting previously unselected package libxml2-utils.
2026-06-05T11:09:48.6340850Z Preparing to unpack .../174-libxml2-utils_2.9.13+dfsg-1ubuntu0.11_amd64.deb ...
2026-06-05T11:09:48.6354727Z Unpacking libxml2-utils (2.9.13+dfsg-1ubuntu0.11) ...
2026-06-05T11:09:48.6592947Z Selecting previously unselected package mdevctl.
2026-06-05T11:09:48.6796950Z Preparing to unpack .../175-mdevctl_0.81-1_all.deb ...
2026-06-05T11:09:48.6808284Z Unpacking mdevctl (0.81-1) ...
2026-06-05T11:09:48.7072976Z Selecting previously unselected package nfs-kernel-server.
2026-06-05T11:09:48.7284772Z Preparing to unpack .../176-nfs-kernel-server_1%3a2.6.1-1ubuntu1.2_amd64.deb ...
2026-06-05T11:09:48.7296440Z Unpacking nfs-kernel-server (1:2.6.1-1ubuntu1.2) ...
2026-06-05T11:09:48.7631999Z Selecting previously unselected package qemu-block-extra.
2026-06-05T11:09:48.7835589Z Preparing to unpack .../177-qemu-block-extra_1%3a6.2+dfsg-2ubuntu6.30_amd64.deb ...
2026-06-05T11:09:48.7844926Z Unpacking qemu-block-extra (1:6.2+dfsg-2ubuntu6.30) ...
2026-06-05T11:09:48.8096142Z Selecting previously unselected package qemu-system-gui.
2026-06-05T11:09:48.8298174Z Preparing to unpack .../178-qemu-system-gui_1%3a6.2+dfsg-2ubuntu6.30_amd64.deb ...
2026-06-05T11:09:48.8307631Z Unpacking qemu-system-gui (1:6.2+dfsg-2ubuntu6.30) ...
2026-06-05T11:09:48.8577489Z Selecting previously unselected package racc.
2026-06-05T11:09:48.8779416Z Preparing to unpack .../179-racc_1.4.14-2_all.deb ...
2026-06-05T11:09:48.8789143Z Unpacking racc (1.4.14-2) ...
2026-06-05T11:09:48.9236966Z Selecting previously unselected package reiserfsprogs.
2026-06-05T11:09:48.9438249Z Preparing to unpack .../180-reiserfsprogs_1%3a3.6.27-4build4_amd64.deb ...
2026-06-05T11:09:48.9512033Z Unpacking reiserfsprogs (1:3.6.27-4build4) ...
2026-06-05T11:09:48.9802799Z Selecting previously unselected package ruby-bcrypt-pbkdf:amd64.
2026-06-05T11:09:49.0005587Z Preparing to unpack .../181-ruby-bcrypt-pbkdf_1.1.0-2_amd64.deb ...
2026-06-05T11:09:49.0017549Z Unpacking ruby-bcrypt-pbkdf:amd64 (1.1.0-2) ...
2026-06-05T11:09:49.0268395Z Selecting previously unselected package ruby-builder.
2026-06-05T11:09:49.0472682Z Preparing to unpack .../182-ruby-builder_3.2.4-1_all.deb ...
2026-06-05T11:09:49.0483310Z Unpacking ruby-builder (3.2.4-1) ...
2026-06-05T11:09:49.0755394Z Selecting previously unselected package ruby-ed25519:amd64.
2026-06-05T11:09:49.0958593Z Preparing to unpack .../183-ruby-ed25519_1.3.0+ds-1_amd64.deb ...
2026-06-05T11:09:49.0969284Z Unpacking ruby-ed25519:amd64 (1.3.0+ds-1) ...
2026-06-05T11:09:49.1273856Z Selecting previously unselected package ruby-excon.
2026-06-05T11:09:49.1475208Z Preparing to unpack .../184-ruby-excon_0.88.0-1_all.deb ...
2026-06-05T11:09:49.1485030Z Unpacking ruby-excon (0.88.0-1) ...
2026-06-05T11:09:49.1858673Z Selecting previously unselected package ruby-formatador.
2026-06-05T11:09:49.2061317Z Preparing to unpack .../185-ruby-formatador_0.2.5-3_all.deb ...
2026-06-05T11:09:49.2070231Z Unpacking ruby-formatador (0.2.5-3) ...
2026-06-05T11:09:49.2296434Z Selecting previously unselected package ruby-mime-types-data.
2026-06-05T11:09:49.2501381Z Preparing to unpack .../186-ruby-mime-types-data_3.2015.1120-2_all.deb ...
2026-06-05T11:09:49.2514742Z Unpacking ruby-mime-types-data (3.2015.1120-2) ...
2026-06-05T11:09:49.2821000Z Selecting previously unselected package ruby-mime-types.
2026-06-05T11:09:49.3022678Z Preparing to unpack .../187-ruby-mime-types_3.3.1-1_all.deb ...
2026-06-05T11:09:49.3031935Z Unpacking ruby-mime-types (3.3.1-1) ...
2026-06-05T11:09:49.3274486Z Selecting previously unselected package ruby-net-ssh.
2026-06-05T11:09:49.3475569Z Preparing to unpack .../188-ruby-net-ssh_1%3a6.1.0-2ubuntu0.1_all.deb ...
2026-06-05T11:09:49.3484566Z Unpacking ruby-net-ssh (1:6.1.0-2ubuntu0.1) ...
2026-06-05T11:09:49.3876344Z Selecting previously unselected package ruby-net-scp.
2026-06-05T11:09:49.4078387Z Preparing to unpack .../189-ruby-net-scp_3.0.0-1_all.deb ...
2026-06-05T11:09:49.4087423Z Unpacking ruby-net-scp (3.0.0-1) ...
2026-06-05T11:09:49.4320495Z Selecting previously unselected package ruby-fog-core.
2026-06-05T11:09:49.4523746Z Preparing to unpack .../190-ruby-fog-core_2.1.0-3.1_all.deb ...
2026-06-05T11:09:49.4532525Z Unpacking ruby-fog-core (2.1.0-3.1) ...
2026-06-05T11:09:49.4876518Z Selecting previously unselected package ruby-multi-json.
2026-06-05T11:09:49.5080022Z Preparing to unpack .../191-ruby-multi-json_1.14.1-1_all.deb ...
2026-06-05T11:09:49.5091997Z Unpacking ruby-multi-json (1.14.1-1) ...
2026-06-05T11:09:49.5346813Z Selecting previously unselected package ruby-fog-json.
2026-06-05T11:09:49.5547791Z Preparing to unpack .../192-ruby-fog-json_1.2.0-1_all.deb ...
2026-06-05T11:09:49.5556817Z Unpacking ruby-fog-json (1.2.0-1) ...
2026-06-05T11:09:49.5783659Z Selecting previously unselected package ruby-mini-portile2.
2026-06-05T11:09:49.5983119Z Preparing to unpack .../193-ruby-mini-portile2_2.7.1-1_all.deb ...
2026-06-05T11:09:49.5992092Z Unpacking ruby-mini-portile2 (2.7.1-1) ...
2026-06-05T11:09:49.6274599Z Selecting previously unselected package ruby-pkg-config.
2026-06-05T11:09:49.6476677Z Preparing to unpack .../194-ruby-pkg-config_1.4.6-2_all.deb ...
2026-06-05T11:09:49.6491998Z Unpacking ruby-pkg-config (1.4.6-2) ...
2026-06-05T11:09:49.6721116Z Selecting previously unselected package ruby-nokogiri.
2026-06-05T11:09:49.6921822Z Preparing to unpack .../195-ruby-nokogiri_1.13.1+dfsg-2_amd64.deb ...
2026-06-05T11:09:49.6930311Z Unpacking ruby-nokogiri (1.13.1+dfsg-2) ...
2026-06-05T11:09:49.7404681Z Selecting previously unselected package ruby-fog-xml.
2026-06-05T11:09:49.7607093Z Preparing to unpack .../196-ruby-fog-xml_0.1.1-5.1_all.deb ...
2026-06-05T11:09:49.7615244Z Unpacking ruby-fog-xml (0.1.1-5.1) ...
2026-06-05T11:09:49.7852651Z Selecting previously unselected package ruby-libvirt.
2026-06-05T11:09:49.8054296Z Preparing to unpack .../197-ruby-libvirt_0.7.1-1.1build1_amd64.deb ...
2026-06-05T11:09:49.8065201Z Unpacking ruby-libvirt (0.7.1-1.1build1) ...
2026-06-05T11:09:49.8398717Z Selecting previously unselected package ruby-fog-libvirt.
2026-06-05T11:09:49.8599378Z Preparing to unpack .../198-ruby-fog-libvirt_0.8.0-1_all.deb ...
2026-06-05T11:09:49.8609073Z Unpacking ruby-fog-libvirt (0.8.0-1) ...
2026-06-05T11:09:49.8916970Z Selecting previously unselected package ruby-oj:amd64.
2026-06-05T11:09:49.9116633Z Preparing to unpack .../199-ruby-oj_3.13.9-1build1_amd64.deb ...
2026-06-05T11:09:49.9125112Z Unpacking ruby-oj:amd64 (3.13.9-1build1) ...
2026-06-05T11:09:49.9445202Z Selecting previously unselected package swtpm.
2026-06-05T11:09:49.9646359Z Preparing to unpack .../200-swtpm_0.6.3-0ubuntu3.3_amd64.deb ...
2026-06-05T11:09:49.9659385Z Unpacking swtpm (0.6.3-0ubuntu3.3) ...
2026-06-05T11:09:49.9917081Z Selecting previously unselected package swtpm-tools.
2026-06-05T11:09:50.0120880Z Preparing to unpack .../201-swtpm-tools_0.6.3-0ubuntu3.3_amd64.deb ...
2026-06-05T11:09:50.0131097Z Unpacking swtpm-tools (0.6.3-0ubuntu3.3) ...
2026-06-05T11:09:50.0389689Z Selecting previously unselected package syslinux-common.
2026-06-05T11:09:50.0592587Z Preparing to unpack .../202-syslinux-common_3%3a6.04~git20190206.bf6db5b4+dfsg1-3ubuntu1_all.deb ...
2026-06-05T11:09:50.0601424Z Unpacking syslinux-common (3:6.04~git20190206.bf6db5b4+dfsg1-3ubuntu1) ...
2026-06-05T11:09:50.1268006Z Selecting previously unselected package vagrant.
2026-06-05T11:09:50.1470698Z Preparing to unpack .../203-vagrant_2.4.9-1_amd64.deb ...
2026-06-05T11:09:50.1479556Z Unpacking vagrant (2.4.9-1) ...
2026-06-05T11:09:52.3223853Z Selecting previously unselected package vagrant-libvirt.
2026-06-05T11:09:52.3463811Z Preparing to unpack .../204-vagrant-libvirt_0.7.0-1_all.deb ...
2026-06-05T11:09:52.3476673Z Unpacking vagrant-libvirt (0.7.0-1) ...
2026-06-05T11:09:52.3843963Z Selecting previously unselected package libguestfs-tools.
2026-06-05T11:09:52.4056178Z Preparing to unpack .../205-libguestfs-tools_1%3a1.46.2-10ubuntu3_amd64.deb ...
2026-06-05T11:09:52.4302619Z Unpacking libguestfs-tools (1:1.46.2-10ubuntu3) ...
2026-06-05T11:09:52.4555309Z Selecting previously unselected package virt-p2v.
2026-06-05T11:09:52.4768048Z Preparing to unpack .../206-virt-p2v_1.42.0-4_amd64.deb ...
2026-06-05T11:09:52.4779505Z Unpacking virt-p2v (1.42.0-4) ...
2026-06-05T11:09:52.5069780Z Selecting previously unselected package libauthen-sasl-perl.
2026-06-05T11:09:52.5277618Z Preparing to unpack .../207-libauthen-sasl-perl_2.1600-1.1_all.deb ...
2026-06-05T11:09:52.5287712Z Unpacking libauthen-sasl-perl (2.1600-1.1) ...
2026-06-05T11:09:52.5568251Z Selecting previously unselected package libguestfs-hfsplus:amd64.
2026-06-05T11:09:52.5779036Z Preparing to unpack .../208-libguestfs-hfsplus_1%3a1.46.2-10ubuntu3_amd64.deb ...
2026-06-05T11:09:52.5788863Z Unpacking libguestfs-hfsplus:amd64 (1:1.46.2-10ubuntu3) ...
2026-06-05T11:09:52.6014023Z Selecting previously unselected package libguestfs-reiserfs:amd64.
2026-06-05T11:09:52.6222432Z Preparing to unpack .../209-libguestfs-reiserfs_1%3a1.46.2-10ubuntu3_amd64.deb ...
2026-06-05T11:09:52.6231242Z Unpacking libguestfs-reiserfs:amd64 (1:1.46.2-10ubuntu3) ...
2026-06-05T11:09:52.6478968Z Selecting previously unselected package libguestfs-xfs:amd64.
2026-06-05T11:09:52.6688448Z Preparing to unpack .../210-libguestfs-xfs_1%3a1.46.2-10ubuntu3_amd64.deb ...
2026-06-05T11:09:52.6697080Z Unpacking libguestfs-xfs:amd64 (1:1.46.2-10ubuntu3) ...
2026-06-05T11:09:52.6935260Z Selecting previously unselected package libnss-mymachines:amd64.
2026-06-05T11:09:52.7143770Z Preparing to unpack .../211-libnss-mymachines_249.11-0ubuntu3.20_amd64.deb ...
2026-06-05T11:09:52.7152895Z Unpacking libnss-mymachines:amd64 (249.11-0ubuntu3.20) ...
2026-06-05T11:09:52.7409297Z Selecting previously unselected package ovmf.
2026-06-05T11:09:52.7615957Z Preparing to unpack .../212-ovmf_2022.02-3ubuntu0.22.04.5_all.deb ...
2026-06-05T11:09:52.7626346Z Unpacking ovmf (2022.02-3ubuntu0.22.04.5) ...
2026-06-05T11:09:52.8700533Z Setting up libconfig9:amd64 (1.5-0.4build1) ...
2026-06-05T11:09:52.8744439Z Setting up libxentoollog1:amd64 (4.16.0-1~ubuntu2.1) ...
2026-06-05T11:09:52.8782961Z Setting up libcdparanoia0:amd64 (3.10.2+debian-14build2) ...
2026-06-05T11:09:52.8832001Z Setting up libldm-1.0-0:amd64 (0.2.5-1) ...
2026-06-05T11:09:52.8861497Z Setting up libvirt-daemon-config-network (8.0.0-1ubuntu7.16) ...
2026-06-05T11:09:53.1363695Z Setting up libhttp-negotiate-perl (6.01-1) ...
2026-06-05T11:09:53.1387193Z Setting up ruby-multi-json (1.14.1-1) ...
2026-06-05T11:09:53.1412882Z Setting up debootstrap (1.0.126+nmu1ubuntu0.8) ...
2026-06-05T11:09:53.1444994Z Setting up libraw1394-11:amd64 (2.1.2-2build2) ...
2026-06-05T11:09:53.1471170Z Setting up libnfsidmap1:amd64 (1:2.6.1-1ubuntu1.2) ...
2026-06-05T11:09:53.1501728Z Setting up libxentoolcore1:amd64 (4.16.0-1~ubuntu2.1) ...
2026-06-05T11:09:53.1534287Z Setting up libtag1v5-vanilla:amd64 (1.11.1+dfsg.1-3ubuntu3) ...
2026-06-05T11:09:53.1560923Z Setting up libmpg123-0:amd64 (1.29.3-1ubuntu0.1) ...
2026-06-05T11:09:53.1586009Z Setting up reiserfsprogs (1:3.6.27-4build4) ...
2026-06-05T11:09:53.1713364Z update-initramfs: deferring update (trigger activated)
2026-06-05T11:09:53.1764344Z Setting up libfile-listing-perl (6.14-1) ...
2026-06-05T11:09:53.1789496Z Setting up libspeex1:amd64 (1.2~rc1.2-1.1ubuntu3) ...
2026-06-05T11:09:53.1811724Z Setting up fonts-noto-mono (20201225-1build1) ...
2026-06-05T11:09:53.1896502Z Setting up libcaca0:amd64 (0.99.beta19-2.2ubuntu4.2) ...
2026-06-05T11:09:53.1922822Z Setting up libtwolame0:amd64 (0.4.0-2build2) ...
2026-06-05T11:09:53.1947518Z Setting up ruby-excon (0.88.0-1) ...
2026-06-05T11:09:53.1974901Z Setting up ruby-bcrypt-pbkdf:amd64 (1.1.0-2) ...
2026-06-05T11:09:53.2008296Z Setting up libfont-afm-perl (1.20-3) ...
2026-06-05T11:09:53.2035016Z Setting up libvte-2.91-common (0.68.0-1ubuntu0.1) ...
2026-06-05T11:09:53.2078126Z Setting up exfatprogs (1.1.3-1ubuntu0.1) ...
2026-06-05T11:09:53.2105529Z Setting up libxencall1:amd64 (4.16.0-1~ubuntu2.1) ...
2026-06-05T11:09:53.2129559Z Setting up libhttp-cookies-perl (6.10-1) ...
2026-06-05T11:09:53.2153897Z Setting up ncal (12.1.7+nmu3ubuntu2) ...
2026-06-05T11:09:53.2188210Z Setting up libvisual-0.4-0:amd64 (0.4.0-17build2) ...
2026-06-05T11:09:53.2215275Z Setting up mtools (4.0.33-1+really4.0.32-1build1) ...
2026-06-05T11:09:53.2254513Z Setting up augeas-lenses (1.13.0-1) ...
2026-06-05T11:09:53.2278223Z Setting up attr (1:2.5.1-1build1) ...
2026-06-05T11:09:53.2305003Z Setting up libvhdi1:amd64 (20210425-1build1) ...
2026-06-05T11:09:53.2338152Z Setting up libboost-iostreams1.74.0:amd64 (1.74.0-14ubuntu3) ...
2026-06-05T11:09:53.2365245Z Setting up f2fs-tools (1.14.0-2build1) ...
2026-06-05T11:09:53.2392988Z Setting up libijs-0.35:amd64 (0.35-15build2) ...
2026-06-05T11:09:53.2427241Z Setting up libauthen-sasl-perl (2.1600-1.1) ...
2026-06-05T11:09:53.2453447Z Setting up libhtml-tree-perl (5.07-2) ...
2026-06-05T11:09:53.2484988Z Setting up libtry-tiny-perl (0.31-1) ...
2026-06-05T11:09:53.2517134Z Setting up msr-tools (1.3-4) ...
2026-06-05T11:09:53.2548222Z Setting up perl-openssl-defaults:amd64 (5build2) ...
2026-06-05T11:09:53.2601640Z Setting up libnet-http-perl (6.22-1) ...
2026-06-05T11:09:53.2634864Z Setting up syslinux-common (3:6.04~git20190206.bf6db5b4+dfsg1-3ubuntu1) ...
2026-06-05T11:09:53.2663329Z Setting up ruby-mini-portile2 (2.7.1-1) ...
2026-06-05T11:09:53.2703254Z Setting up rpcbind (1.2.6-2build1) ...
2026-06-05T11:09:53.7494518Z Created symlink /etc/systemd/system/multi-user.target.wants/rpcbind.service → /lib/systemd/system/rpcbind.service.
2026-06-05T11:09:53.7495579Z Created symlink /etc/systemd/system/sockets.target.wants/rpcbind.socket → /lib/systemd/system/rpcbind.socket.
2026-06-05T11:09:54.5995923Z Setting up libhtml-format-perl (2.12-1.1) ...
2026-06-05T11:09:54.6026589Z Setting up libnetpbm10 (2:10.0-15.4) ...
2026-06-05T11:09:54.6051815Z Setting up fonts-urw-base35 (20200910-1) ...
2026-06-05T11:09:54.6649331Z Setting up ruby-ed25519:amd64 (1.3.0+ds-1) ...
2026-06-05T11:09:54.6677842Z Setting up libfuse2:amd64 (2.9.9-5ubuntu3) ...
2026-06-05T11:09:54.6702882Z Setting up libfdt1:amd64 (1.6.1-1) ...
2026-06-05T11:09:54.6728932Z Setting up libvte-2.91-0:amd64 (0.68.0-1ubuntu0.1) ...
2026-06-05T11:09:54.6754946Z Setting up libusbredirparser1:amd64 (0.11.0-2build1) ...
2026-06-05T11:09:54.6776512Z Setting up syslinux (3:6.04~git20190206.bf6db5b4+dfsg1-3ubuntu1) ...
2026-06-05T11:09:54.6804577Z Setting up libstring-shellquote-perl (1.04-1) ...
2026-06-05T11:09:54.6832669Z Setting up ruby-formatador (0.2.5-3) ...
2026-06-05T11:09:54.6854960Z Setting up ruby-oj:amd64 (3.13.9-1build1) ...
2026-06-05T11:09:54.6882729Z Setting up libflac8:amd64 (1.3.3-2ubuntu0.2) ...
2026-06-05T11:09:54.6910079Z Setting up poppler-data (0.4.11-1) ...
2026-06-05T11:09:54.7065396Z Setting up libafflib0v5:amd64 (3.7.19-2build1) ...
2026-06-05T11:09:54.7090714Z Setting up libnl-route-3-200:amd64 (3.5.0-0.1) ...
2026-06-05T11:09:54.7117707Z Setting up ovmf (2022.02-3ubuntu0.22.04.5) ...
2026-06-05T11:09:54.7155616Z Setting up nfs-common (1:2.6.1-1ubuntu1.2) ...
2026-06-05T11:09:54.9190959Z 
2026-06-05T11:09:54.9191569Z Creating config file /etc/idmapd.conf with new version
2026-06-05T11:09:55.3341456Z 
2026-06-05T11:09:55.3342049Z Creating config file /etc/nfs.conf with new version
2026-06-05T11:09:55.4054298Z Adding system user `statd' (UID 120) ...
2026-06-05T11:09:55.4054741Z Adding new user `statd' (UID 120) with group `nogroup' ...
2026-06-05T11:09:55.4292651Z Not creating home directory `/var/lib/nfs'.
2026-06-05T11:09:55.7967516Z Created symlink /etc/systemd/system/multi-user.target.wants/nfs-client.target → /lib/systemd/system/nfs-client.target.
2026-06-05T11:09:55.7969318Z Created symlink /etc/systemd/system/remote-fs.target.wants/nfs-client.target → /lib/systemd/system/nfs-client.target.
2026-06-05T11:09:56.2871085Z auth-rpcgss-module.service is a disabled or a static unit, not starting it.
2026-06-05T11:09:56.3081500Z nfs-idmapd.service is a disabled or a static unit, not starting it.
2026-06-05T11:09:56.3205810Z nfs-utils.service is a disabled or a static unit, not starting it.
2026-06-05T11:09:56.3326275Z proc-fs-nfsd.mount is a disabled or a static unit, not starting it.
2026-06-05T11:09:56.3461363Z rpc-gssd.service is a disabled or a static unit, not starting it.
2026-06-05T11:09:56.3593419Z rpc-statd-notify.service is a disabled or a static unit, not starting it.
2026-06-05T11:09:56.3718352Z rpc-statd.service is a disabled or a static unit, not starting it.
2026-06-05T11:09:56.3848155Z rpc-svcgssd.service is a disabled or a static unit, not starting it.
2026-06-05T11:09:56.3918850Z rpc_pipefs.target is a disabled or a static unit, not starting it.
2026-06-05T11:09:56.4041824Z var-lib-nfs-rpc_pipefs.mount is a disabled or a static unit, not starting it.
2026-06-05T11:09:56.5620196Z Setting up libglusterfs0:amd64 (10.1-1ubuntu0.2) ...
2026-06-05T11:09:56.5652603Z Setting up ldmtool (0.2.5-1) ...
2026-06-05T11:09:56.5677148Z Setting up libxenforeignmemory1:amd64 (4.16.0-1~ubuntu2.1) ...
2026-06-05T11:09:56.5704676Z Setting up racc (1.4.14-2) ...
2026-06-05T11:09:56.5731027Z Setting up libvirglrenderer1:amd64 (0.9.1-1~exp1ubuntu2) ...
2026-06-05T11:09:56.5753673Z Setting up libdata-dump-perl (1.25-1) ...
2026-06-05T11:09:56.5781908Z Setting up ruby-fog-json (1.2.0-1) ...
2026-06-05T11:09:56.5810465Z Setting up libjbig2dec0:amd64 (0.19-3build2) ...
2026-06-05T11:09:56.5838908Z Setting up ruby-pkg-config (1.4.6-2) ...
2026-06-05T11:09:56.5862306Z Setting up libaugeas0:amd64 (1.13.0-1) ...
2026-06-05T11:09:56.5889515Z Setting up libopus0:amd64 (1.3.1-0.1build2) ...
2026-06-05T11:09:56.5914029Z Setting up bsdmainutils (12.1.7+nmu3ubuntu2) ...
2026-06-05T11:09:56.5948093Z Setting up libxv1:amd64 (2:1.0.11-1build2) ...
2026-06-05T11:09:56.5978359Z Setting up vagrant (2.4.9-1) ...
2026-06-05T11:09:56.5999026Z Setting up db5.3-util (5.3.28+dfsg1-0.8ubuntu3) ...
2026-06-05T11:09:56.6021824Z Setting up libidn12:amd64 (1.38-4ubuntu1) ...
2026-06-05T11:09:56.6051696Z Setting up liborc-0.4-0:amd64 (1:0.4.32-2ubuntu0.1) ...
2026-06-05T11:09:56.6209508Z Setting up osinfo-db (0.20250124-0ubuntu0.22.04.1) ...
2026-06-05T11:09:56.6231530Z Setting up libpcsclite1:amd64 (1.9.5-3ubuntu1) ...
2026-06-05T11:09:56.6256056Z Setting up netpbm (2:10.0-15.4) ...
2026-06-05T11:09:56.6297094Z Setting up libdaxctl1:amd64 (72.1-1) ...
2026-06-05T11:09:56.6325389Z Setting up libxenstore4:amd64 (4.16.0-1~ubuntu2.1) ...
2026-06-05T11:09:56.6351260Z Setting up qemu-system-data (1:6.2+dfsg-2ubuntu6.30) ...
2026-06-05T11:09:56.6386125Z Setting up seabios (1.15.0-1) ...
2026-06-05T11:09:56.6409764Z Setting up scrub (2.6.1-1build2) ...
2026-06-05T11:09:56.6441344Z Setting up libxengnttab1:amd64 (4.16.0-1~ubuntu2.1) ...
2026-06-05T11:09:56.6473163Z Setting up libwww-robotrules-perl (6.02-1) ...
2026-06-05T11:09:56.6502305Z Setting up libhfsp0 (1.0.4-16build2) ...
2026-06-05T11:09:56.6529718Z Setting up libvirt0:amd64 (8.0.0-1ubuntu7.16) ...
2026-06-05T11:09:56.6559119Z Setting up systemd-container (249.11-0ubuntu3.20) ...
2026-06-05T11:09:56.6627174Z Created symlink /etc/systemd/system/multi-user.target.wants/machines.target → /lib/systemd/system/machines.target.
2026-06-05T11:09:56.8949413Z Setting up libtag1v5:amd64 (1.11.1+dfsg.1-3ubuntu3) ...
2026-06-05T11:09:56.8975823Z Setting up cpu-checker (0.7-1.3build1) ...
2026-06-05T11:09:56.9007704Z Setting up libhttp-daemon-perl (6.13-1ubuntu0.1) ...
2026-06-05T11:09:56.9033366Z Setting up libdv4:amd64 (1.0.0-14build1) ...
2026-06-05T11:09:56.9061011Z Setting up libasyncns0:amd64 (0.8-6build2) ...
2026-06-05T11:09:56.9092657Z Setting up extlinux (3:6.04~git20190206.bf6db5b4+dfsg1-3ubuntu1) ...
2026-06-05T11:09:56.9211052Z Setting up libwavpack1:amd64 (5.4.0-1build2) ...
2026-06-05T11:09:56.9237819Z Setting up ipxe-qemu (1.21.1+git-20220113.fbbdc3926-0ubuntu1) ...
2026-06-05T11:09:56.9261603Z Setting up ruby-builder (3.2.4-1) ...
2026-06-05T11:09:56.9290167Z Setting up lzop (1.04-2build2) ...
2026-06-05T11:09:56.9317252Z Setting up libtheora0:amd64 (1.1.1+dfsg.1-15ubuntu4) ...
2026-06-05T11:09:56.9348529Z Setting up libv4lconvert0:amd64 (1.22.1-2build1) ...
2026-06-05T11:09:56.9376735Z Setting up libxenevtchn1:amd64 (4.16.0-1~ubuntu2.1) ...
2026-06-05T11:09:56.9399441Z Setting up libdecor-0-0:amd64 (0.1.0-3build1) ...
2026-06-05T11:09:56.9426622Z Setting up ruby-mime-types-data (3.2015.1120-2) ...
2026-06-05T11:09:56.9448439Z Setting up libndctl6:amd64 (72.1-1) ...
2026-06-05T11:09:56.9475942Z Setting up libewf2 (20140807-2ubuntu2) ...
2026-06-05T11:09:56.9510993Z Setting up ipxe-qemu-256k-compat-efi-roms (1.0.0+git-20150424.a25a16d-0ubuntu4) ...
2026-06-05T11:09:56.9532921Z Setting up libvpx7:amd64 (1.11.0-2ubuntu2.5) ...
2026-06-05T11:09:56.9559277Z Setting up libbrlapi0.8:amd64 (6.4-4ubuntu3) ...
2026-06-05T11:09:56.9590567Z Setting up fonts-droid-fallback (1:6.0.1r16-1.1build1) ...
2026-06-05T11:09:56.9811548Z Setting up libtpms0:amd64 (0.9.3-0ubuntu1.22.04.2) ...
2026-06-05T11:09:56.9996555Z Setting up libyara8:amd64 (4.1.3-1build1) ...
2026-06-05T11:09:57.0032102Z Setting up liburing2:amd64 (2.1-2build1) ...
2026-06-05T11:09:57.0059694Z Setting up libhivex0:amd64 (1.3.21-1ubuntu5) ...
2026-06-05T11:09:57.0085938Z Setting up libxml2-utils (2.9.13+dfsg-1ubuntu0.11) ...
2026-06-05T11:09:57.0118314Z Setting up libvirt-daemon-config-nwfilter (8.0.0-1ubuntu7.16) ...
2026-06-05T11:09:57.3267566Z Setting up libsamplerate0:amd64 (0.2.2-1build1) ...
2026-06-05T11:09:57.3295963Z Setting up libpmem1:amd64 (1.11.1-3build1) ...
2026-06-05T11:09:57.3324558Z Setting up supermin (5.2.1-4ubuntu2) ...
2026-06-05T11:09:57.3354138Z Setting up libxendevicemodel1:amd64 (4.16.0-1~ubuntu2.1) ...
2026-06-05T11:09:57.3385032Z Setting up libdate-manip-perl (6.86-1) ...
2026-06-05T11:09:57.3412418Z Setting up libmp3lame0:amd64 (3.100-3build2) ...
2026-06-05T11:09:57.3439161Z Setting up libsys-virt-perl (8.0.0-1build1) ...
2026-06-05T11:09:57.3464138Z Setting up libbfio1:amd64 (20170123-6) ...
2026-06-05T11:09:57.3489006Z Setting up libvorbisenc2:amd64 (1.3.7-1build2) ...
2026-06-05T11:09:57.3518431Z Setting up libgfxdr0:amd64 (10.1-1ubuntu0.2) ...
2026-06-05T11:09:57.3549675Z Setting up libboost-thread1.74.0:amd64 (1.74.0-14ubuntu3) ...
2026-06-05T11:09:57.3578314Z Setting up libaa1:amd64 (1.4p5-50build1) ...
2026-06-05T11:09:57.3607182Z Setting up libiec61883-0:amd64 (1.2.0-4build3) ...
2026-06-05T11:09:57.3634454Z Setting up libhtml-form-perl (6.07-1) ...
2026-06-05T11:09:57.3661785Z Setting up mdevctl (0.81-1) ...
2026-06-05T11:09:57.3685388Z Setting up libnet-ssleay-perl:amd64 (1.92-1build2) ...
2026-06-05T11:09:57.3709709Z Setting up hfsplus (1.0.4-16build2) ...
2026-06-05T11:09:57.3734131Z Setting up libgs9-common (9.55.0~dfsg1-0ubuntu5.13) ...
2026-06-05T11:09:57.3757242Z Setting up libavc1394-0:amd64 (0.5.4-5build2) ...
2026-06-05T11:09:57.3785225Z Setting up nfs-kernel-server (1:2.6.1-1ubuntu1.2) ...
2026-06-05T11:09:57.4887346Z Created symlink /etc/systemd/system/nfs-client.target.wants/nfs-blkmap.service → /lib/systemd/system/nfs-blkmap.service.
2026-06-05T11:09:57.8240955Z Created symlink /etc/systemd/system/multi-user.target.wants/nfs-server.service → /lib/systemd/system/nfs-server.service.
2026-06-05T11:09:58.3180589Z nfs-mountd.service is a disabled or a static unit, not starting it.
2026-06-05T11:09:58.3383727Z nfsdcld.service is a disabled or a static unit, not starting it.
2026-06-05T11:09:58.7854232Z 
2026-06-05T11:09:58.7854796Z Creating config file /etc/exports with new version
2026-06-05T11:09:58.9870144Z 
2026-06-05T11:09:58.9870869Z Creating config file /etc/default/nfs-kernel-server with new version
2026-06-05T11:09:59.2894781Z Setting up libibverbs1:amd64 (39.0-1) ...
2026-06-05T11:09:59.3385213Z Setting up libgs9:amd64 (9.55.0~dfsg1-0ubuntu5.13) ...
2026-06-05T11:09:59.3417052Z Setting up ruby-nokogiri (1.13.1+dfsg-2) ...
2026-06-05T11:09:59.3441694Z Setting up db-util (1:5.3.21~exp1ubuntu4) ...
2026-06-05T11:09:59.3465340Z Setting up libxenhypfs1:amd64 (4.16.0-1~ubuntu2.1) ...
2026-06-05T11:09:59.3495406Z Setting up ibverbs-providers:amd64 (39.0-1) ...
2026-06-05T11:09:59.3774750Z Setting up libvirt-clients (8.0.0-1ubuntu7.16) ...
2026-06-05T11:09:59.3825055Z Setting up ruby-net-ssh (1:6.1.0-2ubuntu0.1) ...
2026-06-05T11:09:59.3849719Z Setting up libgstreamer-plugins-base1.0-0:amd64 (1.20.1-1ubuntu0.6) ...
2026-06-05T11:09:59.3891776Z Setting up libwin-hivex-perl (1.3.21-1ubuntu5) ...
2026-06-05T11:09:59.3919744Z Setting up ruby-libvirt (0.7.1-1.1build1) ...
2026-06-05T11:09:59.3947343Z Setting up ghostscript (9.55.0~dfsg1-0ubuntu5.13) ...
2026-06-05T11:09:59.4058568Z Setting up libcacard0:amd64 (1:2.8.0-3build2) ...
2026-06-05T11:09:59.4082983Z Setting up libv4l-0:amd64 (1.22.1-2build1) ...
2026-06-05T11:09:59.4105497Z Setting up libvmdk1:amd64 (20200926-2build1) ...
2026-06-05T11:09:59.4129215Z Setting up libgstreamer-plugins-good1.0-0:amd64 (1.20.3-0ubuntu1.6) ...
2026-06-05T11:09:59.4152782Z Setting up gstreamer1.0-plugins-base:amd64 (1.20.1-1ubuntu0.6) ...
2026-06-05T11:09:59.4316332Z Setting up libnss-mymachines:amd64 (249.11-0ubuntu3.20) ...
2026-06-05T11:09:59.4342939Z First installation detected...
2026-06-05T11:09:59.4343433Z Checking NSS setup...
2026-06-05T11:09:59.4375652Z Setting up swtpm (0.6.3-0ubuntu3.3) ...
2026-06-05T11:09:59.4809086Z Setting up libshout3:amd64 (2.4.5-1build3) ...
2026-06-05T11:09:59.4832697Z Setting up libpmemobj1:amd64 (1.11.1-3build1) ...
2026-06-05T11:09:59.4858282Z Setting up libdecor-0-plugin-1-cairo:amd64 (0.1.0-3build1) ...
2026-06-05T11:09:59.4883975Z Setting up libvirt-daemon-driver-qemu (8.0.0-1ubuntu7.16) ...
2026-06-05T11:09:59.4907541Z Setting up libvirt-daemon-system-systemd (8.0.0-1ubuntu7.16) ...
2026-06-05T11:09:59.4930676Z Setting up ruby-mime-types (3.3.1-1) ...
2026-06-05T11:09:59.4953446Z Setting up libjack-jackd2-0:amd64 (1.9.20~dfsg-1) ...
2026-06-05T11:09:59.4980017Z Setting up libsndfile1:amd64 (1.0.31-2ubuntu0.2) ...
2026-06-05T11:09:59.5008228Z Setting up qemu-utils (1:6.2+dfsg-2ubuntu6.30) ...
2026-06-05T11:09:59.5042036Z Setting up libxenmisc4.16:amd64 (4.16.0-1~ubuntu2.1) ...
2026-06-05T11:09:59.5073240Z Setting up ruby-net-scp (3.0.0-1) ...
2026-06-05T11:09:59.5104277Z Setting up libtsk19:amd64 (4.11.1+dfsg-1) ...
2026-06-05T11:09:59.5133547Z Setting up libvirt-daemon (8.0.0-1ubuntu7.16) ...
2026-06-05T11:09:59.5162789Z Setting up libgfrpc0:amd64 (10.1-1ubuntu0.2) ...
2026-06-05T11:09:59.5204937Z Setting up libio-socket-ssl-perl (2.074-2) ...
2026-06-05T11:09:59.5237895Z Setting up librdmacm1:amd64 (39.0-1) ...
2026-06-05T11:09:59.5275454Z Setting up librados2 (17.2.9-0ubuntu0.22.04.3) ...
2026-06-05T11:09:59.5306137Z Setting up gstreamer1.0-x:amd64 (1.20.1-1ubuntu0.6) ...
2026-06-05T11:09:59.5354906Z Setting up libpulse0:amd64 (1:15.99.1+dfsg1-1ubuntu2.2) ...
2026-06-05T11:09:59.5441410Z Setting up gstreamer1.0-plugins-good:amd64 (1.20.3-0ubuntu1.6) ...
2026-06-05T11:09:59.5473447Z Setting up libspice-server1:amd64 (0.15.0-2ubuntu4) ...
2026-06-05T11:09:59.5501472Z Setting up swtpm-tools (0.6.3-0ubuntu3.3) ...
2026-06-05T11:09:59.5881308Z Adding group `swtpm' (GID 130) ...
2026-06-05T11:09:59.5955474Z Done.
2026-06-05T11:09:59.6279056Z Warning: The home dir /var/lib/swtpm you specified can't be accessed: No such file or directory
2026-06-05T11:09:59.6296914Z Adding system user `swtpm' (UID 121) ...
2026-06-05T11:09:59.6297575Z Adding new user `swtpm' (UID 121) with group `swtpm' ...
2026-06-05T11:09:59.6757683Z Not creating home directory `/var/lib/swtpm'.
2026-06-05T11:09:59.6899738Z Setting up libnet-smtp-ssl-perl (1.04-1) ...
2026-06-05T11:09:59.6948764Z Setting up libmailtools-perl (2.21-1) ...
2026-06-05T11:09:59.6983810Z Setting up librbd1 (17.2.9-0ubuntu0.22.04.3) ...
2026-06-05T11:09:59.7015920Z Setting up libgfapi0:amd64 (10.1-1ubuntu0.2) ...
2026-06-05T11:09:59.7049295Z Setting up libxen-dev (4.16.0-1~ubuntu2.1) ...
2026-06-05T11:09:59.7074384Z Setting up sleuthkit (4.11.1+dfsg-1) ...
2026-06-05T11:09:59.7103740Z Setting up ruby-fog-core (2.1.0-3.1) ...
2026-06-05T11:09:59.7155525Z Setting up libvirt-daemon-system (8.0.0-1ubuntu7.16) ...
2026-06-05T11:10:00.0182792Z Adding user libvirt-qemu to group libvirt-qemu
2026-06-05T11:10:00.2720759Z Enabling libvirt default network
2026-06-05T11:10:00.2785957Z Inserted module 'msr'
2026-06-05T11:10:00.5408344Z Created symlink /etc/systemd/system/multi-user.target.wants/libvirtd.service → /lib/systemd/system/libvirtd.service.
2026-06-05T11:10:00.5410331Z Created symlink /etc/systemd/system/sockets.target.wants/virtlockd.socket → /lib/systemd/system/virtlockd.socket.
2026-06-05T11:10:00.5411841Z Created symlink /etc/systemd/system/sockets.target.wants/virtlogd.socket → /lib/systemd/system/virtlogd.socket.
2026-06-05T11:10:00.5413556Z Created symlink /etc/systemd/system/sockets.target.wants/libvirtd.socket → /lib/systemd/system/libvirtd.socket.
2026-06-05T11:10:00.5415034Z Created symlink /etc/systemd/system/sockets.target.wants/libvirtd-ro.socket → /lib/systemd/system/libvirtd-ro.socket.
2026-06-05T11:10:01.2853115Z Created symlink /etc/systemd/system/multi-user.target.wants/libvirt-guests.service → /lib/systemd/system/libvirt-guests.service.
2026-06-05T11:10:02.5667368Z virtlockd.service is a disabled or a static unit, not starting it.
2026-06-05T11:10:02.5791753Z virtlogd.service is a disabled or a static unit, not starting it.
2026-06-05T11:10:02.7194436Z Created symlink /etc/systemd/system/sockets.target.wants/libvirtd-admin.socket → /lib/systemd/system/libvirtd-admin.socket.
2026-06-05T11:10:03.7787379Z Created symlink /etc/systemd/system/sockets.target.wants/virtlockd-admin.socket → /lib/systemd/system/virtlockd-admin.socket.
2026-06-05T11:10:04.4921145Z Created symlink /etc/systemd/system/sockets.target.wants/virtlogd-admin.socket → /lib/systemd/system/virtlogd-admin.socket.
2026-06-05T11:10:05.4220354Z Setting up libvirt-daemon dnsmasq configuration.
2026-06-05T11:10:05.4545942Z Setting up libiscsi7:amd64 (1.19.0-3build2) ...
2026-06-05T11:10:05.4568860Z Setting up libsdl2-2.0-0:amd64 (2.0.20+dfsg-2ubuntu1.22.04.1) ...
2026-06-05T11:10:05.4595311Z Setting up qemu-block-extra (1:6.2+dfsg-2ubuntu6.30) ...
2026-06-05T11:10:05.7814621Z Created symlink /etc/systemd/system/multi-user.target.wants/run-qemu.mount → /lib/systemd/system/run-qemu.mount.
2026-06-05T11:10:06.3169247Z Setting up qemu-system-common (1:6.2+dfsg-2ubuntu6.30) ...
2026-06-05T11:10:06.4360286Z Created symlink /etc/systemd/system/multi-user.target.wants/qemu-kvm.service → /lib/systemd/system/qemu-kvm.service.
2026-06-05T11:10:07.4181745Z Setting up libvirt-dev:amd64 (8.0.0-1ubuntu7.16) ...
2026-06-05T11:10:07.4209505Z Setting up qemu-system-x86 (1:6.2+dfsg-2ubuntu6.30) ...
2026-06-05T11:10:07.4236557Z Setting up ruby-fog-xml (0.1.1-5.1) ...
2026-06-05T11:10:07.4263539Z Setting up qemu-system-gui (1:6.2+dfsg-2ubuntu6.30) ...
2026-06-05T11:10:07.4293793Z Setting up ruby-fog-libvirt (0.8.0-1) ...
2026-06-05T11:10:07.4318313Z Setting up vagrant-libvirt (0.7.0-1) ...
2026-06-05T11:10:07.4402738Z Setting up libwww-perl (6.61-1ubuntu0.1) ...
2026-06-05T11:10:07.4558692Z Setting up icoutils (0.32.3-4) ...
2026-06-05T11:10:07.4631656Z Setting up liblwp-protocol-https-perl (6.10-1) ...
2026-06-05T11:10:07.4666937Z Setting up libxml-parser-perl:amd64 (2.46-3ubuntu0.1) ...
2026-06-05T11:10:07.4793260Z Setting up libguestfs0:amd64 (1:1.46.2-10ubuntu3) ...
2026-06-05T11:10:07.4829194Z Setting up libxml-xpath-perl (1.44-1) ...
2026-06-05T11:10:07.4901491Z Setting up guestmount (1:1.46.2-10ubuntu3) ...
2026-06-05T11:10:07.4956582Z Setting up libguestfs-xfs:amd64 (1:1.46.2-10ubuntu3) ...
2026-06-05T11:10:07.5008165Z Setting up libguestfs-perl (1:1.46.2-10ubuntu3) ...
2026-06-05T11:10:07.5066988Z Setting up guestfs-tools (1.46.1-4ubuntu2) ...
2026-06-05T11:10:07.5158067Z Setting up libguestfs-hfsplus:amd64 (1:1.46.2-10ubuntu3) ...
2026-06-05T11:10:07.5207445Z Setting up guestfish (1:1.46.2-10ubuntu3) ...
2026-06-05T11:10:07.5288454Z Setting up libguestfs-reiserfs:amd64 (1:1.46.2-10ubuntu3) ...
2026-06-05T11:10:07.5340908Z Setting up libguestfs-tools (1:1.46.2-10ubuntu3) ...
2026-06-05T11:10:07.5617309Z Setting up virt-p2v (1.42.0-4) ...
2026-06-05T11:10:07.5655726Z Processing triggers for man-db (2.10.2-1) ...
2026-06-05T11:10:07.5678270Z Not building database; man-db/auto-update is not 'true'.
2026-06-05T11:10:07.5694850Z Processing triggers for dbus (1.12.20-2ubuntu4.1) ...
2026-06-05T11:10:07.5789123Z Processing triggers for install-info (6.8-4build1) ...
2026-06-05T11:10:07.6849778Z Processing triggers for fontconfig (2.13.1-4.2ubuntu5) ...
2026-06-05T11:10:07.8077031Z Processing triggers for initramfs-tools (0.140ubuntu13.5) ...
2026-06-05T11:10:07.8415173Z update-initramfs: Generating /boot/initrd.img-6.8.0-1052-azure
2026-06-05T11:10:14.2767143Z Processing triggers for hicolor-icon-theme (0.17-2) ...
2026-06-05T11:10:14.6415927Z Processing triggers for libc-bin (2.35-0ubuntu3.13) ...
2026-06-05T11:10:15.5601290Z 
2026-06-05T11:10:15.5601809Z Running kernel seems to be up-to-date.
2026-06-05T11:10:15.5602525Z 
2026-06-05T11:10:15.5602758Z No services need to be restarted.
2026-06-05T11:10:15.5603137Z 
2026-06-05T11:10:15.5603395Z No containers need to be restarted.
2026-06-05T11:10:15.5603793Z 
2026-06-05T11:10:15.5604069Z No user sessions are running outdated binaries.
2026-06-05T11:10:15.5604545Z 
2026-06-05T11:10:15.5604984Z No VM guests are running outdated hypervisor (qemu) binaries on this host.
2026-06-05T11:10:16.9867705Z + sudo systemctl enable --now libvirtd
2026-06-05T11:10:17.2525278Z + sudo chmod a+rw /var/run/libvirt/libvirt-sock
2026-06-05T11:10:17.2612435Z + vagrant plugin install vagrant-libvirt
2026-06-05T11:10:17.9281020Z Installing the 'vagrant-libvirt' plugin. This can take a few minutes...
2026-06-05T11:10:29.5993066Z Building native extensions. This could take a while...
2026-06-05T11:10:31.5546696Z Building native extensions. This could take a while...
2026-06-05T11:10:38.5248446Z Installed the plugin 'vagrant-libvirt (0.12.2)'!
2026-06-05T11:10:38.5514689Z + vagrant --version
2026-06-05T11:10:38.6109817Z Vagrant 2.4.9
2026-06-05T11:10:38.6167710Z ##[group]Run ln -sf hack/Vagrantfile.freebsd Vagrantfile
2026-06-05T11:10:38.6168206Z [36;1mln -sf hack/Vagrantfile.freebsd Vagrantfile[0m
2026-06-05T11:10:38.6168538Z [36;1mvagrant up --no-tty[0m
2026-06-05T11:10:38.6228659Z shell: /usr/bin/bash -e {0}
2026-06-05T11:10:38.6228933Z env:
2026-06-05T11:10:38.6229149Z   GO_VERSION: 1.26
2026-06-05T11:10:38.6229386Z   SETUP_BUILDX_VERSION: edge
2026-06-05T11:10:38.6229674Z   SETUP_BUILDKIT_IMAGE: moby/buildkit:latest
2026-06-05T11:10:38.6229971Z   DESTDIR: ./bin
2026-06-05T11:10:38.6230181Z   GOOS: freebsd
2026-06-05T11:10:38.6230443Z   VAGRANT_DISABLE_STRICT_DEPENDENCY_ENFORCEMENT: 1
2026-06-05T11:10:38.6230756Z ##[endgroup]
2026-06-05T11:10:39.6369616Z Bringing machine 'default' up with 'libvirt' provider...
2026-06-05T11:10:39.6650768Z ==> default: Checking if box 'generic/freebsd14' version '4.3.12' is up to date...
2026-06-05T11:10:40.2160222Z [fog][WARNING] Unrecognized arguments: libvirt_ip_command
2026-06-05T11:10:40.2542691Z ==> default: Uploading base box image as volume into Libvirt storage...
2026-06-05T11:10:41.2442808Z ==> default: Creating image (snapshot of base box volume).
2026-06-05T11:10:41.2618887Z ==> default: Creating domain with the following settings...
2026-06-05T11:10:41.2619873Z ==> default:  -- Name:              buildkit_default
2026-06-05T11:10:41.2622107Z ==> default:  -- Description:       Source: /home/runner/work/buildkit/buildkit/Vagrantfile
2026-06-05T11:10:41.2623141Z ==> default:  -- Domain type:       kvm
2026-06-05T11:10:41.2623785Z ==> default:  -- Cpus:              2
2026-06-05T11:10:41.2624409Z ==> default:  -- Feature:           acpi
2026-06-05T11:10:41.2625265Z ==> default:  -- Feature:           apic
2026-06-05T11:10:41.2626104Z ==> default:  -- Feature:           pae
2026-06-05T11:10:41.2627128Z ==> default:  -- Clock offset:      utc
2026-06-05T11:10:41.2630132Z ==> default:  -- Memory:            2048M
2026-06-05T11:10:41.2631119Z ==> default:  -- Base box:          generic/freebsd14
2026-06-05T11:10:41.2631724Z ==> default:  -- Storage pool:      default
2026-06-05T11:10:41.2643705Z ==> default:  -- Image(sda):        /var/lib/libvirt/images/buildkit_default.img, scsi, 128G
2026-06-05T11:10:41.2644685Z ==> default:  -- Disk driver opts:  cache='default'
2026-06-05T11:10:41.2645589Z ==> default:  -- Graphics Type:     vnc
2026-06-05T11:10:41.2646569Z ==> default:  -- Video Type:        cirrus
2026-06-05T11:10:41.2648192Z ==> default:  -- Video VRAM:        256
2026-06-05T11:10:41.2649351Z ==> default:  -- Video 3D accel:    false
2026-06-05T11:10:41.2650253Z ==> default:  -- Keymap:            en-us
2026-06-05T11:10:41.2651375Z ==> default:  -- TPM Backend:       passthrough
2026-06-05T11:10:41.2652642Z ==> default:  -- INPUT:             type=mouse, bus=ps2
2026-06-05T11:10:41.8410433Z ==> default: Creating shared folders metadata...
2026-06-05T11:10:41.8584832Z ==> default: Starting domain.
2026-06-05T11:10:43.0461935Z ==> default: Domain launching with graphics connection settings...
2026-06-05T11:10:43.0463234Z ==> default:  -- Graphics Port:      5900
2026-06-05T11:10:43.0464243Z ==> default:  -- Graphics IP:        127.0.0.1
2026-06-05T11:10:43.0465138Z ==> default:  -- Graphics Password:  Not defined
2026-06-05T11:10:43.0469539Z ==> default:  -- Graphics Websocket: 5700
2026-06-05T11:10:43.0534839Z ==> default: Waiting for domain to get an IP address...
2026-06-05T11:10:58.2137061Z ==> default: Waiting for machine to boot. This may take a few minutes...
2026-06-05T11:10:58.2678275Z     default: SSH address: 192.168.121.77:22
2026-06-05T11:10:58.2756989Z     default: SSH username: vagrant
2026-06-05T11:10:58.2758166Z     default: SSH auth method: private key
2026-06-05T11:10:58.3208348Z     default: Warning: Connection refused. Retrying...
2026-06-05T11:11:06.8707132Z     default: 
2026-06-05T11:11:06.8707676Z     default: Vagrant insecure key detected. Vagrant will automatically replace
2026-06-05T11:11:06.8708389Z     default: this with a newly generated keypair for better security.
2026-06-05T11:11:10.8711893Z     default: 
2026-06-05T11:11:10.8712786Z     default: Inserting generated public key within guest...
2026-06-05T11:11:11.5187276Z     default: Removing insecure key from the guest if it's present...
2026-06-05T11:11:11.9204927Z     default: Key inserted! Disconnecting and reconnecting using new SSH key...
2026-06-05T11:11:12.3481632Z ==> default: Machine booted and ready!
2026-06-05T11:11:12.7643479Z ==> default: Installing rsync to the VM...
2026-06-05T11:11:14.3546665Z ==> default: Rsyncing folder: /home/runner/work/buildkit/buildkit/ => /vagrant
2026-06-05T11:11:18.2503826Z ==> default: Running provisioner: init (shell)...
2026-06-05T11:11:18.6381640Z     default: Running: inline script
2026-06-05T11:11:18.7185918Z     default: + freebsd-version -kru
2026-06-05T11:11:18.8112844Z     default: 14.0-RELEASE
2026-06-05T11:11:18.8116373Z     default: 14.0-RELEASE
2026-06-05T11:11:18.8119564Z     default: 14.0-RELEASE
2026-06-05T11:11:18.8123555Z     default: + kldload nullfs
2026-06-05T11:11:18.8148061Z     default: + sed -i '' s/latest/release_2/ /usr/local/etc/pkg/repos/FreeBSD.conf
2026-06-05T11:11:18.8163708Z     default: + pkg install -y git runj
2026-06-05T11:11:18.8198539Z     default: Updating FreeBSD repository catalogue...
2026-06-05T11:11:18.8202582Z     default: pkg: Repository FreeBSD has a wrong packagesite, need to re-create database
2026-06-05T11:11:18.9856918Z     default: pkg: https://pkgmir.geo.freebsd.org/FreeBSD:14:amd64/release_2/meta.txz: Not Found
2026-06-05T11:11:19.0852165Z     default: pkg: https://pkgmir.geo.freebsd.org/FreeBSD:14:amd64/release_2/data.pkg: Not Found
2026-06-05T11:11:19.1861910Z     default: pkg: https://pkgmir.geo.freebsd.org/FreeBSD:14:amd64/release_2/data.tzst: Not Found
2026-06-05T11:11:19.2854838Z     default: pkg: https://pkgmir.geo.freebsd.org/FreeBSD:14:amd64/release_2/packagesite.pkg: Not Found
2026-06-05T11:11:19.3883863Z     default: pkg: https://pkgmir.geo.freebsd.org/FreeBSD:14:amd64/release_2/packagesite.tzst: Not Found
2026-06-05T11:11:19.3887101Z     default: Unable to update repository FreeBSD
2026-06-05T11:11:19.3888004Z     default: Error updating repositories!
2026-06-05T11:11:19.4179075Z The SSH command responded with a non-zero exit status. Vagrant
2026-06-05T11:11:19.4179832Z assumes that this means the command failed. The output for this command
2026-06-05T11:11:19.4180956Z should be in the log above. Please read the output to determine what
2026-06-05T11:11:19.4480137Z went wrong.
2026-06-05T11:11:19.4493088Z ##[error]Process completed with exit code 1.
2026-06-05T11:11:19.4547169Z ##[group]Run vagrant ssh -- "sudo cat /vagrant/.tmp/logs/buildkitd"
2026-06-05T11:11:19.4547694Z [36;1mvagrant ssh -- "sudo cat /vagrant/.tmp/logs/buildkitd"[0m
2026-06-05T11:11:19.4603519Z shell: /usr/bin/bash -e {0}
2026-06-05T11:11:19.4603791Z env:
2026-06-05T11:11:19.4603991Z   GO_VERSION: 1.26
2026-06-05T11:11:19.4604225Z   SETUP_BUILDX_VERSION: edge
2026-06-05T11:11:19.4604512Z   SETUP_BUILDKIT_IMAGE: moby/buildkit:latest
2026-06-05T11:11:19.4604799Z   DESTDIR: ./bin
2026-06-05T11:11:19.4605006Z   GOOS: freebsd
2026-06-05T11:11:19.4605260Z   VAGRANT_DISABLE_STRICT_DEPENDENCY_ENFORCEMENT: 1
2026-06-05T11:11:19.4605576Z ##[endgroup]
2026-06-05T11:11:20.5594391Z [fog][WARNING] Unrecognized arguments: libvirt_ip_command
2026-06-05T11:11:20.9158984Z cat: /vagrant/.tmp/logs/buildkitd: No such file or directory
2026-06-05T11:11:20.9185802Z ##[error]Process completed with exit code 1.
2026-06-05T11:11:20.9211566Z ##[group]Run vagrant ssh -- "sudo cat /vagrant/.tmp/logs/containerd"
2026-06-05T11:11:20.9212081Z [36;1mvagrant ssh -- "sudo cat /vagrant/.tmp/logs/containerd"[0m
2026-06-05T11:11:20.9268168Z shell: /usr/bin/bash -e {0}
2026-06-05T11:11:20.9268437Z env:
2026-06-05T11:11:20.9268649Z   GO_VERSION: 1.26
2026-06-05T11:11:20.9268887Z   SETUP_BUILDX_VERSION: edge
2026-06-05T11:11:20.9269170Z   SETUP_BUILDKIT_IMAGE: moby/buildkit:latest
2026-06-05T11:11:20.9269466Z   DESTDIR: ./bin
2026-06-05T11:11:20.9269675Z   GOOS: freebsd
2026-06-05T11:11:20.9269925Z   VAGRANT_DISABLE_STRICT_DEPENDENCY_ENFORCEMENT: 1
2026-06-05T11:11:20.9270237Z ##[endgroup]
2026-06-05T11:11:22.0395033Z [fog][WARNING] Unrecognized arguments: libvirt_ip_command
2026-06-05T11:11:22.4259421Z cat: /vagrant/.tmp/logs/containerd: No such file or directory
2026-06-05T11:11:22.4285620Z ##[error]Process completed with exit code 1.
2026-06-05T11:11:22.4356852Z Post job cleanup.
2026-06-05T11:11:22.5195096Z [command]/usr/bin/git version
2026-06-05T11:11:22.5232678Z git version 2.54.0
2026-06-05T11:11:22.5272782Z Temporarily overriding HOME='/home/runner/work/_temp/4ec32c20-8444-4cb8-b055-32df5c444318' before making global git config changes
2026-06-05T11:11:22.5274142Z Adding repository directory to the temporary git global config as a safe directory
2026-06-05T11:11:22.5278319Z [command]/usr/bin/git config --global --add safe.directory /home/runner/work/buildkit/buildkit
2026-06-05T11:11:22.5309808Z Removing SSH command configuration
2026-06-05T11:11:22.5317870Z [command]/usr/bin/git config --local --name-only --get-regexp core\.sshCommand
2026-06-05T11:11:22.5358871Z [command]/usr/bin/git submodule foreach --recursive sh -c "git config --local --name-only --get-regexp 'core\.sshCommand' && git config --local --unset-all 'core.sshCommand' || :"
2026-06-05T11:11:22.5659989Z Removing HTTP extra header
2026-06-05T11:11:22.5666790Z [command]/usr/bin/git config --local --name-only --get-regexp http\.https\:\/\/github\.com\/\.extraheader
2026-06-05T11:11:22.5708689Z [command]/usr/bin/git submodule foreach --recursive sh -c "git config --local --name-only --get-regexp 'http\.https\:\/\/github\.com\/\.extraheader' && git config --local --unset-all 'http.https://github.com/.extraheader' || :"
2026-06-05T11:11:22.5974064Z Removing includeIf entries pointing to credentials config files
2026-06-05T11:11:22.5981141Z [command]/usr/bin/git config --local --name-only --get-regexp ^includeIf\.gitdir:
2026-06-05T11:11:22.6007878Z includeif.gitdir:/home/runner/work/buildkit/buildkit/.git.path
2026-06-05T11:11:22.6008818Z includeif.gitdir:/home/runner/work/buildkit/buildkit/.git/worktrees/*.path
2026-06-05T11:11:22.6009665Z includeif.gitdir:/github/workspace/.git.path
2026-06-05T11:11:22.6010371Z includeif.gitdir:/github/workspace/.git/worktrees/*.path
2026-06-05T11:11:22.6017965Z [command]/usr/bin/git config --local --get-all includeif.gitdir:/home/runner/work/buildkit/buildkit/.git.path
2026-06-05T11:11:22.6040992Z /home/runner/work/_temp/git-credentials-bb6e188d-9932-47bf-9957-d2108b3f23e1.config
2026-06-05T11:11:22.6051593Z [command]/usr/bin/git config --local --unset includeif.gitdir:/home/runner/work/buildkit/buildkit/.git.path /home/runner/work/_temp/git-credentials-bb6e188d-9932-47bf-9957-d2108b3f23e1.config
2026-06-05T11:11:22.6088536Z [command]/usr/bin/git config --local --get-all includeif.gitdir:/home/runner/work/buildkit/buildkit/.git/worktrees/*.path
2026-06-05T11:11:22.6111347Z /home/runner/work/_temp/git-credentials-bb6e188d-9932-47bf-9957-d2108b3f23e1.config
2026-06-05T11:11:22.6121089Z [command]/usr/bin/git config --local --unset includeif.gitdir:/home/runner/work/buildkit/buildkit/.git/worktrees/*.path /home/runner/work/_temp/git-credentials-bb6e188d-9932-47bf-9957-d2108b3f23e1.config
2026-06-05T11:11:22.6153055Z [command]/usr/bin/git config --local --get-all includeif.gitdir:/github/workspace/.git.path
2026-06-05T11:11:22.6175977Z /github/runner_temp/git-credentials-bb6e188d-9932-47bf-9957-d2108b3f23e1.config
2026-06-05T11:11:22.6184537Z [command]/usr/bin/git config --local --unset includeif.gitdir:/github/workspace/.git.path /github/runner_temp/git-credentials-bb6e188d-9932-47bf-9957-d2108b3f23e1.config
2026-06-05T11:11:22.6215911Z [command]/usr/bin/git config --local --get-all includeif.gitdir:/github/workspace/.git/worktrees/*.path
2026-06-05T11:11:22.6237245Z /github/runner_temp/git-credentials-bb6e188d-9932-47bf-9957-d2108b3f23e1.config
2026-06-05T11:11:22.6246786Z [command]/usr/bin/git config --local --unset includeif.gitdir:/github/workspace/.git/worktrees/*.path /github/runner_temp/git-credentials-bb6e188d-9932-47bf-9957-d2108b3f23e1.config
2026-06-05T11:11:22.6280559Z [command]/usr/bin/git submodule foreach --recursive git config --local --show-origin --name-only --get-regexp remote.origin.url
2026-06-05T11:11:22.6533479Z Removing credentials config '/home/runner/work/_temp/git-credentials-bb6e188d-9932-47bf-9957-d2108b3f23e1.config'
2026-06-05T11:11:22.6670469Z Cleaning up orphan processes
