2026-05-08T22:19:34.4699865Z Current runner version: '2.334.0'
2026-05-08T22:19:34.4731707Z ##[group]Runner Image Provisioner
2026-05-08T22:19:34.4732981Z Hosted Compute Agent
2026-05-08T22:19:34.4733744Z Version: 20260213.493
2026-05-08T22:19:34.4734709Z Commit: 5c115507f6dd24b8de37d8bbe0bb4509d0cc0fa3
2026-05-08T22:19:34.4735887Z Build Date: 2026-02-13T00:28:41Z
2026-05-08T22:19:34.4737017Z Worker ID: {c75b42aa-86cc-4a34-b6b6-d7f5460bedb1}
2026-05-08T22:19:34.4738298Z Azure Region: centralus
2026-05-08T22:19:34.4739569Z ##[endgroup]
2026-05-08T22:19:34.4742206Z ##[group]Operating System
2026-05-08T22:19:34.4743119Z Ubuntu
2026-05-08T22:19:34.4743999Z 22.04.5
2026-05-08T22:19:34.4744683Z LTS
2026-05-08T22:19:34.4745372Z ##[endgroup]
2026-05-08T22:19:34.4746239Z ##[group]Runner Image
2026-05-08T22:19:34.4747236Z Image: ubuntu-22.04
2026-05-08T22:19:34.4748174Z Version: 20260413.88.1
2026-05-08T22:19:34.4750531Z Included Software: https://github.com/actions/runner-images/blob/ubuntu22/20260413.88/images/ubuntu/Ubuntu2204-Readme.md
2026-05-08T22:19:34.4753104Z Image Release: https://github.com/actions/runner-images/releases/tag/ubuntu22%2F20260413.88
2026-05-08T22:19:34.4754878Z ##[endgroup]
2026-05-08T22:19:34.4756598Z ##[group]GITHUB_TOKEN Permissions
2026-05-08T22:19:34.4759671Z Contents: read
2026-05-08T22:19:34.4760559Z Metadata: read
2026-05-08T22:19:34.4761393Z ##[endgroup]
2026-05-08T22:19:34.4764367Z Secret source: None
2026-05-08T22:19:34.4765992Z Prepare workflow directory
2026-05-08T22:19:34.5406403Z Prepare all required actions
2026-05-08T22:19:34.5460995Z Getting action download info
2026-05-08T22:19:34.9805866Z Download action repository 'actions/checkout@de0fac2e4500dabe0009e67214ff5f5447ce83dd' (SHA:de0fac2e4500dabe0009e67214ff5f5447ce83dd)
2026-05-08T22:19:35.1515072Z Download action repository 'docker/setup-buildx-action@4d04d5d9486b7bd6fa91e7baf45bbb4f8b9deedd' (SHA:4d04d5d9486b7bd6fa91e7baf45bbb4f8b9deedd)
2026-05-08T22:19:35.5535685Z Download action repository 'docker/bake-action@a66e1c87e2eca0503c343edf1d208c716d54b8a8' (SHA:a66e1c87e2eca0503c343edf1d208c716d54b8a8)
2026-05-08T22:19:36.0166617Z Download action repository 'codecov/codecov-action@57e3a136b779b570ffcdbf80b3bdc90e7fab3de2' (SHA:57e3a136b779b570ffcdbf80b3bdc90e7fab3de2)
2026-05-08T22:19:36.2017286Z Download action repository 'actions/upload-artifact@043fb46d1a93c77aae656e7c1c64a875d1fc6a0a' (SHA:043fb46d1a93c77aae656e7c1c64a875d1fc6a0a)
2026-05-08T22:19:36.7181216Z Getting action download info
2026-05-08T22:19:36.8605986Z Download action repository 'actions/github-script@ed597411d8f924073f98dfc5c65a23a2325f34cd' (SHA:ed597411d8f924073f98dfc5c65a23a2325f34cd)
2026-05-08T22:19:37.3176963Z Uses: moby/moby/.github/workflows/.test.yml@refs/pull/52589/merge (26f9d9e182a1ba11349365091f3c53af9b6a5ace)
2026-05-08T22:19:37.3182283Z ##[group] Inputs
2026-05-08T22:19:37.3183120Z   storage: graphdriver
2026-05-08T22:19:37.3183925Z ##[endgroup]
2026-05-08T22:19:37.3185053Z Complete job name: test (graphdriver) / integration (ubuntu-22.04, rootless)
2026-05-08T22:19:37.4078083Z ##[group]Run actions/checkout@de0fac2e4500dabe0009e67214ff5f5447ce83dd
2026-05-08T22:19:37.4079881Z with:
2026-05-08T22:19:37.4080580Z   repository: moby/moby
2026-05-08T22:19:37.4081607Z   token: ***
2026-05-08T22:19:37.4082291Z   ssh-strict: true
2026-05-08T22:19:37.4082992Z   ssh-user: git
2026-05-08T22:19:37.4083720Z   persist-credentials: true
2026-05-08T22:19:37.4084522Z   clean: true
2026-05-08T22:19:37.4085252Z   sparse-checkout-cone-mode: true
2026-05-08T22:19:37.4086132Z   fetch-depth: 1
2026-05-08T22:19:37.4086834Z   fetch-tags: false
2026-05-08T22:19:37.4087554Z   show-progress: true
2026-05-08T22:19:37.4088296Z   lfs: false
2026-05-08T22:19:37.4088965Z   submodules: false
2026-05-08T22:19:37.4089826Z   set-safe-directory: true
2026-05-08T22:19:37.4090980Z env:
2026-05-08T22:19:37.4091636Z   GO_VERSION: 1.26.3
2026-05-08T22:19:37.4092417Z   GOTESTLIST_VERSION: v0.3.1
2026-05-08T22:19:37.4093282Z   TESTSTAT_VERSION: v0.1.25
2026-05-08T22:19:37.4094126Z   ITG_CLI_MATRIX_SIZE: 6
2026-05-08T22:19:37.4095168Z   DOCKER_EXPERIMENTAL: 1
2026-05-08T22:19:37.4095982Z   DOCKER_GRAPHDRIVER: overlay2
2026-05-08T22:19:37.4096860Z   TEST_INTEGRATION_USE_GRAPHDRIVER: 1
2026-05-08T22:19:37.4097791Z   SETUP_BUILDX_VERSION: edge
2026-05-08T22:19:37.4098682Z   SETUP_BUILDKIT_IMAGE: moby/buildkit:latest
2026-05-08T22:19:37.4099808Z ##[endgroup]
2026-05-08T22:19:37.5176658Z Syncing repository: moby/moby
2026-05-08T22:19:37.5179004Z ##[group]Getting Git version info
2026-05-08T22:19:37.5180383Z Working directory is '/home/runner/work/moby/moby'
2026-05-08T22:19:37.5182048Z [command]/usr/bin/git version
2026-05-08T22:19:37.5255127Z git version 2.53.0
2026-05-08T22:19:37.5280216Z ##[endgroup]
2026-05-08T22:19:37.5294869Z Temporarily overriding HOME='/home/runner/work/_temp/e1ccc906-3428-4142-864e-0c4cdf1fa5af' before making global git config changes
2026-05-08T22:19:37.5299582Z Adding repository directory to the temporary git global config as a safe directory
2026-05-08T22:19:37.5303064Z [command]/usr/bin/git config --global --add safe.directory /home/runner/work/moby/moby
2026-05-08T22:19:37.5346514Z Deleting the contents of '/home/runner/work/moby/moby'
2026-05-08T22:19:37.5351471Z ##[group]Initializing the repository
2026-05-08T22:19:37.5355427Z [command]/usr/bin/git init /home/runner/work/moby/moby
2026-05-08T22:19:37.5490334Z hint: Using 'master' as the name for the initial branch. This default branch name
2026-05-08T22:19:37.5492703Z hint: will change to "main" in Git 3.0. To configure the initial branch name
2026-05-08T22:19:37.5495195Z hint: to use in all of your new repositories, which will suppress this warning,
2026-05-08T22:19:37.5497515Z hint: call:
2026-05-08T22:19:37.5498674Z hint:
2026-05-08T22:19:37.5500378Z hint: 	git config --global init.defaultBranch <name>
2026-05-08T22:19:37.5502208Z hint:
2026-05-08T22:19:37.5503865Z hint: Names commonly chosen instead of 'master' are 'main', 'trunk' and
2026-05-08T22:19:37.5506823Z hint: 'development'. The just-created branch can be renamed via this command:
2026-05-08T22:19:37.5509119Z hint:
2026-05-08T22:19:37.5510549Z hint: 	git branch -m <name>
2026-05-08T22:19:37.5511923Z hint:
2026-05-08T22:19:37.5513709Z hint: Disable this message with "git config set advice.defaultBranchName false"
2026-05-08T22:19:37.5515476Z Initialized empty Git repository in /home/runner/work/moby/moby/.git/
2026-05-08T22:19:37.5518075Z [command]/usr/bin/git remote add origin https://github.com/moby/moby
2026-05-08T22:19:37.5544157Z ##[endgroup]
2026-05-08T22:19:37.5546383Z ##[group]Disabling automatic garbage collection
2026-05-08T22:19:37.5548449Z [command]/usr/bin/git config --local gc.auto 0
2026-05-08T22:19:37.5580292Z ##[endgroup]
2026-05-08T22:19:37.5582411Z ##[group]Setting up auth
2026-05-08T22:19:37.5583954Z Removing SSH command configuration
2026-05-08T22:19:37.5588071Z [command]/usr/bin/git config --local --name-only --get-regexp core\.sshCommand
2026-05-08T22:19:37.5622008Z [command]/usr/bin/git submodule foreach --recursive sh -c "git config --local --name-only --get-regexp 'core\.sshCommand' && git config --local --unset-all 'core.sshCommand' || :"
2026-05-08T22:19:37.6039919Z Removing HTTP extra header
2026-05-08T22:19:37.6046939Z [command]/usr/bin/git config --local --name-only --get-regexp http\.https\:\/\/github\.com\/\.extraheader
2026-05-08T22:19:37.6081852Z [command]/usr/bin/git submodule foreach --recursive sh -c "git config --local --name-only --get-regexp 'http\.https\:\/\/github\.com\/\.extraheader' && git config --local --unset-all 'http.https://github.com/.extraheader' || :"
2026-05-08T22:19:37.6301257Z Removing includeIf entries pointing to credentials config files
2026-05-08T22:19:37.6306155Z [command]/usr/bin/git config --local --name-only --get-regexp ^includeIf\.gitdir:
2026-05-08T22:19:37.6336143Z [command]/usr/bin/git submodule foreach --recursive git config --local --show-origin --name-only --get-regexp remote.origin.url
2026-05-08T22:19:37.6576488Z [command]/usr/bin/git config --file /home/runner/work/_temp/git-credentials-4ef52646-3be8-4c3e-8fb4-9b1f9618f02a.config http.https://github.com/.extraheader AUTHORIZATION: basic ***
2026-05-08T22:19:37.6659207Z [command]/usr/bin/git config --local includeIf.gitdir:/home/runner/work/moby/moby/.git.path /home/runner/work/_temp/git-credentials-4ef52646-3be8-4c3e-8fb4-9b1f9618f02a.config
2026-05-08T22:19:37.6718348Z [command]/usr/bin/git config --local includeIf.gitdir:/home/runner/work/moby/moby/.git/worktrees/*.path /home/runner/work/_temp/git-credentials-4ef52646-3be8-4c3e-8fb4-9b1f9618f02a.config
2026-05-08T22:19:37.6774138Z [command]/usr/bin/git config --local includeIf.gitdir:/github/workspace/.git.path /github/runner_temp/git-credentials-4ef52646-3be8-4c3e-8fb4-9b1f9618f02a.config
2026-05-08T22:19:37.6821003Z [command]/usr/bin/git config --local includeIf.gitdir:/github/workspace/.git/worktrees/*.path /github/runner_temp/git-credentials-4ef52646-3be8-4c3e-8fb4-9b1f9618f02a.config
2026-05-08T22:19:37.6861551Z ##[endgroup]
2026-05-08T22:19:37.6862866Z ##[group]Fetching the repository
2026-05-08T22:19:37.6869023Z [command]/usr/bin/git -c protocol.version=2 fetch --no-tags --prune --no-recurse-submodules --depth=1 origin +26f9d9e182a1ba11349365091f3c53af9b6a5ace:refs/remotes/pull/52589/merge
2026-05-08T22:19:38.8735189Z From https://github.com/moby/moby
2026-05-08T22:19:38.8736313Z  * [new ref]         26f9d9e182a1ba11349365091f3c53af9b6a5ace -> pull/52589/merge
2026-05-08T22:19:38.8771442Z ##[endgroup]
2026-05-08T22:19:38.8772105Z ##[group]Determining the checkout info
2026-05-08T22:19:38.8772890Z ##[endgroup]
2026-05-08T22:19:38.8777962Z [command]/usr/bin/git sparse-checkout disable
2026-05-08T22:19:38.8820107Z [command]/usr/bin/git config --local --unset-all extensions.worktreeConfig
2026-05-08T22:19:38.8846797Z ##[group]Checking out the ref
2026-05-08T22:19:38.8851486Z [command]/usr/bin/git checkout --progress --force refs/remotes/pull/52589/merge
2026-05-08T22:19:39.7229921Z Note: switching to 'refs/remotes/pull/52589/merge'.
2026-05-08T22:19:39.7230401Z 
2026-05-08T22:19:39.7230754Z You are in 'detached HEAD' state. You can look around, make experimental
2026-05-08T22:19:39.7231503Z changes and commit them, and you can discard any commits you make in this
2026-05-08T22:19:39.7232246Z state without impacting any branches by switching back to a branch.
2026-05-08T22:19:39.7232729Z 
2026-05-08T22:19:39.7233064Z If you want to create a new branch to retain commits you create, you may
2026-05-08T22:19:39.7233738Z do so (now or later) by using -c with the switch command. Example:
2026-05-08T22:19:39.7234141Z 
2026-05-08T22:19:39.7234289Z   git switch -c <new-branch-name>
2026-05-08T22:19:39.7234551Z 
2026-05-08T22:19:39.7234685Z Or undo this operation with:
2026-05-08T22:19:39.7234983Z 
2026-05-08T22:19:39.7235105Z   git switch -
2026-05-08T22:19:39.7235946Z 
2026-05-08T22:19:39.7236322Z Turn off this advice by setting config variable advice.detachedHead to false
2026-05-08T22:19:39.7236813Z 
2026-05-08T22:19:39.7237669Z HEAD is now at 26f9d9e Merge cfb2ed2acdda1efd13d2847f4f71ceaf84ff610d into 50b02f40b9d7d6dcd4ec6e64e91bb3ae412db8b0
2026-05-08T22:19:39.7263548Z ##[endgroup]
2026-05-08T22:19:39.7309520Z [command]/usr/bin/git log -1 --format=%H
2026-05-08T22:19:39.7337636Z 26f9d9e182a1ba11349365091f3c53af9b6a5ace
2026-05-08T22:19:39.7526936Z Prepare all required actions
2026-05-08T22:19:39.7582602Z ##[group]Run ./.github/actions/setup-runner
2026-05-08T22:19:39.7582868Z env:
2026-05-08T22:19:39.7583038Z   GO_VERSION: 1.26.3
2026-05-08T22:19:39.7583234Z   GOTESTLIST_VERSION: v0.3.1
2026-05-08T22:19:39.7583454Z   TESTSTAT_VERSION: v0.1.25
2026-05-08T22:19:39.7583653Z   ITG_CLI_MATRIX_SIZE: 6
2026-05-08T22:19:39.7583874Z   DOCKER_EXPERIMENTAL: 1
2026-05-08T22:19:39.7584073Z   DOCKER_GRAPHDRIVER: overlay2
2026-05-08T22:19:39.7584304Z   TEST_INTEGRATION_USE_GRAPHDRIVER: 1
2026-05-08T22:19:39.7584546Z   SETUP_BUILDX_VERSION: edge
2026-05-08T22:19:39.7584771Z   SETUP_BUILDKIT_IMAGE: moby/buildkit:latest
2026-05-08T22:19:39.7585022Z ##[endgroup]
2026-05-08T22:19:39.7679415Z ##[group]Run sudo modprobe ip_vs
2026-05-08T22:19:39.7679727Z [36;1msudo modprobe ip_vs[0m
2026-05-08T22:19:39.7680163Z [36;1msudo modprobe ipv6[0m
2026-05-08T22:19:39.7680398Z [36;1msudo modprobe ip6table_filter[0m
2026-05-08T22:19:39.7680689Z [36;1msudo modprobe -r overlay[0m
2026-05-08T22:19:39.7680954Z [36;1msudo modprobe overlay redirect_dir=off[0m
2026-05-08T22:19:39.7748957Z shell: /usr/bin/bash --noprofile --norc -e -o pipefail {0}
2026-05-08T22:19:39.7749498Z env:
2026-05-08T22:19:39.7749662Z   GO_VERSION: 1.26.3
2026-05-08T22:19:39.7749871Z   GOTESTLIST_VERSION: v0.3.1
2026-05-08T22:19:39.7750087Z   TESTSTAT_VERSION: v0.1.25
2026-05-08T22:19:39.7750295Z   ITG_CLI_MATRIX_SIZE: 6
2026-05-08T22:19:39.7750498Z   DOCKER_EXPERIMENTAL: 1
2026-05-08T22:19:39.7750694Z   DOCKER_GRAPHDRIVER: overlay2
2026-05-08T22:19:39.7750923Z   TEST_INTEGRATION_USE_GRAPHDRIVER: 1
2026-05-08T22:19:39.7751157Z   SETUP_BUILDX_VERSION: edge
2026-05-08T22:19:39.7751398Z   SETUP_BUILDKIT_IMAGE: moby/buildkit:latest
2026-05-08T22:19:39.7751637Z ##[endgroup]
2026-05-08T22:19:39.9773661Z ##[group]Run if [ ! -e /etc/docker/daemon.json ]; then
2026-05-08T22:19:39.9774188Z [36;1mif [ ! -e /etc/docker/daemon.json ]; then[0m
2026-05-08T22:19:39.9774561Z [36;1m echo '{}' | sudo tee /etc/docker/daemon.json >/dev/null[0m
2026-05-08T22:19:39.9774870Z [36;1mfi[0m
2026-05-08T22:19:39.9775368Z [36;1mDOCKERD_CONFIG=$(jq '.+{"experimental":true,"live-restore":true,"ipv6":true,"fixed-cidr-v6":"2001:db8:1::/64"}' /etc/docker/daemon.json)[0m
2026-05-08T22:19:39.9776035Z [36;1msudo tee /etc/docker/daemon.json <<<"$DOCKERD_CONFIG" >/dev/null[0m
2026-05-08T22:19:39.9776389Z [36;1msudo service docker restart[0m
2026-05-08T22:19:39.9832182Z shell: /usr/bin/bash --noprofile --norc -e -o pipefail {0}
2026-05-08T22:19:39.9832491Z env:
2026-05-08T22:19:39.9832656Z   GO_VERSION: 1.26.3
2026-05-08T22:19:39.9832849Z   GOTESTLIST_VERSION: v0.3.1
2026-05-08T22:19:39.9833066Z   TESTSTAT_VERSION: v0.1.25
2026-05-08T22:19:39.9833264Z   ITG_CLI_MATRIX_SIZE: 6
2026-05-08T22:19:39.9833463Z   DOCKER_EXPERIMENTAL: 1
2026-05-08T22:19:39.9833666Z   DOCKER_GRAPHDRIVER: overlay2
2026-05-08T22:19:39.9833896Z   TEST_INTEGRATION_USE_GRAPHDRIVER: 1
2026-05-08T22:19:39.9834137Z   SETUP_BUILDX_VERSION: edge
2026-05-08T22:19:39.9834367Z   SETUP_BUILDKIT_IMAGE: moby/buildkit:latest
2026-05-08T22:19:39.9834615Z ##[endgroup]
2026-05-08T22:19:40.9197871Z ##[group]Run ./contrib/check-config.sh || true
2026-05-08T22:19:40.9198201Z [36;1m./contrib/check-config.sh || true[0m
2026-05-08T22:19:40.9254582Z shell: /usr/bin/bash --noprofile --norc -e -o pipefail {0}
2026-05-08T22:19:40.9254902Z env:
2026-05-08T22:19:40.9255059Z   GO_VERSION: 1.26.3
2026-05-08T22:19:40.9255258Z   GOTESTLIST_VERSION: v0.3.1
2026-05-08T22:19:40.9255470Z   TESTSTAT_VERSION: v0.1.25
2026-05-08T22:19:40.9255679Z   ITG_CLI_MATRIX_SIZE: 6
2026-05-08T22:19:40.9255871Z   DOCKER_EXPERIMENTAL: 1
2026-05-08T22:19:40.9256069Z   DOCKER_GRAPHDRIVER: overlay2
2026-05-08T22:19:40.9256293Z   TEST_INTEGRATION_USE_GRAPHDRIVER: 1
2026-05-08T22:19:40.9256550Z   SETUP_BUILDX_VERSION: edge
2026-05-08T22:19:40.9256816Z   SETUP_BUILDKIT_IMAGE: moby/buildkit:latest
2026-05-08T22:19:40.9257075Z ##[endgroup]
2026-05-08T22:19:40.9371079Z warning: /proc/config.gz does not exist, searching other paths for kernel config ...
2026-05-08T22:19:40.9371948Z info: reading kernel config from /boot/config-6.8.0-1044-azure ...
2026-05-08T22:19:40.9372210Z 
2026-05-08T22:19:40.9372299Z Generally Necessary:
2026-05-08T22:19:40.9388527Z - cgroup hierarchy: cgroupv2
2026-05-08T22:19:40.9388952Z   Controllers:
2026-05-08T22:19:40.9410373Z   - cpu: available
2026-05-08T22:19:40.9428877Z   - cpuset: available
2026-05-08T22:19:40.9446824Z   - io: available
2026-05-08T22:19:40.9464960Z   - memory: available
2026-05-08T22:19:40.9483613Z   - pids: available
2026-05-08T22:19:40.9499864Z - apparmor: enabled and tools installed
2026-05-08T22:19:40.9895727Z - CONFIG_NAMESPACES: enabled
2026-05-08T22:19:40.9946412Z - CONFIG_NET_NS: enabled
2026-05-08T22:19:40.9997832Z - CONFIG_PID_NS: enabled
2026-05-08T22:19:41.0048812Z - CONFIG_IPC_NS: enabled
2026-05-08T22:19:41.0099758Z - CONFIG_UTS_NS: enabled
2026-05-08T22:19:41.0150237Z - CONFIG_CGROUPS: enabled
2026-05-08T22:19:41.0200558Z - CONFIG_CGROUP_CPUACCT: enabled
2026-05-08T22:19:41.0251370Z - CONFIG_CGROUP_DEVICE: enabled
2026-05-08T22:19:41.0302299Z - CONFIG_CGROUP_FREEZER: enabled
2026-05-08T22:19:41.0352804Z - CONFIG_CGROUP_SCHED: enabled
2026-05-08T22:19:41.0403627Z - CONFIG_CPUSETS: enabled
2026-05-08T22:19:41.0453548Z - CONFIG_MEMCG: enabled
2026-05-08T22:19:41.0504320Z - CONFIG_KEYS: enabled
2026-05-08T22:19:41.0600156Z - CONFIG_VETH: enabled (as module)
2026-05-08T22:19:41.0695361Z - CONFIG_BRIDGE: enabled (as module)
2026-05-08T22:19:41.0790664Z - CONFIG_BRIDGE_NETFILTER: enabled (as module)
2026-05-08T22:19:41.0885388Z - CONFIG_IP_NF_FILTER: enabled (as module)
2026-05-08T22:19:41.0980801Z - CONFIG_IP_NF_MANGLE: enabled (as module)
2026-05-08T22:19:41.1075526Z - CONFIG_IP_NF_TARGET_MASQUERADE: enabled (as module)
2026-05-08T22:19:41.1170825Z - CONFIG_IP6_NF_FILTER: enabled (as module)
2026-05-08T22:19:41.1280574Z - CONFIG_IP6_NF_MANGLE: enabled (as module)
2026-05-08T22:19:41.1387387Z - CONFIG_IP6_NF_TARGET_MASQUERADE: enabled (as module)
2026-05-08T22:19:41.1493033Z - CONFIG_NETFILTER_XT_MATCH_ADDRTYPE: enabled (as module)
2026-05-08T22:19:41.1601037Z - CONFIG_NETFILTER_XT_MATCH_CONNTRACK: enabled (as module)
2026-05-08T22:19:41.1705251Z - CONFIG_NETFILTER_XT_MATCH_IPVS: enabled (as module)
2026-05-08T22:19:41.1806684Z - CONFIG_NETFILTER_XT_MARK: enabled (as module)
2026-05-08T22:19:41.1901893Z - CONFIG_IP_NF_RAW: enabled (as module)
2026-05-08T22:19:41.1997025Z - CONFIG_IP_NF_NAT: enabled (as module)
2026-05-08T22:19:41.2092562Z - CONFIG_NF_NAT: enabled (as module)
2026-05-08T22:19:41.2187159Z - CONFIG_IP6_NF_RAW: enabled (as module)
2026-05-08T22:19:41.2282752Z - CONFIG_IP6_NF_NAT: enabled (as module)
2026-05-08T22:19:41.2378358Z - CONFIG_NF_NAT: enabled (as module)
2026-05-08T22:19:41.2428583Z - CONFIG_POSIX_MQUEUE: enabled
2026-05-08T22:19:41.2481542Z - CONFIG_CGROUP_BPF: enabled
2026-05-08T22:19:41.2481844Z 
2026-05-08T22:19:41.2481969Z Optional Features:
2026-05-08T22:19:41.2595113Z - CONFIG_USER_NS: enabled
2026-05-08T22:19:41.2595687Z - CONFIG_SECCOMP: enabled
2026-05-08T22:19:41.2638119Z - CONFIG_SECCOMP_FILTER: enabled
2026-05-08T22:19:41.2690175Z - CONFIG_CGROUP_PIDS: enabled
2026-05-08T22:19:41.2693109Z     (cgroup swap accounting is currently enabled)
2026-05-08T22:19:41.2887472Z - CONFIG_BLK_CGROUP: enabled
2026-05-08T22:19:41.2937788Z - CONFIG_BLK_DEV_THROTTLING: enabled
2026-05-08T22:19:41.2987996Z - CONFIG_CGROUP_PERF: enabled
2026-05-08T22:19:41.3038738Z - CONFIG_CGROUP_HUGETLB: enabled
2026-05-08T22:19:41.3134900Z - CONFIG_NET_CLS_CGROUP: enabled (as module)
2026-05-08T22:19:41.3184842Z - CONFIG_CGROUP_NET_PRIO: enabled
2026-05-08T22:19:41.3235810Z - CONFIG_CFS_BANDWIDTH: enabled
2026-05-08T22:19:41.3286137Z - CONFIG_FAIR_GROUP_SCHED: enabled
2026-05-08T22:19:41.3381948Z - CONFIG_IP_NF_TARGET_REDIRECT: enabled (as module)
2026-05-08T22:19:41.3477105Z - CONFIG_IP_SCTP: enabled (as module)
2026-05-08T22:19:41.3572240Z - CONFIG_IP_VS: enabled (as module)
2026-05-08T22:19:41.3622648Z - CONFIG_IP_VS_NFCT: enabled
2026-05-08T22:19:41.3673648Z - CONFIG_IP_VS_PROTO_TCP: enabled
2026-05-08T22:19:41.3723841Z - CONFIG_IP_VS_PROTO_UDP: enabled
2026-05-08T22:19:41.3818989Z - CONFIG_IP_VS_RR: enabled (as module)
2026-05-08T22:19:41.3869826Z - CONFIG_SECURITY_SELINUX: enabled
2026-05-08T22:19:41.3919922Z - CONFIG_SECURITY_APPARMOR: enabled
2026-05-08T22:19:41.4015427Z - CONFIG_NFT_CT: enabled (as module)
2026-05-08T22:19:41.4111076Z - CONFIG_NFT_FIB_IPV4: enabled (as module)
2026-05-08T22:19:41.4205868Z - CONFIG_NFT_FIB_IPV6: enabled (as module)
2026-05-08T22:19:41.4328489Z - CONFIG_NFT_FIB: enabled (as module)
2026-05-08T22:19:41.4445396Z - CONFIG_NFT_MASQ: enabled (as module)
2026-05-08T22:19:41.4541870Z - CONFIG_NFT_NAT: enabled (as module)
2026-05-08T22:19:41.4640897Z - CONFIG_NF_TABLES: enabled (as module)
2026-05-08T22:19:41.4737282Z - CONFIG_EXT4_FS: enabled
2026-05-08T22:19:41.4788488Z - CONFIG_EXT4_FS_POSIX_ACL: enabled
2026-05-08T22:19:41.4843386Z - CONFIG_EXT4_FS_SECURITY: enabled
2026-05-08T22:19:41.4979759Z - Network Drivers:
2026-05-08T22:19:41.4982543Z   - "bridge":
2026-05-08T22:19:41.5000405Z     - sysctl net.ipv4.ip_forward: enabled
2026-05-08T22:19:41.5019509Z     - sysctl net.ipv6.conf.all.forwarding: enabled
2026-05-08T22:19:41.5038918Z     - sysctl net.ipv6.conf.default.forwarding: enabled
2026-05-08T22:19:41.5043434Z   - "overlay":
2026-05-08T22:19:41.5146939Z     - CONFIG_VXLAN: enabled
2026-05-08T22:19:41.5147377Z     - CONFIG_BRIDGE_VLAN_FILTERING: enabled
2026-05-08T22:19:41.5148859Z       Optional (for encrypted networks):
2026-05-08T22:19:41.5837559Z       - CONFIG_CRYPTO: enabled
2026-05-08T22:19:41.5838022Z       - CONFIG_CRYPTO_AEAD: enabled
2026-05-08T22:19:41.5838422Z       - CONFIG_CRYPTO_GCM: enabled
2026-05-08T22:19:41.5838817Z       - CONFIG_CRYPTO_SEQIV: enabled
2026-05-08T22:19:41.5839205Z       - CONFIG_CRYPTO_GHASH: enabled
2026-05-08T22:19:41.5840068Z       - CONFIG_XFRM: enabled
2026-05-08T22:19:41.5840439Z       - CONFIG_XFRM_USER: enabled (as module)
2026-05-08T22:19:41.5840819Z       - CONFIG_XFRM_ALGO: enabled (as module)
2026-05-08T22:19:41.5841092Z       - CONFIG_INET_ESP: enabled (as module)
2026-05-08T22:19:41.5841401Z       - CONFIG_NETFILTER_XT_MATCH_BPF: enabled (as module)
2026-05-08T22:19:41.5842157Z   - "ipvlan":
2026-05-08T22:19:41.5940903Z     - CONFIG_IPVLAN: enabled (as module)
2026-05-08T22:19:41.5945268Z   - "macvlan":
2026-05-08T22:19:41.6146702Z     - CONFIG_MACVLAN: enabled (as module)
2026-05-08T22:19:41.6147103Z     - CONFIG_DUMMY: enabled (as module)
2026-05-08T22:19:41.6151607Z   - "ftp,tftp client in container":
2026-05-08T22:19:41.6538048Z     - CONFIG_NF_NAT_FTP: enabled (as module)
2026-05-08T22:19:41.6538573Z     - CONFIG_NF_CONNTRACK_FTP: enabled (as module)
2026-05-08T22:19:41.6538989Z     - CONFIG_NF_NAT_TFTP: enabled (as module)
2026-05-08T22:19:41.6539943Z     - CONFIG_NF_CONNTRACK_TFTP: enabled (as module)
2026-05-08T22:19:41.6540640Z - Storage Drivers:
2026-05-08T22:19:41.6543527Z   - "btrfs":
2026-05-08T22:19:41.6642712Z     - CONFIG_BTRFS_FS: enabled (as module)
2026-05-08T22:19:41.6698204Z     - CONFIG_BTRFS_FS_POSIX_ACL: enabled
2026-05-08T22:19:41.6703178Z   - "overlay":
2026-05-08T22:19:41.6801958Z     - CONFIG_OVERLAY_FS: enabled (as module)
2026-05-08T22:19:41.6806533Z   - "zfs":
2026-05-08T22:19:41.6812372Z     - /dev/zfs: present
2026-05-08T22:19:41.6818337Z     - zfs command: missing
2026-05-08T22:19:41.6824886Z     - zpool command: missing
2026-05-08T22:19:41.6825140Z 
2026-05-08T22:19:41.6825254Z Limits:
2026-05-08T22:19:41.6850376Z - /proc/sys/kernel/keys/root_maxkeys: 1000000
2026-05-08T22:19:41.6850788Z 
2026-05-08T22:19:41.6876790Z ##[group]Run docker info
2026-05-08T22:19:41.6877017Z [36;1mdocker info[0m
2026-05-08T22:19:41.6933518Z shell: /usr/bin/bash --noprofile --norc -e -o pipefail {0}
2026-05-08T22:19:41.6933856Z env:
2026-05-08T22:19:41.6934021Z   GO_VERSION: 1.26.3
2026-05-08T22:19:41.6934239Z   GOTESTLIST_VERSION: v0.3.1
2026-05-08T22:19:41.6934458Z   TESTSTAT_VERSION: v0.1.25
2026-05-08T22:19:41.6934674Z   ITG_CLI_MATRIX_SIZE: 6
2026-05-08T22:19:41.6935162Z   DOCKER_EXPERIMENTAL: 1
2026-05-08T22:19:41.6935394Z   DOCKER_GRAPHDRIVER: overlay2
2026-05-08T22:19:41.6935636Z   TEST_INTEGRATION_USE_GRAPHDRIVER: 1
2026-05-08T22:19:41.6935882Z   SETUP_BUILDX_VERSION: edge
2026-05-08T22:19:41.6936125Z   SETUP_BUILDKIT_IMAGE: moby/buildkit:latest
2026-05-08T22:19:41.6936378Z ##[endgroup]
2026-05-08T22:19:42.0714255Z Client: Docker Engine - Community
2026-05-08T22:19:42.0714783Z  Version:    28.0.4
2026-05-08T22:19:42.0715097Z  Context:    default
2026-05-08T22:19:42.0715423Z  Debug Mode: false
2026-05-08T22:19:42.0715711Z  Plugins:
2026-05-08T22:19:42.0716005Z   buildx: Docker Buildx (Docker Inc.)
2026-05-08T22:19:42.0716385Z     Version:  v0.33.0
2026-05-08T22:19:42.0716797Z     Path:     /usr/libexec/docker/cli-plugins/docker-buildx
2026-05-08T22:19:42.0717305Z   compose: Docker Compose (Docker Inc.)
2026-05-08T22:19:42.0718088Z     Version:  v2.38.2
2026-05-08T22:19:42.0718527Z     Path:     /usr/libexec/docker/cli-plugins/docker-compose
2026-05-08T22:19:42.0718778Z 
2026-05-08T22:19:42.0718855Z Server:
2026-05-08T22:19:42.0719015Z  Containers: 0
2026-05-08T22:19:42.0719180Z   Running: 0
2026-05-08T22:19:42.0719579Z   Paused: 0
2026-05-08T22:19:42.0719732Z   Stopped: 0
2026-05-08T22:19:42.0719891Z  Images: 0
2026-05-08T22:19:42.0720047Z  Server Version: 28.0.4
2026-05-08T22:19:42.0720248Z  Storage Driver: overlay2
2026-05-08T22:19:42.0720450Z   Backing Filesystem: extfs
2026-05-08T22:19:42.0720659Z   Supports d_type: true
2026-05-08T22:19:42.0720852Z   Using metacopy: false
2026-05-08T22:19:42.0721037Z   Native Overlay Diff: true
2026-05-08T22:19:42.0721234Z   userxattr: false
2026-05-08T22:19:42.0721411Z  Logging Driver: json-file
2026-05-08T22:19:42.0721611Z  Cgroup Driver: systemd
2026-05-08T22:19:42.0721787Z  Cgroup Version: 2
2026-05-08T22:19:42.0721954Z  Plugins:
2026-05-08T22:19:42.0722112Z   Volume: local
2026-05-08T22:19:42.0722320Z   Network: bridge host ipvlan macvlan null overlay
2026-05-08T22:19:42.0722698Z   Log: awslogs fluentd gcplogs gelf journald json-file local splunk syslog
2026-05-08T22:19:42.0723036Z  Swarm: inactive
2026-05-08T22:19:42.0723321Z  Runtimes: io.containerd.runc.v2 runc
2026-05-08T22:19:42.0723559Z  Default Runtime: runc
2026-05-08T22:19:42.0723753Z  Init Binary: docker-init
2026-05-08T22:19:42.0724017Z  containerd version: 301b2dac98f15c27117da5c8af12118a041a31d9
2026-05-08T22:19:42.0724326Z  runc version: v1.3.4-0-gd6d73eb8
2026-05-08T22:19:42.0724555Z  init version: de40ad0
2026-05-08T22:19:42.0724750Z  Security Options:
2026-05-08T22:19:42.0724917Z   apparmor
2026-05-08T22:19:42.0725071Z   seccomp
2026-05-08T22:19:42.0725221Z    Profile: builtin
2026-05-08T22:19:42.0725392Z   cgroupns
2026-05-08T22:19:42.0725551Z  Kernel Version: 6.8.0-1044-azure
2026-05-08T22:19:42.0725779Z  Operating System: Ubuntu 22.04.5 LTS
2026-05-08T22:19:42.0726008Z  OSType: linux
2026-05-08T22:19:42.0726179Z  Architecture: x86_64
2026-05-08T22:19:42.0726358Z  CPUs: 4
2026-05-08T22:19:42.0726507Z  Total Memory: 15.62GiB
2026-05-08T22:19:42.0726732Z  Name: runnervmrc6n4
2026-05-08T22:19:42.0726931Z  ID: 1be3f7cb-31f0-4fdd-9cf3-3801018dac43
2026-05-08T22:19:42.0727184Z  Docker Root Dir: /var/lib/docker
2026-05-08T22:19:42.0727389Z  Debug Mode: false
2026-05-08T22:19:42.0727570Z  Username: githubactions
2026-05-08T22:19:42.0727760Z  Experimental: true
2026-05-08T22:19:42.0727937Z  Insecure Registries:
2026-05-08T22:19:42.0732090Z   ::1/128
2026-05-08T22:19:42.0732279Z   127.0.0.0/8
2026-05-08T22:19:42.0732564Z  Live Restore Enabled: true
2026-05-08T22:19:42.0733003Z 
2026-05-08T22:19:42.0773623Z Prepare all required actions
2026-05-08T22:19:42.0800905Z ##[group]Run ./.github/actions/setup-tracing
2026-05-08T22:19:42.0801153Z env:
2026-05-08T22:19:42.0801312Z   GO_VERSION: 1.26.3
2026-05-08T22:19:42.0801497Z   GOTESTLIST_VERSION: v0.3.1
2026-05-08T22:19:42.0801712Z   TESTSTAT_VERSION: v0.1.25
2026-05-08T22:19:42.0801978Z   ITG_CLI_MATRIX_SIZE: 6
2026-05-08T22:19:42.0802195Z   DOCKER_EXPERIMENTAL: 1
2026-05-08T22:19:42.0802392Z   DOCKER_GRAPHDRIVER: overlay2
2026-05-08T22:19:42.0802612Z   TEST_INTEGRATION_USE_GRAPHDRIVER: 1
2026-05-08T22:19:42.0802850Z   SETUP_BUILDX_VERSION: edge
2026-05-08T22:19:42.0803077Z   SETUP_BUILDKIT_IMAGE: moby/buildkit:latest
2026-05-08T22:19:42.0803312Z ##[endgroup]
2026-05-08T22:19:42.0818371Z ##[group]Run set -e
2026-05-08T22:19:42.0818595Z [36;1mset -e[0m
2026-05-08T22:19:42.0818782Z [36;1mmkdir -p /tmp/reports[0m
2026-05-08T22:19:42.0819001Z [36;1mchmod 777 /tmp/reports[0m
2026-05-08T22:19:42.0819693Z [36;1mdocker run -d --net=host --name otelcol \[0m
2026-05-08T22:19:42.0820136Z [36;1m  -v "./otelcol-ci-config.yml:/etc/otelcol-contrib/config.yaml" \[0m
2026-05-08T22:19:42.0820508Z [36;1m  -v "/tmp/reports:/data" \[0m
2026-05-08T22:19:42.0820861Z [36;1m  otel/opentelemetry-collector-contrib:${OTEL_COLLECTOR_VERSION} \[0m
2026-05-08T22:19:42.0821295Z [36;1m    --config file:/etc/otelcol-contrib/config.yaml \[0m
2026-05-08T22:19:42.0821893Z [36;1m    --config "yaml:exporters::file::path: /data/otel-trace.jsonl"[0m
2026-05-08T22:19:42.0822328Z [36;1mdocker0_ip="$(ip -f inet addr show docker0 | grep -Po 'inet \K[\d.]+')"[0m
2026-05-08T22:19:42.0822838Z [36;1mecho "OTEL_EXPORTER_OTLP_ENDPOINT=http://${docker0_ip}:4318" >> "${GITHUB_ENV}"[0m
2026-05-08T22:19:42.0823344Z [36;1mecho "OTEL_EXPORTER_OTLP_PROTOCOL=http/protobuf" >> "${GITHUB_ENV}"[0m
2026-05-08T22:19:42.0879615Z shell: /usr/bin/bash --noprofile --norc -e -o pipefail {0}
2026-05-08T22:19:42.0879926Z env:
2026-05-08T22:19:42.0880082Z   GO_VERSION: 1.26.3
2026-05-08T22:19:42.0880292Z   GOTESTLIST_VERSION: v0.3.1
2026-05-08T22:19:42.0880509Z   TESTSTAT_VERSION: v0.1.25
2026-05-08T22:19:42.0880714Z   ITG_CLI_MATRIX_SIZE: 6
2026-05-08T22:19:42.0880914Z   DOCKER_EXPERIMENTAL: 1
2026-05-08T22:19:42.0881120Z   DOCKER_GRAPHDRIVER: overlay2
2026-05-08T22:19:42.0881352Z   TEST_INTEGRATION_USE_GRAPHDRIVER: 1
2026-05-08T22:19:42.0881592Z   SETUP_BUILDX_VERSION: edge
2026-05-08T22:19:42.0881827Z   SETUP_BUILDKIT_IMAGE: moby/buildkit:latest
2026-05-08T22:19:42.0882082Z   OTEL_COLLECTOR_VERSION: 0.144.0
2026-05-08T22:19:42.0882311Z ##[endgroup]
2026-05-08T22:19:42.1096144Z Unable to find image 'otel/opentelemetry-collector-contrib:0.144.0' locally
2026-05-08T22:19:42.7004570Z 0.144.0: Pulling from otel/opentelemetry-collector-contrib
2026-05-08T22:19:42.8458118Z e89c3262aa52: Pulling fs layer
2026-05-08T22:19:42.8458747Z 7da5118f5832: Pulling fs layer
2026-05-08T22:19:42.8459111Z 1600a767ea01: Pulling fs layer
2026-05-08T22:19:43.0346077Z e89c3262aa52: Verifying Checksum
2026-05-08T22:19:43.0346413Z e89c3262aa52: Download complete
2026-05-08T22:19:43.0447103Z e89c3262aa52: Pull complete
2026-05-08T22:19:43.0570325Z 1600a767ea01: Verifying Checksum
2026-05-08T22:19:43.0570858Z 1600a767ea01: Download complete
2026-05-08T22:19:43.7770298Z 7da5118f5832: Verifying Checksum
2026-05-08T22:19:43.7770756Z 7da5118f5832: Download complete
2026-05-08T22:19:45.0928338Z 7da5118f5832: Pull complete
2026-05-08T22:19:45.1001890Z 1600a767ea01: Pull complete
2026-05-08T22:19:45.1040526Z Digest: sha256:213886eb6407af91b87fa47551c3632be1a6419ff3a5114ef1e6fc364628496f
2026-05-08T22:19:45.1059591Z Status: Downloaded newer image for otel/opentelemetry-collector-contrib:0.144.0
2026-05-08T22:19:45.6571904Z 0c04b288b0614672d35e44c11b35ec975db17e11b2d949fba2868514bc773f0f
2026-05-08T22:19:45.7826179Z ##[group]Run CACHE_DEV_SCOPE=dev
2026-05-08T22:19:45.7826470Z [36;1mCACHE_DEV_SCOPE=dev[0m
2026-05-08T22:19:45.7826711Z [36;1mif [[ "$MODE" == *"rootless"* ]]; then[0m
2026-05-08T22:19:45.7826998Z [36;1m  echo "DOCKER_ROOTLESS=1" >> $GITHUB_ENV[0m
2026-05-08T22:19:45.7827253Z [36;1mfi[0m
2026-05-08T22:19:45.7827430Z [36;1mif [[ "$MODE" == *"systemd"* ]]; then[0m
2026-05-08T22:19:45.7827693Z [36;1m  echo "SYSTEMD=true" >> $GITHUB_ENV[0m
2026-05-08T22:19:45.7827977Z [36;1m  CACHE_DEV_SCOPE="${CACHE_DEV_SCOPE}systemd"[0m
2026-05-08T22:19:45.7828252Z [36;1mfi[0m
2026-05-08T22:19:45.7828439Z [36;1mif [[ "$MODE" == *"firewalld"* ]]; then[0m
2026-05-08T22:19:45.7828704Z [36;1m  echo "FIREWALLD=true" >> $GITHUB_ENV[0m
2026-05-08T22:19:45.7828994Z [36;1m  CACHE_DEV_SCOPE="${CACHE_DEV_SCOPE}firewalld"[0m
2026-05-08T22:19:45.7829585Z [36;1mfi[0m
2026-05-08T22:19:45.7829815Z [36;1mif [[ "$MODE" == *"nftables"* ]]; then[0m
2026-05-08T22:19:45.7830161Z [36;1m  echo "DOCKER_FIREWALL_BACKEND=nftables" >> $GITHUB_ENV[0m
2026-05-08T22:19:45.7830452Z [36;1mfi[0m
2026-05-08T22:19:45.7830688Z [36;1mecho "CACHE_DEV_SCOPE=${CACHE_DEV_SCOPE}" >> $GITHUB_ENV[0m
2026-05-08T22:19:45.7894252Z shell: /usr/bin/bash -e {0}
2026-05-08T22:19:45.7894477Z env:
2026-05-08T22:19:45.7894640Z   GO_VERSION: 1.26.3
2026-05-08T22:19:45.7894833Z   GOTESTLIST_VERSION: v0.3.1
2026-05-08T22:19:45.7895046Z   TESTSTAT_VERSION: v0.1.25
2026-05-08T22:19:45.7895243Z   ITG_CLI_MATRIX_SIZE: 6
2026-05-08T22:19:45.7895447Z   DOCKER_EXPERIMENTAL: 1
2026-05-08T22:19:45.7895886Z   DOCKER_GRAPHDRIVER: overlay2
2026-05-08T22:19:45.7896111Z   TEST_INTEGRATION_USE_GRAPHDRIVER: 1
2026-05-08T22:19:45.7896351Z   SETUP_BUILDX_VERSION: edge
2026-05-08T22:19:45.7896582Z   SETUP_BUILDKIT_IMAGE: moby/buildkit:latest
2026-05-08T22:19:45.7896946Z   OTEL_EXPORTER_OTLP_ENDPOINT: http://172.17.0.1:4318
2026-05-08T22:19:45.7897266Z   OTEL_EXPORTER_OTLP_PROTOCOL: http/protobuf
2026-05-08T22:19:45.7897516Z   MODE: rootless
2026-05-08T22:19:45.7897693Z ##[endgroup]
2026-05-08T22:19:45.8099895Z ##[group]Run docker/setup-buildx-action@4d04d5d9486b7bd6fa91e7baf45bbb4f8b9deedd
2026-05-08T22:19:45.8100317Z with:
2026-05-08T22:19:45.8100487Z   version: edge
2026-05-08T22:19:45.8100687Z   driver-opts: image=moby/buildkit:latest
2026-05-08T22:19:45.8100951Z   buildkitd-flags: --debug
2026-05-08T22:19:45.8101171Z   driver: docker-container
2026-05-08T22:19:45.8101368Z   use: true
2026-05-08T22:19:45.8101527Z   keep-state: false
2026-05-08T22:19:45.8101702Z   cache-binary: true
2026-05-08T22:19:45.8101884Z   cleanup: true
2026-05-08T22:19:45.8102053Z env:
2026-05-08T22:19:45.8102204Z   GO_VERSION: 1.26.3
2026-05-08T22:19:45.8102382Z   GOTESTLIST_VERSION: v0.3.1
2026-05-08T22:19:45.8102591Z   TESTSTAT_VERSION: v0.1.25
2026-05-08T22:19:45.8102784Z   ITG_CLI_MATRIX_SIZE: 6
2026-05-08T22:19:45.8102977Z   DOCKER_EXPERIMENTAL: 1
2026-05-08T22:19:45.8103171Z   DOCKER_GRAPHDRIVER: overlay2
2026-05-08T22:19:45.8103395Z   TEST_INTEGRATION_USE_GRAPHDRIVER: 1
2026-05-08T22:19:45.8103663Z   SETUP_BUILDX_VERSION: edge
2026-05-08T22:19:45.8103890Z   SETUP_BUILDKIT_IMAGE: moby/buildkit:latest
2026-05-08T22:19:45.8104204Z   OTEL_EXPORTER_OTLP_ENDPOINT: http://172.17.0.1:4318
2026-05-08T22:19:45.8104507Z   OTEL_EXPORTER_OTLP_PROTOCOL: http/protobuf
2026-05-08T22:19:45.8104749Z   DOCKER_ROOTLESS: 1
2026-05-08T22:19:45.8104932Z   CACHE_DEV_SCOPE: dev
2026-05-08T22:19:45.8105105Z ##[endgroup]
2026-05-08T22:19:46.0300722Z ##[group]Docker info
2026-05-08T22:19:46.0338362Z [command]/usr/bin/docker version
2026-05-08T22:19:46.0569667Z Client: Docker Engine - Community
2026-05-08T22:19:46.0570164Z  Version:           28.0.4
2026-05-08T22:19:46.0570526Z  API version:       1.48
2026-05-08T22:19:46.0570857Z  Go version:        go1.23.7
2026-05-08T22:19:46.0571202Z  Git commit:        b8034c0
2026-05-08T22:19:46.0571573Z  Built:             Tue Mar 25 15:07:11 2025
2026-05-08T22:19:46.0571826Z  OS/Arch:           linux/amd64
2026-05-08T22:19:46.0572041Z  Context:           default
2026-05-08T22:19:46.0572168Z 
2026-05-08T22:19:46.0572272Z Server: Docker Engine - Community
2026-05-08T22:19:46.0572498Z  Engine:
2026-05-08T22:19:46.0572653Z   Version:          28.0.4
2026-05-08T22:19:46.0572882Z   API version:      1.48 (minimum version 1.24)
2026-05-08T22:19:46.0573134Z   Go version:       go1.23.7
2026-05-08T22:19:46.0573337Z   Git commit:       6430e49
2026-05-08T22:19:46.0573545Z   Built:            Tue Mar 25 15:07:11 2025
2026-05-08T22:19:46.0573780Z   OS/Arch:          linux/amd64
2026-05-08T22:19:46.0573994Z   Experimental:     true
2026-05-08T22:19:46.0574186Z  containerd:
2026-05-08T22:19:46.0574359Z   Version:          v2.2.2
2026-05-08T22:19:46.0574609Z   GitCommit:        301b2dac98f15c27117da5c8af12118a041a31d9
2026-05-08T22:19:46.0574883Z  runc:
2026-05-08T22:19:46.0575030Z   Version:          1.3.4
2026-05-08T22:19:46.0575232Z   GitCommit:        v1.3.4-0-gd6d73eb8
2026-05-08T22:19:46.0575457Z  docker-init:
2026-05-08T22:19:46.0575624Z   Version:          0.19.0
2026-05-08T22:19:46.0575820Z   GitCommit:        de40ad0
2026-05-08T22:19:46.0618901Z [command]/usr/bin/docker info
2026-05-08T22:19:46.1530679Z Client: Docker Engine - Community
2026-05-08T22:19:46.1531341Z  Version:    28.0.4
2026-05-08T22:19:46.1531632Z  Context:    default
2026-05-08T22:19:46.1532151Z  Debug Mode: false
2026-05-08T22:19:46.1532496Z  Plugins:
2026-05-08T22:19:46.1532802Z   buildx: Docker Buildx (Docker Inc.)
2026-05-08T22:19:46.1533188Z     Version:  v0.33.0
2026-05-08T22:19:46.1533601Z     Path:     /usr/libexec/docker/cli-plugins/docker-buildx
2026-05-08T22:19:46.1534310Z   compose: Docker Compose (Docker Inc.)
2026-05-08T22:19:46.1534560Z     Version:  v2.38.2
2026-05-08T22:19:46.1534825Z     Path:     /usr/libexec/docker/cli-plugins/docker-compose
2026-05-08T22:19:46.1535047Z 
2026-05-08T22:19:46.1535110Z Server:
2026-05-08T22:19:46.1535270Z  Containers: 1
2026-05-08T22:19:46.1535429Z   Running: 1
2026-05-08T22:19:46.1535586Z   Paused: 0
2026-05-08T22:19:46.1535737Z   Stopped: 0
2026-05-08T22:19:46.1535892Z  Images: 1
2026-05-08T22:19:46.1536259Z  Server Version: 28.0.4
2026-05-08T22:19:46.1536463Z  Storage Driver: overlay2
2026-05-08T22:19:46.1536670Z   Backing Filesystem: extfs
2026-05-08T22:19:46.1536899Z   Supports d_type: true
2026-05-08T22:19:46.1537100Z   Using metacopy: false
2026-05-08T22:19:46.1537286Z   Native Overlay Diff: true
2026-05-08T22:19:46.1537488Z   userxattr: false
2026-05-08T22:19:46.1537667Z  Logging Driver: json-file
2026-05-08T22:19:46.1537874Z  Cgroup Driver: systemd
2026-05-08T22:19:46.1538059Z  Cgroup Version: 2
2026-05-08T22:19:46.1538232Z  Plugins:
2026-05-08T22:19:46.1538389Z   Volume: local
2026-05-08T22:19:46.1538588Z   Network: bridge host ipvlan macvlan null overlay
2026-05-08T22:19:46.1538960Z   Log: awslogs fluentd gcplogs gelf journald json-file local splunk syslog
2026-05-08T22:19:46.1539629Z  Swarm: inactive
2026-05-08T22:19:46.1539834Z  Runtimes: io.containerd.runc.v2 runc
2026-05-08T22:19:46.1568513Z  Default Runtime: runc
2026-05-08T22:19:46.1568956Z  Init Binary: docker-init
2026-05-08T22:19:46.1569709Z  containerd version: 301b2dac98f15c27117da5c8af12118a041a31d9
2026-05-08T22:19:46.1570298Z  runc version: v1.3.4-0-gd6d73eb8
2026-05-08T22:19:46.1570719Z  init version: de40ad0
2026-05-08T22:19:46.1571068Z  Security Options:
2026-05-08T22:19:46.1571395Z   apparmor
2026-05-08T22:19:46.1571667Z   seccomp
2026-05-08T22:19:46.1571958Z    Profile: builtin
2026-05-08T22:19:46.1572266Z   cgroupns
2026-05-08T22:19:46.1572576Z  Kernel Version: 6.8.0-1044-azure
2026-05-08T22:19:46.1572997Z  Operating System: Ubuntu 22.04.5 LTS
2026-05-08T22:19:46.1573440Z  OSType: linux
2026-05-08T22:19:46.1573755Z  Architecture: x86_64
2026-05-08T22:19:46.1574098Z  CPUs: 4
2026-05-08T22:19:46.1574383Z  Total Memory: 15.62GiB
2026-05-08T22:19:46.1574734Z  Name: runnervmrc6n4
2026-05-08T22:19:46.1575112Z  ID: 1be3f7cb-31f0-4fdd-9cf3-3801018dac43
2026-05-08T22:19:46.1575606Z  Docker Root Dir: /var/lib/docker
2026-05-08T22:19:46.1576012Z  Debug Mode: false
2026-05-08T22:19:46.1576343Z  Username: githubactions
2026-05-08T22:19:46.1576725Z  Experimental: true
2026-05-08T22:19:46.1577052Z  Insecure Registries:
2026-05-08T22:19:46.1577439Z   ::1/128
2026-05-08T22:19:46.1577707Z   127.0.0.0/8
2026-05-08T22:19:46.1578028Z  Live Restore Enabled: true
2026-05-08T22:19:46.1578283Z 
2026-05-08T22:19:46.1578822Z ##[endgroup]
2026-05-08T22:19:46.2173296Z ##[group]Download buildx from GitHub Releases
2026-05-08T22:19:46.3323549Z Use 0.34.0-rc1 version spec cache key for v0.34.0-rc1
2026-05-08T22:19:46.4547162Z Cache hit for: buildx-dl-bin-0.34.0-rc1-linux-x64
2026-05-08T22:19:47.1892868Z Received 21742313 of 21742313 (100.0%), 35.4 MBs/sec
2026-05-08T22:19:47.1893390Z Cache Size: ~21 MB (21742313 B)
2026-05-08T22:19:47.1996760Z [command]/usr/bin/tar -xf /home/runner/work/_temp/88c1d829-7fb3-4d79-907a-0d96c4d51521/cache.tzst -P -C /home/runner/work/moby/moby --use-compress-program unzstd
2026-05-08T22:19:47.3116847Z Cache restored successfully
2026-05-08T22:19:47.3163136Z Restored buildx-dl-bin-0.34.0-rc1-linux-x64 from GitHub Actions cache
2026-05-08T22:19:47.3750667Z Cached to hosted tool cache /opt/hostedtoolcache/buildx-dl-bin/0.34.0-rc1/linux-x64
2026-05-08T22:19:47.3751956Z Copying /opt/hostedtoolcache/buildx-dl-bin/0.34.0-rc1/linux-x64/docker-buildx to /home/runner/.docker/buildx/.bin/0.34.0-rc1/linux-x64/docker-buildx
2026-05-08T22:19:47.4440378Z Buildx binary found in /home/runner/.docker/buildx/.bin/0.34.0-rc1/linux-x64/docker-buildx
2026-05-08T22:19:47.4441614Z ##[endgroup]
2026-05-08T22:19:47.4442133Z ##[group]Install buildx
2026-05-08T22:19:47.4442567Z Docker plugin mode
2026-05-08T22:19:47.4996352Z Fixing perms
2026-05-08T22:19:47.4996960Z Plugin path: /home/runner/.docker/cli-plugins/docker-buildx
2026-05-08T22:19:47.4998159Z ##[endgroup]
2026-05-08T22:19:47.4998634Z ##[group]Buildx version
2026-05-08T22:19:47.5024825Z [command]/usr/bin/docker buildx version
2026-05-08T22:19:47.5521249Z github.com/docker/buildx v0.34.0-rc1 9392590cfa63ce4065b32f9d1daa6844eedf00e4
2026-05-08T22:19:47.5550901Z ##[endgroup]
2026-05-08T22:19:47.5703278Z ##[group]Inspecting default docker context
2026-05-08T22:19:47.5846437Z [
2026-05-08T22:19:47.5846786Z   {
2026-05-08T22:19:47.5847045Z     "Name": "default",
2026-05-08T22:19:47.5847375Z     "Metadata": {},
2026-05-08T22:19:47.5847684Z     "Endpoints": {
2026-05-08T22:19:47.5847991Z       "docker": {
2026-05-08T22:19:47.5848335Z         "Host": "unix:///var/run/docker.sock",
2026-05-08T22:19:47.5848810Z         "SkipTLSVerify": false
2026-05-08T22:19:47.5849181Z       }
2026-05-08T22:19:47.5849680Z     },
2026-05-08T22:19:47.5849990Z     "TLSMaterial": {},
2026-05-08T22:19:47.5850358Z     "Storage": {
2026-05-08T22:19:47.5850691Z       "MetadataPath": "<IN MEMORY>",
2026-05-08T22:19:47.5851082Z       "TLSPath": "<IN MEMORY>"
2026-05-08T22:19:47.5851457Z     }
2026-05-08T22:19:47.5851747Z   }
2026-05-08T22:19:47.5852011Z ]
2026-05-08T22:19:47.5853027Z ##[endgroup]
2026-05-08T22:19:47.5853720Z ##[group]Creating a new builder instance
2026-05-08T22:19:47.7006962Z [command]/usr/bin/docker buildx create --name builder-bfa6ecd0-f9d3-403b-b3bb-f6a432e64d57 --driver docker-container --driver-opt image=moby/buildkit:latest --buildkitd-flags --debug --use
2026-05-08T22:19:47.7565933Z builder-bfa6ecd0-f9d3-403b-b3bb-f6a432e64d57
2026-05-08T22:19:47.7597423Z ##[endgroup]
2026-05-08T22:19:47.7598031Z ##[group]Booting builder
2026-05-08T22:19:47.7628213Z [command]/usr/bin/docker buildx inspect --bootstrap --builder builder-bfa6ecd0-f9d3-403b-b3bb-f6a432e64d57
2026-05-08T22:19:47.8141554Z #1 [internal] booting buildkit
2026-05-08T22:19:47.9646732Z #1 pulling image moby/buildkit:latest
2026-05-08T22:19:50.4919117Z #1 pulling image moby/buildkit:latest 2.7s done
2026-05-08T22:19:50.6426327Z #1 creating container buildx_buildkit_builder-bfa6ecd0-f9d3-403b-b3bb-f6a432e64d570
2026-05-08T22:19:51.1602637Z #1 creating container buildx_buildkit_builder-bfa6ecd0-f9d3-403b-b3bb-f6a432e64d570 0.7s done
2026-05-08T22:19:51.1616067Z #1 DONE 3.3s
2026-05-08T22:19:51.1921982Z Name:          builder-bfa6ecd0-f9d3-403b-b3bb-f6a432e64d57
2026-05-08T22:19:51.1922624Z Driver:        docker-container
2026-05-08T22:19:51.1923069Z Last Activity: 2026-05-08 22:19:47 +0000 UTC
2026-05-08T22:19:51.1923369Z 
2026-05-08T22:19:51.1923485Z Nodes:
2026-05-08T22:19:51.1923860Z Name:                  builder-bfa6ecd0-f9d3-403b-b3bb-f6a432e64d570
2026-05-08T22:19:51.1924440Z Endpoint:              unix:///var/run/docker.sock
2026-05-08T22:19:51.1924964Z Driver Options:        image="moby/buildkit:latest"
2026-05-08T22:19:51.1925259Z Status:                running
2026-05-08T22:19:51.1925622Z BuildKit daemon flags: --debug --allow-insecure-entitlement=network.host
2026-05-08T22:19:51.1925987Z BuildKit version:      v0.29.0
2026-05-08T22:19:51.1926294Z Platforms:             linux/amd64, linux/amd64/v2, linux/amd64/v3, linux/386
2026-05-08T22:19:51.1926621Z Labels:
2026-05-08T22:19:51.1926852Z  org.mobyproject.buildkit.worker.executor:         oci
2026-05-08T22:19:51.1927248Z  org.mobyproject.buildkit.worker.hostname:         0a6234352609
2026-05-08T22:19:51.1927639Z  org.mobyproject.buildkit.worker.network:          host
2026-05-08T22:19:51.1928016Z  org.mobyproject.buildkit.worker.oci.process-mode: sandbox
2026-05-08T22:19:51.1928408Z  org.mobyproject.buildkit.worker.selinux.enabled:  false
2026-05-08T22:19:51.1928782Z  org.mobyproject.buildkit.worker.snapshotter:      overlayfs
2026-05-08T22:19:51.1929091Z GC Policy rule#0:
2026-05-08T22:19:51.1929569Z  All:            false
2026-05-08T22:19:51.1929892Z  Filters:        type==source.local,type==exec.cachemount,type==source.git.checkout
2026-05-08T22:19:51.1930622Z  Keep Duration:  48h0m0s
2026-05-08T22:19:51.1930830Z  Max Used Space: 488.3MiB
2026-05-08T22:19:51.1931027Z GC Policy rule#1:
2026-05-08T22:19:51.1931191Z  All:            false
2026-05-08T22:19:51.1931380Z  Keep Duration:  1440h0m0s
2026-05-08T22:19:51.1931579Z  Reserved Space: 9.313GiB
2026-05-08T22:19:51.1931767Z  Max Used Space: 93.13GiB
2026-05-08T22:19:51.1931954Z  Min Free Space: 27.94GiB
2026-05-08T22:19:51.1932139Z GC Policy rule#2:
2026-05-08T22:19:51.1932459Z  All:            false
2026-05-08T22:19:51.1932648Z  Reserved Space: 9.313GiB
2026-05-08T22:19:51.1932838Z  Max Used Space: 93.13GiB
2026-05-08T22:19:51.1933033Z  Min Free Space: 27.94GiB
2026-05-08T22:19:51.1933218Z GC Policy rule#3:
2026-05-08T22:19:51.1933388Z  All:            true
2026-05-08T22:19:51.1933567Z  Reserved Space: 9.313GiB
2026-05-08T22:19:51.1933753Z  Max Used Space: 93.13GiB
2026-05-08T22:19:51.1933941Z  Min Free Space: 27.94GiB
2026-05-08T22:19:51.1966475Z ##[endgroup]
2026-05-08T22:19:51.2826900Z ##[group]Inspect builder
2026-05-08T22:19:51.2829417Z {
2026-05-08T22:19:51.2829738Z   "nodes": [
2026-05-08T22:19:51.2830023Z     {
2026-05-08T22:19:51.2830464Z       "name": "builder-bfa6ecd0-f9d3-403b-b3bb-f6a432e64d570",
2026-05-08T22:19:51.2831089Z       "endpoint": "unix:///var/run/docker.sock",
2026-05-08T22:19:51.2831578Z       "driver-opts": [
2026-05-08T22:19:51.2831968Z         "image=moby/buildkit:latest"
2026-05-08T22:19:51.2832392Z       ],
2026-05-08T22:19:51.2832721Z       "status": "running",
2026-05-08T22:19:51.2833353Z       "buildkitd-flags": "--debug --allow-insecure-entitlement=network.host",
2026-05-08T22:19:51.2834040Z       "buildkit": "v0.29.0",
2026-05-08T22:19:51.2834611Z       "platforms": "linux/amd64,linux/amd64/v2,linux/amd64/v3,linux/386",
2026-05-08T22:19:51.2835236Z       "features": {
2026-05-08T22:19:51.2835707Z         "Automatically load images to the Docker Engine image store": true,
2026-05-08T22:19:51.2836321Z         "Cache export": true,
2026-05-08T22:19:51.2836686Z         "Direct push": true,
2026-05-08T22:19:51.2837065Z         "Docker exporter": true,
2026-05-08T22:19:51.2837472Z         "Multi-platform build": true,
2026-05-08T22:19:51.2837889Z         "OCI exporter": true
2026-05-08T22:19:51.2838227Z       },
2026-05-08T22:19:51.2838463Z       "labels": {
2026-05-08T22:19:51.2838827Z         "org.mobyproject.buildkit.worker.executor": "oci",
2026-05-08T22:19:51.2839677Z         "org.mobyproject.buildkit.worker.hostname": "0a6234352609",
2026-05-08T22:19:51.2840287Z         "org.mobyproject.buildkit.worker.network": "host",
2026-05-08T22:19:51.2840904Z         "org.mobyproject.buildkit.worker.oci.process-mode": "sandbox",
2026-05-08T22:19:51.2841579Z         "org.mobyproject.buildkit.worker.selinux.enabled": "false",
2026-05-08T22:19:51.2842231Z         "org.mobyproject.buildkit.worker.snapshotter": "overlayfs"
2026-05-08T22:19:51.2842723Z       },
2026-05-08T22:19:51.2842966Z       "gcPolicy": [
2026-05-08T22:19:51.2843235Z         {
2026-05-08T22:19:51.2843482Z           "all": false,
2026-05-08T22:19:51.2843785Z           "filter": [
2026-05-08T22:19:51.2844089Z             "type==source.local",
2026-05-08T22:19:51.2844445Z             "type==exec.cachemount",
2026-05-08T22:19:51.2844829Z             "type==source.git.checkout"
2026-05-08T22:19:51.2845194Z           ],
2026-05-08T22:19:51.2845469Z           "keepDuration": "48h0m0s",
2026-05-08T22:19:51.2845827Z           "maxUsedSpace": "488.3MiB"
2026-05-08T22:19:51.2846183Z         },
2026-05-08T22:19:51.2846425Z         {
2026-05-08T22:19:51.2846660Z           "all": false,
2026-05-08T22:19:51.2846973Z           "keepDuration": "1440h0m0s",
2026-05-08T22:19:51.2847345Z           "reservedSpace": "9.313GiB",
2026-05-08T22:19:51.2847711Z           "maxUsedSpace": "93.13GiB",
2026-05-08T22:19:51.2848127Z           "minFreeSpace": "27.94GiB"
2026-05-08T22:19:51.2848485Z         },
2026-05-08T22:19:51.2848735Z         {
2026-05-08T22:19:51.2848983Z           "all": false,
2026-05-08T22:19:51.2849562Z           "reservedSpace": "9.313GiB",
2026-05-08T22:19:51.2850286Z           "maxUsedSpace": "93.13GiB",
2026-05-08T22:19:51.2850648Z           "minFreeSpace": "27.94GiB"
2026-05-08T22:19:51.2850993Z         },
2026-05-08T22:19:51.2851237Z         {
2026-05-08T22:19:51.2851473Z           "all": true,
2026-05-08T22:19:51.2851794Z           "reservedSpace": "9.313GiB",
2026-05-08T22:19:51.2852183Z           "maxUsedSpace": "93.13GiB",
2026-05-08T22:19:51.2852746Z           "minFreeSpace": "27.94GiB"
2026-05-08T22:19:51.2853102Z         }
2026-05-08T22:19:51.2853347Z       ]
2026-05-08T22:19:51.2853579Z     }
2026-05-08T22:19:51.2853816Z   ],
2026-05-08T22:19:51.2854146Z   "name": "builder-bfa6ecd0-f9d3-403b-b3bb-f6a432e64d57",
2026-05-08T22:19:51.2854596Z   "driver": "docker-container",
2026-05-08T22:19:51.2854954Z   "lastActivity": "2026-05-08T22:19:47.000Z"
2026-05-08T22:19:51.2855342Z }
2026-05-08T22:19:51.2855831Z ##[endgroup]
2026-05-08T22:19:51.2856310Z ##[group]BuildKit version
2026-05-08T22:19:51.2856728Z builder-bfa6ecd0-f9d3-403b-b3bb-f6a432e64d570: v0.29.0
2026-05-08T22:19:51.2857410Z ##[endgroup]
2026-05-08T22:19:51.2997218Z ##[group]Run docker/bake-action@a66e1c87e2eca0503c343edf1d208c716d54b8a8
2026-05-08T22:19:51.2997601Z with:
2026-05-08T22:19:51.2997772Z   targets: dev
2026-05-08T22:19:51.2997971Z   set: dev.cache-from=type=gha,scope=dev

2026-05-08T22:19:51.2998231Z   no-cache: false
2026-05-08T22:19:51.2998410Z   pull: false
2026-05-08T22:19:51.2998567Z   load: false
2026-05-08T22:19:51.2998723Z   push: false
2026-05-08T22:19:51.2999031Z   github-token: ***
2026-05-08T22:19:51.2999415Z env:
2026-05-08T22:19:51.2999607Z   GO_VERSION: 1.26.3
2026-05-08T22:19:51.2999806Z   GOTESTLIST_VERSION: v0.3.1
2026-05-08T22:19:51.3000022Z   TESTSTAT_VERSION: v0.1.25
2026-05-08T22:19:51.3000220Z   ITG_CLI_MATRIX_SIZE: 6
2026-05-08T22:19:51.3000418Z   DOCKER_EXPERIMENTAL: 1
2026-05-08T22:19:51.3000621Z   DOCKER_GRAPHDRIVER: overlay2
2026-05-08T22:19:51.3000845Z   TEST_INTEGRATION_USE_GRAPHDRIVER: 1
2026-05-08T22:19:51.3001099Z   SETUP_BUILDX_VERSION: edge
2026-05-08T22:19:51.3001360Z   SETUP_BUILDKIT_IMAGE: moby/buildkit:latest
2026-05-08T22:19:51.3001674Z   OTEL_EXPORTER_OTLP_ENDPOINT: http://172.17.0.1:4318
2026-05-08T22:19:51.3002000Z   OTEL_EXPORTER_OTLP_PROTOCOL: http/protobuf
2026-05-08T22:19:51.3002252Z   DOCKER_ROOTLESS: 1
2026-05-08T22:19:51.3002437Z   CACHE_DEV_SCOPE: dev
2026-05-08T22:19:51.3002622Z ##[endgroup]
2026-05-08T22:19:51.5556462Z ##[group]GitHub Actions runtime token ACs
2026-05-08T22:19:51.5564635Z refs/pull/52589/merge: read/write
2026-05-08T22:19:51.5565106Z refs/heads/master: read
2026-05-08T22:19:51.5565786Z ##[endgroup]
2026-05-08T22:19:51.5566356Z ##[group]Docker info
2026-05-08T22:19:51.5601413Z [command]/usr/bin/docker version
2026-05-08T22:19:51.5792449Z Client: Docker Engine - Community
2026-05-08T22:19:51.5793266Z  Version:           28.0.4
2026-05-08T22:19:51.5793713Z  API version:       1.48
2026-05-08T22:19:51.5794306Z  Go version:        go1.23.7
2026-05-08T22:19:51.5794678Z  Git commit:        b8034c0
2026-05-08T22:19:51.5795067Z  Built:             Tue Mar 25 15:07:11 2025
2026-05-08T22:19:51.5795497Z  OS/Arch:           linux/amd64
2026-05-08T22:19:51.5795877Z  Context:           default
2026-05-08T22:19:51.5796096Z 
2026-05-08T22:19:51.5796253Z Server: Docker Engine - Community
2026-05-08T22:19:51.5796625Z  Engine:
2026-05-08T22:19:51.5796888Z   Version:          28.0.4
2026-05-08T22:19:51.5797270Z   API version:      1.48 (minimum version 1.24)
2026-05-08T22:19:51.5797579Z   Go version:       go1.23.7
2026-05-08T22:19:51.5797803Z   Git commit:       6430e49
2026-05-08T22:19:51.5798040Z   Built:            Tue Mar 25 15:07:11 2025
2026-05-08T22:19:51.5798279Z   OS/Arch:          linux/amd64
2026-05-08T22:19:51.5798497Z   Experimental:     true
2026-05-08T22:19:51.5798693Z  containerd:
2026-05-08T22:19:51.5798854Z   Version:          v2.2.2
2026-05-08T22:19:51.5799114Z   GitCommit:        301b2dac98f15c27117da5c8af12118a041a31d9
2026-05-08T22:19:51.5799744Z  runc:
2026-05-08T22:19:51.5799905Z   Version:          1.3.4
2026-05-08T22:19:51.5800447Z   GitCommit:        v1.3.4-0-gd6d73eb8
2026-05-08T22:19:51.5800689Z  docker-init:
2026-05-08T22:19:51.5800863Z   Version:          0.19.0
2026-05-08T22:19:51.5801059Z   GitCommit:        de40ad0
2026-05-08T22:19:51.5837088Z [command]/usr/bin/docker info
2026-05-08T22:19:51.6321649Z Client: Docker Engine - Community
2026-05-08T22:19:51.6322120Z  Version:    28.0.4
2026-05-08T22:19:51.6322445Z  Context:    default
2026-05-08T22:19:51.6322761Z  Debug Mode: false
2026-05-08T22:19:51.6323059Z  Plugins:
2026-05-08T22:19:51.6323351Z   buildx: Docker Buildx (Docker Inc.)
2026-05-08T22:19:51.6323758Z     Version:  v0.34.0-rc1
2026-05-08T22:19:51.6324198Z     Path:     /home/runner/.docker/cli-plugins/docker-buildx
2026-05-08T22:19:51.6324706Z   compose: Docker Compose (Docker Inc.)
2026-05-08T22:19:51.6325103Z     Version:  v2.38.2
2026-05-08T22:19:51.6325512Z     Path:     /usr/libexec/docker/cli-plugins/docker-compose
2026-05-08T22:19:51.6325873Z 
2026-05-08T22:19:51.6326015Z Server:
2026-05-08T22:19:51.6326270Z  Containers: 2
2026-05-08T22:19:51.6327014Z   Running: 2
2026-05-08T22:19:51.6327295Z   Paused: 0
2026-05-08T22:19:51.6327549Z   Stopped: 0
2026-05-08T22:19:51.6327720Z  Images: 2
2026-05-08T22:19:51.6327882Z  Server Version: 28.0.4
2026-05-08T22:19:51.6328085Z  Storage Driver: overlay2
2026-05-08T22:19:51.6328300Z   Backing Filesystem: extfs
2026-05-08T22:19:51.6328515Z   Supports d_type: true
2026-05-08T22:19:51.6328715Z   Using metacopy: false
2026-05-08T22:19:51.6328923Z   Native Overlay Diff: true
2026-05-08T22:19:51.6329122Z   userxattr: false
2026-05-08T22:19:51.6329548Z  Logging Driver: json-file
2026-05-08T22:19:51.6329766Z  Cgroup Driver: systemd
2026-05-08T22:19:51.6329958Z  Cgroup Version: 2
2026-05-08T22:19:51.6330128Z  Plugins:
2026-05-08T22:19:51.6330287Z   Volume: local
2026-05-08T22:19:51.6330512Z   Network: bridge host ipvlan macvlan null overlay
2026-05-08T22:19:51.6330904Z   Log: awslogs fluentd gcplogs gelf journald json-file local splunk syslog
2026-05-08T22:19:51.6331265Z  Swarm: inactive
2026-05-08T22:19:51.6331475Z  Runtimes: io.containerd.runc.v2 runc
2026-05-08T22:19:51.6331715Z  Default Runtime: runc
2026-05-08T22:19:51.6331915Z  Init Binary: docker-init
2026-05-08T22:19:51.6332191Z  containerd version: 301b2dac98f15c27117da5c8af12118a041a31d9
2026-05-08T22:19:51.6332501Z  runc version: v1.3.4-0-gd6d73eb8
2026-05-08T22:19:51.6332723Z  init version: de40ad0
2026-05-08T22:19:51.6332912Z  Security Options:
2026-05-08T22:19:51.6333096Z   apparmor
2026-05-08T22:19:51.6333247Z   seccomp
2026-05-08T22:19:51.6333403Z    Profile: builtin
2026-05-08T22:19:51.6333574Z   cgroupns
2026-05-08T22:19:51.6333733Z  Kernel Version: 6.8.0-1044-azure
2026-05-08T22:19:51.6333967Z  Operating System: Ubuntu 22.04.5 LTS
2026-05-08T22:19:51.6334199Z  OSType: linux
2026-05-08T22:19:51.6334366Z  Architecture: x86_64
2026-05-08T22:19:51.6334544Z  CPUs: 4
2026-05-08T22:19:51.6334700Z  Total Memory: 15.62GiB
2026-05-08T22:19:51.6334930Z  Name: runnervmrc6n4
2026-05-08T22:19:51.6335142Z  ID: 1be3f7cb-31f0-4fdd-9cf3-3801018dac43
2026-05-08T22:19:51.6335404Z  Docker Root Dir: /var/lib/docker
2026-05-08T22:19:51.6335613Z  Debug Mode: false
2026-05-08T22:19:51.6335796Z  Username: githubactions
2026-05-08T22:19:51.6336002Z  Experimental: true
2026-05-08T22:19:51.6336178Z  Insecure Registries:
2026-05-08T22:19:51.6336380Z   ::1/128
2026-05-08T22:19:51.6336532Z   127.0.0.0/8
2026-05-08T22:19:51.6336701Z  Live Restore Enabled: true
2026-05-08T22:19:51.6336840Z 
2026-05-08T22:19:51.6344966Z ##[endgroup]
2026-05-08T22:19:51.6345590Z ##[group]Proxy configuration
2026-05-08T22:19:51.6348394Z No proxy configuration found
2026-05-08T22:19:51.6350506Z ##[endgroup]
2026-05-08T22:19:51.7056243Z ##[group]Buildx version
2026-05-08T22:19:51.7079581Z [command]/usr/bin/docker buildx version
2026-05-08T22:19:51.7666723Z github.com/docker/buildx v0.34.0-rc1 9392590cfa63ce4065b32f9d1daa6844eedf00e4
2026-05-08T22:19:51.7699494Z ##[endgroup]
2026-05-08T22:19:51.7700593Z ##[group]Builder info
2026-05-08T22:19:51.8634554Z {
2026-05-08T22:19:51.8634888Z   "nodes": [
2026-05-08T22:19:51.8635415Z     {
2026-05-08T22:19:51.8635900Z       "name": "builder-bfa6ecd0-f9d3-403b-b3bb-f6a432e64d570",
2026-05-08T22:19:51.8636570Z       "endpoint": "unix:///var/run/docker.sock",
2026-05-08T22:19:51.8641393Z       "driver-opts": [
2026-05-08T22:19:51.8641757Z         "image=moby/buildkit:latest"
2026-05-08T22:19:51.8642125Z       ],
2026-05-08T22:19:51.8642367Z       "status": "running",
2026-05-08T22:19:51.8642849Z       "buildkitd-flags": "--debug --allow-insecure-entitlement=network.host",
2026-05-08T22:19:51.8643501Z       "buildkit": "v0.29.0",
2026-05-08T22:19:51.8644023Z       "platforms": "linux/amd64,linux/amd64/v2,linux/amd64/v3,linux/386",
2026-05-08T22:19:51.8644607Z       "features": {
2026-05-08T22:19:51.8645073Z         "Automatically load images to the Docker Engine image store": true,
2026-05-08T22:19:51.8645664Z         "Cache export": true,
2026-05-08T22:19:51.8646002Z         "Direct push": true,
2026-05-08T22:19:51.8646350Z         "Docker exporter": true,
2026-05-08T22:19:51.8647131Z         "Multi-platform build": true,
2026-05-08T22:19:51.8647632Z         "OCI exporter": true
2026-05-08T22:19:51.8647963Z       },
2026-05-08T22:19:51.8648126Z       "labels": {
2026-05-08T22:19:51.8648377Z         "org.mobyproject.buildkit.worker.executor": "oci",
2026-05-08T22:19:51.8648760Z         "org.mobyproject.buildkit.worker.hostname": "0a6234352609",
2026-05-08T22:19:51.8649127Z         "org.mobyproject.buildkit.worker.network": "host",
2026-05-08T22:19:51.8649727Z         "org.mobyproject.buildkit.worker.oci.process-mode": "sandbox",
2026-05-08T22:19:51.8650390Z         "org.mobyproject.buildkit.worker.selinux.enabled": "false",
2026-05-08T22:19:51.8651133Z         "org.mobyproject.buildkit.worker.snapshotter": "overlayfs"
2026-05-08T22:19:51.8651651Z       },
2026-05-08T22:19:51.8651817Z       "gcPolicy": [
2026-05-08T22:19:51.8651995Z         {
2026-05-08T22:19:51.8652149Z           "all": false,
2026-05-08T22:19:51.8652345Z           "filter": [
2026-05-08T22:19:51.8652549Z             "type==source.local",
2026-05-08T22:19:51.8652774Z             "type==exec.cachemount",
2026-05-08T22:19:51.8653018Z             "type==source.git.checkout"
2026-05-08T22:19:51.8653240Z           ],
2026-05-08T22:19:51.8653405Z           "keepDuration": "48h0m0s",
2026-05-08T22:19:51.8653630Z           "maxUsedSpace": "488.3MiB"
2026-05-08T22:19:51.8653839Z         },
2026-05-08T22:19:51.8653983Z         {
2026-05-08T22:19:51.8654137Z           "all": false,
2026-05-08T22:19:51.8654332Z           "keepDuration": "1440h0m0s",
2026-05-08T22:19:51.8654560Z           "reservedSpace": "9.313GiB",
2026-05-08T22:19:51.8654789Z           "maxUsedSpace": "93.13GiB",
2026-05-08T22:19:51.8655013Z           "minFreeSpace": "27.94GiB"
2026-05-08T22:19:51.8655216Z         },
2026-05-08T22:19:51.8655366Z         {
2026-05-08T22:19:51.8655516Z           "all": false,
2026-05-08T22:19:51.8655697Z           "reservedSpace": "9.313GiB",
2026-05-08T22:19:51.8655930Z           "maxUsedSpace": "93.13GiB",
2026-05-08T22:19:51.8656160Z           "minFreeSpace": "27.94GiB"
2026-05-08T22:19:51.8656368Z         },
2026-05-08T22:19:51.8656511Z         {
2026-05-08T22:19:51.8656662Z           "all": true,
2026-05-08T22:19:51.8656852Z           "reservedSpace": "9.313GiB",
2026-05-08T22:19:51.8657070Z           "maxUsedSpace": "93.13GiB",
2026-05-08T22:19:51.8657290Z           "minFreeSpace": "27.94GiB"
2026-05-08T22:19:51.8657493Z         }
2026-05-08T22:19:51.8657633Z       ]
2026-05-08T22:19:51.8657780Z     }
2026-05-08T22:19:51.8657924Z   ],
2026-05-08T22:19:51.8658136Z   "name": "builder-bfa6ecd0-f9d3-403b-b3bb-f6a432e64d57",
2026-05-08T22:19:51.8658441Z   "driver": "docker-container",
2026-05-08T22:19:51.8658740Z   "lastActivity": "2026-05-08T22:19:47.000Z"
2026-05-08T22:19:51.8659111Z }
2026-05-08T22:19:51.8659837Z ##[endgroup]
2026-05-08T22:19:51.8660361Z ##[group]Parsing raw definition
2026-05-08T22:19:51.8664742Z [command]/usr/bin/docker buildx bake https://github.com/moby/moby.git#refs/pull/52589/merge --set dev.cache-from=type=gha,scope=dev --print dev
2026-05-08T22:19:52.0985314Z #0 building with "builder-bfa6ecd0-f9d3-403b-b3bb-f6a432e64d57" instance using docker-container driver
2026-05-08T22:19:52.0985877Z 
2026-05-08T22:19:52.0986172Z #1 [internal] load git source https://github.com/moby/moby.git#refs/pull/52589/merge
2026-05-08T22:19:52.3399535Z #1 0.392 26f9d9e182a1ba11349365091f3c53af9b6a5ace	refs/pull/52589/merge
2026-05-08T22:19:52.5097590Z #1 0.009 Initialized empty Git repository in /var/lib/buildkit/runc-overlayfs/snapshots/snapshots/1/fs/
2026-05-08T22:19:53.8020036Z #1 1.452 From https://github.com/moby/moby
2026-05-08T22:19:53.8022754Z #1 1.452  * [new ref]         refs/pull/52589/merge -> refs/pull/52589/merge
2026-05-08T22:19:53.9559664Z #1 1.455 26f9d9e182a1ba11349365091f3c53af9b6a5ace
2026-05-08T22:19:55.2494520Z #1 DONE 3.3s
2026-05-08T22:19:55.2780714Z {
2026-05-08T22:19:55.2781092Z   "group": {
2026-05-08T22:19:55.2781383Z     "default": {
2026-05-08T22:19:55.2781714Z       "targets": [
2026-05-08T22:19:55.2782343Z         "dev"
2026-05-08T22:19:55.2782635Z       ]
2026-05-08T22:19:55.2782890Z     }
2026-05-08T22:19:55.2783133Z   },
2026-05-08T22:19:55.2783352Z   "target": {
2026-05-08T22:19:55.2783629Z     "dev": {
2026-05-08T22:19:55.2784119Z       "context": "https://github.com/moby/moby.git#refs/pull/52589/merge",
2026-05-08T22:19:55.2784717Z       "dockerfile": "Dockerfile",
2026-05-08T22:19:55.2785089Z       "args": {
2026-05-08T22:19:55.2785421Z         "BUILDKIT_CONTEXT_KEEP_GIT_DIR": "1",
2026-05-08T22:19:55.2785851Z         "DEFAULT_PRODUCT_LICENSE": "",
2026-05-08T22:19:55.2786278Z         "DOCKER_BUILDTAGS": "",
2026-05-08T22:19:55.2786686Z         "DOCKER_DEBUG": "",
2026-05-08T22:19:55.2787057Z         "DOCKER_LDFLAGS": "",
2026-05-08T22:19:55.2787493Z         "DOCKER_STATIC": "1",
2026-05-08T22:19:55.2787953Z         "FIREWALLD": "false",
2026-05-08T22:19:55.2788374Z         "PACKAGER_NAME": "",
2026-05-08T22:19:55.2788785Z         "PLATFORM": "",
2026-05-08T22:19:55.2789145Z         "PRODUCT": "",
2026-05-08T22:19:55.2789697Z         "SYSTEMD": "false",
2026-05-08T22:19:55.2790045Z         "VERSION": ""
2026-05-08T22:19:55.2790360Z       },
2026-05-08T22:19:55.2790642Z       "tags": [
2026-05-08T22:19:55.2790964Z         "docker-dev"
2026-05-08T22:19:55.2791325Z       ],
2026-05-08T22:19:55.2791606Z       "cache-from": [
2026-05-08T22:19:55.2791902Z         {
2026-05-08T22:19:55.2792150Z           "scope": "dev",
2026-05-08T22:19:55.2792486Z           "type": "gha"
2026-05-08T22:19:55.2792813Z         }
2026-05-08T22:19:55.2793080Z       ],
2026-05-08T22:19:55.2793368Z       "target": "dev",
2026-05-08T22:19:55.2793701Z       "output": [
2026-05-08T22:19:55.2793999Z         {
2026-05-08T22:19:55.2794200Z           "type": "docker"
2026-05-08T22:19:55.2794469Z         }
2026-05-08T22:19:55.2794770Z       ]
2026-05-08T22:19:55.2795033Z     }
2026-05-08T22:19:55.2795285Z   }
2026-05-08T22:19:55.2795537Z }
2026-05-08T22:19:55.2857797Z ##[endgroup]
2026-05-08T22:19:55.4343871Z ##[group]Bake definition
2026-05-08T22:19:55.4357177Z [command]/usr/bin/docker buildx bake https://github.com/moby/moby.git#refs/pull/52589/merge --allow fs=* --set dev.cache-from=type=gha,scope=dev --metadata-file /home/runner/work/_temp/docker-actions-toolkit-olvUQM/bake-metadata-b5648518b9.json dev --print
2026-05-08T22:19:55.6712569Z #0 building with "builder-bfa6ecd0-f9d3-403b-b3bb-f6a432e64d57" instance using docker-container driver
2026-05-08T22:19:55.6713129Z 
2026-05-08T22:19:55.6713443Z #1 [internal] load git source https://github.com/moby/moby.git#refs/pull/52589/merge
2026-05-08T22:19:56.0380418Z #1 0.517 26f9d9e182a1ba11349365091f3c53af9b6a5ace	refs/pull/52589/merge
2026-05-08T22:19:56.0643487Z #1 CACHED
2026-05-08T22:19:56.0643985Z {
2026-05-08T22:19:56.0644373Z   "group": {
2026-05-08T22:19:56.0644729Z     "default": {
2026-05-08T22:19:56.0645065Z       "targets": [
2026-05-08T22:19:56.0645380Z         "dev"
2026-05-08T22:19:56.0645661Z       ]
2026-05-08T22:19:56.0646291Z     }
2026-05-08T22:19:56.0646552Z   },
2026-05-08T22:19:56.0646838Z   "target": {
2026-05-08T22:19:56.0647102Z     "dev": {
2026-05-08T22:19:56.0647586Z       "context": "https://github.com/moby/moby.git#refs/pull/52589/merge",
2026-05-08T22:19:56.0648195Z       "dockerfile": "Dockerfile",
2026-05-08T22:19:56.0648567Z       "args": {
2026-05-08T22:19:56.0648909Z         "BUILDKIT_CONTEXT_KEEP_GIT_DIR": "1",
2026-05-08T22:19:56.0649557Z         "DEFAULT_PRODUCT_LICENSE": "",
2026-05-08T22:19:56.0649973Z         "DOCKER_BUILDTAGS": "",
2026-05-08T22:19:56.0650345Z         "DOCKER_DEBUG": "",
2026-05-08T22:19:56.0650707Z         "DOCKER_LDFLAGS": "",
2026-05-08T22:19:56.0651071Z         "DOCKER_STATIC": "1",
2026-05-08T22:19:56.0651414Z         "FIREWALLD": "false",
2026-05-08T22:19:56.0651799Z         "PACKAGER_NAME": "",
2026-05-08T22:19:56.0652146Z         "PLATFORM": "",
2026-05-08T22:19:56.0652470Z         "PRODUCT": "",
2026-05-08T22:19:56.0652814Z         "SYSTEMD": "false",
2026-05-08T22:19:56.0653178Z         "VERSION": ""
2026-05-08T22:19:56.0653786Z       },
2026-05-08T22:19:56.0654108Z       "tags": [
2026-05-08T22:19:56.0654423Z         "docker-dev"
2026-05-08T22:19:56.0654739Z       ],
2026-05-08T22:19:56.0655021Z       "cache-from": [
2026-05-08T22:19:56.0655347Z         {
2026-05-08T22:19:56.0655640Z           "scope": "dev",
2026-05-08T22:19:56.0656001Z           "type": "gha"
2026-05-08T22:19:56.0656326Z         }
2026-05-08T22:19:56.0656596Z       ],
2026-05-08T22:19:56.0656884Z       "target": "dev",
2026-05-08T22:19:56.0657235Z       "output": [
2026-05-08T22:19:56.0657526Z         {
2026-05-08T22:19:56.0657819Z           "type": "docker"
2026-05-08T22:19:56.0658170Z         }
2026-05-08T22:19:56.0658497Z       ]
2026-05-08T22:19:56.0658772Z     }
2026-05-08T22:19:56.0659053Z   }
2026-05-08T22:19:56.0659462Z }
2026-05-08T22:19:56.0717740Z ##[endgroup]
2026-05-08T22:19:56.0730922Z [command]/usr/bin/docker buildx bake https://github.com/moby/moby.git#refs/pull/52589/merge --allow fs=* --set dev.cache-from=type=gha,scope=dev --metadata-file /home/runner/work/_temp/docker-actions-toolkit-olvUQM/bake-metadata-b5648518b9.json dev
2026-05-08T22:19:56.3081109Z #0 building with "builder-bfa6ecd0-f9d3-403b-b3bb-f6a432e64d57" instance using docker-container driver
2026-05-08T22:19:56.3081902Z 
2026-05-08T22:19:56.3082425Z #1 [internal] load git source https://github.com/moby/moby.git#refs/pull/52589/merge
2026-05-08T22:19:56.7396548Z #1 0.582 26f9d9e182a1ba11349365091f3c53af9b6a5ace	refs/pull/52589/merge
2026-05-08T22:19:57.2111123Z #1 0.429 26f9d9e182a1ba11349365091f3c53af9b6a5ace	refs/pull/52589/merge
2026-05-08T22:19:57.3782187Z #1 CACHED
2026-05-08T22:19:57.3782413Z 
2026-05-08T22:19:57.3782734Z #2 [internal] load git source https://github.com/moby/moby.git#refs/pull/52589/merge
2026-05-08T22:19:57.7113122Z #2 0.484 26f9d9e182a1ba11349365091f3c53af9b6a5ace	refs/pull/52589/merge
2026-05-08T22:19:58.1898602Z #2 0.468 26f9d9e182a1ba11349365091f3c53af9b6a5ace
2026-05-08T22:19:58.3497664Z #2 0.475 Initialized empty Git repository in /var/lib/buildkit/runc-overlayfs/snapshots/snapshots/3/fs/.git/
2026-05-08T22:19:58.3498321Z #2 0.478 commit
2026-05-08T22:19:59.2179588Z #2 1.496 From file:///var/lib/buildkit/runc-overlayfs/snapshots/snapshots/1/fs
2026-05-08T22:19:59.2180362Z #2 1.496  * [new tag]         refs/pull/52589/merge -> refs/pull/52589/merge
2026-05-08T22:19:59.2183520Z #2 1.496  * [new tag]         refs/pull/52589/merge -> refs/pull/52589/merge
2026-05-08T22:20:00.6536187Z #2 2.932 Note: switching to 'FETCH_HEAD'.
2026-05-08T22:20:00.6536648Z #2 2.932 
2026-05-08T22:20:00.6537095Z #2 2.932 You are in 'detached HEAD' state. You can look around, make experimental
2026-05-08T22:20:00.6537873Z #2 2.932 changes and commit them, and you can discard any commits you make in this
2026-05-08T22:20:00.6538651Z #2 2.932 state without impacting any branches by switching back to a branch.
2026-05-08T22:20:00.6539173Z #2 2.932 
2026-05-08T22:20:00.6539811Z #2 2.932 If you want to create a new branch to retain commits you create, you may
2026-05-08T22:20:00.6540896Z #2 2.932 do so (now or later) by using -c with the switch command. Example:
2026-05-08T22:20:00.6541429Z #2 2.932 
2026-05-08T22:20:00.6541728Z #2 2.932   git switch -c <new-branch-name>
2026-05-08T22:20:00.6542093Z #2 2.932 
2026-05-08T22:20:00.6542343Z #2 2.932 Or undo this operation with:
2026-05-08T22:20:00.6542685Z #2 2.932 
2026-05-08T22:20:00.6542927Z #2 2.932   git switch -
2026-05-08T22:20:00.6543205Z #2 2.932 
2026-05-08T22:20:00.6543649Z #2 2.932 Turn off this advice by setting config variable advice.detachedHead to false
2026-05-08T22:20:00.6544225Z #2 2.932 
2026-05-08T22:20:00.6544913Z #2 2.932 HEAD is now at 26f9d9e Merge cfb2ed2acdda1efd13d2847f4f71ceaf84ff610d into 50b02f40b9d7d6dcd4ec6e64e91bb3ae412db8b0
2026-05-08T22:20:00.8332268Z #2 DONE 3.5s
2026-05-08T22:20:00.8332519Z 
2026-05-08T22:20:00.8332902Z #3 resolve image config for docker-image://docker.io/docker/dockerfile:1
2026-05-08T22:20:01.2526695Z #3 ...
2026-05-08T22:20:01.2526903Z 
2026-05-08T22:20:01.2527509Z #4 [auth] docker/dockerfile:pull token for registry-1.docker.io
2026-05-08T22:20:01.2527905Z #4 DONE 0.0s
2026-05-08T22:20:01.4018341Z 
2026-05-08T22:20:01.4019115Z #3 resolve image config for docker-image://docker.io/docker/dockerfile:1
2026-05-08T22:20:01.9244943Z #3 DONE 1.2s
2026-05-08T22:20:02.0871223Z 
2026-05-08T22:20:02.0872409Z #5 docker-image://docker.io/docker/dockerfile:1@sha256:2780b5c3bab67f1f76c781860de469442999ed1a0d7992a5efdf2cffc0e3d769
2026-05-08T22:20:02.0873708Z #5 resolve docker.io/docker/dockerfile:1@sha256:2780b5c3bab67f1f76c781860de469442999ed1a0d7992a5efdf2cffc0e3d769 done
2026-05-08T22:20:02.0902016Z #5 sha256:bcb5d2ab7af67a669c932851c8bb8a26895dda6258900edfd7429d57bfd3592f 7.34MB / 14.11MB 0.2s
2026-05-08T22:20:02.2292225Z #5 sha256:bcb5d2ab7af67a669c932851c8bb8a26895dda6258900edfd7429d57bfd3592f 14.11MB / 14.11MB 0.2s done
2026-05-08T22:20:02.2293345Z #5 extracting sha256:bcb5d2ab7af67a669c932851c8bb8a26895dda6258900edfd7429d57bfd3592f 0.1s done
2026-05-08T22:20:02.2294100Z #5 DONE 0.3s
2026-05-08T22:20:02.3331803Z 
2026-05-08T22:20:02.3332545Z #6 [auth] docker/buildx-bin:pull token for registry-1.docker.io
2026-05-08T22:20:02.5336670Z #6 DONE 0.0s
2026-05-08T22:20:02.5337257Z 
2026-05-08T22:20:02.5337620Z #7 [auth] library/busybox:pull token for registry-1.docker.io
2026-05-08T22:20:02.5338170Z #7 DONE 0.0s
2026-05-08T22:20:02.5338345Z 
2026-05-08T22:20:02.5338631Z #8 [internal] load metadata for docker.io/docker/buildx-bin:0.33.0
2026-05-08T22:20:02.5340089Z #8 ERROR: failed to authorize: failed to fetch oauth token: Post "https://auth.docker.io/token": read tcp 10.1.0.128:44926->172.64.144.78:443: read: connection reset by peer
2026-05-08T22:20:02.5341087Z 
2026-05-08T22:20:02.5341352Z #9 [internal] load metadata for docker.io/library/busybox:latest
2026-05-08T22:20:02.5342549Z #9 ERROR: failed to authorize: failed to fetch oauth token: Post "https://auth.docker.io/token": read tcp 10.1.0.128:44926->172.64.144.78:443: read: connection reset by peer
2026-05-08T22:20:02.5343531Z 
2026-05-08T22:20:02.5343833Z #10 [internal] load metadata for docker.io/docker/compose-bin:v5.1.3
2026-05-08T22:20:02.5344379Z #10 CANCELED
2026-05-08T22:20:02.5344543Z 
2026-05-08T22:20:02.5344784Z #11 [internal] load metadata for docker.io/tonistiigi/xx:1.9.0
2026-05-08T22:20:02.5345285Z #11 CANCELED
2026-05-08T22:20:02.5345447Z 
2026-05-08T22:20:02.5345738Z #12 [internal] load metadata for docker.io/library/golang:1.26.3-bookworm
2026-05-08T22:20:02.5346286Z #12 CANCELED
2026-05-08T22:20:02.5346459Z 
2026-05-08T22:20:02.5346726Z #13 [internal] load metadata for docker.io/library/debian:bookworm
2026-05-08T22:20:02.5347258Z #13 CANCELED
2026-05-08T22:20:02.5347418Z 
2026-05-08T22:20:02.5347724Z #14 [internal] load metadata for docker.io/distribution/distribution:3.1.1
2026-05-08T22:20:02.5348785Z #14 CANCELED
2026-05-08T22:20:02.9993144Z ------
2026-05-08T22:20:02.9993769Z  > [internal] load metadata for docker.io/docker/buildx-bin:0.33.0:
2026-05-08T22:20:02.9994750Z ------
2026-05-08T22:20:02.9995037Z ------
2026-05-08T22:20:02.9995484Z  > [internal] load metadata for docker.io/library/busybox:latest:
2026-05-08T22:20:02.9996000Z ------
2026-05-08T22:20:03.0017343Z Dockerfile:50
2026-05-08T22:20:03.0017677Z --------------------
2026-05-08T22:20:03.0018423Z   48 |     # dummy stage to make sure the image is built for deps that don't support some
2026-05-08T22:20:03.0019108Z   49 |     # architectures
2026-05-08T22:20:03.0019809Z   50 | >>> FROM --platform=$BUILDPLATFORM busybox AS build-dummy
2026-05-08T22:20:03.0020162Z   51 |     RUN mkdir -p /build
2026-05-08T22:20:03.0020412Z   52 |     FROM scratch AS binary-dummy
2026-05-08T22:20:03.0020653Z --------------------
2026-05-08T22:20:03.0021240Z ERROR: failed to solve: failed to fetch oauth token: Post "https://auth.docker.io/token": read tcp 10.1.0.128:44926->172.64.144.78:443: read: connection reset by peer
2026-05-08T22:20:03.0077100Z ##[group]Build references
2026-05-08T22:20:03.0973950Z builder-bfa6ecd0-f9d3-403b-b3bb-f6a432e64d57/builder-bfa6ecd0-f9d3-403b-b3bb-f6a432e64d570/mr6vf41p8ckd021tg92y120lj
2026-05-08T22:20:03.0975363Z ##[endgroup]
2026-05-08T22:20:03.0976132Z ##[group]Check build summary support
2026-05-08T22:20:03.0978516Z Build summary supported!
2026-05-08T22:20:03.0979494Z ##[endgroup]
2026-05-08T22:20:03.0999700Z ##[error]buildx bake failed with: ERROR: failed to solve: failed to fetch oauth token: Post "https://auth.docker.io/token": read tcp 10.1.0.128:44926->172.64.144.78:443: read: connection reset by peer
2026-05-08T22:20:03.1132703Z ##[group]Run reportsName=$MATRIX_OS
2026-05-08T22:20:03.1133031Z [36;1mreportsName=$MATRIX_OS[0m
2026-05-08T22:20:03.1133274Z [36;1mif [ -n "$MATRIX_MODE" ]; then[0m
2026-05-08T22:20:03.1133565Z [36;1m  reportsName="$reportsName-$MATRIX_MODE"[0m
2026-05-08T22:20:03.1133828Z [36;1mfi[0m
2026-05-08T22:20:03.1134038Z [36;1mreportsPath="/tmp/reports/$reportsName"[0m
2026-05-08T22:20:03.1134392Z [36;1mecho "TESTREPORTS_NAME=$reportsName" >> $GITHUB_ENV[0m
2026-05-08T22:20:03.1134694Z [36;1m[0m
2026-05-08T22:20:03.1134856Z [36;1mdocker stop otelcol[0m
2026-05-08T22:20:03.1135084Z [36;1mmkdir -p bundles $reportsPath[0m
2026-05-08T22:20:03.1135909Z [36;1mfind bundles \( -path '*/root' -o -path '*/root/*' \) -prune -o -type f \( -name '*-report.json' -o -name '*.log' -o -name '*.out' -o -name '*.prof' -o -name '*-report.xml' \) -print0 | sudo tar --null --files-from=- -czf /tmp/reports.tar.gz[0m
2026-05-08T22:20:03.1136783Z [36;1mtar -xzf /tmp/reports.tar.gz -C $reportsPath[0m
2026-05-08T22:20:03.1137175Z [36;1msudo mv /tmp/reports/otel-trace*.jsonl $reportsPath/ 2>/dev/null || true[0m
2026-05-08T22:20:03.1137587Z [36;1msudo chown -R $(id -u):$(id -g) $reportsPath[0m
2026-05-08T22:20:03.1137872Z [36;1mtree -nh $reportsPath[0m
2026-05-08T22:20:03.1194232Z shell: /usr/bin/bash -e {0}
2026-05-08T22:20:03.1194456Z env:
2026-05-08T22:20:03.1194625Z   GO_VERSION: 1.26.3
2026-05-08T22:20:03.1194836Z   GOTESTLIST_VERSION: v0.3.1
2026-05-08T22:20:03.1195076Z   TESTSTAT_VERSION: v0.1.25
2026-05-08T22:20:03.1195278Z   ITG_CLI_MATRIX_SIZE: 6
2026-05-08T22:20:03.1195486Z   DOCKER_EXPERIMENTAL: 1
2026-05-08T22:20:03.1195692Z   DOCKER_GRAPHDRIVER: overlay2
2026-05-08T22:20:03.1195918Z   TEST_INTEGRATION_USE_GRAPHDRIVER: 1
2026-05-08T22:20:03.1196170Z   SETUP_BUILDX_VERSION: edge
2026-05-08T22:20:03.1196409Z   SETUP_BUILDKIT_IMAGE: moby/buildkit:latest
2026-05-08T22:20:03.1196723Z   OTEL_EXPORTER_OTLP_ENDPOINT: http://172.17.0.1:4318
2026-05-08T22:20:03.1197049Z   OTEL_EXPORTER_OTLP_PROTOCOL: http/protobuf
2026-05-08T22:20:03.1197301Z   DOCKER_ROOTLESS: 1
2026-05-08T22:20:03.1197487Z   CACHE_DEV_SCOPE: dev
2026-05-08T22:20:03.1197683Z   MATRIX_MODE: rootless
2026-05-08T22:20:03.1197881Z   MATRIX_OS: ubuntu-22.04
2026-05-08T22:20:03.1198084Z ##[endgroup]
2026-05-08T22:20:03.1817681Z otelcol
2026-05-08T22:20:03.2698147Z [4.0K]  /tmp/reports/ubuntu-22.04-rootless
2026-05-08T22:20:03.2698939Z └── [ 87K]  otel-trace.jsonl
2026-05-08T22:20:03.2699189Z 
2026-05-08T22:20:03.2699890Z 0 directories, 1 file
2026-05-08T22:20:03.2731572Z ##[group]Run cat bundles/test-integration/docker.log
2026-05-08T22:20:03.2731962Z [36;1mcat bundles/test-integration/docker.log[0m
2026-05-08T22:20:03.2788942Z shell: /usr/bin/bash -e {0}
2026-05-08T22:20:03.2789180Z env:
2026-05-08T22:20:03.2789531Z   GO_VERSION: 1.26.3
2026-05-08T22:20:03.2789730Z   GOTESTLIST_VERSION: v0.3.1
2026-05-08T22:20:03.2789946Z   TESTSTAT_VERSION: v0.1.25
2026-05-08T22:20:03.2790154Z   ITG_CLI_MATRIX_SIZE: 6
2026-05-08T22:20:03.2790353Z   DOCKER_EXPERIMENTAL: 1
2026-05-08T22:20:03.2790562Z   DOCKER_GRAPHDRIVER: overlay2
2026-05-08T22:20:03.2790795Z   TEST_INTEGRATION_USE_GRAPHDRIVER: 1
2026-05-08T22:20:03.2791037Z   SETUP_BUILDX_VERSION: edge
2026-05-08T22:20:03.2791278Z   SETUP_BUILDKIT_IMAGE: moby/buildkit:latest
2026-05-08T22:20:03.2791599Z   OTEL_EXPORTER_OTLP_ENDPOINT: http://172.17.0.1:4318
2026-05-08T22:20:03.2791912Z   OTEL_EXPORTER_OTLP_PROTOCOL: http/protobuf
2026-05-08T22:20:03.2792160Z   DOCKER_ROOTLESS: 1
2026-05-08T22:20:03.2792385Z   CACHE_DEV_SCOPE: dev
2026-05-08T22:20:03.2792595Z   TESTREPORTS_NAME: ubuntu-22.04-rootless
2026-05-08T22:20:03.2792837Z ##[endgroup]
2026-05-08T22:20:03.2878324Z cat: bundles/test-integration/docker.log: No such file or directory
2026-05-08T22:20:03.2884477Z ##[error]Process completed with exit code 1.
2026-05-08T22:20:03.2926493Z ##[group]Run actions/upload-artifact@043fb46d1a93c77aae656e7c1c64a875d1fc6a0a
2026-05-08T22:20:03.2926877Z with:
2026-05-08T22:20:03.2927160Z   name: test-reports-integration-graphdriver-ubuntu-22.04-rootless
2026-05-08T22:20:03.2927511Z   path: /tmp/reports/*
2026-05-08T22:20:03.2927721Z   retention-days: 1
2026-05-08T22:20:03.2927910Z   if-no-files-found: warn
2026-05-08T22:20:03.2928122Z   compression-level: 6
2026-05-08T22:20:03.2928312Z   overwrite: false
2026-05-08T22:20:03.2928497Z   include-hidden-files: false
2026-05-08T22:20:03.2928711Z   archive: true
2026-05-08T22:20:03.2928879Z env:
2026-05-08T22:20:03.2929030Z   GO_VERSION: 1.26.3
2026-05-08T22:20:03.2929508Z   GOTESTLIST_VERSION: v0.3.1
2026-05-08T22:20:03.2929850Z   TESTSTAT_VERSION: v0.1.25
2026-05-08T22:20:03.2930063Z   ITG_CLI_MATRIX_SIZE: 6
2026-05-08T22:20:03.2930266Z   DOCKER_EXPERIMENTAL: 1
2026-05-08T22:20:03.2930470Z   DOCKER_GRAPHDRIVER: overlay2
2026-05-08T22:20:03.2930729Z   TEST_INTEGRATION_USE_GRAPHDRIVER: 1
2026-05-08T22:20:03.2930971Z   SETUP_BUILDX_VERSION: edge
2026-05-08T22:20:03.2931206Z   SETUP_BUILDKIT_IMAGE: moby/buildkit:latest
2026-05-08T22:20:03.2931516Z   OTEL_EXPORTER_OTLP_ENDPOINT: http://172.17.0.1:4318
2026-05-08T22:20:03.2931828Z   OTEL_EXPORTER_OTLP_PROTOCOL: http/protobuf
2026-05-08T22:20:03.2932068Z   DOCKER_ROOTLESS: 1
2026-05-08T22:20:03.2932258Z   CACHE_DEV_SCOPE: dev
2026-05-08T22:20:03.2932467Z   TESTREPORTS_NAME: ubuntu-22.04-rootless
2026-05-08T22:20:03.2932701Z ##[endgroup]
2026-05-08T22:20:03.4377830Z With the provided path, there will be 1 file uploaded
2026-05-08T22:20:03.4383050Z Artifact name is valid!
2026-05-08T22:20:03.4383703Z Root directory input is valid!
2026-05-08T22:20:03.6096974Z Uploading artifact: test-reports-integration-graphdriver-ubuntu-22.04-rootless.zip
2026-05-08T22:20:03.6139669Z Beginning upload of artifact content to blob storage
2026-05-08T22:20:03.8043806Z Uploaded bytes 8529
2026-05-08T22:20:03.8483581Z Finished uploading artifact content to blob storage!
2026-05-08T22:20:03.8484760Z SHA256 digest of uploaded artifact is 30244cdea1532803024e57b4269e5084c0afb356a649610d11e1e9664ad3b80f
2026-05-08T22:20:03.8485810Z Finalizing artifact upload
2026-05-08T22:20:04.0846241Z Artifact test-reports-integration-graphdriver-ubuntu-22.04-rootless successfully finalized. Artifact ID 6889838123
2026-05-08T22:20:04.0847466Z Artifact test-reports-integration-graphdriver-ubuntu-22.04-rootless has been successfully uploaded! Final size is 8529 bytes. Artifact ID is 6889838123
2026-05-08T22:20:04.0850276Z Artifact download URL: https://github.com/moby/moby/actions/runs/25582234262/artifacts/6889838123
2026-05-08T22:20:04.1000592Z ##[group]Run actions/upload-artifact@043fb46d1a93c77aae656e7c1c64a875d1fc6a0a
2026-05-08T22:20:04.1001548Z with:
2026-05-08T22:20:04.1002059Z   name: test-results-integration-graphdriver-ubuntu-22.04-rootless
2026-05-08T22:20:04.1002761Z   path: /tmp/reports/**/*go-test-report*.json
2026-05-08T22:20:04.1003236Z   retention-days: 7
2026-05-08T22:20:04.1003583Z   if-no-files-found: warn
2026-05-08T22:20:04.1003968Z   compression-level: 6
2026-05-08T22:20:04.1004323Z   overwrite: false
2026-05-08T22:20:04.1004659Z   include-hidden-files: false
2026-05-08T22:20:04.1005058Z   archive: true
2026-05-08T22:20:04.1005370Z env:
2026-05-08T22:20:04.1005664Z   GO_VERSION: 1.26.3
2026-05-08T22:20:04.1006036Z   GOTESTLIST_VERSION: v0.3.1
2026-05-08T22:20:04.1006446Z   TESTSTAT_VERSION: v0.1.25
2026-05-08T22:20:04.1006831Z   ITG_CLI_MATRIX_SIZE: 6
2026-05-08T22:20:04.1007196Z   DOCKER_EXPERIMENTAL: 1
2026-05-08T22:20:04.1007569Z   DOCKER_GRAPHDRIVER: overlay2
2026-05-08T22:20:04.1008038Z   TEST_INTEGRATION_USE_GRAPHDRIVER: 1
2026-05-08T22:20:04.1008494Z   SETUP_BUILDX_VERSION: edge
2026-05-08T22:20:04.1008907Z   SETUP_BUILDKIT_IMAGE: moby/buildkit:latest
2026-05-08T22:20:04.1009745Z   OTEL_EXPORTER_OTLP_ENDPOINT: http://172.17.0.1:4318
2026-05-08T22:20:04.1010308Z   OTEL_EXPORTER_OTLP_PROTOCOL: http/protobuf
2026-05-08T22:20:04.1010777Z   DOCKER_ROOTLESS: 1
2026-05-08T22:20:04.1011114Z   CACHE_DEV_SCOPE: dev
2026-05-08T22:20:04.1011485Z   TESTREPORTS_NAME: ubuntu-22.04-rootless
2026-05-08T22:20:04.1011901Z ##[endgroup]
2026-05-08T22:20:04.2391254Z ##[warning]No files were found with the provided path: /tmp/reports/**/*go-test-report*.json. No artifacts will be uploaded.
2026-05-08T22:20:04.2518648Z Post job cleanup.
2026-05-08T22:20:04.5014086Z ##[group]Generating build summary
2026-05-08T22:20:04.5650451Z exporting build record to /home/runner/work/_temp/docker-actions-toolkit-eHg7cu/export
2026-05-08T22:20:04.6757003Z [command]/usr/bin/docker buildx history export --builder builder-bfa6ecd0-f9d3-403b-b3bb-f6a432e64d57 --output /home/runner/work/_temp/docker-actions-toolkit-eHg7cu/export/moby~moby~MR6VF4.dockerbuild mr6vf41p8ckd021tg92y120lj --finalize
2026-05-08T22:20:04.8587110Z Build records written to /home/runner/work/_temp/docker-actions-toolkit-eHg7cu/export/moby~moby~MR6VF4.dockerbuild (36.49 KB)
2026-05-08T22:20:04.8588469Z Uploading moby~moby~MR6VF4.dockerbuild as an artifact
2026-05-08T22:20:04.8596760Z Artifact name is valid!
2026-05-08T22:20:04.8598699Z Root directory input is valid!
2026-05-08T22:20:05.0732682Z Uploading artifact: moby~moby~MR6VF4.dockerbuild
2026-05-08T22:20:05.0768023Z Beginning upload of artifact content to blob storage
2026-05-08T22:20:05.2900386Z Uploaded bytes 37361
2026-05-08T22:20:05.3347518Z Finished uploading artifact content to blob storage!
2026-05-08T22:20:05.3348674Z SHA256 digest of uploaded artifact is 662d39c5799d2ca0bb5a38db49d9aa7cc7c30e03abd7eb9ffda9a98ab2bf8f0a
2026-05-08T22:20:05.3349866Z Finalizing artifact upload
2026-05-08T22:20:05.5821122Z Artifact moby~moby~MR6VF4.dockerbuild successfully finalized. Artifact ID 6889838443
2026-05-08T22:20:05.5822483Z Artifact download URL: https://github.com/moby/moby/actions/runs/25582234262/artifacts/6889838443
2026-05-08T22:20:05.5846712Z Writing summary
2026-05-08T22:20:05.5858882Z ##[endgroup]
2026-05-08T22:20:05.5859930Z ##[group]Removing temp folder /home/runner/work/_temp/docker-actions-toolkit-olvUQM
2026-05-08T22:20:05.5860961Z ##[endgroup]
2026-05-08T22:20:05.5861539Z ##[group]Post cache
2026-05-08T22:20:05.5862334Z State not set
2026-05-08T22:20:05.5862950Z ##[endgroup]
2026-05-08T22:20:05.6016112Z Post job cleanup.
2026-05-08T22:20:05.7903874Z ##[group]BuildKit container logs
2026-05-08T22:20:05.7943485Z [command]/usr/bin/docker logs buildx_buildkit_builder-bfa6ecd0-f9d3-403b-b3bb-f6a432e64d570
2026-05-08T22:20:05.8109043Z time="2026-05-08T22:19:51Z" level=info msg="auto snapshotter: using overlayfs"
2026-05-08T22:20:05.8112796Z time="2026-05-08T22:19:51Z" level=warning msg="using host network as the default"
2026-05-08T22:20:05.8116599Z time="2026-05-08T22:19:51Z" level=info msg="found worker \"8iy7bxp79vklrapdwt0h8oxr4\", labels=map[org.mobyproject.buildkit.worker.executor:oci org.mobyproject.buildkit.worker.hostname:0a6234352609 org.mobyproject.buildkit.worker.network:host org.mobyproject.buildkit.worker.oci.process-mode:sandbox org.mobyproject.buildkit.worker.selinux.enabled:false org.mobyproject.buildkit.worker.snapshotter:overlayfs], platforms=[linux/amd64 linux/amd64/v2 linux/amd64/v3 linux/386]"
2026-05-08T22:20:05.8120542Z time="2026-05-08T22:19:51Z" level=warning msg="skipping containerd worker, as \"/run/containerd/containerd.sock\" does not exist"
2026-05-08T22:20:05.8121776Z time="2026-05-08T22:19:51Z" level=info msg="found 1 workers, default=\"8iy7bxp79vklrapdwt0h8oxr4\""
2026-05-08T22:20:05.8122772Z time="2026-05-08T22:19:51Z" level=warning msg="currently, only the default worker can be used."
2026-05-08T22:20:05.8123724Z time="2026-05-08T22:19:51Z" level=info msg="running server on /run/buildkit/buildkitd.sock"
2026-05-08T22:20:05.8124921Z time="2026-05-08T22:19:51Z" level=debug msg="session started" spanID=8ab1f2e4e388b665 traceID=6bd3320f184d8a750a75ab5ba2875347
2026-05-08T22:20:05.8127012Z time="2026-05-08T22:19:55Z" level=error msg="/moby.buildkit.v1.frontend.LLBBridge/StatFile returned error: rpc error: code = Unknown desc = lstat compose.yaml: no such file or directory" spanID=bef44cf3db2c536c traceID=6bd3320f184d8a750a75ab5ba2875347
2026-05-08T22:20:05.8128671Z lstat compose.yaml: no such file or directory
2026-05-08T22:20:05.8129571Z 7 v0.29.0 /usr/bin/buildkitd --debug --allow-insecure-entitlement=network.host
2026-05-08T22:20:05.8130278Z github.com/tonistiigi/fsutil.Stat
2026-05-08T22:20:05.8130791Z 	/src/vendor/github.com/tonistiigi/fsutil/stat.go:61
2026-05-08T22:20:05.8131364Z github.com/moby/buildkit/cache/util.StatFile
2026-05-08T22:20:05.8132545Z 	/src/cache/util/fsutil.go:99
2026-05-08T22:20:05.8133150Z github.com/moby/buildkit/frontend/gateway.(*llbBridgeForwarder).StatFile
2026-05-08T22:20:05.8133811Z 	/src/frontend/gateway/gateway.go:986
2026-05-08T22:20:05.8134392Z github.com/moby/buildkit/control/gateway.(*GatewayForwarder).StatFile
2026-05-08T22:20:05.8134967Z 	/src/control/gateway/gateway.go:172
2026-05-08T22:20:05.8135581Z github.com/moby/buildkit/frontend/gateway/pb._LLBBridge_StatFile_Handler.func1
2026-05-08T22:20:05.8136288Z 	/src/frontend/gateway/pb/gateway_grpc.pb.go:469
2026-05-08T22:20:05.8136827Z google.golang.org/grpc.getChainUnaryHandler.func1
2026-05-08T22:20:05.8137380Z 	/src/vendor/google.golang.org/grpc/server.go:1242
2026-05-08T22:20:05.8137874Z main.unaryInterceptor
2026-05-08T22:20:05.8138220Z 	/src/cmd/buildkitd/main.go:734
2026-05-08T22:20:05.8138989Z google.golang.org/grpc.NewServer.chainUnaryServerInterceptors.chainUnaryInterceptors.func1
2026-05-08T22:20:05.8140304Z 	/src/vendor/google.golang.org/grpc/server.go:1233
2026-05-08T22:20:05.8140975Z github.com/moby/buildkit/frontend/gateway/pb._LLBBridge_StatFile_Handler
2026-05-08T22:20:05.8141646Z 	/src/frontend/gateway/pb/gateway_grpc.pb.go:471
2026-05-08T22:20:05.8142182Z google.golang.org/grpc.(*Server).processUnaryRPC
2026-05-08T22:20:05.8142729Z 	/src/vendor/google.golang.org/grpc/server.go:1429
2026-05-08T22:20:05.8143283Z google.golang.org/grpc.(*Server).handleStream
2026-05-08T22:20:05.8143813Z 	/src/vendor/google.golang.org/grpc/server.go:1855
2026-05-08T22:20:05.8145187Z google.golang.org/grpc.(*Server).serveStreams.func2.1
2026-05-08T22:20:05.8146243Z 	/src/vendor/google.golang.org/grpc/server.go:1064
2026-05-08T22:20:05.8147304Z runtime.goexit
2026-05-08T22:20:05.8148041Z 	/usr/local/go/src/runtime/asm_amd64.s:1771
2026-05-08T22:20:05.8148368Z 
2026-05-08T22:20:05.8148728Z 7 v0.29.0 /usr/bin/buildkitd --debug --allow-insecure-entitlement=network.host
2026-05-08T22:20:05.8154919Z main.unaryInterceptor
2026-05-08T22:20:05.8155358Z 	/src/cmd/buildkitd/main.go:738
2026-05-08T22:20:05.8156175Z google.golang.org/grpc.NewServer.chainUnaryServerInterceptors.chainUnaryInterceptors.func1
2026-05-08T22:20:05.8157116Z 	/src/vendor/google.golang.org/grpc/server.go:1233
2026-05-08T22:20:05.8157798Z 
2026-05-08T22:20:05.8158199Z 7 v0.29.0 /usr/bin/buildkitd --debug --allow-insecure-entitlement=network.host
2026-05-08T22:20:05.8158918Z github.com/moby/buildkit/cache/util.StatFile
2026-05-08T22:20:05.8159567Z 	/src/cache/util/fsutil.go:105
2026-05-08T22:20:05.8160193Z github.com/moby/buildkit/frontend/gateway.(*llbBridgeForwarder).StatFile
2026-05-08T22:20:05.8160884Z 	/src/frontend/gateway/gateway.go:986
2026-05-08T22:20:05.8161214Z 
2026-05-08T22:20:05.8162479Z time="2026-05-08T22:19:55Z" level=error msg="/moby.buildkit.v1.frontend.LLBBridge/StatFile returned error: rpc error: code = Unknown desc = lstat compose.yml: no such file or directory" spanID=949437adabff841d traceID=6bd3320f184d8a750a75ab5ba2875347
2026-05-08T22:20:05.8164054Z lstat compose.yml: no such file or directory
2026-05-08T22:20:05.8164774Z 7 v0.29.0 /usr/bin/buildkitd --debug --allow-insecure-entitlement=network.host
2026-05-08T22:20:05.8165504Z github.com/tonistiigi/fsutil.Stat
2026-05-08T22:20:05.8166029Z 	/src/vendor/github.com/tonistiigi/fsutil/stat.go:61
2026-05-08T22:20:05.8166599Z github.com/moby/buildkit/cache/util.StatFile
2026-05-08T22:20:05.8167132Z 	/src/cache/util/fsutil.go:99
2026-05-08T22:20:05.8167746Z github.com/moby/buildkit/frontend/gateway.(*llbBridgeForwarder).StatFile
2026-05-08T22:20:05.8168443Z 	/src/frontend/gateway/gateway.go:986
2026-05-08T22:20:05.8169082Z github.com/moby/buildkit/control/gateway.(*GatewayForwarder).StatFile
2026-05-08T22:20:05.8169864Z 	/src/control/gateway/gateway.go:172
2026-05-08T22:20:05.8170595Z github.com/moby/buildkit/frontend/gateway/pb._LLBBridge_StatFile_Handler.func1
2026-05-08T22:20:05.8171366Z 	/src/frontend/gateway/pb/gateway_grpc.pb.go:469
2026-05-08T22:20:05.8171940Z google.golang.org/grpc.getChainUnaryHandler.func1
2026-05-08T22:20:05.8172537Z 	/src/vendor/google.golang.org/grpc/server.go:1242
2026-05-08T22:20:05.8173041Z main.unaryInterceptor
2026-05-08T22:20:05.8173411Z 	/src/cmd/buildkitd/main.go:734
2026-05-08T22:20:05.8174214Z google.golang.org/grpc.NewServer.chainUnaryServerInterceptors.chainUnaryInterceptors.func1
2026-05-08T22:20:05.8175131Z 	/src/vendor/google.golang.org/grpc/server.go:1233
2026-05-08T22:20:05.8175821Z github.com/moby/buildkit/frontend/gateway/pb._LLBBridge_StatFile_Handler
2026-05-08T22:20:05.8176530Z 	/src/frontend/gateway/pb/gateway_grpc.pb.go:471
2026-05-08T22:20:05.8177131Z google.golang.org/grpc.(*Server).processUnaryRPC
2026-05-08T22:20:05.8177695Z 	/src/vendor/google.golang.org/grpc/server.go:1429
2026-05-08T22:20:05.8178302Z google.golang.org/grpc.(*Server).handleStream
2026-05-08T22:20:05.8178841Z 	/src/vendor/google.golang.org/grpc/server.go:1855
2026-05-08T22:20:05.8179683Z google.golang.org/grpc.(*Server).serveStreams.func2.1
2026-05-08T22:20:05.8180297Z 	/src/vendor/google.golang.org/grpc/server.go:1064
2026-05-08T22:20:05.8180702Z runtime.goexit
2026-05-08T22:20:05.8180912Z 	/usr/local/go/src/runtime/asm_amd64.s:1771
2026-05-08T22:20:05.8181093Z 
2026-05-08T22:20:05.8181308Z 7 v0.29.0 /usr/bin/buildkitd --debug --allow-insecure-entitlement=network.host
2026-05-08T22:20:05.8181710Z main.unaryInterceptor
2026-05-08T22:20:05.8181934Z 	/src/cmd/buildkitd/main.go:738
2026-05-08T22:20:05.8182375Z google.golang.org/grpc.NewServer.chainUnaryServerInterceptors.chainUnaryInterceptors.func1
2026-05-08T22:20:05.8182887Z 	/src/vendor/google.golang.org/grpc/server.go:1233
2026-05-08T22:20:05.8183086Z 
2026-05-08T22:20:05.8183284Z 7 v0.29.0 /usr/bin/buildkitd --debug --allow-insecure-entitlement=network.host
2026-05-08T22:20:05.8183874Z github.com/moby/buildkit/cache/util.StatFile
2026-05-08T22:20:05.8184165Z 	/src/cache/util/fsutil.go:105
2026-05-08T22:20:05.8184510Z github.com/moby/buildkit/frontend/gateway.(*llbBridgeForwarder).StatFile
2026-05-08T22:20:05.8184886Z 	/src/frontend/gateway/gateway.go:986
2026-05-08T22:20:05.8185055Z 
2026-05-08T22:20:05.8185847Z time="2026-05-08T22:19:55Z" level=error msg="/moby.buildkit.v1.frontend.LLBBridge/StatFile returned error: rpc error: code = Unknown desc = lstat docker-compose.yml: no such file or directory" spanID=d5ab64a4dc64ac51 traceID=6bd3320f184d8a750a75ab5ba2875347
2026-05-08T22:20:05.8186988Z lstat docker-compose.yml: no such file or directory
2026-05-08T22:20:05.8187399Z 7 v0.29.0 /usr/bin/buildkitd --debug --allow-insecure-entitlement=network.host
2026-05-08T22:20:05.8187781Z github.com/tonistiigi/fsutil.Stat
2026-05-08T22:20:05.8188064Z 	/src/vendor/github.com/tonistiigi/fsutil/stat.go:61
2026-05-08T22:20:05.8188375Z github.com/moby/buildkit/cache/util.StatFile
2026-05-08T22:20:05.8188651Z 	/src/cache/util/fsutil.go:99
2026-05-08T22:20:05.8188984Z github.com/moby/buildkit/frontend/gateway.(*llbBridgeForwarder).StatFile
2026-05-08T22:20:05.8189655Z 	/src/frontend/gateway/gateway.go:986
2026-05-08T22:20:05.8190019Z github.com/moby/buildkit/control/gateway.(*GatewayForwarder).StatFile
2026-05-08T22:20:05.8190387Z 	/src/control/gateway/gateway.go:172
2026-05-08T22:20:05.8190758Z github.com/moby/buildkit/frontend/gateway/pb._LLBBridge_StatFile_Handler.func1
2026-05-08T22:20:05.8191388Z 	/src/frontend/gateway/pb/gateway_grpc.pb.go:469
2026-05-08T22:20:05.8191720Z google.golang.org/grpc.getChainUnaryHandler.func1
2026-05-08T22:20:05.8192045Z 	/src/vendor/google.golang.org/grpc/server.go:1242
2026-05-08T22:20:05.8192521Z main.unaryInterceptor
2026-05-08T22:20:05.8192889Z 	/src/cmd/buildkitd/main.go:734
2026-05-08T22:20:05.8193503Z google.golang.org/grpc.NewServer.chainUnaryServerInterceptors.chainUnaryInterceptors.func1
2026-05-08T22:20:05.8194071Z 	/src/vendor/google.golang.org/grpc/server.go:1233
2026-05-08T22:20:05.8194632Z github.com/moby/buildkit/frontend/gateway/pb._LLBBridge_StatFile_Handler
2026-05-08T22:20:05.8195312Z 	/src/frontend/gateway/pb/gateway_grpc.pb.go:471
2026-05-08T22:20:05.8195869Z google.golang.org/grpc.(*Server).processUnaryRPC
2026-05-08T22:20:05.8196434Z 	/src/vendor/google.golang.org/grpc/server.go:1429
2026-05-08T22:20:05.8196980Z google.golang.org/grpc.(*Server).handleStream
2026-05-08T22:20:05.8197527Z 	/src/vendor/google.golang.org/grpc/server.go:1855
2026-05-08T22:20:05.8198128Z google.golang.org/grpc.(*Server).serveStreams.func2.1
2026-05-08T22:20:05.8198724Z 	/src/vendor/google.golang.org/grpc/server.go:1064
2026-05-08T22:20:05.8199461Z runtime.goexit
2026-05-08T22:20:05.8199799Z 	/usr/local/go/src/runtime/asm_amd64.s:1771
2026-05-08T22:20:05.8200001Z 
2026-05-08T22:20:05.8200207Z 7 v0.29.0 /usr/bin/buildkitd --debug --allow-insecure-entitlement=network.host
2026-05-08T22:20:05.8200586Z main.unaryInterceptor
2026-05-08T22:20:05.8200797Z 	/src/cmd/buildkitd/main.go:738
2026-05-08T22:20:05.8201245Z google.golang.org/grpc.NewServer.chainUnaryServerInterceptors.chainUnaryInterceptors.func1
2026-05-08T22:20:05.8201743Z 	/src/vendor/google.golang.org/grpc/server.go:1233
2026-05-08T22:20:05.8201949Z 
2026-05-08T22:20:05.8202140Z 7 v0.29.0 /usr/bin/buildkitd --debug --allow-insecure-entitlement=network.host
2026-05-08T22:20:05.8202528Z github.com/moby/buildkit/cache/util.StatFile
2026-05-08T22:20:05.8202796Z 	/src/cache/util/fsutil.go:105
2026-05-08T22:20:05.8203138Z github.com/moby/buildkit/frontend/gateway.(*llbBridgeForwarder).StatFile
2026-05-08T22:20:05.8203509Z 	/src/frontend/gateway/gateway.go:986
2026-05-08T22:20:05.8203685Z 
2026-05-08T22:20:05.8204466Z time="2026-05-08T22:19:55Z" level=error msg="/moby.buildkit.v1.frontend.LLBBridge/StatFile returned error: rpc error: code = Unknown desc = lstat docker-compose.yaml: no such file or directory" spanID=4f728bf420cce5b3 traceID=6bd3320f184d8a750a75ab5ba2875347
2026-05-08T22:20:05.8205640Z lstat docker-compose.yaml: no such file or directory
2026-05-08T22:20:05.8206080Z 7 v0.29.0 /usr/bin/buildkitd --debug --allow-insecure-entitlement=network.host
2026-05-08T22:20:05.8206463Z github.com/tonistiigi/fsutil.Stat
2026-05-08T22:20:05.8206743Z 	/src/vendor/github.com/tonistiigi/fsutil/stat.go:61
2026-05-08T22:20:05.8207126Z github.com/moby/buildkit/cache/util.StatFile
2026-05-08T22:20:05.8207504Z 	/src/cache/util/fsutil.go:99
2026-05-08T22:20:05.8208101Z github.com/moby/buildkit/frontend/gateway.(*llbBridgeForwarder).StatFile
2026-05-08T22:20:05.8208673Z 	/src/frontend/gateway/gateway.go:986
2026-05-08T22:20:05.8209021Z github.com/moby/buildkit/control/gateway.(*GatewayForwarder).StatFile
2026-05-08T22:20:05.8209606Z 	/src/control/gateway/gateway.go:172
2026-05-08T22:20:05.8209985Z github.com/moby/buildkit/frontend/gateway/pb._LLBBridge_StatFile_Handler.func1
2026-05-08T22:20:05.8210400Z 	/src/frontend/gateway/pb/gateway_grpc.pb.go:469
2026-05-08T22:20:05.8210720Z google.golang.org/grpc.getChainUnaryHandler.func1
2026-05-08T22:20:05.8211049Z 	/src/vendor/google.golang.org/grpc/server.go:1242
2026-05-08T22:20:05.8211331Z main.unaryInterceptor
2026-05-08T22:20:05.8211539Z 	/src/cmd/buildkitd/main.go:734
2026-05-08T22:20:05.8211980Z google.golang.org/grpc.NewServer.chainUnaryServerInterceptors.chainUnaryInterceptors.func1
2026-05-08T22:20:05.8212483Z 	/src/vendor/google.golang.org/grpc/server.go:1233
2026-05-08T22:20:05.8212879Z github.com/moby/buildkit/frontend/gateway/pb._LLBBridge_StatFile_Handler
2026-05-08T22:20:05.8213274Z 	/src/frontend/gateway/pb/gateway_grpc.pb.go:471
2026-05-08T22:20:05.8213578Z google.golang.org/grpc.(*Server).processUnaryRPC
2026-05-08T22:20:05.8213881Z 	/src/vendor/google.golang.org/grpc/server.go:1429
2026-05-08T22:20:05.8214181Z google.golang.org/grpc.(*Server).handleStream
2026-05-08T22:20:05.8214474Z 	/src/vendor/google.golang.org/grpc/server.go:1855
2026-05-08T22:20:05.8214790Z google.golang.org/grpc.(*Server).serveStreams.func2.1
2026-05-08T22:20:05.8215116Z 	/src/vendor/google.golang.org/grpc/server.go:1064
2026-05-08T22:20:05.8215381Z runtime.goexit
2026-05-08T22:20:05.8215577Z 	/usr/local/go/src/runtime/asm_amd64.s:1771
2026-05-08T22:20:05.8215759Z 
2026-05-08T22:20:05.8215960Z 7 v0.29.0 /usr/bin/buildkitd --debug --allow-insecure-entitlement=network.host
2026-05-08T22:20:05.8216324Z main.unaryInterceptor
2026-05-08T22:20:05.8216520Z 	/src/cmd/buildkitd/main.go:738
2026-05-08T22:20:05.8216953Z google.golang.org/grpc.NewServer.chainUnaryServerInterceptors.chainUnaryInterceptors.func1
2026-05-08T22:20:05.8217452Z 	/src/vendor/google.golang.org/grpc/server.go:1233
2026-05-08T22:20:05.8217648Z 
2026-05-08T22:20:05.8217831Z 7 v0.29.0 /usr/bin/buildkitd --debug --allow-insecure-entitlement=network.host
2026-05-08T22:20:05.8218216Z github.com/moby/buildkit/cache/util.StatFile
2026-05-08T22:20:05.8218480Z 	/src/cache/util/fsutil.go:105
2026-05-08T22:20:05.8218812Z github.com/moby/buildkit/frontend/gateway.(*llbBridgeForwarder).StatFile
2026-05-08T22:20:05.8219180Z 	/src/frontend/gateway/gateway.go:986
2026-05-08T22:20:05.8219564Z 
2026-05-08T22:20:05.8220337Z time="2026-05-08T22:19:55Z" level=error msg="/moby.buildkit.v1.frontend.LLBBridge/StatFile returned error: rpc error: code = Unknown desc = lstat docker-bake.json: no such file or directory" spanID=3d923a4e93b08dcc traceID=6bd3320f184d8a750a75ab5ba2875347
2026-05-08T22:20:05.8221309Z lstat docker-bake.json: no such file or directory
2026-05-08T22:20:05.8221700Z 7 v0.29.0 /usr/bin/buildkitd --debug --allow-insecure-entitlement=network.host
2026-05-08T22:20:05.8222078Z github.com/tonistiigi/fsutil.Stat
2026-05-08T22:20:05.8222354Z 	/src/vendor/github.com/tonistiigi/fsutil/stat.go:61
2026-05-08T22:20:05.8222654Z github.com/moby/buildkit/cache/util.StatFile
2026-05-08T22:20:05.8222919Z 	/src/cache/util/fsutil.go:99
2026-05-08T22:20:05.8223250Z github.com/moby/buildkit/frontend/gateway.(*llbBridgeForwarder).StatFile
2026-05-08T22:20:05.8223617Z 	/src/frontend/gateway/gateway.go:986
2026-05-08T22:20:05.8224252Z github.com/moby/buildkit/control/gateway.(*GatewayForwarder).StatFile
2026-05-08T22:20:05.8224880Z 	/src/control/gateway/gateway.go:172
2026-05-08T22:20:05.8225536Z github.com/moby/buildkit/frontend/gateway/pb._LLBBridge_StatFile_Handler.func1
2026-05-08T22:20:05.8226155Z 	/src/frontend/gateway/pb/gateway_grpc.pb.go:469
2026-05-08T22:20:05.8226480Z google.golang.org/grpc.getChainUnaryHandler.func1
2026-05-08T22:20:05.8226800Z 	/src/vendor/google.golang.org/grpc/server.go:1242
2026-05-08T22:20:05.8227073Z main.unaryInterceptor
2026-05-08T22:20:05.8227433Z 	/src/cmd/buildkitd/main.go:734
2026-05-08T22:20:05.8228243Z google.golang.org/grpc.NewServer.chainUnaryServerInterceptors.chainUnaryInterceptors.func1
2026-05-08T22:20:05.8229107Z 	/src/vendor/google.golang.org/grpc/server.go:1233
2026-05-08T22:20:05.8229918Z github.com/moby/buildkit/frontend/gateway/pb._LLBBridge_StatFile_Handler
2026-05-08T22:20:05.8230550Z 	/src/frontend/gateway/pb/gateway_grpc.pb.go:471
2026-05-08T22:20:05.8231093Z google.golang.org/grpc.(*Server).processUnaryRPC
2026-05-08T22:20:05.8231420Z 	/src/vendor/google.golang.org/grpc/server.go:1429
2026-05-08T22:20:05.8231725Z google.golang.org/grpc.(*Server).handleStream
2026-05-08T22:20:05.8232021Z 	/src/vendor/google.golang.org/grpc/server.go:1855
2026-05-08T22:20:05.8232339Z google.golang.org/grpc.(*Server).serveStreams.func2.1
2026-05-08T22:20:05.8232659Z 	/src/vendor/google.golang.org/grpc/server.go:1064
2026-05-08T22:20:05.8233060Z runtime.goexit
2026-05-08T22:20:05.8233338Z 	/usr/local/go/src/runtime/asm_amd64.s:1771
2026-05-08T22:20:05.8233533Z 
2026-05-08T22:20:05.8233730Z 7 v0.29.0 /usr/bin/buildkitd --debug --allow-insecure-entitlement=network.host
2026-05-08T22:20:05.8234100Z main.unaryInterceptor
2026-05-08T22:20:05.8234305Z 	/src/cmd/buildkitd/main.go:738
2026-05-08T22:20:05.8234919Z google.golang.org/grpc.NewServer.chainUnaryServerInterceptors.chainUnaryInterceptors.func1
2026-05-08T22:20:05.8235433Z 	/src/vendor/google.golang.org/grpc/server.go:1233
2026-05-08T22:20:05.8235640Z 
2026-05-08T22:20:05.8235843Z 7 v0.29.0 /usr/bin/buildkitd --debug --allow-insecure-entitlement=network.host
2026-05-08T22:20:05.8236409Z github.com/moby/buildkit/cache/util.StatFile
2026-05-08T22:20:05.8236690Z 	/src/cache/util/fsutil.go:105
2026-05-08T22:20:05.8237030Z github.com/moby/buildkit/frontend/gateway.(*llbBridgeForwarder).StatFile
2026-05-08T22:20:05.8237414Z 	/src/frontend/gateway/gateway.go:986
2026-05-08T22:20:05.8237594Z 
2026-05-08T22:20:05.8238565Z time="2026-05-08T22:19:55Z" level=error msg="/moby.buildkit.v1.frontend.LLBBridge/StatFile returned error: rpc error: code = Unknown desc = lstat docker-bake.override.json: no such file or directory" spanID=f6983f3cd9644f38 traceID=6bd3320f184d8a750a75ab5ba2875347
2026-05-08T22:20:05.8239990Z lstat docker-bake.override.json: no such file or directory
2026-05-08T22:20:05.8240434Z 7 v0.29.0 /usr/bin/buildkitd --debug --allow-insecure-entitlement=network.host
2026-05-08T22:20:05.8240935Z github.com/tonistiigi/fsutil.Stat
2026-05-08T22:20:05.8241306Z 	/src/vendor/github.com/tonistiigi/fsutil/stat.go:61
2026-05-08T22:20:05.8241624Z github.com/moby/buildkit/cache/util.StatFile
2026-05-08T22:20:05.8241896Z 	/src/cache/util/fsutil.go:99
2026-05-08T22:20:05.8242421Z github.com/moby/buildkit/frontend/gateway.(*llbBridgeForwarder).StatFile
2026-05-08T22:20:05.8243090Z 	/src/frontend/gateway/gateway.go:986
2026-05-08T22:20:05.8243580Z github.com/moby/buildkit/control/gateway.(*GatewayForwarder).StatFile
2026-05-08T22:20:05.8243942Z 	/src/control/gateway/gateway.go:172
2026-05-08T22:20:05.8244321Z github.com/moby/buildkit/frontend/gateway/pb._LLBBridge_StatFile_Handler.func1
2026-05-08T22:20:05.8244742Z 	/src/frontend/gateway/pb/gateway_grpc.pb.go:469
2026-05-08T22:20:05.8245066Z google.golang.org/grpc.getChainUnaryHandler.func1
2026-05-08T22:20:05.8245393Z 	/src/vendor/google.golang.org/grpc/server.go:1242
2026-05-08T22:20:05.8245676Z main.unaryInterceptor
2026-05-08T22:20:05.8245889Z 	/src/cmd/buildkitd/main.go:734
2026-05-08T22:20:05.8246505Z google.golang.org/grpc.NewServer.chainUnaryServerInterceptors.chainUnaryInterceptors.func1
2026-05-08T22:20:05.8247155Z 	/src/vendor/google.golang.org/grpc/server.go:1233
2026-05-08T22:20:05.8247544Z github.com/moby/buildkit/frontend/gateway/pb._LLBBridge_StatFile_Handler
2026-05-08T22:20:05.8247935Z 	/src/frontend/gateway/pb/gateway_grpc.pb.go:471
2026-05-08T22:20:05.8248242Z google.golang.org/grpc.(*Server).processUnaryRPC
2026-05-08T22:20:05.8248815Z 	/src/vendor/google.golang.org/grpc/server.go:1429
2026-05-08T22:20:05.8249556Z google.golang.org/grpc.(*Server).handleStream
2026-05-08T22:20:05.8250179Z 	/src/vendor/google.golang.org/grpc/server.go:1855
2026-05-08T22:20:05.8250518Z google.golang.org/grpc.(*Server).serveStreams.func2.1
2026-05-08T22:20:05.8250863Z 	/src/vendor/google.golang.org/grpc/server.go:1064
2026-05-08T22:20:05.8251136Z runtime.goexit
2026-05-08T22:20:05.8251339Z 	/usr/local/go/src/runtime/asm_amd64.s:1771
2026-05-08T22:20:05.8251520Z 
2026-05-08T22:20:05.8251729Z 7 v0.29.0 /usr/bin/buildkitd --debug --allow-insecure-entitlement=network.host
2026-05-08T22:20:05.8252119Z main.unaryInterceptor
2026-05-08T22:20:05.8252338Z 	/src/cmd/buildkitd/main.go:738
2026-05-08T22:20:05.8252775Z google.golang.org/grpc.NewServer.chainUnaryServerInterceptors.chainUnaryInterceptors.func1
2026-05-08T22:20:05.8253275Z 	/src/vendor/google.golang.org/grpc/server.go:1233
2026-05-08T22:20:05.8253471Z 
2026-05-08T22:20:05.8253672Z 7 v0.29.0 /usr/bin/buildkitd --debug --allow-insecure-entitlement=network.host
2026-05-08T22:20:05.8254069Z github.com/moby/buildkit/cache/util.StatFile
2026-05-08T22:20:05.8254347Z 	/src/cache/util/fsutil.go:105
2026-05-08T22:20:05.8254683Z github.com/moby/buildkit/frontend/gateway.(*llbBridgeForwarder).StatFile
2026-05-08T22:20:05.8255051Z 	/src/frontend/gateway/gateway.go:986
2026-05-08T22:20:05.8255221Z 
2026-05-08T22:20:05.8256029Z time="2026-05-08T22:19:55Z" level=error msg="/moby.buildkit.v1.frontend.LLBBridge/StatFile returned error: rpc error: code = Unknown desc = lstat docker-bake.override.hcl: no such file or directory" spanID=d33f125ae3bc1b3c traceID=6bd3320f184d8a750a75ab5ba2875347
2026-05-08T22:20:05.8257054Z lstat docker-bake.override.hcl: no such file or directory
2026-05-08T22:20:05.8257473Z 7 v0.29.0 /usr/bin/buildkitd --debug --allow-insecure-entitlement=network.host
2026-05-08T22:20:05.8257849Z github.com/tonistiigi/fsutil.Stat
2026-05-08T22:20:05.8258127Z 	/src/vendor/github.com/tonistiigi/fsutil/stat.go:61
2026-05-08T22:20:05.8258428Z github.com/moby/buildkit/cache/util.StatFile
2026-05-08T22:20:05.8258693Z 	/src/cache/util/fsutil.go:99
2026-05-08T22:20:05.8259031Z github.com/moby/buildkit/frontend/gateway.(*llbBridgeForwarder).StatFile
2026-05-08T22:20:05.8259679Z 	/src/frontend/gateway/gateway.go:986
2026-05-08T22:20:05.8260027Z github.com/moby/buildkit/control/gateway.(*GatewayForwarder).StatFile
2026-05-08T22:20:05.8260386Z 	/src/control/gateway/gateway.go:172
2026-05-08T22:20:05.8260748Z github.com/moby/buildkit/frontend/gateway/pb._LLBBridge_StatFile_Handler.func1
2026-05-08T22:20:05.8261164Z 	/src/frontend/gateway/pb/gateway_grpc.pb.go:469
2026-05-08T22:20:05.8261490Z google.golang.org/grpc.getChainUnaryHandler.func1
2026-05-08T22:20:05.8261813Z 	/src/vendor/google.golang.org/grpc/server.go:1242
2026-05-08T22:20:05.8262088Z main.unaryInterceptor
2026-05-08T22:20:05.8262300Z 	/src/cmd/buildkitd/main.go:734
2026-05-08T22:20:05.8262745Z google.golang.org/grpc.NewServer.chainUnaryServerInterceptors.chainUnaryInterceptors.func1
2026-05-08T22:20:05.8263254Z 	/src/vendor/google.golang.org/grpc/server.go:1233
2026-05-08T22:20:05.8263656Z github.com/moby/buildkit/frontend/gateway/pb._LLBBridge_StatFile_Handler
2026-05-08T22:20:05.8264050Z 	/src/frontend/gateway/pb/gateway_grpc.pb.go:471
2026-05-08T22:20:05.8264358Z google.golang.org/grpc.(*Server).processUnaryRPC
2026-05-08T22:20:05.8264671Z 	/src/vendor/google.golang.org/grpc/server.go:1429
2026-05-08T22:20:05.8264982Z google.golang.org/grpc.(*Server).handleStream
2026-05-08T22:20:05.8265284Z 	/src/vendor/google.golang.org/grpc/server.go:1855
2026-05-08T22:20:05.8265746Z google.golang.org/grpc.(*Server).serveStreams.func2.1
2026-05-08T22:20:05.8266086Z 	/src/vendor/google.golang.org/grpc/server.go:1064
2026-05-08T22:20:05.8266605Z runtime.goexit
2026-05-08T22:20:05.8266876Z 	/usr/local/go/src/runtime/asm_amd64.s:1771
2026-05-08T22:20:05.8267064Z 
2026-05-08T22:20:05.8267263Z 7 v0.29.0 /usr/bin/buildkitd --debug --allow-insecure-entitlement=network.host
2026-05-08T22:20:05.8267639Z main.unaryInterceptor
2026-05-08T22:20:05.8267856Z 	/src/cmd/buildkitd/main.go:738
2026-05-08T22:20:05.8268451Z google.golang.org/grpc.NewServer.chainUnaryServerInterceptors.chainUnaryInterceptors.func1
2026-05-08T22:20:05.8269537Z 	/src/vendor/google.golang.org/grpc/server.go:1233
2026-05-08T22:20:05.8269908Z 
2026-05-08T22:20:05.8270257Z 7 v0.29.0 /usr/bin/buildkitd --debug --allow-insecure-entitlement=network.host
2026-05-08T22:20:05.8270726Z github.com/moby/buildkit/cache/util.StatFile
2026-05-08T22:20:05.8271003Z 	/src/cache/util/fsutil.go:105
2026-05-08T22:20:05.8271362Z github.com/moby/buildkit/frontend/gateway.(*llbBridgeForwarder).StatFile
2026-05-08T22:20:05.8271741Z 	/src/frontend/gateway/gateway.go:986
2026-05-08T22:20:05.8271918Z 
2026-05-08T22:20:05.8272281Z time="2026-05-08T22:19:55Z" level=debug msg="session finished: <nil>" spanID=8ab1f2e4e388b665 traceID=6bd3320f184d8a750a75ab5ba2875347
2026-05-08T22:20:05.8273060Z time="2026-05-08T22:19:55Z" level=debug msg="session started" spanID=d48cc88fa7dc633b traceID=b3aa6d121f623625025860c06ca3c96e
2026-05-08T22:20:05.8274107Z time="2026-05-08T22:19:56Z" level=debug msg="load cache for [internal] load git source https://github.com/moby/moby.git#refs/pull/52589/merge with 8iy7bxp79vklrapdwt0h8oxr4::i2wli9m5waml3zd6mreb49zfg"
2026-05-08T22:20:05.8275527Z time="2026-05-08T22:19:56Z" level=error msg="/moby.buildkit.v1.frontend.LLBBridge/StatFile returned error: rpc error: code = Unknown desc = lstat compose.yaml: no such file or directory" spanID=4cbb34d13a34e624 traceID=b3aa6d121f623625025860c06ca3c96e
2026-05-08T22:20:05.8276468Z lstat compose.yaml: no such file or directory
2026-05-08T22:20:05.8276859Z 7 v0.29.0 /usr/bin/buildkitd --debug --allow-insecure-entitlement=network.host
2026-05-08T22:20:05.8277235Z github.com/tonistiigi/fsutil.Stat
2026-05-08T22:20:05.8277516Z 	/src/vendor/github.com/tonistiigi/fsutil/stat.go:61
2026-05-08T22:20:05.8277824Z github.com/moby/buildkit/cache/util.StatFile
2026-05-08T22:20:05.8278092Z 	/src/cache/util/fsutil.go:99
2026-05-08T22:20:05.8278423Z github.com/moby/buildkit/frontend/gateway.(*llbBridgeForwarder).StatFile
2026-05-08T22:20:05.8278798Z 	/src/frontend/gateway/gateway.go:986
2026-05-08T22:20:05.8279137Z github.com/moby/buildkit/control/gateway.(*GatewayForwarder).StatFile
2026-05-08T22:20:05.8279810Z 	/src/control/gateway/gateway.go:172
2026-05-08T22:20:05.8280183Z github.com/moby/buildkit/frontend/gateway/pb._LLBBridge_StatFile_Handler.func1
2026-05-08T22:20:05.8280595Z 	/src/frontend/gateway/pb/gateway_grpc.pb.go:469
2026-05-08T22:20:05.8280916Z google.golang.org/grpc.getChainUnaryHandler.func1
2026-05-08T22:20:05.8281246Z 	/src/vendor/google.golang.org/grpc/server.go:1242
2026-05-08T22:20:05.8281527Z main.unaryInterceptor
2026-05-08T22:20:05.8281737Z 	/src/cmd/buildkitd/main.go:734
2026-05-08T22:20:05.8282177Z google.golang.org/grpc.NewServer.chainUnaryServerInterceptors.chainUnaryInterceptors.func1
2026-05-08T22:20:05.8282676Z 	/src/vendor/google.golang.org/grpc/server.go:1233
2026-05-08T22:20:05.8283058Z github.com/moby/buildkit/frontend/gateway/pb._LLBBridge_StatFile_Handler
2026-05-08T22:20:05.8283447Z 	/src/frontend/gateway/pb/gateway_grpc.pb.go:471
2026-05-08T22:20:05.8283750Z google.golang.org/grpc.(*Server).processUnaryRPC
2026-05-08T22:20:05.8284055Z 	/src/vendor/google.golang.org/grpc/server.go:1429
2026-05-08T22:20:05.8284357Z google.golang.org/grpc.(*Server).handleStream
2026-05-08T22:20:05.8284665Z 	/src/vendor/google.golang.org/grpc/server.go:1855
2026-05-08T22:20:05.8284991Z google.golang.org/grpc.(*Server).serveStreams.func2.1
2026-05-08T22:20:05.8285315Z 	/src/vendor/google.golang.org/grpc/server.go:1064
2026-05-08T22:20:05.8285744Z runtime.goexit
2026-05-08T22:20:05.8285953Z 	/usr/local/go/src/runtime/asm_amd64.s:1771
2026-05-08T22:20:05.8286136Z 
2026-05-08T22:20:05.8286331Z 7 v0.29.0 /usr/bin/buildkitd --debug --allow-insecure-entitlement=network.host
2026-05-08T22:20:05.8286697Z main.unaryInterceptor
2026-05-08T22:20:05.8286906Z 	/src/cmd/buildkitd/main.go:738
2026-05-08T22:20:05.8287339Z google.golang.org/grpc.NewServer.chainUnaryServerInterceptors.chainUnaryInterceptors.func1
2026-05-08T22:20:05.8287975Z 	/src/vendor/google.golang.org/grpc/server.go:1233
2026-05-08T22:20:05.8288178Z 
2026-05-08T22:20:05.8288370Z 7 v0.29.0 /usr/bin/buildkitd --debug --allow-insecure-entitlement=network.host
2026-05-08T22:20:05.8288760Z github.com/moby/buildkit/cache/util.StatFile
2026-05-08T22:20:05.8289032Z 	/src/cache/util/fsutil.go:105
2026-05-08T22:20:05.8289588Z github.com/moby/buildkit/frontend/gateway.(*llbBridgeForwarder).StatFile
2026-05-08T22:20:05.8289966Z 	/src/frontend/gateway/gateway.go:986
2026-05-08T22:20:05.8290134Z 
2026-05-08T22:20:05.8290893Z time="2026-05-08T22:19:56Z" level=error msg="/moby.buildkit.v1.frontend.LLBBridge/StatFile returned error: rpc error: code = Unknown desc = lstat compose.yml: no such file or directory" spanID=bd85b099f15e682e traceID=b3aa6d121f623625025860c06ca3c96e
2026-05-08T22:20:05.8291821Z lstat compose.yml: no such file or directory
2026-05-08T22:20:05.8292190Z 7 v0.29.0 /usr/bin/buildkitd --debug --allow-insecure-entitlement=network.host
2026-05-08T22:20:05.8292567Z github.com/tonistiigi/fsutil.Stat
2026-05-08T22:20:05.8292854Z 	/src/vendor/github.com/tonistiigi/fsutil/stat.go:61
2026-05-08T22:20:05.8293160Z github.com/moby/buildkit/cache/util.StatFile
2026-05-08T22:20:05.8293422Z 	/src/cache/util/fsutil.go:99
2026-05-08T22:20:05.8293751Z github.com/moby/buildkit/frontend/gateway.(*llbBridgeForwarder).StatFile
2026-05-08T22:20:05.8294117Z 	/src/frontend/gateway/gateway.go:986
2026-05-08T22:20:05.8294457Z github.com/moby/buildkit/control/gateway.(*GatewayForwarder).StatFile
2026-05-08T22:20:05.8294820Z 	/src/control/gateway/gateway.go:172
2026-05-08T22:20:05.8295185Z github.com/moby/buildkit/frontend/gateway/pb._LLBBridge_StatFile_Handler.func1
2026-05-08T22:20:05.8295596Z 	/src/frontend/gateway/pb/gateway_grpc.pb.go:469
2026-05-08T22:20:05.8295914Z google.golang.org/grpc.getChainUnaryHandler.func1
2026-05-08T22:20:05.8296233Z 	/src/vendor/google.golang.org/grpc/server.go:1242
2026-05-08T22:20:05.8296505Z main.unaryInterceptor
2026-05-08T22:20:05.8296713Z 	/src/cmd/buildkitd/main.go:734
2026-05-08T22:20:05.8297155Z google.golang.org/grpc.NewServer.chainUnaryServerInterceptors.chainUnaryInterceptors.func1
2026-05-08T22:20:05.8297646Z 	/src/vendor/google.golang.org/grpc/server.go:1233
2026-05-08T22:20:05.8298022Z github.com/moby/buildkit/frontend/gateway/pb._LLBBridge_StatFile_Handler
2026-05-08T22:20:05.8298739Z 	/src/frontend/gateway/pb/gateway_grpc.pb.go:471
2026-05-08T22:20:05.8299581Z google.golang.org/grpc.(*Server).processUnaryRPC
2026-05-08T22:20:05.8300194Z 	/src/vendor/google.golang.org/grpc/server.go:1429
2026-05-08T22:20:05.8300718Z google.golang.org/grpc.(*Server).handleStream
2026-05-08T22:20:05.8301238Z 	/src/vendor/google.golang.org/grpc/server.go:1855
2026-05-08T22:20:05.8301799Z google.golang.org/grpc.(*Server).serveStreams.func2.1
2026-05-08T22:20:05.8302348Z 	/src/vendor/google.golang.org/grpc/server.go:1064
2026-05-08T22:20:05.8302808Z runtime.goexit
2026-05-08T22:20:05.8303139Z 	/usr/local/go/src/runtime/asm_amd64.s:1771
2026-05-08T22:20:05.8303434Z 
2026-05-08T22:20:05.8303752Z 7 v0.29.0 /usr/bin/buildkitd --debug --allow-insecure-entitlement=network.host
2026-05-08T22:20:05.8304342Z main.unaryInterceptor
2026-05-08T22:20:05.8304675Z 	/src/cmd/buildkitd/main.go:738
2026-05-08T22:20:05.8305413Z google.golang.org/grpc.NewServer.chainUnaryServerInterceptors.chainUnaryInterceptors.func1
2026-05-08T22:20:05.8306263Z 	/src/vendor/google.golang.org/grpc/server.go:1233
2026-05-08T22:20:05.8306609Z 
2026-05-08T22:20:05.8307172Z 7 v0.29.0 /usr/bin/buildkitd --debug --allow-insecure-entitlement=network.host
2026-05-08T22:20:05.8307854Z github.com/moby/buildkit/cache/util.StatFile
2026-05-08T22:20:05.8308307Z 	/src/cache/util/fsutil.go:105
2026-05-08T22:20:05.8308884Z github.com/moby/buildkit/frontend/gateway.(*llbBridgeForwarder).StatFile
2026-05-08T22:20:05.8309719Z 	/src/frontend/gateway/gateway.go:986
2026-05-08T22:20:05.8310019Z 
2026-05-08T22:20:05.8311336Z time="2026-05-08T22:19:56Z" level=error msg="/moby.buildkit.v1.frontend.LLBBridge/StatFile returned error: rpc error: code = Unknown desc = lstat docker-compose.yml: no such file or directory" spanID=7a65537ef5c38e1c traceID=b3aa6d121f623625025860c06ca3c96e
2026-05-08T22:20:05.8313258Z lstat docker-compose.yml: no such file or directory
2026-05-08T22:20:05.8313943Z 7 v0.29.0 /usr/bin/buildkitd --debug --allow-insecure-entitlement=network.host
2026-05-08T22:20:05.8314587Z github.com/tonistiigi/fsutil.Stat
2026-05-08T22:20:05.8315069Z 	/src/vendor/github.com/tonistiigi/fsutil/stat.go:61
2026-05-08T22:20:05.8315610Z github.com/moby/buildkit/cache/util.StatFile
2026-05-08T22:20:05.8316062Z 	/src/cache/util/fsutil.go:99
2026-05-08T22:20:05.8316625Z github.com/moby/buildkit/frontend/gateway.(*llbBridgeForwarder).StatFile
2026-05-08T22:20:05.8317271Z 	/src/frontend/gateway/gateway.go:986
2026-05-08T22:20:05.8317894Z github.com/moby/buildkit/control/gateway.(*GatewayForwarder).StatFile
2026-05-08T22:20:05.8318550Z 	/src/control/gateway/gateway.go:172
2026-05-08T22:20:05.8319419Z github.com/moby/buildkit/frontend/gateway/pb._LLBBridge_StatFile_Handler.func1
2026-05-08T22:20:05.8320149Z 	/src/frontend/gateway/pb/gateway_grpc.pb.go:469
2026-05-08T22:20:05.8320695Z google.golang.org/grpc.getChainUnaryHandler.func1
2026-05-08T22:20:05.8321233Z 	/src/vendor/google.golang.org/grpc/server.go:1242
2026-05-08T22:20:05.8321714Z main.unaryInterceptor
2026-05-08T22:20:05.8322072Z 	/src/cmd/buildkitd/main.go:734
2026-05-08T22:20:05.8322864Z google.golang.org/grpc.NewServer.chainUnaryServerInterceptors.chainUnaryInterceptors.func1
2026-05-08T22:20:05.8323764Z 	/src/vendor/google.golang.org/grpc/server.go:1233
2026-05-08T22:20:05.8324468Z github.com/moby/buildkit/frontend/gateway/pb._LLBBridge_StatFile_Handler
2026-05-08T22:20:05.8325152Z 	/src/frontend/gateway/pb/gateway_grpc.pb.go:471
2026-05-08T22:20:05.8325744Z google.golang.org/grpc.(*Server).processUnaryRPC
2026-05-08T22:20:05.8326286Z 	/src/vendor/google.golang.org/grpc/server.go:1429
2026-05-08T22:20:05.8326825Z google.golang.org/grpc.(*Server).handleStream
2026-05-08T22:20:05.8327367Z 	/src/vendor/google.golang.org/grpc/server.go:1855
2026-05-08T22:20:05.8327947Z google.golang.org/grpc.(*Server).serveStreams.func2.1
2026-05-08T22:20:05.8328540Z 	/src/vendor/google.golang.org/grpc/server.go:1064
2026-05-08T22:20:05.8329019Z runtime.goexit
2026-05-08T22:20:05.8329539Z 	/usr/local/go/src/runtime/asm_amd64.s:1771
2026-05-08T22:20:05.8329860Z 
2026-05-08T22:20:05.8330188Z 7 v0.29.0 /usr/bin/buildkitd --debug --allow-insecure-entitlement=network.host
2026-05-08T22:20:05.8330840Z main.unaryInterceptor
2026-05-08T22:20:05.8331221Z 	/src/cmd/buildkitd/main.go:738
2026-05-08T22:20:05.8332009Z google.golang.org/grpc.NewServer.chainUnaryServerInterceptors.chainUnaryInterceptors.func1
2026-05-08T22:20:05.8332889Z 	/src/vendor/google.golang.org/grpc/server.go:1233
2026-05-08T22:20:05.8333264Z 
2026-05-08T22:20:05.8333602Z 7 v0.29.0 /usr/bin/buildkitd --debug --allow-insecure-entitlement=network.host
2026-05-08T22:20:05.8334263Z github.com/moby/buildkit/cache/util.StatFile
2026-05-08T22:20:05.8334741Z 	/src/cache/util/fsutil.go:105
2026-05-08T22:20:05.8335334Z github.com/moby/buildkit/frontend/gateway.(*llbBridgeForwarder).StatFile
2026-05-08T22:20:05.8336047Z 	/src/frontend/gateway/gateway.go:986
2026-05-08T22:20:05.8336360Z 
2026-05-08T22:20:05.8337764Z time="2026-05-08T22:19:56Z" level=error msg="/moby.buildkit.v1.frontend.LLBBridge/StatFile returned error: rpc error: code = Unknown desc = lstat docker-compose.yaml: no such file or directory" spanID=103429c48f5600aa traceID=b3aa6d121f623625025860c06ca3c96e
2026-05-08T22:20:05.8339953Z lstat docker-compose.yaml: no such file or directory
2026-05-08T22:20:05.8340709Z 7 v0.29.0 /usr/bin/buildkitd --debug --allow-insecure-entitlement=network.host
2026-05-08T22:20:05.8341364Z github.com/tonistiigi/fsutil.Stat
2026-05-08T22:20:05.8341840Z 	/src/vendor/github.com/tonistiigi/fsutil/stat.go:61
2026-05-08T22:20:05.8342366Z github.com/moby/buildkit/cache/util.StatFile
2026-05-08T22:20:05.8342826Z 	/src/cache/util/fsutil.go:99
2026-05-08T22:20:05.8343619Z github.com/moby/buildkit/frontend/gateway.(*llbBridgeForwarder).StatFile
2026-05-08T22:20:05.8344265Z 	/src/frontend/gateway/gateway.go:986
2026-05-08T22:20:05.8344841Z github.com/moby/buildkit/control/gateway.(*GatewayForwarder).StatFile
2026-05-08T22:20:05.8345438Z 	/src/control/gateway/gateway.go:172
2026-05-08T22:20:05.8346071Z github.com/moby/buildkit/frontend/gateway/pb._LLBBridge_StatFile_Handler.func1
2026-05-08T22:20:05.8346796Z 	/src/frontend/gateway/pb/gateway_grpc.pb.go:469
2026-05-08T22:20:05.8347370Z google.golang.org/grpc.getChainUnaryHandler.func1
2026-05-08T22:20:05.8360476Z 	/src/vendor/google.golang.org/grpc/server.go:1242
2026-05-08T22:20:05.8361054Z main.unaryInterceptor
2026-05-08T22:20:05.8361417Z 	/src/cmd/buildkitd/main.go:734
2026-05-08T22:20:05.8362176Z google.golang.org/grpc.NewServer.chainUnaryServerInterceptors.chainUnaryInterceptors.func1
2026-05-08T22:20:05.8363062Z 	/src/vendor/google.golang.org/grpc/server.go:1233
2026-05-08T22:20:05.8363741Z github.com/moby/buildkit/frontend/gateway/pb._LLBBridge_StatFile_Handler
2026-05-08T22:20:05.8364428Z 	/src/frontend/gateway/pb/gateway_grpc.pb.go:471
2026-05-08T22:20:05.8364985Z google.golang.org/grpc.(*Server).processUnaryRPC
2026-05-08T22:20:05.8365543Z 	/src/vendor/google.golang.org/grpc/server.go:1429
2026-05-08T22:20:05.8366046Z google.golang.org/grpc.(*Server).handleStream
2026-05-08T22:20:05.8366378Z 	/src/vendor/google.golang.org/grpc/server.go:1855
2026-05-08T22:20:05.8366725Z google.golang.org/grpc.(*Server).serveStreams.func2.1
2026-05-08T22:20:05.8367062Z 	/src/vendor/google.golang.org/grpc/server.go:1064
2026-05-08T22:20:05.8367339Z runtime.goexit
2026-05-08T22:20:05.8367553Z 	/usr/local/go/src/runtime/asm_amd64.s:1771
2026-05-08T22:20:05.8367740Z 
2026-05-08T22:20:05.8368029Z 7 v0.29.0 /usr/bin/buildkitd --debug --allow-insecure-entitlement=network.host
2026-05-08T22:20:05.8368717Z main.unaryInterceptor
2026-05-08T22:20:05.8369100Z 	/src/cmd/buildkitd/main.go:738
2026-05-08T22:20:05.8370057Z google.golang.org/grpc.NewServer.chainUnaryServerInterceptors.chainUnaryInterceptors.func1
2026-05-08T22:20:05.8370989Z 	/src/vendor/google.golang.org/grpc/server.go:1233
2026-05-08T22:20:05.8371370Z 
2026-05-08T22:20:05.8371721Z 7 v0.29.0 /usr/bin/buildkitd --debug --allow-insecure-entitlement=network.host
2026-05-08T22:20:05.8372412Z github.com/moby/buildkit/cache/util.StatFile
2026-05-08T22:20:05.8372885Z 	/src/cache/util/fsutil.go:105
2026-05-08T22:20:05.8373479Z github.com/moby/buildkit/frontend/gateway.(*llbBridgeForwarder).StatFile
2026-05-08T22:20:05.8374146Z 	/src/frontend/gateway/gateway.go:986
2026-05-08T22:20:05.8374457Z 
2026-05-08T22:20:05.8375766Z time="2026-05-08T22:19:56Z" level=error msg="/moby.buildkit.v1.frontend.LLBBridge/StatFile returned error: rpc error: code = Unknown desc = lstat docker-bake.json: no such file or directory" spanID=f4bed39e4cfb4ad6 traceID=b3aa6d121f623625025860c06ca3c96e
2026-05-08T22:20:05.8377461Z lstat docker-bake.json: no such file or directory
2026-05-08T22:20:05.8378163Z 7 v0.29.0 /usr/bin/buildkitd --debug --allow-insecure-entitlement=network.host
2026-05-08T22:20:05.8378843Z github.com/tonistiigi/fsutil.Stat
2026-05-08T22:20:05.8379532Z 	/src/vendor/github.com/tonistiigi/fsutil/stat.go:61
2026-05-08T22:20:05.8380087Z github.com/moby/buildkit/cache/util.StatFile
2026-05-08T22:20:05.8380612Z 	/src/cache/util/fsutil.go:99
2026-05-08T22:20:05.8381166Z github.com/moby/buildkit/frontend/gateway.(*llbBridgeForwarder).StatFile
2026-05-08T22:20:05.8381564Z 	/src/frontend/gateway/gateway.go:986
2026-05-08T22:20:05.8382179Z github.com/moby/buildkit/control/gateway.(*GatewayForwarder).StatFile
2026-05-08T22:20:05.8382841Z 	/src/control/gateway/gateway.go:172
2026-05-08T22:20:05.8383467Z github.com/moby/buildkit/frontend/gateway/pb._LLBBridge_StatFile_Handler.func1
2026-05-08T22:20:05.8383919Z 	/src/frontend/gateway/pb/gateway_grpc.pb.go:469
2026-05-08T22:20:05.8384257Z google.golang.org/grpc.getChainUnaryHandler.func1
2026-05-08T22:20:05.8384593Z 	/src/vendor/google.golang.org/grpc/server.go:1242
2026-05-08T22:20:05.8385044Z main.unaryInterceptor
2026-05-08T22:20:05.8385266Z 	/src/cmd/buildkitd/main.go:734
2026-05-08T22:20:05.8385720Z google.golang.org/grpc.NewServer.chainUnaryServerInterceptors.chainUnaryInterceptors.func1
2026-05-08T22:20:05.8386229Z 	/src/vendor/google.golang.org/grpc/server.go:1233
2026-05-08T22:20:05.8386624Z github.com/moby/buildkit/frontend/gateway/pb._LLBBridge_StatFile_Handler
2026-05-08T22:20:05.8387019Z 	/src/frontend/gateway/pb/gateway_grpc.pb.go:471
2026-05-08T22:20:05.8387344Z google.golang.org/grpc.(*Server).processUnaryRPC
2026-05-08T22:20:05.8387662Z 	/src/vendor/google.golang.org/grpc/server.go:1429
2026-05-08T22:20:05.8387973Z google.golang.org/grpc.(*Server).handleStream
2026-05-08T22:20:05.8388277Z 	/src/vendor/google.golang.org/grpc/server.go:1855
2026-05-08T22:20:05.8388607Z google.golang.org/grpc.(*Server).serveStreams.func2.1
2026-05-08T22:20:05.8388930Z 	/src/vendor/google.golang.org/grpc/server.go:1064
2026-05-08T22:20:05.8389205Z runtime.goexit
2026-05-08T22:20:05.8389666Z 	/usr/local/go/src/runtime/asm_amd64.s:1771
2026-05-08T22:20:05.8389855Z 
2026-05-08T22:20:05.8390070Z 7 v0.29.0 /usr/bin/buildkitd --debug --allow-insecure-entitlement=network.host
2026-05-08T22:20:05.8390454Z main.unaryInterceptor
2026-05-08T22:20:05.8390669Z 	/src/cmd/buildkitd/main.go:738
2026-05-08T22:20:05.8391110Z google.golang.org/grpc.NewServer.chainUnaryServerInterceptors.chainUnaryInterceptors.func1
2026-05-08T22:20:05.8391614Z 	/src/vendor/google.golang.org/grpc/server.go:1233
2026-05-08T22:20:05.8391816Z 
2026-05-08T22:20:05.8392030Z 7 v0.29.0 /usr/bin/buildkitd --debug --allow-insecure-entitlement=network.host
2026-05-08T22:20:05.8392437Z github.com/moby/buildkit/cache/util.StatFile
2026-05-08T22:20:05.8392714Z 	/src/cache/util/fsutil.go:105
2026-05-08T22:20:05.8393058Z github.com/moby/buildkit/frontend/gateway.(*llbBridgeForwarder).StatFile
2026-05-08T22:20:05.8393441Z 	/src/frontend/gateway/gateway.go:986
2026-05-08T22:20:05.8393613Z 
2026-05-08T22:20:05.8394432Z time="2026-05-08T22:19:56Z" level=error msg="/moby.buildkit.v1.frontend.LLBBridge/StatFile returned error: rpc error: code = Unknown desc = lstat docker-bake.override.json: no such file or directory" spanID=4d5704274f543adc traceID=b3aa6d121f623625025860c06ca3c96e
2026-05-08T22:20:05.8395621Z lstat docker-bake.override.json: no such file or directory
2026-05-08T22:20:05.8396056Z 7 v0.29.0 /usr/bin/buildkitd --debug --allow-insecure-entitlement=network.host
2026-05-08T22:20:05.8396443Z github.com/tonistiigi/fsutil.Stat
2026-05-08T22:20:05.8396736Z 	/src/vendor/github.com/tonistiigi/fsutil/stat.go:61
2026-05-08T22:20:05.8397053Z github.com/moby/buildkit/cache/util.StatFile
2026-05-08T22:20:05.8397324Z 	/src/cache/util/fsutil.go:99
2026-05-08T22:20:05.8397662Z github.com/moby/buildkit/frontend/gateway.(*llbBridgeForwarder).StatFile
2026-05-08T22:20:05.8398036Z 	/src/frontend/gateway/gateway.go:986
2026-05-08T22:20:05.8398381Z github.com/moby/buildkit/control/gateway.(*GatewayForwarder).StatFile
2026-05-08T22:20:05.8398774Z 	/src/control/gateway/gateway.go:172
2026-05-08T22:20:05.8399149Z github.com/moby/buildkit/frontend/gateway/pb._LLBBridge_StatFile_Handler.func1
2026-05-08T22:20:05.8399757Z 	/src/frontend/gateway/pb/gateway_grpc.pb.go:469
2026-05-08T22:20:05.8400340Z google.golang.org/grpc.getChainUnaryHandler.func1
2026-05-08T22:20:05.8400736Z 	/src/vendor/google.golang.org/grpc/server.go:1242
2026-05-08T22:20:05.8401023Z main.unaryInterceptor
2026-05-08T22:20:05.8401240Z 	/src/cmd/buildkitd/main.go:734
2026-05-08T22:20:05.8401898Z google.golang.org/grpc.NewServer.chainUnaryServerInterceptors.chainUnaryInterceptors.func1
2026-05-08T22:20:05.8402412Z 	/src/vendor/google.golang.org/grpc/server.go:1233
2026-05-08T22:20:05.8402803Z github.com/moby/buildkit/frontend/gateway/pb._LLBBridge_StatFile_Handler
2026-05-08T22:20:05.8403194Z 	/src/frontend/gateway/pb/gateway_grpc.pb.go:471
2026-05-08T22:20:05.8403641Z google.golang.org/grpc.(*Server).processUnaryRPC
2026-05-08T22:20:05.8403975Z 	/src/vendor/google.golang.org/grpc/server.go:1429
2026-05-08T22:20:05.8404630Z google.golang.org/grpc.(*Server).handleStream
2026-05-08T22:20:05.8405009Z 	/src/vendor/google.golang.org/grpc/server.go:1855
2026-05-08T22:20:05.8405481Z google.golang.org/grpc.(*Server).serveStreams.func2.1
2026-05-08T22:20:05.8405826Z 	/src/vendor/google.golang.org/grpc/server.go:1064
2026-05-08T22:20:05.8406098Z runtime.goexit
2026-05-08T22:20:05.8406303Z 	/usr/local/go/src/runtime/asm_amd64.s:1771
2026-05-08T22:20:05.8406491Z 
2026-05-08T22:20:05.8406700Z 7 v0.29.0 /usr/bin/buildkitd --debug --allow-insecure-entitlement=network.host
2026-05-08T22:20:05.8407081Z main.unaryInterceptor
2026-05-08T22:20:05.8407295Z 	/src/cmd/buildkitd/main.go:738
2026-05-08T22:20:05.8407732Z google.golang.org/grpc.NewServer.chainUnaryServerInterceptors.chainUnaryInterceptors.func1
2026-05-08T22:20:05.8408234Z 	/src/vendor/google.golang.org/grpc/server.go:1233
2026-05-08T22:20:05.8408440Z 
2026-05-08T22:20:05.8408632Z 7 v0.29.0 /usr/bin/buildkitd --debug --allow-insecure-entitlement=network.host
2026-05-08T22:20:05.8409029Z github.com/moby/buildkit/cache/util.StatFile
2026-05-08T22:20:05.8409486Z 	/src/cache/util/fsutil.go:105
2026-05-08T22:20:05.8409837Z github.com/moby/buildkit/frontend/gateway.(*llbBridgeForwarder).StatFile
2026-05-08T22:20:05.8410210Z 	/src/frontend/gateway/gateway.go:986
2026-05-08T22:20:05.8410385Z 
2026-05-08T22:20:05.8411193Z time="2026-05-08T22:19:56Z" level=error msg="/moby.buildkit.v1.frontend.LLBBridge/StatFile returned error: rpc error: code = Unknown desc = lstat docker-bake.override.hcl: no such file or directory" spanID=2172f9bd44bb64ad traceID=b3aa6d121f623625025860c06ca3c96e
2026-05-08T22:20:05.8412223Z lstat docker-bake.override.hcl: no such file or directory
2026-05-08T22:20:05.8412642Z 7 v0.29.0 /usr/bin/buildkitd --debug --allow-insecure-entitlement=network.host
2026-05-08T22:20:05.8413015Z github.com/tonistiigi/fsutil.Stat
2026-05-08T22:20:05.8413299Z 	/src/vendor/github.com/tonistiigi/fsutil/stat.go:61
2026-05-08T22:20:05.8413611Z github.com/moby/buildkit/cache/util.StatFile
2026-05-08T22:20:05.8413888Z 	/src/cache/util/fsutil.go:99
2026-05-08T22:20:05.8414229Z github.com/moby/buildkit/frontend/gateway.(*llbBridgeForwarder).StatFile
2026-05-08T22:20:05.8414601Z 	/src/frontend/gateway/gateway.go:986
2026-05-08T22:20:05.8414949Z github.com/moby/buildkit/control/gateway.(*GatewayForwarder).StatFile
2026-05-08T22:20:05.8415317Z 	/src/control/gateway/gateway.go:172
2026-05-08T22:20:05.8415689Z github.com/moby/buildkit/frontend/gateway/pb._LLBBridge_StatFile_Handler.func1
2026-05-08T22:20:05.8416104Z 	/src/frontend/gateway/pb/gateway_grpc.pb.go:469
2026-05-08T22:20:05.8416426Z google.golang.org/grpc.getChainUnaryHandler.func1
2026-05-08T22:20:05.8416749Z 	/src/vendor/google.golang.org/grpc/server.go:1242
2026-05-08T22:20:05.8417032Z main.unaryInterceptor
2026-05-08T22:20:05.8417240Z 	/src/cmd/buildkitd/main.go:734
2026-05-08T22:20:05.8417678Z google.golang.org/grpc.NewServer.chainUnaryServerInterceptors.chainUnaryInterceptors.func1
2026-05-08T22:20:05.8418172Z 	/src/vendor/google.golang.org/grpc/server.go:1233
2026-05-08T22:20:05.8418557Z github.com/moby/buildkit/frontend/gateway/pb._LLBBridge_StatFile_Handler
2026-05-08T22:20:05.8418942Z 	/src/frontend/gateway/pb/gateway_grpc.pb.go:471
2026-05-08T22:20:05.8419416Z google.golang.org/grpc.(*Server).processUnaryRPC
2026-05-08T22:20:05.8419736Z 	/src/vendor/google.golang.org/grpc/server.go:1429
2026-05-08T22:20:05.8420040Z google.golang.org/grpc.(*Server).handleStream
2026-05-08T22:20:05.8420340Z 	/src/vendor/google.golang.org/grpc/server.go:1855
2026-05-08T22:20:05.8420806Z google.golang.org/grpc.(*Server).serveStreams.func2.1
2026-05-08T22:20:05.8421142Z 	/src/vendor/google.golang.org/grpc/server.go:1064
2026-05-08T22:20:05.8421411Z runtime.goexit
2026-05-08T22:20:05.8421618Z 	/usr/local/go/src/runtime/asm_amd64.s:1771
2026-05-08T22:20:05.8421798Z 
2026-05-08T22:20:05.8421998Z 7 v0.29.0 /usr/bin/buildkitd --debug --allow-insecure-entitlement=network.host
2026-05-08T22:20:05.8422367Z main.unaryInterceptor
2026-05-08T22:20:05.8422690Z 	/src/cmd/buildkitd/main.go:738
2026-05-08T22:20:05.8423125Z google.golang.org/grpc.NewServer.chainUnaryServerInterceptors.chainUnaryInterceptors.func1
2026-05-08T22:20:05.8423621Z 	/src/vendor/google.golang.org/grpc/server.go:1233
2026-05-08T22:20:05.8423817Z 
2026-05-08T22:20:05.8424008Z 7 v0.29.0 /usr/bin/buildkitd --debug --allow-insecure-entitlement=network.host
2026-05-08T22:20:05.8424398Z github.com/moby/buildkit/cache/util.StatFile
2026-05-08T22:20:05.8424670Z 	/src/cache/util/fsutil.go:105
2026-05-08T22:20:05.8425012Z github.com/moby/buildkit/frontend/gateway.(*llbBridgeForwarder).StatFile
2026-05-08T22:20:05.8425384Z 	/src/frontend/gateway/gateway.go:986
2026-05-08T22:20:05.8425551Z 
2026-05-08T22:20:05.8425920Z time="2026-05-08T22:19:56Z" level=debug msg="session finished: <nil>" spanID=d48cc88fa7dc633b traceID=b3aa6d121f623625025860c06ca3c96e
2026-05-08T22:20:05.8426702Z time="2026-05-08T22:19:56Z" level=debug msg="session started" spanID=5c7e720ecceaf026 traceID=7dfc234ae91c4203f910fe9d8956efeb
2026-05-08T22:20:05.8427762Z time="2026-05-08T22:19:56Z" level=debug msg="load cache for [internal] load git source https://github.com/moby/moby.git#refs/pull/52589/merge with 8iy7bxp79vklrapdwt0h8oxr4::i2wli9m5waml3zd6mreb49zfg"
2026-05-08T22:20:05.8429180Z time="2026-05-08T22:19:56Z" level=error msg="/moby.buildkit.v1.frontend.LLBBridge/StatFile returned error: rpc error: code = Unknown desc = lstat compose.yaml: no such file or directory" spanID=395c192b5a6336c6 traceID=7dfc234ae91c4203f910fe9d8956efeb
2026-05-08T22:20:05.8430355Z lstat compose.yaml: no such file or directory
2026-05-08T22:20:05.8430742Z 7 v0.29.0 /usr/bin/buildkitd --debug --allow-insecure-entitlement=network.host
2026-05-08T22:20:05.8431123Z github.com/tonistiigi/fsutil.Stat
2026-05-08T22:20:05.8431406Z 	/src/vendor/github.com/tonistiigi/fsutil/stat.go:61
2026-05-08T22:20:05.8431715Z github.com/moby/buildkit/cache/util.StatFile
2026-05-08T22:20:05.8431987Z 	/src/cache/util/fsutil.go:99
2026-05-08T22:20:05.8432326Z github.com/moby/buildkit/frontend/gateway.(*llbBridgeForwarder).StatFile
2026-05-08T22:20:05.8432707Z 	/src/frontend/gateway/gateway.go:986
2026-05-08T22:20:05.8433052Z github.com/moby/buildkit/control/gateway.(*GatewayForwarder).StatFile
2026-05-08T22:20:05.8433410Z 	/src/control/gateway/gateway.go:172
2026-05-08T22:20:05.8433784Z github.com/moby/buildkit/frontend/gateway/pb._LLBBridge_StatFile_Handler.func1
2026-05-08T22:20:05.8434199Z 	/src/frontend/gateway/pb/gateway_grpc.pb.go:469
2026-05-08T22:20:05.8434534Z google.golang.org/grpc.getChainUnaryHandler.func1
2026-05-08T22:20:05.8434857Z 	/src/vendor/google.golang.org/grpc/server.go:1242
2026-05-08T22:20:05.8435135Z main.unaryInterceptor
2026-05-08T22:20:05.8435345Z 	/src/cmd/buildkitd/main.go:734
2026-05-08T22:20:05.8435783Z google.golang.org/grpc.NewServer.chainUnaryServerInterceptors.chainUnaryInterceptors.func1
2026-05-08T22:20:05.8436278Z 	/src/vendor/google.golang.org/grpc/server.go:1233
2026-05-08T22:20:05.8436661Z github.com/moby/buildkit/frontend/gateway/pb._LLBBridge_StatFile_Handler
2026-05-08T22:20:05.8437050Z 	/src/frontend/gateway/pb/gateway_grpc.pb.go:471
2026-05-08T22:20:05.8437358Z google.golang.org/grpc.(*Server).processUnaryRPC
2026-05-08T22:20:05.8437664Z 	/src/vendor/google.golang.org/grpc/server.go:1429
2026-05-08T22:20:05.8437968Z google.golang.org/grpc.(*Server).handleStream
2026-05-08T22:20:05.8438266Z 	/src/vendor/google.golang.org/grpc/server.go:1855
2026-05-08T22:20:05.8438591Z google.golang.org/grpc.(*Server).serveStreams.func2.1
2026-05-08T22:20:05.8439074Z 	/src/vendor/google.golang.org/grpc/server.go:1064
2026-05-08T22:20:05.8439531Z runtime.goexit
2026-05-08T22:20:05.8439740Z 	/usr/local/go/src/runtime/asm_amd64.s:1771
2026-05-08T22:20:05.8439920Z 
2026-05-08T22:20:05.8440118Z 7 v0.29.0 /usr/bin/buildkitd --debug --allow-insecure-entitlement=network.host
2026-05-08T22:20:05.8440485Z main.unaryInterceptor
2026-05-08T22:20:05.8440689Z 	/src/cmd/buildkitd/main.go:738
2026-05-08T22:20:05.8441131Z google.golang.org/grpc.NewServer.chainUnaryServerInterceptors.chainUnaryInterceptors.func1
2026-05-08T22:20:05.8441755Z 	/src/vendor/google.golang.org/grpc/server.go:1233
2026-05-08T22:20:05.8441957Z 
2026-05-08T22:20:05.8442145Z 7 v0.29.0 /usr/bin/buildkitd --debug --allow-insecure-entitlement=network.host
2026-05-08T22:20:05.8442534Z github.com/moby/buildkit/cache/util.StatFile
2026-05-08T22:20:05.8442803Z 	/src/cache/util/fsutil.go:105
2026-05-08T22:20:05.8443142Z github.com/moby/buildkit/frontend/gateway.(*llbBridgeForwarder).StatFile
2026-05-08T22:20:05.8443523Z 	/src/frontend/gateway/gateway.go:986
2026-05-08T22:20:05.8443697Z 
2026-05-08T22:20:05.8444442Z time="2026-05-08T22:19:56Z" level=error msg="/moby.buildkit.v1.frontend.LLBBridge/StatFile returned error: rpc error: code = Unknown desc = lstat compose.yml: no such file or directory" spanID=c62b4c34da106b53 traceID=7dfc234ae91c4203f910fe9d8956efeb
2026-05-08T22:20:05.8445402Z lstat compose.yml: no such file or directory
2026-05-08T22:20:05.8445788Z 7 v0.29.0 /usr/bin/buildkitd --debug --allow-insecure-entitlement=network.host
2026-05-08T22:20:05.8446174Z github.com/tonistiigi/fsutil.Stat
2026-05-08T22:20:05.8446456Z 	/src/vendor/github.com/tonistiigi/fsutil/stat.go:61
2026-05-08T22:20:05.8446758Z github.com/moby/buildkit/cache/util.StatFile
2026-05-08T22:20:05.8447025Z 	/src/cache/util/fsutil.go:99
2026-05-08T22:20:05.8447367Z github.com/moby/buildkit/frontend/gateway.(*llbBridgeForwarder).StatFile
2026-05-08T22:20:05.8447739Z 	/src/frontend/gateway/gateway.go:986
2026-05-08T22:20:05.8448086Z github.com/moby/buildkit/control/gateway.(*GatewayForwarder).StatFile
2026-05-08T22:20:05.8448449Z 	/src/control/gateway/gateway.go:172
2026-05-08T22:20:05.8448824Z github.com/moby/buildkit/frontend/gateway/pb._LLBBridge_StatFile_Handler.func1
2026-05-08T22:20:05.8449396Z 	/src/frontend/gateway/pb/gateway_grpc.pb.go:469
2026-05-08T22:20:05.8449736Z google.golang.org/grpc.getChainUnaryHandler.func1
2026-05-08T22:20:05.8450063Z 	/src/vendor/google.golang.org/grpc/server.go:1242
2026-05-08T22:20:05.8450341Z main.unaryInterceptor
2026-05-08T22:20:05.8450560Z 	/src/cmd/buildkitd/main.go:734
2026-05-08T22:20:05.8451002Z google.golang.org/grpc.NewServer.chainUnaryServerInterceptors.chainUnaryInterceptors.func1
2026-05-08T22:20:05.8451500Z 	/src/vendor/google.golang.org/grpc/server.go:1233
2026-05-08T22:20:05.8451883Z github.com/moby/buildkit/frontend/gateway/pb._LLBBridge_StatFile_Handler
2026-05-08T22:20:05.8452271Z 	/src/frontend/gateway/pb/gateway_grpc.pb.go:471
2026-05-08T22:20:05.8452575Z google.golang.org/grpc.(*Server).processUnaryRPC
2026-05-08T22:20:05.8452889Z 	/src/vendor/google.golang.org/grpc/server.go:1429
2026-05-08T22:20:05.8453313Z google.golang.org/grpc.(*Server).handleStream
2026-05-08T22:20:05.8453611Z 	/src/vendor/google.golang.org/grpc/server.go:1855
2026-05-08T22:20:05.8453933Z google.golang.org/grpc.(*Server).serveStreams.func2.1
2026-05-08T22:20:05.8454255Z 	/src/vendor/google.golang.org/grpc/server.go:1064
2026-05-08T22:20:05.8454522Z runtime.goexit
2026-05-08T22:20:05.8454723Z 	/usr/local/go/src/runtime/asm_amd64.s:1771
2026-05-08T22:20:05.8454911Z 
2026-05-08T22:20:05.8455105Z 7 v0.29.0 /usr/bin/buildkitd --debug --allow-insecure-entitlement=network.host
2026-05-08T22:20:05.8455474Z main.unaryInterceptor
2026-05-08T22:20:05.8455683Z 	/src/cmd/buildkitd/main.go:738
2026-05-08T22:20:05.8456118Z google.golang.org/grpc.NewServer.chainUnaryServerInterceptors.chainUnaryInterceptors.func1
2026-05-08T22:20:05.8456613Z 	/src/vendor/google.golang.org/grpc/server.go:1233
2026-05-08T22:20:05.8456813Z 
2026-05-08T22:20:05.8457130Z 7 v0.29.0 /usr/bin/buildkitd --debug --allow-insecure-entitlement=network.host
2026-05-08T22:20:05.8457522Z github.com/moby/buildkit/cache/util.StatFile
2026-05-08T22:20:05.8457794Z 	/src/cache/util/fsutil.go:105
2026-05-08T22:20:05.8458130Z github.com/moby/buildkit/frontend/gateway.(*llbBridgeForwarder).StatFile
2026-05-08T22:20:05.8458497Z 	/src/frontend/gateway/gateway.go:986
2026-05-08T22:20:05.8458663Z 
2026-05-08T22:20:05.8459616Z time="2026-05-08T22:19:56Z" level=error msg="/moby.buildkit.v1.frontend.LLBBridge/StatFile returned error: rpc error: code = Unknown desc = lstat docker-compose.yml: no such file or directory" spanID=b870fc77843caf25 traceID=7dfc234ae91c4203f910fe9d8956efeb
2026-05-08T22:20:05.8461275Z lstat docker-compose.yml: no such file or directory
2026-05-08T22:20:05.8462039Z 7 v0.29.0 /usr/bin/buildkitd --debug --allow-insecure-entitlement=network.host
2026-05-08T22:20:05.8462748Z github.com/tonistiigi/fsutil.Stat
2026-05-08T22:20:05.8463244Z 	/src/vendor/github.com/tonistiigi/fsutil/stat.go:61
2026-05-08T22:20:05.8463851Z github.com/moby/buildkit/cache/util.StatFile
2026-05-08T22:20:05.8464328Z 	/src/cache/util/fsutil.go:99
2026-05-08T22:20:05.8464901Z github.com/moby/buildkit/frontend/gateway.(*llbBridgeForwarder).StatFile
2026-05-08T22:20:05.8465529Z 	/src/frontend/gateway/gateway.go:986
2026-05-08T22:20:05.8466108Z github.com/moby/buildkit/control/gateway.(*GatewayForwarder).StatFile
2026-05-08T22:20:05.8466721Z 	/src/control/gateway/gateway.go:172
2026-05-08T22:20:05.8467356Z github.com/moby/buildkit/frontend/gateway/pb._LLBBridge_StatFile_Handler.func1
2026-05-08T22:20:05.8468053Z 	/src/frontend/gateway/pb/gateway_grpc.pb.go:469
2026-05-08T22:20:05.8468490Z google.golang.org/grpc.getChainUnaryHandler.func1
2026-05-08T22:20:05.8469073Z 	/src/vendor/google.golang.org/grpc/server.go:1242
2026-05-08T22:20:05.8469709Z main.unaryInterceptor
2026-05-08T22:20:05.8470059Z 	/src/cmd/buildkitd/main.go:734
2026-05-08T22:20:05.8470817Z google.golang.org/grpc.NewServer.chainUnaryServerInterceptors.chainUnaryInterceptors.func1
2026-05-08T22:20:05.8471572Z 	/src/vendor/google.golang.org/grpc/server.go:1233
2026-05-08T22:20:05.8472133Z github.com/moby/buildkit/frontend/gateway/pb._LLBBridge_StatFile_Handler
2026-05-08T22:20:05.8472534Z 	/src/frontend/gateway/pb/gateway_grpc.pb.go:471
2026-05-08T22:20:05.8472910Z google.golang.org/grpc.(*Server).processUnaryRPC
2026-05-08T22:20:05.8473477Z 	/src/vendor/google.golang.org/grpc/server.go:1429
2026-05-08T22:20:05.8474011Z google.golang.org/grpc.(*Server).handleStream
2026-05-08T22:20:05.8474556Z 	/src/vendor/google.golang.org/grpc/server.go:1855
2026-05-08T22:20:05.8475141Z google.golang.org/grpc.(*Server).serveStreams.func2.1
2026-05-08T22:20:05.8475725Z 	/src/vendor/google.golang.org/grpc/server.go:1064
2026-05-08T22:20:05.8476214Z runtime.goexit
2026-05-08T22:20:05.8476571Z 	/usr/local/go/src/runtime/asm_amd64.s:1771
2026-05-08T22:20:05.8476893Z 
2026-05-08T22:20:05.8477244Z 7 v0.29.0 /usr/bin/buildkitd --debug --allow-insecure-entitlement=network.host
2026-05-08T22:20:05.8477914Z main.unaryInterceptor
2026-05-08T22:20:05.8478279Z 	/src/cmd/buildkitd/main.go:738
2026-05-08T22:20:05.8479037Z google.golang.org/grpc.NewServer.chainUnaryServerInterceptors.chainUnaryInterceptors.func1
2026-05-08T22:20:05.8479875Z 	/src/vendor/google.golang.org/grpc/server.go:1233
2026-05-08T22:20:05.8480084Z 
2026-05-08T22:20:05.8480281Z 7 v0.29.0 /usr/bin/buildkitd --debug --allow-insecure-entitlement=network.host
2026-05-08T22:20:05.8480678Z github.com/moby/buildkit/cache/util.StatFile
2026-05-08T22:20:05.8480956Z 	/src/cache/util/fsutil.go:105
2026-05-08T22:20:05.8481297Z github.com/moby/buildkit/frontend/gateway.(*llbBridgeForwarder).StatFile
2026-05-08T22:20:05.8481673Z 	/src/frontend/gateway/gateway.go:986
2026-05-08T22:20:05.8481849Z 
2026-05-08T22:20:05.8482839Z time="2026-05-08T22:19:56Z" level=error msg="/moby.buildkit.v1.frontend.LLBBridge/StatFile returned error: rpc error: code = Unknown desc = lstat docker-compose.yaml: no such file or directory" spanID=c60c92c2297cce2b traceID=7dfc234ae91c4203f910fe9d8956efeb
2026-05-08T22:20:05.8483879Z lstat docker-compose.yaml: no such file or directory
2026-05-08T22:20:05.8484296Z 7 v0.29.0 /usr/bin/buildkitd --debug --allow-insecure-entitlement=network.host
2026-05-08T22:20:05.8484679Z github.com/tonistiigi/fsutil.Stat
2026-05-08T22:20:05.8484963Z 	/src/vendor/github.com/tonistiigi/fsutil/stat.go:61
2026-05-08T22:20:05.8485277Z github.com/moby/buildkit/cache/util.StatFile
2026-05-08T22:20:05.8485548Z 	/src/cache/util/fsutil.go:99
2026-05-08T22:20:05.8486001Z github.com/moby/buildkit/frontend/gateway.(*llbBridgeForwarder).StatFile
2026-05-08T22:20:05.8486372Z 	/src/frontend/gateway/gateway.go:986
2026-05-08T22:20:05.8486715Z github.com/moby/buildkit/control/gateway.(*GatewayForwarder).StatFile
2026-05-08T22:20:05.8487075Z 	/src/control/gateway/gateway.go:172
2026-05-08T22:20:05.8487450Z github.com/moby/buildkit/frontend/gateway/pb._LLBBridge_StatFile_Handler.func1
2026-05-08T22:20:05.8487868Z 	/src/frontend/gateway/pb/gateway_grpc.pb.go:469
2026-05-08T22:20:05.8488195Z google.golang.org/grpc.getChainUnaryHandler.func1
2026-05-08T22:20:05.8488521Z 	/src/vendor/google.golang.org/grpc/server.go:1242
2026-05-08T22:20:05.8488802Z main.unaryInterceptor
2026-05-08T22:20:05.8489015Z 	/src/cmd/buildkitd/main.go:734
2026-05-08T22:20:05.8489683Z google.golang.org/grpc.NewServer.chainUnaryServerInterceptors.chainUnaryInterceptors.func1
2026-05-08T22:20:05.8490196Z 	/src/vendor/google.golang.org/grpc/server.go:1233
2026-05-08T22:20:05.8490589Z github.com/moby/buildkit/frontend/gateway/pb._LLBBridge_StatFile_Handler
2026-05-08T22:20:05.8490978Z 	/src/frontend/gateway/pb/gateway_grpc.pb.go:471
2026-05-08T22:20:05.8491288Z google.golang.org/grpc.(*Server).processUnaryRPC
2026-05-08T22:20:05.8491598Z 	/src/vendor/google.golang.org/grpc/server.go:1429
2026-05-08T22:20:05.8491902Z google.golang.org/grpc.(*Server).handleStream
2026-05-08T22:20:05.8492201Z 	/src/vendor/google.golang.org/grpc/server.go:1855
2026-05-08T22:20:05.8492532Z google.golang.org/grpc.(*Server).serveStreams.func2.1
2026-05-08T22:20:05.8492854Z 	/src/vendor/google.golang.org/grpc/server.go:1064
2026-05-08T22:20:05.8493125Z runtime.goexit
2026-05-08T22:20:05.8493337Z 	/usr/local/go/src/runtime/asm_amd64.s:1771
2026-05-08T22:20:05.8493517Z 
2026-05-08T22:20:05.8493719Z 7 v0.29.0 /usr/bin/buildkitd --debug --allow-insecure-entitlement=network.host
2026-05-08T22:20:05.8494092Z main.unaryInterceptor
2026-05-08T22:20:05.8494306Z 	/src/cmd/buildkitd/main.go:738
2026-05-08T22:20:05.8494748Z google.golang.org/grpc.NewServer.chainUnaryServerInterceptors.chainUnaryInterceptors.func1
2026-05-08T22:20:05.8495250Z 	/src/vendor/google.golang.org/grpc/server.go:1233
2026-05-08T22:20:05.8495446Z 
2026-05-08T22:20:05.8495640Z 7 v0.29.0 /usr/bin/buildkitd --debug --allow-insecure-entitlement=network.host
2026-05-08T22:20:05.8496031Z github.com/moby/buildkit/cache/util.StatFile
2026-05-08T22:20:05.8496298Z 	/src/cache/util/fsutil.go:105
2026-05-08T22:20:05.8496646Z github.com/moby/buildkit/frontend/gateway.(*llbBridgeForwarder).StatFile
2026-05-08T22:20:05.8497027Z 	/src/frontend/gateway/gateway.go:986
2026-05-08T22:20:05.8497202Z 
2026-05-08T22:20:05.8497982Z time="2026-05-08T22:19:56Z" level=error msg="/moby.buildkit.v1.frontend.LLBBridge/StatFile returned error: rpc error: code = Unknown desc = lstat docker-bake.json: no such file or directory" spanID=d690cc95e301ae84 traceID=7dfc234ae91c4203f910fe9d8956efeb
2026-05-08T22:20:05.8498991Z lstat docker-bake.json: no such file or directory
2026-05-08T22:20:05.8499571Z 7 v0.29.0 /usr/bin/buildkitd --debug --allow-insecure-entitlement=network.host
2026-05-08T22:20:05.8499966Z github.com/tonistiigi/fsutil.Stat
2026-05-08T22:20:05.8500250Z 	/src/vendor/github.com/tonistiigi/fsutil/stat.go:61
2026-05-08T22:20:05.8500564Z github.com/moby/buildkit/cache/util.StatFile
2026-05-08T22:20:05.8500842Z 	/src/cache/util/fsutil.go:99
2026-05-08T22:20:05.8501184Z github.com/moby/buildkit/frontend/gateway.(*llbBridgeForwarder).StatFile
2026-05-08T22:20:05.8501556Z 	/src/frontend/gateway/gateway.go:986
2026-05-08T22:20:05.8502026Z github.com/moby/buildkit/control/gateway.(*GatewayForwarder).StatFile
2026-05-08T22:20:05.8502391Z 	/src/control/gateway/gateway.go:172
2026-05-08T22:20:05.8502773Z github.com/moby/buildkit/frontend/gateway/pb._LLBBridge_StatFile_Handler.func1
2026-05-08T22:20:05.8503197Z 	/src/frontend/gateway/pb/gateway_grpc.pb.go:469
2026-05-08T22:20:05.8503533Z google.golang.org/grpc.getChainUnaryHandler.func1
2026-05-08T22:20:05.8503921Z 	/src/vendor/google.golang.org/grpc/server.go:1242
2026-05-08T22:20:05.8504490Z main.unaryInterceptor
2026-05-08T22:20:05.8504846Z 	/src/cmd/buildkitd/main.go:734
2026-05-08T22:20:05.8505596Z google.golang.org/grpc.NewServer.chainUnaryServerInterceptors.chainUnaryInterceptors.func1
2026-05-08T22:20:05.8506449Z 	/src/vendor/google.golang.org/grpc/server.go:1233
2026-05-08T22:20:05.8507108Z github.com/moby/buildkit/frontend/gateway/pb._LLBBridge_StatFile_Handler
2026-05-08T22:20:05.8507823Z 	/src/frontend/gateway/pb/gateway_grpc.pb.go:471
2026-05-08T22:20:05.8508314Z google.golang.org/grpc.(*Server).processUnaryRPC
2026-05-08T22:20:05.8508859Z 	/src/vendor/google.golang.org/grpc/server.go:1429
2026-05-08T22:20:05.8509535Z google.golang.org/grpc.(*Server).handleStream
2026-05-08T22:20:05.8510046Z 	/src/vendor/google.golang.org/grpc/server.go:1855
2026-05-08T22:20:05.8510601Z google.golang.org/grpc.(*Server).serveStreams.func2.1
2026-05-08T22:20:05.8511148Z 	/src/vendor/google.golang.org/grpc/server.go:1064
2026-05-08T22:20:05.8511604Z runtime.goexit
2026-05-08T22:20:05.8511932Z 	/usr/local/go/src/runtime/asm_amd64.s:1771
2026-05-08T22:20:05.8512243Z 
2026-05-08T22:20:05.8512573Z 7 v0.29.0 /usr/bin/buildkitd --debug --allow-insecure-entitlement=network.host
2026-05-08T22:20:05.8513205Z main.unaryInterceptor
2026-05-08T22:20:05.8513600Z 	/src/cmd/buildkitd/main.go:738
2026-05-08T22:20:05.8514300Z google.golang.org/grpc.NewServer.chainUnaryServerInterceptors.chainUnaryInterceptors.func1
2026-05-08T22:20:05.8514880Z 	/src/vendor/google.golang.org/grpc/server.go:1233
2026-05-08T22:20:05.8515109Z 
2026-05-08T22:20:05.8515306Z 7 v0.29.0 /usr/bin/buildkitd --debug --allow-insecure-entitlement=network.host
2026-05-08T22:20:05.8515704Z github.com/moby/buildkit/cache/util.StatFile
2026-05-08T22:20:05.8515983Z 	/src/cache/util/fsutil.go:105
2026-05-08T22:20:05.8516451Z github.com/moby/buildkit/frontend/gateway.(*llbBridgeForwarder).StatFile
2026-05-08T22:20:05.8516832Z 	/src/frontend/gateway/gateway.go:986
2026-05-08T22:20:05.8517009Z 
2026-05-08T22:20:05.8517820Z time="2026-05-08T22:19:56Z" level=error msg="/moby.buildkit.v1.frontend.LLBBridge/StatFile returned error: rpc error: code = Unknown desc = lstat docker-bake.override.json: no such file or directory" spanID=20f680c3c27a3387 traceID=7dfc234ae91c4203f910fe9d8956efeb
2026-05-08T22:20:05.8519042Z lstat docker-bake.override.json: no such file or directory
2026-05-08T22:20:05.8519774Z 7 v0.29.0 /usr/bin/buildkitd --debug --allow-insecure-entitlement=network.host
2026-05-08T22:20:05.8520267Z github.com/tonistiigi/fsutil.Stat
2026-05-08T22:20:05.8520578Z 	/src/vendor/github.com/tonistiigi/fsutil/stat.go:61
2026-05-08T22:20:05.8520893Z github.com/moby/buildkit/cache/util.StatFile
2026-05-08T22:20:05.8521164Z 	/src/cache/util/fsutil.go:99
2026-05-08T22:20:05.8521503Z github.com/moby/buildkit/frontend/gateway.(*llbBridgeForwarder).StatFile
2026-05-08T22:20:05.8521881Z 	/src/frontend/gateway/gateway.go:986
2026-05-08T22:20:05.8522225Z github.com/moby/buildkit/control/gateway.(*GatewayForwarder).StatFile
2026-05-08T22:20:05.8522591Z 	/src/control/gateway/gateway.go:172
2026-05-08T22:20:05.8522966Z github.com/moby/buildkit/frontend/gateway/pb._LLBBridge_StatFile_Handler.func1
2026-05-08T22:20:05.8523392Z 	/src/frontend/gateway/pb/gateway_grpc.pb.go:469
2026-05-08T22:20:05.8523717Z google.golang.org/grpc.getChainUnaryHandler.func1
2026-05-08T22:20:05.8524043Z 	/src/vendor/google.golang.org/grpc/server.go:1242
2026-05-08T22:20:05.8524329Z main.unaryInterceptor
2026-05-08T22:20:05.8524545Z 	/src/cmd/buildkitd/main.go:734
2026-05-08T22:20:05.8525159Z google.golang.org/grpc.NewServer.chainUnaryServerInterceptors.chainUnaryInterceptors.func1
2026-05-08T22:20:05.8525672Z 	/src/vendor/google.golang.org/grpc/server.go:1233
2026-05-08T22:20:05.8526062Z github.com/moby/buildkit/frontend/gateway/pb._LLBBridge_StatFile_Handler
2026-05-08T22:20:05.8526461Z 	/src/frontend/gateway/pb/gateway_grpc.pb.go:471
2026-05-08T22:20:05.8526772Z google.golang.org/grpc.(*Server).processUnaryRPC
2026-05-08T22:20:05.8527082Z 	/src/vendor/google.golang.org/grpc/server.go:1429
2026-05-08T22:20:05.8527504Z google.golang.org/grpc.(*Server).handleStream
2026-05-08T22:20:05.8527805Z 	/src/vendor/google.golang.org/grpc/server.go:1855
2026-05-08T22:20:05.8528130Z google.golang.org/grpc.(*Server).serveStreams.func2.1
2026-05-08T22:20:05.8528451Z 	/src/vendor/google.golang.org/grpc/server.go:1064
2026-05-08T22:20:05.8528717Z runtime.goexit
2026-05-08T22:20:05.8528922Z 	/usr/local/go/src/runtime/asm_amd64.s:1771
2026-05-08T22:20:05.8529108Z 
2026-05-08T22:20:05.8529536Z 7 v0.29.0 /usr/bin/buildkitd --debug --allow-insecure-entitlement=network.host
2026-05-08T22:20:05.8529920Z main.unaryInterceptor
2026-05-08T22:20:05.8530134Z 	/src/cmd/buildkitd/main.go:738
2026-05-08T22:20:05.8530582Z google.golang.org/grpc.NewServer.chainUnaryServerInterceptors.chainUnaryInterceptors.func1
2026-05-08T22:20:05.8531085Z 	/src/vendor/google.golang.org/grpc/server.go:1233
2026-05-08T22:20:05.8531289Z 
2026-05-08T22:20:05.8531482Z 7 v0.29.0 /usr/bin/buildkitd --debug --allow-insecure-entitlement=network.host
2026-05-08T22:20:05.8531878Z github.com/moby/buildkit/cache/util.StatFile
2026-05-08T22:20:05.8532148Z 	/src/cache/util/fsutil.go:105
2026-05-08T22:20:05.8532490Z github.com/moby/buildkit/frontend/gateway.(*llbBridgeForwarder).StatFile
2026-05-08T22:20:05.8532858Z 	/src/frontend/gateway/gateway.go:986
2026-05-08T22:20:05.8533027Z 
2026-05-08T22:20:05.8533839Z time="2026-05-08T22:19:56Z" level=error msg="/moby.buildkit.v1.frontend.LLBBridge/StatFile returned error: rpc error: code = Unknown desc = lstat docker-bake.override.hcl: no such file or directory" spanID=4866f8f90ec5c50a traceID=7dfc234ae91c4203f910fe9d8956efeb
2026-05-08T22:20:05.8534867Z lstat docker-bake.override.hcl: no such file or directory
2026-05-08T22:20:05.8535292Z 7 v0.29.0 /usr/bin/buildkitd --debug --allow-insecure-entitlement=network.host
2026-05-08T22:20:05.8535669Z github.com/tonistiigi/fsutil.Stat
2026-05-08T22:20:05.8535953Z 	/src/vendor/github.com/tonistiigi/fsutil/stat.go:61
2026-05-08T22:20:05.8536269Z github.com/moby/buildkit/cache/util.StatFile
2026-05-08T22:20:05.8536537Z 	/src/cache/util/fsutil.go:99
2026-05-08T22:20:05.8536873Z github.com/moby/buildkit/frontend/gateway.(*llbBridgeForwarder).StatFile
2026-05-08T22:20:05.8537361Z 	/src/frontend/gateway/gateway.go:986
2026-05-08T22:20:05.8537705Z github.com/moby/buildkit/control/gateway.(*GatewayForwarder).StatFile
2026-05-08T22:20:05.8538064Z 	/src/control/gateway/gateway.go:172
2026-05-08T22:20:05.8538440Z github.com/moby/buildkit/frontend/gateway/pb._LLBBridge_StatFile_Handler.func1
2026-05-08T22:20:05.8538989Z 	/src/frontend/gateway/pb/gateway_grpc.pb.go:469
2026-05-08T22:20:05.8539552Z google.golang.org/grpc.getChainUnaryHandler.func1
2026-05-08T22:20:05.8539890Z 	/src/vendor/google.golang.org/grpc/server.go:1242
2026-05-08T22:20:05.8540174Z main.unaryInterceptor
2026-05-08T22:20:05.8540388Z 	/src/cmd/buildkitd/main.go:734
2026-05-08T22:20:05.8540829Z google.golang.org/grpc.NewServer.chainUnaryServerInterceptors.chainUnaryInterceptors.func1
2026-05-08T22:20:05.8541333Z 	/src/vendor/google.golang.org/grpc/server.go:1233
2026-05-08T22:20:05.8541715Z github.com/moby/buildkit/frontend/gateway/pb._LLBBridge_StatFile_Handler
2026-05-08T22:20:05.8542113Z 	/src/frontend/gateway/pb/gateway_grpc.pb.go:471
2026-05-08T22:20:05.8542436Z google.golang.org/grpc.(*Server).processUnaryRPC
2026-05-08T22:20:05.8542753Z 	/src/vendor/google.golang.org/grpc/server.go:1429
2026-05-08T22:20:05.8543066Z google.golang.org/grpc.(*Server).handleStream
2026-05-08T22:20:05.8543510Z 	/src/vendor/google.golang.org/grpc/server.go:1855
2026-05-08T22:20:05.8543847Z google.golang.org/grpc.(*Server).serveStreams.func2.1
2026-05-08T22:20:05.8544177Z 	/src/vendor/google.golang.org/grpc/server.go:1064
2026-05-08T22:20:05.8544447Z runtime.goexit
2026-05-08T22:20:05.8544652Z 	/usr/local/go/src/runtime/asm_amd64.s:1771
2026-05-08T22:20:05.8544834Z 
2026-05-08T22:20:05.8545038Z 7 v0.29.0 /usr/bin/buildkitd --debug --allow-insecure-entitlement=network.host
2026-05-08T22:20:05.8545411Z main.unaryInterceptor
2026-05-08T22:20:05.8545755Z 	/src/cmd/buildkitd/main.go:738
2026-05-08T22:20:05.8546192Z google.golang.org/grpc.NewServer.chainUnaryServerInterceptors.chainUnaryInterceptors.func1
2026-05-08T22:20:05.8546745Z 	/src/vendor/google.golang.org/grpc/server.go:1233
2026-05-08T22:20:05.8547098Z 
2026-05-08T22:20:05.8547426Z 7 v0.29.0 /usr/bin/buildkitd --debug --allow-insecure-entitlement=network.host
2026-05-08T22:20:05.8548081Z github.com/moby/buildkit/cache/util.StatFile
2026-05-08T22:20:05.8548538Z 	/src/cache/util/fsutil.go:105
2026-05-08T22:20:05.8549110Z github.com/moby/buildkit/frontend/gateway.(*llbBridgeForwarder).StatFile
2026-05-08T22:20:05.8549890Z 	/src/frontend/gateway/gateway.go:986
2026-05-08T22:20:05.8550183Z 
2026-05-08T22:20:05.8550796Z time="2026-05-08T22:19:56Z" level=debug msg="session finished: <nil>" spanID=5c7e720ecceaf026 traceID=7dfc234ae91c4203f910fe9d8956efeb
2026-05-08T22:20:05.8552137Z time="2026-05-08T22:19:56Z" level=debug msg="session started" spanID=f53efc937f2ee474 traceID=7dfc234ae91c4203f910fe9d8956efeb
2026-05-08T22:20:05.8553473Z time="2026-05-08T22:19:56Z" level=debug msg="session finished: <nil>" spanID=f53efc937f2ee474 traceID=7dfc234ae91c4203f910fe9d8956efeb
2026-05-08T22:20:05.8554822Z time="2026-05-08T22:19:56Z" level=debug msg="session started" spanID=449d8ba35216107c traceID=18e25bcde7304740e4fd8bd7c4f45ed1
2026-05-08T22:20:05.8556528Z time="2026-05-08T22:19:57Z" level=debug msg="load cache for [internal] load git source https://github.com/moby/moby.git#refs/pull/52589/merge with 8iy7bxp79vklrapdwt0h8oxr4::i2wli9m5waml3zd6mreb49zfg"
2026-05-08T22:20:05.8558941Z time="2026-05-08T22:19:57Z" level=error msg="/moby.buildkit.v1.frontend.LLBBridge/StatFile returned error: rpc error: code = Unknown desc = lstat Dockerfile.rego: no such file or directory" spanID=5c8f944a7f7e8e5e traceID=7dfc234ae91c4203f910fe9d8956efeb
2026-05-08T22:20:05.8560350Z lstat Dockerfile.rego: no such file or directory
2026-05-08T22:20:05.8560763Z 7 v0.29.0 /usr/bin/buildkitd --debug --allow-insecure-entitlement=network.host
2026-05-08T22:20:05.8561165Z github.com/tonistiigi/fsutil.Stat
2026-05-08T22:20:05.8561454Z 	/src/vendor/github.com/tonistiigi/fsutil/stat.go:61
2026-05-08T22:20:05.8561932Z github.com/moby/buildkit/cache/util.StatFile
2026-05-08T22:20:05.8562333Z 	/src/cache/util/fsutil.go:99
2026-05-08T22:20:05.8562835Z github.com/moby/buildkit/frontend/gateway.(*llbBridgeForwarder).StatFile
2026-05-08T22:20:05.8563317Z 	/src/frontend/gateway/gateway.go:986
2026-05-08T22:20:05.8563678Z github.com/moby/buildkit/control/gateway.(*GatewayForwarder).StatFile
2026-05-08T22:20:05.8564047Z 	/src/control/gateway/gateway.go:172
2026-05-08T22:20:05.8564421Z github.com/moby/buildkit/frontend/gateway/pb._LLBBridge_StatFile_Handler.func1
2026-05-08T22:20:05.8564844Z 	/src/frontend/gateway/pb/gateway_grpc.pb.go:469
2026-05-08T22:20:05.8565170Z google.golang.org/grpc.getChainUnaryHandler.func1
2026-05-08T22:20:05.8565500Z 	/src/vendor/google.golang.org/grpc/server.go:1242
2026-05-08T22:20:05.8565792Z main.unaryInterceptor
2026-05-08T22:20:05.8566011Z 	/src/cmd/buildkitd/main.go:734
2026-05-08T22:20:05.8566465Z google.golang.org/grpc.NewServer.chainUnaryServerInterceptors.chainUnaryInterceptors.func1
2026-05-08T22:20:05.8566975Z 	/src/vendor/google.golang.org/grpc/server.go:1233
2026-05-08T22:20:05.8567364Z github.com/moby/buildkit/frontend/gateway/pb._LLBBridge_StatFile_Handler
2026-05-08T22:20:05.8567857Z 	/src/frontend/gateway/pb/gateway_grpc.pb.go:471
2026-05-08T22:20:05.8568324Z google.golang.org/grpc.(*Server).processUnaryRPC
2026-05-08T22:20:05.8568811Z 	/src/vendor/google.golang.org/grpc/server.go:1429
2026-05-08T22:20:05.8569133Z google.golang.org/grpc.(*Server).handleStream
2026-05-08T22:20:05.8569680Z 	/src/vendor/google.golang.org/grpc/server.go:1855
2026-05-08T22:20:05.8570027Z google.golang.org/grpc.(*Server).serveStreams.func2.1
2026-05-08T22:20:05.8570360Z 	/src/vendor/google.golang.org/grpc/server.go:1064
2026-05-08T22:20:05.8570635Z runtime.goexit
2026-05-08T22:20:05.8570844Z 	/usr/local/go/src/runtime/asm_amd64.s:1771
2026-05-08T22:20:05.8571174Z 
2026-05-08T22:20:05.8571374Z 7 v0.29.0 /usr/bin/buildkitd --debug --allow-insecure-entitlement=network.host
2026-05-08T22:20:05.8571755Z main.unaryInterceptor
2026-05-08T22:20:05.8571970Z 	/src/cmd/buildkitd/main.go:738
2026-05-08T22:20:05.8572417Z google.golang.org/grpc.NewServer.chainUnaryServerInterceptors.chainUnaryInterceptors.func1
2026-05-08T22:20:05.8572923Z 	/src/vendor/google.golang.org/grpc/server.go:1233
2026-05-08T22:20:05.8573130Z 
2026-05-08T22:20:05.8573324Z 7 v0.29.0 /usr/bin/buildkitd --debug --allow-insecure-entitlement=network.host
2026-05-08T22:20:05.8573721Z github.com/moby/buildkit/cache/util.StatFile
2026-05-08T22:20:05.8573993Z 	/src/cache/util/fsutil.go:105
2026-05-08T22:20:05.8574333Z github.com/moby/buildkit/frontend/gateway.(*llbBridgeForwarder).StatFile
2026-05-08T22:20:05.8574708Z 	/src/frontend/gateway/gateway.go:986
2026-05-08T22:20:05.8574887Z 
2026-05-08T22:20:05.8575230Z time="2026-05-08T22:19:57Z" level=debug msg="session started" spanID=0d9c804e9cc2790b traceID=7dfc234ae91c4203f910fe9d8956efeb
2026-05-08T22:20:05.8576109Z time="2026-05-08T22:19:57Z" level=debug msg="resolve exporter docker with map[name:docker-dev]" spanID=63ad859422097947 traceID=7dfc234ae91c4203f910fe9d8956efeb
2026-05-08T22:20:05.8577186Z time="2026-05-08T22:20:00Z" level=debug msg="checked for cached auth handler namespace" cached=false key="docker.io/docker/dockerfile::pull" name=docker.io/docker/dockerfile scope=pull
2026-05-08T22:20:05.8578287Z time="2026-05-08T22:20:00Z" level=debug msg=resolving span="resolving docker.io/docker/dockerfile:1" spanID=2a8bfc13449a9a02 traceID=7dfc234ae91c4203f910fe9d8956efeb
2026-05-08T22:20:05.8580549Z time="2026-05-08T22:20:00Z" level=debug msg="do request" request.header.accept="application/vnd.docker.distribution.manifest.v2+json, application/vnd.docker.distribution.manifest.list.v2+json, application/vnd.oci.image.manifest.v1+json, application/vnd.oci.image.index.v1+json, */*" request.header.user-agent=buildkit/v0.29 request.method=HEAD span="resolving docker.io/docker/dockerfile:1" spanID=2a8bfc13449a9a02 traceID=7dfc234ae91c4203f910fe9d8956efeb
2026-05-08T22:20:05.8586095Z time="2026-05-08T22:20:01Z" level=debug msg="fetch response received" response.header.connection=keep-alive response.header.content-length=160 response.header.content-type=application/json response.header.date="Fri, 08 May 2026 22:20:01 GMT" response.header.docker-distribution-api-version=registry/2.0 response.header.docker-ratelimit-source=132.196.94.32 response.header.strict-transport-security="max-age=31536000" response.header.www-authenticate="***"https://auth.docker.io/token\",service=\"registry.docker.io\",scope=\"repository:docker/dockerfile:pull\"" response.status="401 Unauthorized" span="resolving docker.io/docker/dockerfile:1" spanID=2a8bfc13449a9a02 traceID=7dfc234ae91c4203f910fe9d8956efeb
2026-05-08T22:20:05.8590317Z time="2026-05-08T22:20:01Z" level=debug msg=Unauthorized header="***"https://auth.docker.io/token\",service=\"registry.docker.io\",scope=\"repository:docker/dockerfile:pull\"" span="resolving docker.io/docker/dockerfile:1" spanID=2a8bfc13449a9a02 traceID=7dfc234ae91c4203f910fe9d8956efeb
2026-05-08T22:20:05.8592995Z time="2026-05-08T22:20:01Z" level=debug msg="do request" request.header.accept="application/vnd.docker.distribution.manifest.v2+json, application/vnd.docker.distribution.manifest.list.v2+json, application/vnd.oci.image.manifest.v1+json, application/vnd.oci.image.index.v1+json, */*" request.header.user-agent=buildkit/v0.29 request.method=HEAD span="resolving docker.io/docker/dockerfile:1" spanID=2a8bfc13449a9a02 traceID=7dfc234ae91c4203f910fe9d8956efeb
2026-05-08T22:20:05.8597346Z time="2026-05-08T22:20:01Z" level=debug msg="fetch response received" response.header.connection=keep-alive response.header.content-length=8426 response.header.content-type=application/vnd.oci.image.index.v1+json response.header.date="Fri, 08 May 2026 22:20:01 GMT" response.header.docker-content-digest="sha256:2780b5c3bab67f1f76c781860de469442999ed1a0d7992a5efdf2cffc0e3d769" response.header.docker-distribution-api-version=registry/2.0 response.header.docker-ratelimit-source=59aa2839-97c5-4781-8b76-14f597fd2a04 response.header.etag="\"sha256:2780b5c3bab67f1f76c781860de469442999ed1a0d7992a5efdf2cffc0e3d769\"" response.header.strict-transport-security="max-age=31536000" response.status="200 OK" span="resolving docker.io/docker/dockerfile:1" spanID=2a8bfc13449a9a02 traceID=7dfc234ae91c4203f910fe9d8956efeb
2026-05-08T22:20:05.8601438Z time="2026-05-08T22:20:01Z" level=debug msg=resolved desc.digest="sha256:2780b5c3bab67f1f76c781860de469442999ed1a0d7992a5efdf2cffc0e3d769" span="resolving docker.io/docker/dockerfile:1" spanID=2a8bfc13449a9a02 traceID=7dfc234ae91c4203f910fe9d8956efeb
2026-05-08T22:20:05.8602768Z time="2026-05-08T22:20:01Z" level=debug msg=fetch span="resolving docker.io/docker/dockerfile:1" spanID=2a8bfc13449a9a02 traceID=7dfc234ae91c4203f910fe9d8956efeb
2026-05-08T22:20:05.8603998Z time="2026-05-08T22:20:01Z" level=debug msg="fetching layer" chunk_size=0 initial_parallelism=0 offset=0 parallelism=1 span="resolving docker.io/docker/dockerfile:1" spanID=2a8bfc13449a9a02 traceID=7dfc234ae91c4203f910fe9d8956efeb
2026-05-08T22:20:05.8606087Z time="2026-05-08T22:20:01Z" level=debug msg="do request" request.header.accept="application/vnd.oci.image.index.v1+json, */*" request.header.accept-encoding="zstd;q=1.0, gzip;q=0.8, deflate;q=0.5" request.header.user-agent=buildkit/v0.29 request.method=GET span="resolving docker.io/docker/dockerfile:1" spanID=2a8bfc13449a9a02 traceID=7dfc234ae91c4203f910fe9d8956efeb
2026-05-08T22:20:05.8610996Z time="2026-05-08T22:20:01Z" level=debug msg="fetch response received" response.header.connection=keep-alive response.header.content-length=8426 response.header.content-type=application/vnd.oci.image.index.v1+json response.header.date="Fri, 08 May 2026 22:20:01 GMT" response.header.docker-content-digest="sha256:2780b5c3bab67f1f76c781860de469442999ed1a0d7992a5efdf2cffc0e3d769" response.header.docker-distribution-api-version=registry/2.0 response.header.docker-ratelimit-source=132.196.94.32 response.header.etag="\"sha256:2780b5c3bab67f1f76c781860de469442999ed1a0d7992a5efdf2cffc0e3d769\"" response.header.strict-transport-security="max-age=31536000" response.status="200 OK" span="resolving docker.io/docker/dockerfile:1" spanID=2a8bfc13449a9a02 traceID=7dfc234ae91c4203f910fe9d8956efeb
2026-05-08T22:20:05.8614516Z time="2026-05-08T22:20:01Z" level=debug msg=fetch span="resolving docker.io/docker/dockerfile:1" spanID=2a8bfc13449a9a02 traceID=7dfc234ae91c4203f910fe9d8956efeb
2026-05-08T22:20:05.8615763Z time="2026-05-08T22:20:01Z" level=debug msg="fetching layer" chunk_size=0 initial_parallelism=0 offset=0 parallelism=1 span="resolving docker.io/docker/dockerfile:1" spanID=2a8bfc13449a9a02 traceID=7dfc234ae91c4203f910fe9d8956efeb
2026-05-08T22:20:05.8617720Z time="2026-05-08T22:20:01Z" level=debug msg="do request" request.header.accept="application/vnd.oci.image.manifest.v1+json, */*" request.header.accept-encoding="zstd;q=1.0, gzip;q=0.8, deflate;q=0.5" request.header.user-agent=buildkit/v0.29 request.method=GET span="resolving docker.io/docker/dockerfile:1" spanID=2a8bfc13449a9a02 traceID=7dfc234ae91c4203f910fe9d8956efeb
2026-05-08T22:20:05.8622040Z time="2026-05-08T22:20:01Z" level=debug msg="fetch response received" response.header.connection=keep-alive response.header.content-length=1134 response.header.content-type=application/vnd.oci.image.manifest.v1+json response.header.date="Fri, 08 May 2026 22:20:01 GMT" response.header.docker-content-digest="sha256:369c4e6584693f8e13d7a27755a6b10201798e229cdfad5eae04ea5f15a76412" response.header.docker-distribution-api-version=registry/2.0 response.header.docker-ratelimit-source=132.196.94.32 response.header.etag="\"sha256:369c4e6584693f8e13d7a27755a6b10201798e229cdfad5eae04ea5f15a76412\"" response.header.strict-transport-security="max-age=31536000" response.status="200 OK" span="resolving docker.io/docker/dockerfile:1" spanID=2a8bfc13449a9a02 traceID=7dfc234ae91c4203f910fe9d8956efeb
2026-05-08T22:20:05.8625424Z time="2026-05-08T22:20:01Z" level=debug msg=fetch span="resolving docker.io/docker/dockerfile:1" spanID=2a8bfc13449a9a02 traceID=7dfc234ae91c4203f910fe9d8956efeb
2026-05-08T22:20:05.8626667Z time="2026-05-08T22:20:01Z" level=debug msg="fetching layer" chunk_size=0 initial_parallelism=0 offset=0 parallelism=1 span="resolving docker.io/docker/dockerfile:1" spanID=2a8bfc13449a9a02 traceID=7dfc234ae91c4203f910fe9d8956efeb
2026-05-08T22:20:05.8628586Z time="2026-05-08T22:20:01Z" level=debug msg="do request" request.header.accept="application/vnd.oci.image.config.v1+json, */*" request.header.accept-encoding="zstd;q=1.0, gzip;q=0.8, deflate;q=0.5" request.header.user-agent=buildkit/v0.29 request.method=GET span="resolving docker.io/docker/dockerfile:1" spanID=2a8bfc13449a9a02 traceID=7dfc234ae91c4203f910fe9d8956efeb
2026-05-08T22:20:05.8633635Z time="2026-05-08T22:20:01Z" level=debug msg="fetch response received" response.header.accept-ranges=bytes response.header.age=53908 response.header.alt-svc="h3=\":443\"; ma=86400" response.header.connection=keep-alive response.header.content-length=1332 response.header.content-type=application/octet-stream response.header.date="Fri, 08 May 2026 07:21:34 GMT" response.header.etag="\"ff55dd9586de33dd3d03bb6ced354228\"" response.header.last-modified="Tue, 31 Mar 2026 12:43:59 GMT" response.header.server=AmazonS3 response.header.vary=Accept-Encoding response.header.via="1.1 d24ba7b0426dccffa2e67bfb8acc148a.cloudfront.net (CloudFront)" response.header.x-amz-cf-id="JnaNfiTo_D6FSDYyvtGaBB5CykwUc-vP0m5Hfz8_z0LcxFB9S7Brtw==" response.header.x-amz-cf-pop=ORD58-P13 response.header.x-amz-server-side-encryption=AES256 response.header.x-amz-version-id=g5R_gInFDkAnPy4Dalej_8f3cZsxOn3d response.header.x-cache="Hit from cloudfront" response.status="200 OK" span="resolving docker.io/docker/dockerfile:1" spanID=2a8bfc13449a9a02 traceID=7dfc234ae91c4203f910fe9d8956efeb
2026-05-08T22:20:05.8638085Z time="2026-05-08T22:20:01Z" level=debug msg="checked for cached auth handler namespace" cached=true key="docker.io/docker/dockerfile::pull" name=docker.io/docker/dockerfile scope=pull
2026-05-08T22:20:05.8639673Z time="2026-05-08T22:20:01Z" level=debug msg=fetch digest="sha256:2780b5c3bab67f1f76c781860de469442999ed1a0d7992a5efdf2cffc0e3d769" mediatype=application/vnd.oci.image.index.v1+json size=8426 spanID=c6a8b95febb7a727 traceID=7dfc234ae91c4203f910fe9d8956efeb
2026-05-08T22:20:05.8641347Z time="2026-05-08T22:20:01Z" level=debug msg=fetch digest="sha256:369c4e6584693f8e13d7a27755a6b10201798e229cdfad5eae04ea5f15a76412" mediatype=application/vnd.oci.image.manifest.v1+json size=1134 spanID=c6a8b95febb7a727 traceID=7dfc234ae91c4203f910fe9d8956efeb
2026-05-08T22:20:05.8643020Z time="2026-05-08T22:20:01Z" level=debug msg=fetch digest="sha256:14cdce40ae0e938cf7d2d7fe6aa3dec2beb66aa066d6a54356c64fd8af6323c2" mediatype=application/vnd.oci.image.config.v1+json size=1332 spanID=c6a8b95febb7a727 traceID=7dfc234ae91c4203f910fe9d8956efeb
2026-05-08T22:20:05.8644434Z time="2026-05-08T22:20:01Z" level=debug msg="checked for cached auth handler namespace" cached=true key="docker.io/docker/dockerfile::pull" name=docker.io/docker/dockerfile scope=pull
2026-05-08T22:20:05.8645577Z time="2026-05-08T22:20:01Z" level=debug msg="checked for cached auth handler namespace" cached=true key="docker.io/docker/dockerfile::pull" name=docker.io/docker/dockerfile scope=pull
2026-05-08T22:20:05.8647183Z time="2026-05-08T22:20:01Z" level=debug msg=fetch digest="sha256:bcb5d2ab7af67a669c932851c8bb8a26895dda6258900edfd7429d57bfd3592f" mediatype=application/vnd.oci.image.layer.v1.tar+gzip size=14114652 spanID=c6a8b95febb7a727 traceID=7dfc234ae91c4203f910fe9d8956efeb
2026-05-08T22:20:05.8649170Z time="2026-05-08T22:20:01Z" level=debug msg="fetching layer" chunk_size=0 digest="sha256:bcb5d2ab7af67a669c932851c8bb8a26895dda6258900edfd7429d57bfd3592f" initial_parallelism=0 mediatype=application/vnd.oci.image.layer.v1.tar+gzip offset=0 parallelism=1 size=14114652 spanID=c6a8b95febb7a727 traceID=7dfc234ae91c4203f910fe9d8956efeb
2026-05-08T22:20:05.8652716Z time="2026-05-08T22:20:01Z" level=debug msg="do request" digest="sha256:bcb5d2ab7af67a669c932851c8bb8a26895dda6258900edfd7429d57bfd3592f" mediatype=application/vnd.oci.image.layer.v1.tar+gzip request.header.accept="application/vnd.oci.image.layer.v1.tar+gzip, */*" request.header.accept-encoding="zstd;q=1.0, gzip;q=0.8, deflate;q=0.5" request.header.user-agent=buildkit/v0.29 request.method=GET size=14114652 spanID=c6a8b95febb7a727 traceID=7dfc234ae91c4203f910fe9d8956efeb url="https://registry-1.docker.io/v2/docker/dockerfile/blobs/sha256:bcb5d2ab7af67a669c932851c8bb8a26895dda6258900edfd7429d57bfd3592f"
2026-05-08T22:20:05.8659700Z time="2026-05-08T22:20:01Z" level=debug msg="fetch response received" digest="sha256:bcb5d2ab7af67a669c932851c8bb8a26895dda6258900edfd7429d57bfd3592f" mediatype=application/vnd.oci.image.layer.v1.tar+gzip response.header.accept-ranges=bytes response.header.age=60770 response.header.alt-svc="h3=\":443\"; ma=86400" response.header.connection=keep-alive response.header.content-length=14114652 response.header.content-type=application/octet-stream response.header.date="Fri, 08 May 2026 05:27:12 GMT" response.header.etag="\"538b15d8b3a12f2f6384e57752314967\"" response.header.last-modified="Tue, 31 Mar 2026 12:44:00 GMT" response.header.server=AmazonS3 response.header.vary=Accept-Encoding response.header.via="1.1 d24ba7b0426dccffa2e67bfb8acc148a.cloudfront.net (CloudFront)" response.header.x-amz-cf-id="Q037ho6UKi91zlWzT_YvukzgleVY34d2hkmZLTGqSlPr5f18d1xvYQ==" response.header.x-amz-cf-pop=ORD58-P13 response.header.x-amz-server-side-encryption=AES256 response.header.x-amz-storage-class=INTELLIGENT_TIERING response.header.x-amz-version-id=.Zh.b7Sjh46mQugTVKlLE3e5mCDqlJDE response.header.x-cache="Hit from cloudfront" response.status="200 OK" size=14114652 spanID=c6a8b95febb7a727 traceID=7dfc234ae91c4203f910fe9d8956efeb url="https://registry-1.docker.io/v2/docker/dockerfile/blobs/sha256:bcb5d2ab7af67a669c932851c8bb8a26895dda6258900edfd7429d57bfd3592f"
2026-05-08T22:20:05.8665359Z time="2026-05-08T22:20:02Z" level=debug msg=" not found" error="exec: \"igzip\": executable file not found in $PATH"
2026-05-08T22:20:05.8666373Z time="2026-05-08T22:20:02Z" level=debug msg="using unpigz for decompression"
2026-05-08T22:20:05.8668485Z time="2026-05-08T22:20:02Z" level=debug msg="diff applied" d=107.704338ms digest="sha256:bcb5d2ab7af67a669c932851c8bb8a26895dda6258900edfd7429d57bfd3592f" media=application/vnd.oci.image.layer.v1.tar+gzip size=14114652 span=extract spanID=5d341f2c52ee34b9 traceID=7dfc234ae91c4203f910fe9d8956efeb
2026-05-08T22:20:05.8670781Z time="2026-05-08T22:20:02Z" level=debug msg="serving grpc connection" spanID=c6a8b95febb7a727 traceID=7dfc234ae91c4203f910fe9d8956efeb
2026-05-08T22:20:05.8671778Z time="2026-05-08T22:20:02Z" level=debug msg="> creating bcrtspu7p5keiup27q5uu2ncy [/bin/dockerfile-frontend]" spanID=c6a8b95febb7a727 traceID=7dfc234ae91c4203f910fe9d8956efeb
2026-05-08T22:20:05.8673755Z time="2026-05-08T22:20:02Z" level=debug msg="checked for cached auth handler namespace" cached=false key="docker.io/docker/buildx-bin::pull" name=docker.io/docker/buildx-bin scope=pull
2026-05-08T22:20:05.8675740Z time="2026-05-08T22:20:02Z" level=debug msg="checked for cached auth handler namespace" cached=false key="docker.io/library/busybox::pull" name=docker.io/library/busybox scope=pull
2026-05-08T22:20:05.8677907Z time="2026-05-08T22:20:02Z" level=debug msg="checked for cached auth handler namespace" cached=false key="docker.io/library/debian::pull" name=docker.io/library/debian scope=pull
2026-05-08T22:20:05.8680110Z time="2026-05-08T22:20:02Z" level=debug msg="checked for cached auth handler namespace" cached=false key="docker.io/tonistiigi/xx::pull" name=docker.io/tonistiigi/xx scope=pull
2026-05-08T22:20:05.8682097Z time="2026-05-08T22:20:02Z" level=debug msg="checked for cached auth handler namespace" cached=false key="docker.io/library/golang::pull" name=docker.io/library/golang scope=pull
2026-05-08T22:20:05.8684138Z time="2026-05-08T22:20:02Z" level=debug msg="checked for cached auth handler namespace" cached=false key="docker.io/docker/compose-bin::pull" name=docker.io/docker/compose-bin scope=pull
2026-05-08T22:20:05.8686190Z time="2026-05-08T22:20:02Z" level=debug msg="checked for cached auth handler namespace" cached=false key="docker.io/distribution/distribution::pull" name=docker.io/distribution/distribution scope=pull
2026-05-08T22:20:05.8687394Z time="2026-05-08T22:20:02Z" level=debug msg=resolving span="resolving docker.io/docker/buildx-bin:0.33.0" spanID=9e0e8fbad2c5dca0 traceID=7dfc234ae91c4203f910fe9d8956efeb
2026-05-08T22:20:05.8689704Z time="2026-05-08T22:20:02Z" level=debug msg="do request" request.header.accept="application/vnd.docker.distribution.manifest.v2+json, application/vnd.docker.distribution.manifest.list.v2+json, application/vnd.oci.image.manifest.v1+json, application/vnd.oci.image.index.v1+json, */*" request.header.user-agent=buildkit/v0.29 request.method=HEAD span="resolving docker.io/docker/buildx-bin:0.33.0" spanID=9e0e8fbad2c5dca0 traceID=7dfc234ae91c4203f910fe9d8956efeb
2026-05-08T22:20:05.8691834Z time="2026-05-08T22:20:02Z" level=debug msg=resolving span="resolving docker.io/library/busybox:latest" spanID=c3a1cf4b49a0d96c traceID=7dfc234ae91c4203f910fe9d8956efeb
2026-05-08T22:20:05.8693920Z time="2026-05-08T22:20:02Z" level=debug msg="do request" request.header.accept="application/vnd.docker.distribution.manifest.v2+json, application/vnd.docker.distribution.manifest.list.v2+json, application/vnd.oci.image.manifest.v1+json, application/vnd.oci.image.index.v1+json, */*" request.header.user-agent=buildkit/v0.29 request.method=HEAD span="resolving docker.io/library/busybox:latest" spanID=c3a1cf4b49a0d96c traceID=7dfc234ae91c4203f910fe9d8956efeb
2026-05-08T22:20:05.8695979Z time="2026-05-08T22:20:02Z" level=debug msg=resolving span="resolving docker.io/library/debian:bookworm" spanID=75e4ac8f99364719 traceID=7dfc234ae91c4203f910fe9d8956efeb
2026-05-08T22:20:05.8698045Z time="2026-05-08T22:20:02Z" level=debug msg="do request" request.header.accept="application/vnd.docker.distribution.manifest.v2+json, application/vnd.docker.distribution.manifest.list.v2+json, application/vnd.oci.image.manifest.v1+json, application/vnd.oci.image.index.v1+json, */*" request.header.user-agent=buildkit/v0.29 request.method=HEAD span="resolving docker.io/library/debian:bookworm" spanID=75e4ac8f99364719 traceID=7dfc234ae91c4203f910fe9d8956efeb
2026-05-08T22:20:05.8700291Z time="2026-05-08T22:20:02Z" level=debug msg=resolving span="resolving docker.io/tonistiigi/xx:1.9.0" spanID=844e6e2bbd052a3f traceID=7dfc234ae91c4203f910fe9d8956efeb
2026-05-08T22:20:05.8702321Z time="2026-05-08T22:20:02Z" level=debug msg="do request" request.header.accept="application/vnd.docker.distribution.manifest.v2+json, application/vnd.docker.distribution.manifest.list.v2+json, application/vnd.oci.image.manifest.v1+json, application/vnd.oci.image.index.v1+json, */*" request.header.user-agent=buildkit/v0.29 request.method=HEAD span="resolving docker.io/tonistiigi/xx:1.9.0" spanID=844e6e2bbd052a3f traceID=7dfc234ae91c4203f910fe9d8956efeb
2026-05-08T22:20:05.8704392Z time="2026-05-08T22:20:02Z" level=debug msg=resolving span="resolving docker.io/library/golang:1.26.3-bookworm" spanID=33c8fdf241adc1f5 traceID=7dfc234ae91c4203f910fe9d8956efeb
2026-05-08T22:20:05.8706653Z time="2026-05-08T22:20:02Z" level=debug msg="do request" request.header.accept="application/vnd.docker.distribution.manifest.v2+json, application/vnd.docker.distribution.manifest.list.v2+json, application/vnd.oci.image.manifest.v1+json, application/vnd.oci.image.index.v1+json, */*" request.header.user-agent=buildkit/v0.29 request.method=HEAD span="resolving docker.io/library/golang:1.26.3-bookworm" spanID=33c8fdf241adc1f5 traceID=7dfc234ae91c4203f910fe9d8956efeb
2026-05-08T22:20:05.8708734Z time="2026-05-08T22:20:02Z" level=debug msg=resolving span="resolving docker.io/docker/compose-bin:v5.1.3" spanID=b4212718bbde3481 traceID=7dfc234ae91c4203f910fe9d8956efeb
2026-05-08T22:20:05.8711097Z time="2026-05-08T22:20:02Z" level=debug msg="do request" request.header.accept="application/vnd.docker.distribution.manifest.v2+json, application/vnd.docker.distribution.manifest.list.v2+json, application/vnd.oci.image.manifest.v1+json, application/vnd.oci.image.index.v1+json, */*" request.header.user-agent=buildkit/v0.29 request.method=HEAD span="resolving docker.io/docker/compose-bin:v5.1.3" spanID=b4212718bbde3481 traceID=7dfc234ae91c4203f910fe9d8956efeb
2026-05-08T22:20:05.8714790Z time="2026-05-08T22:20:02Z" level=debug msg=resolving span="resolving docker.io/distribution/distribution:3.1.1" spanID=0de706d4686f4b6b traceID=7dfc234ae91c4203f910fe9d8956efeb
2026-05-08T22:20:05.8718511Z time="2026-05-08T22:20:02Z" level=debug msg="do request" request.header.accept="application/vnd.docker.distribution.manifest.v2+json, application/vnd.docker.distribution.manifest.list.v2+json, application/vnd.oci.image.manifest.v1+json, application/vnd.oci.image.index.v1+json, */*" request.header.user-agent=buildkit/v0.29 request.method=HEAD span="resolving docker.io/distribution/distribution:3.1.1" spanID=0de706d4686f4b6b traceID=7dfc234ae91c4203f910fe9d8956efeb
2026-05-08T22:20:05.8724873Z time="2026-05-08T22:20:02Z" level=debug msg="fetch response received" response.header.connection=keep-alive response.header.content-length=160 response.header.content-type=application/json response.header.date="Fri, 08 May 2026 22:20:02 GMT" response.header.docker-distribution-api-version=registry/2.0 response.header.docker-ratelimit-source=132.196.94.32 response.header.strict-transport-security="max-age=31536000" response.header.www-authenticate="***"https://auth.docker.io/token\",service=\"registry.docker.io\",scope=\"repository:docker/buildx-bin:pull\"" response.status="401 Unauthorized" span="resolving docker.io/docker/buildx-bin:0.33.0" spanID=9e0e8fbad2c5dca0 traceID=7dfc234ae91c4203f910fe9d8956efeb
2026-05-08T22:20:05.8729951Z time="2026-05-08T22:20:02Z" level=debug msg=Unauthorized header="***"https://auth.docker.io/token\",service=\"registry.docker.io\",scope=\"repository:docker/buildx-bin:pull\"" span="resolving docker.io/docker/buildx-bin:0.33.0" spanID=9e0e8fbad2c5dca0 traceID=7dfc234ae91c4203f910fe9d8956efeb
2026-05-08T22:20:05.8733898Z time="2026-05-08T22:20:02Z" level=debug msg="do request" request.header.accept="application/vnd.docker.distribution.manifest.v2+json, application/vnd.docker.distribution.manifest.list.v2+json, application/vnd.oci.image.manifest.v1+json, application/vnd.oci.image.index.v1+json, */*" request.header.user-agent=buildkit/v0.29 request.method=HEAD span="resolving docker.io/docker/buildx-bin:0.33.0" spanID=9e0e8fbad2c5dca0 traceID=7dfc234ae91c4203f910fe9d8956efeb
2026-05-08T22:20:05.8738089Z time="2026-05-08T22:20:02Z" level=debug msg="fetch response received" response.header.connection=keep-alive response.header.content-length=158 response.header.content-type=application/json response.header.date="Fri, 08 May 2026 22:20:02 GMT" response.header.docker-distribution-api-version=registry/2.0 response.header.docker-ratelimit-source=132.196.94.32 response.header.strict-transport-security="max-age=31536000" response.header.www-authenticate="***"https://auth.docker.io/token\",service=\"registry.docker.io\",scope=\"repository:library/busybox:pull\"" response.status="401 Unauthorized" span="resolving docker.io/library/busybox:latest" spanID=c3a1cf4b49a0d96c traceID=7dfc234ae91c4203f910fe9d8956efeb
2026-05-08T22:20:05.8741936Z time="2026-05-08T22:20:02Z" level=debug msg=Unauthorized header="***"https://auth.docker.io/token\",service=\"registry.docker.io\",scope=\"repository:library/busybox:pull\"" span="resolving docker.io/library/busybox:latest" spanID=c3a1cf4b49a0d96c traceID=7dfc234ae91c4203f910fe9d8956efeb
2026-05-08T22:20:05.8744435Z time="2026-05-08T22:20:02Z" level=debug msg="do request" request.header.accept="application/vnd.docker.distribution.manifest.v2+json, application/vnd.docker.distribution.manifest.list.v2+json, application/vnd.oci.image.manifest.v1+json, application/vnd.oci.image.index.v1+json, */*" request.header.user-agent=buildkit/v0.29 request.method=HEAD span="resolving docker.io/library/busybox:latest" spanID=c3a1cf4b49a0d96c traceID=7dfc234ae91c4203f910fe9d8956efeb
2026-05-08T22:20:05.8747745Z time="2026-05-08T22:20:02Z" level=info msg="fetch failed" error="failed to authorize: failed to fetch oauth token: Post \"https://auth.docker.io/token\": read tcp 10.1.0.128:44926->172.64.144.78:443: read: connection reset by peer" span="resolving docker.io/library/busybox:latest" spanID=c3a1cf4b49a0d96c traceID=7dfc234ae91c4203f910fe9d8956efeb
2026-05-08T22:20:05.8750071Z time="2026-05-08T22:20:02Z" level=info msg="fetch failed" error="failed to authorize: failed to fetch oauth token: Post \"https://auth.docker.io/token\": read tcp 10.1.0.128:44926->172.64.144.78:443: read: connection reset by peer" span="resolving docker.io/docker/buildx-bin:0.33.0" spanID=9e0e8fbad2c5dca0 traceID=7dfc234ae91c4203f910fe9d8956efeb
2026-05-08T22:20:05.8752178Z time="2026-05-08T22:20:02Z" level=info msg="fetch failed" error="failed to do request: Head \"https://registry-1.docker.io/v2/docker/compose-bin/manifests/v5.1.3\": context canceled" host=registry-1.docker.io span="resolving docker.io/docker/compose-bin:v5.1.3" spanID=b4212718bbde3481 traceID=7dfc234ae91c4203f910fe9d8956efeb
2026-05-08T22:20:05.8754203Z time="2026-05-08T22:20:02Z" level=info msg="fetch failed" error="failed to do request: Head \"https://registry-1.docker.io/v2/tonistiigi/xx/manifests/1.9.0\": context canceled" host=registry-1.docker.io span="resolving docker.io/tonistiigi/xx:1.9.0" spanID=844e6e2bbd052a3f traceID=7dfc234ae91c4203f910fe9d8956efeb
2026-05-08T22:20:05.8756257Z time="2026-05-08T22:20:02Z" level=info msg="fetch failed" error="failed to do request: Head \"https://registry-1.docker.io/v2/library/golang/manifests/1.26.3-bookworm\": context canceled" host=registry-1.docker.io span="resolving docker.io/library/golang:1.26.3-bookworm" spanID=33c8fdf241adc1f5 traceID=7dfc234ae91c4203f910fe9d8956efeb
2026-05-08T22:20:05.8758350Z time="2026-05-08T22:20:02Z" level=info msg="fetch failed" error="failed to do request: Head \"https://registry-1.docker.io/v2/library/debian/manifests/bookworm\": context canceled" host=registry-1.docker.io span="resolving docker.io/library/debian:bookworm" spanID=75e4ac8f99364719 traceID=7dfc234ae91c4203f910fe9d8956efeb
2026-05-08T22:20:05.8761353Z time="2026-05-08T22:20:02Z" level=info msg="fetch failed" error="failed to do request: Head \"https://registry-1.docker.io/v2/distribution/distribution/manifests/3.1.1\": context canceled" host=registry-1.docker.io span="resolving docker.io/distribution/distribution:3.1.1" spanID=0de706d4686f4b6b traceID=7dfc234ae91c4203f910fe9d8956efeb
2026-05-08T22:20:05.8764313Z time="2026-05-08T22:20:02Z" level=error msg="fatal error: busybox: failed to fetch oauth token: Post \"https://auth.docker.io/token\": read tcp 10.1.0.128:44926->172.64.144.78:443: read: connection reset by peer"
2026-05-08T22:20:05.8766215Z panic: busybox: failed to fetch oauth token: Post "https://auth.docker.io/token": read tcp 10.1.0.128:44926->172.64.144.78:443: read: connection reset by peer
2026-05-08T22:20:05.8767125Z 
2026-05-08T22:20:05.8767262Z goroutine 1 [running]:
2026-05-08T22:20:05.8767591Z main.main()
2026-05-08T22:20:05.8768047Z 	/src/frontend/dockerfile/cmd/dockerfile-frontend/main.go:32 +0x233
2026-05-08T22:20:05.8770645Z time="2026-05-08T22:20:02Z" level=error msg="/moby.buildkit.v1.frontend.LLBBridge/Solve returned error: rpc error: code = Unknown desc = failed to fetch oauth token: Post \"https://auth.docker.io/token\": read tcp 10.1.0.128:44926->172.64.144.78:443: read: connection reset by peer" spanID=c6a8b95febb7a727 traceID=7dfc234ae91c4203f910fe9d8956efeb
2026-05-08T22:20:05.8773260Z failed to fetch oauth token: Post "https://auth.docker.io/token": read tcp 10.1.0.128:44926->172.64.144.78:443: read: connection reset by peer
2026-05-08T22:20:05.8774385Z 7 v0.29.0 /usr/bin/buildkitd --debug --allow-insecure-entitlement=network.host
2026-05-08T22:20:05.8775100Z google.golang.org/grpc.(*ClientConn).Invoke
2026-05-08T22:20:05.8775632Z 	/src/vendor/google.golang.org/grpc/call.go:35
2026-05-08T22:20:05.8776496Z github.com/moby/buildkit/session/auth.(*authClient).FetchToken
2026-05-08T22:20:05.8777034Z 	/src/session/auth/auth_grpc.pb.go:59
2026-05-08T22:20:05.8777501Z github.com/moby/buildkit/session/auth.FetchToken.func1
2026-05-08T22:20:05.8777916Z 	/src/session/auth/auth.go:59
2026-05-08T22:20:05.8778185Z github.com/moby/buildkit/session.(*Manager).Any
2026-05-08T22:20:05.8778477Z 	/src/session/group.go:83
2026-05-08T22:20:05.8778855Z github.com/moby/buildkit/session/auth.FetchToken
2026-05-08T22:20:05.8779177Z 	/src/session/auth/auth.go:56
2026-05-08T22:20:05.8779767Z github.com/moby/buildkit/util/resolver.(*authFetcher).fetchToken
2026-05-08T22:20:05.8780129Z 	/src/util/resolver/authorizer.go:341
2026-05-08T22:20:05.8780497Z github.com/moby/buildkit/util/resolver.(*authFetcher).doBearerAuth.func1
2026-05-08T22:20:05.8780876Z 	/src/util/resolver/authorizer.go:307
2026-05-08T22:20:05.8781205Z github.com/moby/buildkit/util/flightcontrol.(*call[...]).run
2026-05-08T22:20:05.8781567Z 	/src/util/flightcontrol/flightcontrol.go:122
2026-05-08T22:20:05.8781841Z sync.(*Once).doSlow
2026-05-08T22:20:05.8782048Z 	/usr/local/go/src/sync/once.go:78
2026-05-08T22:20:05.8782283Z sync.(*Once).Do
2026-05-08T22:20:05.8782485Z 	/usr/local/go/src/sync/once.go:69
2026-05-08T22:20:05.8782717Z runtime.goexit
2026-05-08T22:20:05.8782925Z 	/usr/local/go/src/runtime/asm_amd64.s:1771
2026-05-08T22:20:05.8783115Z 
2026-05-08T22:20:05.8784053Z 5051 v0.34.0-rc1 /home/runner/.docker/cli-plugins/docker-buildx buildx bake https://github.com/moby/moby.git#refs/pull/52589/merge --allow fs=* --set dev.cache-from=type=gha,scope=dev --metadata-file /home/runner/work/_temp/docker-actions-toolkit-olvUQM/bake-metadata-b5648518b9.json dev
2026-05-08T22:20:05.8785293Z github.com/moby/buildkit/session/auth/authprovider.(*authProvider).FetchToken.func2
2026-05-08T22:20:05.8786025Z 	github.com/moby/buildkit@v0.30.0-rc1/session/auth/authprovider/authprovider.go:132
2026-05-08T22:20:05.8786623Z github.com/moby/buildkit/session/auth/authprovider.(*authProvider).FetchToken
2026-05-08T22:20:05.8787140Z 	github.com/moby/buildkit@v0.30.0-rc1/session/auth/authprovider/authprovider.go:156
2026-05-08T22:20:05.8787796Z github.com/moby/buildkit/session/auth._Auth_FetchToken_Handler.func1
2026-05-08T22:20:05.8788351Z 	github.com/moby/buildkit@v0.30.0-rc1/session/auth/auth_grpc.pb.go:166
2026-05-08T22:20:05.8788961Z github.com/moby/buildkit/session/auth._Auth_FetchToken_Handler
2026-05-08T22:20:05.8789729Z 	github.com/moby/buildkit@v0.30.0-rc1/session/auth/auth_grpc.pb.go:168
2026-05-08T22:20:05.8790146Z google.golang.org/grpc.(*Server).processUnaryRPC
2026-05-08T22:20:05.8790472Z 	google.golang.org/grpc@v1.80.0/server.go:1430
2026-05-08T22:20:05.8790782Z google.golang.org/grpc.(*Server).handleStream
2026-05-08T22:20:05.8791198Z 	google.golang.org/grpc@v1.80.0/server.go:1856
2026-05-08T22:20:05.8792946Z google.golang.org/grpc.(*Server).serveStreams.func2.1
2026-05-08T22:20:05.8793469Z 	google.golang.org/grpc@v1.80.0/server.go:1065
2026-05-08T22:20:05.8793881Z runtime.goexit
2026-05-08T22:20:05.8794084Z 	runtime/asm_amd64.s:1771
2026-05-08T22:20:05.8794237Z 
2026-05-08T22:20:05.8794544Z 1 dockerfile/1.23.0 /bin/dockerfile-frontend
2026-05-08T22:20:05.8794865Z google.golang.org/grpc.(*ClientConn).Invoke
2026-05-08T22:20:05.8795300Z 	/src/vendor/google.golang.org/grpc/call.go:35
2026-05-08T22:20:05.8795741Z github.com/moby/buildkit/frontend/gateway/pb.(*lLBBridgeClient).ResolveSourceMeta
2026-05-08T22:20:05.8796498Z 	/src/frontend/gateway/pb/gateway_grpc.pb.go:95
2026-05-08T22:20:05.8797251Z github.com/moby/buildkit/frontend/gateway/grpcclient.(*grpcClient).resolveImageConfigViaSourceMetadata
2026-05-08T22:20:05.8797923Z 	/src/frontend/gateway/grpcclient/client.go:700
2026-05-08T22:20:05.8798410Z github.com/moby/buildkit/frontend/gateway/grpcclient.(*grpcClient).ResolveImageConfig
2026-05-08T22:20:05.8798863Z 	/src/frontend/gateway/grpcclient/client.go:732
2026-05-08T22:20:05.8799552Z github.com/moby/buildkit/frontend/dockerfile/builder.(*withResolveCache).ResolveImageConfig.func1
2026-05-08T22:20:05.8800237Z 	/src/frontend/dockerfile/builder/resolvecache.go:37
2026-05-08T22:20:05.8800657Z github.com/moby/buildkit/util/flightcontrol.(*CachedGroup[...]).Do.func1
2026-05-08T22:20:05.8801054Z 	/src/util/flightcontrol/cached.go:43
2026-05-08T22:20:05.8801393Z github.com/moby/buildkit/util/flightcontrol.(*call[...]).run
2026-05-08T22:20:05.8801744Z 	/src/util/flightcontrol/flightcontrol.go:122
2026-05-08T22:20:05.8801948Z 
2026-05-08T22:20:05.8802161Z 7 v0.29.0 /usr/bin/buildkitd --debug --allow-insecure-entitlement=network.host
2026-05-08T22:20:05.8802651Z github.com/moby/buildkit/frontend/gateway.(*llbBridgeForwarder).Return
2026-05-08T22:20:05.8803024Z 	/src/frontend/gateway/gateway.go:1024
2026-05-08T22:20:05.8803407Z github.com/moby/buildkit/frontend/gateway/pb._LLBBridge_Return_Handler.func1
2026-05-08T22:20:05.8803827Z 	/src/frontend/gateway/pb/gateway_grpc.pb.go:523
2026-05-08T22:20:05.8804217Z github.com/moby/buildkit/frontend/gateway/pb._LLBBridge_Return_Handler
2026-05-08T22:20:05.8804607Z 	/src/frontend/gateway/pb/gateway_grpc.pb.go:525
2026-05-08T22:20:05.8804923Z google.golang.org/grpc.(*Server).processUnaryRPC
2026-05-08T22:20:05.8805243Z 	/src/vendor/google.golang.org/grpc/server.go:1429
2026-05-08T22:20:05.8805810Z google.golang.org/grpc.(*Server).handleStream
2026-05-08T22:20:05.8806121Z 	/src/vendor/google.golang.org/grpc/server.go:1855
2026-05-08T22:20:05.8806588Z google.golang.org/grpc.(*Server).serveStreams.func2.1
2026-05-08T22:20:05.8806931Z 	/src/vendor/google.golang.org/grpc/server.go:1064
2026-05-08T22:20:05.8807011Z runtime.goexit
2026-05-08T22:20:05.8807117Z 	/usr/local/go/src/runtime/asm_amd64.s:1771
2026-05-08T22:20:05.8807122Z 
2026-05-08T22:20:05.8807454Z 7 v0.29.0 /usr/bin/buildkitd --debug --allow-insecure-entitlement=network.host
2026-05-08T22:20:05.8807548Z main.unaryInterceptor
2026-05-08T22:20:05.8807637Z 	/src/cmd/buildkitd/main.go:738
2026-05-08T22:20:05.8807939Z google.golang.org/grpc.NewServer.chainUnaryServerInterceptors.chainUnaryInterceptors.func1
2026-05-08T22:20:05.8808175Z 	/src/vendor/google.golang.org/grpc/server.go:1233
2026-05-08T22:20:05.8808363Z github.com/moby/buildkit/frontend/gateway/pb._LLBBridge_Solve_Handler
2026-05-08T22:20:05.8808478Z 	/src/frontend/gateway/pb/gateway_grpc.pb.go:417
2026-05-08T22:20:05.8808603Z google.golang.org/grpc.(*Server).processUnaryRPC
2026-05-08T22:20:05.8808715Z 	/src/vendor/google.golang.org/grpc/server.go:1429
2026-05-08T22:20:05.8808724Z 
2026-05-08T22:20:05.8808833Z 1 dockerfile/1.23.0 /bin/dockerfile-frontend
2026-05-08T22:20:05.8809123Z github.com/moby/buildkit/frontend/dockerfile/dockerfile2llb.(*dispatchContext).resolveBaseImage
2026-05-08T22:20:05.8809427Z 	/src/frontend/dockerfile/dockerfile2llb/convert.go:684
2026-05-08T22:20:05.8809881Z github.com/moby/buildkit/frontend/dockerfile/dockerfile2llb.(*dispatchContext).resolveReachableStages.func1
2026-05-08T22:20:05.8810020Z 	/src/frontend/dockerfile/dockerfile2llb/convert.go:588
2026-05-08T22:20:05.8810145Z golang.org/x/sync/errgroup.(*Group).Go.func1
2026-05-08T22:20:05.8810403Z 	/src/vendor/golang.org/x/sync/errgroup/errgroup.go:93
2026-05-08T22:20:05.8810488Z runtime.goexit
2026-05-08T22:20:05.8810589Z 	/usr/local/go/src/runtime/asm_amd64.s:1771
2026-05-08T22:20:05.8810594Z 
2026-05-08T22:20:05.8812013Z time="2026-05-08T22:20:02Z" level=error msg="/moby.buildkit.v1.Control/Solve returned error: rpc error: code = Unknown desc = failed to fetch oauth token: Post \"https://auth.docker.io/token\": read tcp 10.1.0.128:44926->172.64.144.78:443: read: connection reset by peer" spanID=63ad859422097947 traceID=7dfc234ae91c4203f910fe9d8956efeb
2026-05-08T22:20:05.8812436Z failed to fetch oauth token: Post "https://auth.docker.io/token": read tcp 10.1.0.128:44926->172.64.144.78:443: read: connection reset by peer
2026-05-08T22:20:05.8812790Z 7 v0.29.0 /usr/bin/buildkitd --debug --allow-insecure-entitlement=network.host
2026-05-08T22:20:05.8812907Z google.golang.org/grpc.(*ClientConn).Invoke
2026-05-08T22:20:05.8813146Z 	/src/vendor/google.golang.org/grpc/call.go:35
2026-05-08T22:20:05.8813311Z github.com/moby/buildkit/session/auth.(*authClient).FetchToken
2026-05-08T22:20:05.8813640Z 	/src/session/auth/auth_grpc.pb.go:59
2026-05-08T22:20:05.8813880Z github.com/moby/buildkit/session/auth.FetchToken.func1
2026-05-08T22:20:05.8814017Z 	/src/session/auth/auth.go:59
2026-05-08T22:20:05.8814190Z github.com/moby/buildkit/session.(*Manager).Any
2026-05-08T22:20:05.8814330Z 	/src/session/group.go:83
2026-05-08T22:20:05.8814518Z github.com/moby/buildkit/session/auth.FetchToken
2026-05-08T22:20:05.8814655Z 	/src/session/auth/auth.go:56
2026-05-08T22:20:05.8814913Z github.com/moby/buildkit/util/resolver.(*authFetcher).fetchToken
2026-05-08T22:20:05.8815058Z 	/src/util/resolver/authorizer.go:341
2026-05-08T22:20:05.8815354Z github.com/moby/buildkit/util/resolver.(*authFetcher).doBearerAuth.func1
2026-05-08T22:20:05.8815502Z 	/src/util/resolver/authorizer.go:307
2026-05-08T22:20:05.8815754Z github.com/moby/buildkit/util/flightcontrol.(*call[...]).run
2026-05-08T22:20:05.8815940Z 	/src/util/flightcontrol/flightcontrol.go:122
2026-05-08T22:20:05.8816069Z sync.(*Once).doSlow
2026-05-08T22:20:05.8816224Z 	/usr/local/go/src/sync/once.go:78
2026-05-08T22:20:05.8816348Z sync.(*Once).Do
2026-05-08T22:20:05.8816718Z 	/usr/local/go/src/sync/once.go:69
2026-05-08T22:20:05.8816841Z runtime.goexit
2026-05-08T22:20:05.8816957Z 	/usr/local/go/src/runtime/asm_amd64.s:1771
2026-05-08T22:20:05.8816962Z 
2026-05-08T22:20:05.8818445Z 5051 v0.34.0-rc1 /home/runner/.docker/cli-plugins/docker-buildx buildx bake https://github.com/moby/moby.git#refs/pull/52589/merge --allow fs=* --set dev.cache-from=type=gha,scope=dev --metadata-file /home/runner/work/_temp/docker-actions-toolkit-olvUQM/bake-metadata-b5648518b9.json dev
2026-05-08T22:20:05.8818566Z google.golang.org/grpc.(*ClientConn).Invoke
2026-05-08T22:20:05.8818678Z 	google.golang.org/grpc@v1.80.0/call.go:35
2026-05-08T22:20:05.8818982Z github.com/moby/buildkit/frontend/gateway/pb.(*lLBBridgeClient).Solve
2026-05-08T22:20:05.8819406Z 	github.com/moby/buildkit@v0.30.0-rc1/frontend/gateway/pb/gateway_grpc.pb.go:105
2026-05-08T22:20:05.8819676Z github.com/moby/buildkit/client.(*gatewayClientForBuild).Solve
2026-05-08T22:20:05.8819833Z 	github.com/moby/buildkit@v0.30.0-rc1/client/build.go:98
2026-05-08T22:20:05.8820032Z github.com/moby/buildkit/frontend/gateway/grpcclient.(*grpcClient).Solve
2026-05-08T22:20:05.8820327Z 	github.com/moby/buildkit@v0.30.0-rc1/frontend/gateway/grpcclient/client.go:415
2026-05-08T22:20:05.8820478Z github.com/docker/buildx/build.solve
2026-05-08T22:20:05.8820600Z 	github.com/docker/buildx/build/build.go:1307
2026-05-08T22:20:05.8820776Z github.com/docker/buildx/build.BuildWithResultHandler.func2.4.2
2026-05-08T22:20:05.8820887Z 	github.com/docker/buildx/build/build.go:605
2026-05-08T22:20:05.8821130Z github.com/moby/buildkit/frontend/gateway/grpcclient.(*grpcClient).Run
2026-05-08T22:20:05.8821414Z 	github.com/moby/buildkit@v0.30.0-rc1/frontend/gateway/grpcclient/client.go:218
2026-05-08T22:20:05.8821552Z github.com/moby/buildkit/client.(*Client).Build.func2
2026-05-08T22:20:05.8821692Z 	github.com/moby/buildkit@v0.30.0-rc1/client/build.go:59
2026-05-08T22:20:05.8821815Z github.com/moby/buildkit/client.(*Client).solve.func3
2026-05-08T22:20:05.8822040Z 	github.com/moby/buildkit@v0.30.0-rc1/client/solve.go:329
2026-05-08T22:20:05.8822190Z golang.org/x/sync/errgroup.(*Group).Go.func1
2026-05-08T22:20:05.8822321Z 	golang.org/x/sync@v0.20.0/errgroup/errgroup.go:93
2026-05-08T22:20:05.8822398Z runtime.goexit
2026-05-08T22:20:05.8822655Z 	runtime/asm_amd64.s:1771
2026-05-08T22:20:05.8822661Z 
2026-05-08T22:20:05.8823011Z 7 v0.29.0 /usr/bin/buildkitd --debug --allow-insecure-entitlement=network.host
2026-05-08T22:20:05.8823239Z github.com/moby/buildkit/frontend/gateway.(*llbBridgeForwarder).Return
2026-05-08T22:20:05.8823336Z 	/src/frontend/gateway/gateway.go:1024
2026-05-08T22:20:05.8823517Z github.com/moby/buildkit/control/gateway.(*GatewayForwarder).Return
2026-05-08T22:20:05.8824176Z 	/src/control/gateway/gateway.go:146
2026-05-08T22:20:05.8824480Z github.com/moby/buildkit/frontend/gateway/pb._LLBBridge_Return_Handler.func1
2026-05-08T22:20:05.8824802Z 	/src/frontend/gateway/pb/gateway_grpc.pb.go:523
2026-05-08T22:20:05.8825033Z google.golang.org/grpc.getChainUnaryHandler.func1
2026-05-08T22:20:05.8825257Z 	/src/vendor/google.golang.org/grpc/server.go:1242
2026-05-08T22:20:05.8825415Z main.unaryInterceptor
2026-05-08T22:20:05.8825574Z 	/src/cmd/buildkitd/main.go:734
2026-05-08T22:20:05.8826064Z google.golang.org/grpc.NewServer.chainUnaryServerInterceptors.chainUnaryInterceptors.func1
2026-05-08T22:20:05.8826247Z 	/src/vendor/google.golang.org/grpc/server.go:1233
2026-05-08T22:20:05.8826441Z github.com/moby/buildkit/frontend/gateway/pb._LLBBridge_Return_Handler
2026-05-08T22:20:05.8826564Z 	/src/frontend/gateway/pb/gateway_grpc.pb.go:525
2026-05-08T22:20:05.8826681Z google.golang.org/grpc.(*Server).processUnaryRPC
2026-05-08T22:20:05.8826871Z 	/src/vendor/google.golang.org/grpc/server.go:1429
2026-05-08T22:20:05.8827063Z google.golang.org/grpc.(*Server).handleStream
2026-05-08T22:20:05.8827184Z 	/src/vendor/google.golang.org/grpc/server.go:1855
2026-05-08T22:20:05.8827319Z google.golang.org/grpc.(*Server).serveStreams.func2.1
2026-05-08T22:20:05.8827433Z 	/src/vendor/google.golang.org/grpc/server.go:1064
2026-05-08T22:20:05.8827511Z runtime.goexit
2026-05-08T22:20:05.8827614Z 	/usr/local/go/src/runtime/asm_amd64.s:1771
2026-05-08T22:20:05.8827619Z 
2026-05-08T22:20:05.8828799Z 5051 v0.34.0-rc1 /home/runner/.docker/cli-plugins/docker-buildx buildx bake https://github.com/moby/moby.git#refs/pull/52589/merge --allow fs=* --set dev.cache-from=type=gha,scope=dev --metadata-file /home/runner/work/_temp/docker-actions-toolkit-olvUQM/bake-metadata-b5648518b9.json dev
2026-05-08T22:20:05.8829060Z github.com/moby/buildkit/session/auth/authprovider.(*authProvider).FetchToken.func2
2026-05-08T22:20:05.8829564Z 	github.com/moby/buildkit@v0.30.0-rc1/session/auth/authprovider/authprovider.go:132
2026-05-08T22:20:05.8829841Z github.com/moby/buildkit/session/auth/authprovider.(*authProvider).FetchToken
2026-05-08T22:20:05.8830057Z 	github.com/moby/buildkit@v0.30.0-rc1/session/auth/authprovider/authprovider.go:156
2026-05-08T22:20:05.8830289Z github.com/moby/buildkit/session/auth._Auth_FetchToken_Handler.func1
2026-05-08T22:20:05.8830655Z 	github.com/moby/buildkit@v0.30.0-rc1/session/auth/auth_grpc.pb.go:166
2026-05-08T22:20:05.8830919Z github.com/moby/buildkit/session/auth._Auth_FetchToken_Handler
2026-05-08T22:20:05.8831243Z 	github.com/moby/buildkit@v0.30.0-rc1/session/auth/auth_grpc.pb.go:168
2026-05-08T22:20:05.8831466Z google.golang.org/grpc.(*Server).processUnaryRPC
2026-05-08T22:20:05.8831670Z 	google.golang.org/grpc@v1.80.0/server.go:1430
2026-05-08T22:20:05.8831792Z google.golang.org/grpc.(*Server).handleStream
2026-05-08T22:20:05.8831907Z 	google.golang.org/grpc@v1.80.0/server.go:1856
2026-05-08T22:20:05.8832044Z google.golang.org/grpc.(*Server).serveStreams.func2.1
2026-05-08T22:20:05.8832190Z 	google.golang.org/grpc@v1.80.0/server.go:1065
2026-05-08T22:20:05.8832353Z runtime.goexit
2026-05-08T22:20:05.8832639Z 	runtime/asm_amd64.s:1771
2026-05-08T22:20:05.8832648Z 
2026-05-08T22:20:05.8832954Z 1 dockerfile/1.23.0 /bin/dockerfile-frontend
2026-05-08T22:20:05.8833251Z google.golang.org/grpc.(*ClientConn).Invoke
2026-05-08T22:20:05.8833570Z 	/src/vendor/google.golang.org/grpc/call.go:35
2026-05-08T22:20:05.8834113Z github.com/moby/buildkit/frontend/gateway/pb.(*lLBBridgeClient).ResolveSourceMeta
2026-05-08T22:20:05.8834858Z 	/src/frontend/gateway/pb/gateway_grpc.pb.go:95
2026-05-08T22:20:05.8835593Z github.com/moby/buildkit/frontend/gateway/grpcclient.(*grpcClient).resolveImageConfigViaSourceMetadata
2026-05-08T22:20:05.8835832Z 	/src/frontend/gateway/grpcclient/client.go:700
2026-05-08T22:20:05.8836116Z github.com/moby/buildkit/frontend/gateway/grpcclient.(*grpcClient).ResolveImageConfig
2026-05-08T22:20:05.8836441Z 	/src/frontend/gateway/grpcclient/client.go:732
2026-05-08T22:20:05.8836916Z github.com/moby/buildkit/frontend/dockerfile/builder.(*withResolveCache).ResolveImageConfig.func1
2026-05-08T22:20:05.8837428Z 	/src/frontend/dockerfile/builder/resolvecache.go:37
2026-05-08T22:20:05.8837707Z github.com/moby/buildkit/util/flightcontrol.(*CachedGroup[...]).Do.func1
2026-05-08T22:20:05.8837836Z 	/src/util/flightcontrol/cached.go:43
2026-05-08T22:20:05.8838187Z github.com/moby/buildkit/util/flightcontrol.(*call[...]).run
2026-05-08T22:20:05.8838425Z 	/src/util/flightcontrol/flightcontrol.go:122
2026-05-08T22:20:05.8838431Z 
2026-05-08T22:20:05.8838763Z 7 v0.29.0 /usr/bin/buildkitd --debug --allow-insecure-entitlement=network.host
2026-05-08T22:20:05.8838988Z main.unaryInterceptor
2026-05-08T22:20:05.8839186Z 	/src/cmd/buildkitd/main.go:738
2026-05-08T22:20:05.8839647Z google.golang.org/grpc.NewServer.chainUnaryServerInterceptors.chainUnaryInterceptors.func1
2026-05-08T22:20:05.8840023Z 	/src/vendor/google.golang.org/grpc/server.go:1233
2026-05-08T22:20:05.8840285Z github.com/moby/buildkit/api/services/control._Control_Solve_Handler
2026-05-08T22:20:05.8840481Z 	/src/api/services/control/control_grpc.pb.go:289
2026-05-08T22:20:05.8840742Z google.golang.org/grpc.(*Server).processUnaryRPC
2026-05-08T22:20:05.8840967Z 	/src/vendor/google.golang.org/grpc/server.go:1429
2026-05-08T22:20:05.8840972Z 
2026-05-08T22:20:05.8854881Z 1 dockerfile/1.23.0 /bin/dockerfile-frontend
2026-05-08T22:20:05.8855230Z github.com/moby/buildkit/frontend/dockerfile/dockerfile2llb.(*dispatchContext).resolveBaseImage
2026-05-08T22:20:05.8855462Z 	/src/frontend/dockerfile/dockerfile2llb/convert.go:684
2026-05-08T22:20:05.8855900Z github.com/moby/buildkit/frontend/dockerfile/dockerfile2llb.(*dispatchContext).resolveReachableStages.func1
2026-05-08T22:20:05.8856051Z 	/src/frontend/dockerfile/dockerfile2llb/convert.go:588
2026-05-08T22:20:05.8856175Z golang.org/x/sync/errgroup.(*Group).Go.func1
2026-05-08T22:20:05.8856388Z 	/src/vendor/golang.org/x/sync/errgroup/errgroup.go:93
2026-05-08T22:20:05.8856526Z runtime.goexit
2026-05-08T22:20:05.8856640Z 	/usr/local/go/src/runtime/asm_amd64.s:1771
2026-05-08T22:20:05.8856646Z 
2026-05-08T22:20:05.8856868Z 7 v0.29.0 /usr/bin/buildkitd --debug --allow-insecure-entitlement=network.host
2026-05-08T22:20:05.8857061Z github.com/moby/buildkit/frontend/gateway.(*llbBridgeForwarder).Return
2026-05-08T22:20:05.8857237Z 	/src/frontend/gateway/gateway.go:1024
2026-05-08T22:20:05.8857512Z github.com/moby/buildkit/frontend/gateway/pb._LLBBridge_Return_Handler.func1
2026-05-08T22:20:05.8857645Z 	/src/frontend/gateway/pb/gateway_grpc.pb.go:523
2026-05-08T22:20:05.8857831Z github.com/moby/buildkit/frontend/gateway/pb._LLBBridge_Return_Handler
2026-05-08T22:20:05.8857952Z 	/src/frontend/gateway/pb/gateway_grpc.pb.go:525
2026-05-08T22:20:05.8857957Z 
2026-05-08T22:20:05.8858464Z time="2026-05-08T22:20:02Z" level=debug msg="session finished: <nil>" spanID=0d9c804e9cc2790b traceID=7dfc234ae91c4203f910fe9d8956efeb
2026-05-08T22:20:05.8858822Z time="2026-05-08T22:20:02Z" level=debug msg="session finished: <nil>" spanID=449d8ba35216107c traceID=18e25bcde7304740e4fd8bd7c4f45ed1
2026-05-08T22:20:05.8859689Z time="2026-05-08T22:20:02Z" level=error msg="/moby.buildkit.v1.Control/Solve returned error: rpc error: code = Canceled desc = context canceled" spanID=2d408a8452090479 traceID=f65494ba9502a849f1ab905062b477cb
2026-05-08T22:20:05.8859895Z Canceled: context canceled
2026-05-08T22:20:05.8860134Z 7 v0.29.0 /usr/bin/buildkitd --debug --allow-insecure-entitlement=network.host
2026-05-08T22:20:05.8860229Z main.unaryInterceptor
2026-05-08T22:20:05.8860633Z 	/src/cmd/buildkitd/main.go:738
2026-05-08T22:20:05.8861056Z google.golang.org/grpc.NewServer.chainUnaryServerInterceptors.chainUnaryInterceptors.func1
2026-05-08T22:20:05.8861192Z 	/src/vendor/google.golang.org/grpc/server.go:1233
2026-05-08T22:20:05.8861385Z github.com/moby/buildkit/api/services/control._Control_Solve_Handler
2026-05-08T22:20:05.8861583Z 	/src/api/services/control/control_grpc.pb.go:289
2026-05-08T22:20:05.8861764Z google.golang.org/grpc.(*Server).processUnaryRPC
2026-05-08T22:20:05.8862052Z 	/src/vendor/google.golang.org/grpc/server.go:1429
2026-05-08T22:20:05.8862171Z google.golang.org/grpc.(*Server).handleStream
2026-05-08T22:20:05.8862283Z 	/src/vendor/google.golang.org/grpc/server.go:1855
2026-05-08T22:20:05.8862555Z google.golang.org/grpc.(*Server).serveStreams.func2.1
2026-05-08T22:20:05.8862685Z 	/src/vendor/google.golang.org/grpc/server.go:1064
2026-05-08T22:20:05.8862762Z runtime.goexit
2026-05-08T22:20:05.8862868Z 	/usr/local/go/src/runtime/asm_amd64.s:1771
2026-05-08T22:20:05.8862873Z 
2026-05-08T22:20:05.8863170Z ##[endgroup]
2026-05-08T22:20:05.8863540Z ##[group]Removing builder
2026-05-08T22:20:05.9156634Z [command]/usr/bin/docker buildx rm builder-bfa6ecd0-f9d3-403b-b3bb-f6a432e64d57
2026-05-08T22:20:06.9176022Z builder-bfa6ecd0-f9d3-403b-b3bb-f6a432e64d57 removed
2026-05-08T22:20:06.9218337Z ##[endgroup]
2026-05-08T22:20:06.9218795Z ##[group]Cleaning up certificates
2026-05-08T22:20:06.9221011Z ##[endgroup]
2026-05-08T22:20:06.9221468Z ##[group]Post cache
2026-05-08T22:20:06.9222955Z State not set
2026-05-08T22:20:06.9223771Z ##[endgroup]
2026-05-08T22:20:06.9366724Z Post job cleanup.
2026-05-08T22:20:07.0212198Z [command]/usr/bin/git version
2026-05-08T22:20:07.0248052Z git version 2.53.0
2026-05-08T22:20:07.0288440Z Temporarily overriding HOME='/home/runner/work/_temp/21c3a916-4daa-4478-aa37-d1b616345955' before making global git config changes
2026-05-08T22:20:07.0290092Z Adding repository directory to the temporary git global config as a safe directory
2026-05-08T22:20:07.0294505Z [command]/usr/bin/git config --global --add safe.directory /home/runner/work/moby/moby
2026-05-08T22:20:07.0324724Z Removing SSH command configuration
2026-05-08T22:20:07.0330953Z [command]/usr/bin/git config --local --name-only --get-regexp core\.sshCommand
2026-05-08T22:20:07.0364602Z [command]/usr/bin/git submodule foreach --recursive sh -c "git config --local --name-only --get-regexp 'core\.sshCommand' && git config --local --unset-all 'core.sshCommand' || :"
2026-05-08T22:20:07.0615318Z Removing HTTP extra header
2026-05-08T22:20:07.0621380Z [command]/usr/bin/git config --local --name-only --get-regexp http\.https\:\/\/github\.com\/\.extraheader
2026-05-08T22:20:07.0654736Z [command]/usr/bin/git submodule foreach --recursive sh -c "git config --local --name-only --get-regexp 'http\.https\:\/\/github\.com\/\.extraheader' && git config --local --unset-all 'http.https://github.com/.extraheader' || :"
2026-05-08T22:20:07.0896476Z Removing includeIf entries pointing to credentials config files
2026-05-08T22:20:07.0903281Z [command]/usr/bin/git config --local --name-only --get-regexp ^includeIf\.gitdir:
2026-05-08T22:20:07.0925956Z includeif.gitdir:/home/runner/work/moby/moby/.git.path
2026-05-08T22:20:07.0926638Z includeif.gitdir:/home/runner/work/moby/moby/.git/worktrees/*.path
2026-05-08T22:20:07.0927056Z includeif.gitdir:/github/workspace/.git.path
2026-05-08T22:20:07.0927423Z includeif.gitdir:/github/workspace/.git/worktrees/*.path
2026-05-08T22:20:07.0935082Z [command]/usr/bin/git config --local --get-all includeif.gitdir:/home/runner/work/moby/moby/.git.path
2026-05-08T22:20:07.0956685Z /home/runner/work/_temp/git-credentials-4ef52646-3be8-4c3e-8fb4-9b1f9618f02a.config
2026-05-08T22:20:07.0967087Z [command]/usr/bin/git config --local --unset includeif.gitdir:/home/runner/work/moby/moby/.git.path /home/runner/work/_temp/git-credentials-4ef52646-3be8-4c3e-8fb4-9b1f9618f02a.config
2026-05-08T22:20:07.1000928Z [command]/usr/bin/git config --local --get-all includeif.gitdir:/home/runner/work/moby/moby/.git/worktrees/*.path
2026-05-08T22:20:07.1023281Z /home/runner/work/_temp/git-credentials-4ef52646-3be8-4c3e-8fb4-9b1f9618f02a.config
2026-05-08T22:20:07.1032767Z [command]/usr/bin/git config --local --unset includeif.gitdir:/home/runner/work/moby/moby/.git/worktrees/*.path /home/runner/work/_temp/git-credentials-4ef52646-3be8-4c3e-8fb4-9b1f9618f02a.config
2026-05-08T22:20:07.1063125Z [command]/usr/bin/git config --local --get-all includeif.gitdir:/github/workspace/.git.path
2026-05-08T22:20:07.1084436Z /github/runner_temp/git-credentials-4ef52646-3be8-4c3e-8fb4-9b1f9618f02a.config
2026-05-08T22:20:07.1092282Z [command]/usr/bin/git config --local --unset includeif.gitdir:/github/workspace/.git.path /github/runner_temp/git-credentials-4ef52646-3be8-4c3e-8fb4-9b1f9618f02a.config
2026-05-08T22:20:07.1122178Z [command]/usr/bin/git config --local --get-all includeif.gitdir:/github/workspace/.git/worktrees/*.path
2026-05-08T22:20:07.1142644Z /github/runner_temp/git-credentials-4ef52646-3be8-4c3e-8fb4-9b1f9618f02a.config
2026-05-08T22:20:07.1152804Z [command]/usr/bin/git config --local --unset includeif.gitdir:/github/workspace/.git/worktrees/*.path /github/runner_temp/git-credentials-4ef52646-3be8-4c3e-8fb4-9b1f9618f02a.config
2026-05-08T22:20:07.1186002Z [command]/usr/bin/git submodule foreach --recursive git config --local --show-origin --name-only --get-regexp remote.origin.url
2026-05-08T22:20:07.1424745Z Removing credentials config '/home/runner/work/_temp/git-credentials-4ef52646-3be8-4c3e-8fb4-9b1f9618f02a.config'
2026-05-08T22:20:07.1559859Z Cleaning up orphan processes
