2026-06-01T15:13:40.4134116Z Current runner version: '2.334.0'
2026-06-01T15:13:40.4172821Z ##[group]Runner Image Provisioner
2026-06-01T15:13:40.4174198Z Hosted Compute Agent
2026-06-01T15:13:40.4175213Z Version: 20260520.533
2026-06-01T15:13:40.4176491Z Commit: 189110e25284a9812c124fd27b339e2fb4f2f9db
2026-06-01T15:13:40.4177855Z Build Date: 2026-05-20T17:44:04Z
2026-06-01T15:13:40.4180091Z Worker ID: {fe07762e-499d-4704-83cd-ba344fde5558}
2026-06-01T15:13:40.4181392Z Azure Region: eastus
2026-06-01T15:13:40.4182446Z ##[endgroup]
2026-06-01T15:13:40.4185505Z ##[group]Operating System
2026-06-01T15:13:40.4186740Z Ubuntu
2026-06-01T15:13:40.4187861Z 24.04.4
2026-06-01T15:13:40.4188906Z LTS
2026-06-01T15:13:40.4190121Z ##[endgroup]
2026-06-01T15:13:40.4191238Z ##[group]Runner Image
2026-06-01T15:13:40.4192332Z Image: ubuntu-24.04
2026-06-01T15:13:40.4193337Z Version: 20260525.161.1
2026-06-01T15:13:40.4195751Z Included Software: https://github.com/actions/runner-images/blob/ubuntu24/20260525.161/images/ubuntu/Ubuntu2404-Readme.md
2026-06-01T15:13:40.4198753Z Image Release: https://github.com/actions/runner-images/releases/tag/ubuntu24%2F20260525.161
2026-06-01T15:13:40.4200874Z ##[endgroup]
2026-06-01T15:13:40.4202878Z ##[group]GITHUB_TOKEN Permissions
2026-06-01T15:13:40.4205948Z Contents: read
2026-06-01T15:13:40.4206982Z Metadata: read
2026-06-01T15:13:40.4208155Z ##[endgroup]
2026-06-01T15:13:40.4211669Z Secret source: Actions
2026-06-01T15:13:40.4213574Z Prepare workflow directory
2026-06-01T15:13:40.4805806Z Prepare all required actions
2026-06-01T15:13:40.4862261Z Getting action download info
2026-06-01T15:13:40.9106994Z Download action repository 'docker/setup-buildx-action@d7f5e7f509e45cec5c76c4d5afdd7de93d0b3df5' (SHA:d7f5e7f509e45cec5c76c4d5afdd7de93d0b3df5)
2026-06-01T15:13:41.2518983Z Download action repository 'docker/bake-action@6614cfa25eff9a0b2b2697efb0b6159e7680d584' (SHA:6614cfa25eff9a0b2b2697efb0b6159e7680d584)
2026-06-01T15:13:41.5140176Z Download action repository 'actions/upload-artifact@043fb46d1a93c77aae656e7c1c64a875d1fc6a0a' (SHA:043fb46d1a93c77aae656e7c1c64a875d1fc6a0a)
2026-06-01T15:13:41.7252361Z Complete job name: build (windows/amd64)
2026-06-01T15:13:41.7910514Z ##[group]Run platform=windows/amd64
2026-06-01T15:13:41.7911207Z [36;1mplatform=windows/amd64[0m
2026-06-01T15:13:41.7911903Z [36;1mecho "PLATFORM_PAIR=${platform//\//-}" >> $GITHUB_ENV[0m
2026-06-01T15:13:41.7942301Z shell: /usr/bin/bash -e {0}
2026-06-01T15:13:41.7943151Z env:
2026-06-01T15:13:41.7943577Z   GO_VERSION: 1.26
2026-06-01T15:13:41.7944055Z   SETUP_BUILDX_VERSION: edge
2026-06-01T15:13:41.7944692Z   SETUP_BUILDKIT_IMAGE: moby/buildkit:latest
2026-06-01T15:13:41.7945279Z   DESTDIR: ./bin
2026-06-01T15:13:41.7945823Z ##[endgroup]
2026-06-01T15:13:41.8232066Z ##[group]Run docker/setup-buildx-action@d7f5e7f509e45cec5c76c4d5afdd7de93d0b3df5
2026-06-01T15:13:41.8233020Z with:
2026-06-01T15:13:41.8233546Z   version: edge
2026-06-01T15:13:41.8234247Z   driver-opts: image=moby/buildkit:latest
2026-06-01T15:13:41.8234939Z   buildkitd-flags: --debug
2026-06-01T15:13:41.8235661Z   driver: docker-container
2026-06-01T15:13:41.8236245Z   use: true
2026-06-01T15:13:41.8236739Z   keep-state: false
2026-06-01T15:13:41.8237382Z   cache-binary: true
2026-06-01T15:13:41.8237934Z   cleanup: true
2026-06-01T15:13:41.8238507Z env:
2026-06-01T15:13:41.8239023Z   GO_VERSION: 1.26
2026-06-01T15:13:41.8239575Z   SETUP_BUILDX_VERSION: edge
2026-06-01T15:13:41.8240694Z   SETUP_BUILDKIT_IMAGE: moby/buildkit:latest
2026-06-01T15:13:41.8241378Z   DESTDIR: ./bin
2026-06-01T15:13:41.8241915Z   PLATFORM_PAIR: windows-amd64
2026-06-01T15:13:41.8242581Z ##[endgroup]
2026-06-01T15:13:42.0634810Z ##[group]Docker info
2026-06-01T15:13:42.0636485Z [command]/usr/bin/docker version
2026-06-01T15:13:42.1952986Z Client: Docker Engine - Community
2026-06-01T15:13:42.1954299Z  Version:           28.0.4
2026-06-01T15:13:42.1954968Z  API version:       1.48
2026-06-01T15:13:42.1955591Z  Go version:        go1.23.7
2026-06-01T15:13:42.1956437Z  Git commit:        b8034c0
2026-06-01T15:13:42.1957998Z  Built:             Tue Mar 25 15:07:16 2025
2026-06-01T15:13:42.1958845Z  OS/Arch:           linux/amd64
2026-06-01T15:13:42.1959509Z  Context:           default
2026-06-01T15:13:42.1960170Z 
2026-06-01T15:13:42.1960462Z Server: Docker Engine - Community
2026-06-01T15:13:42.1961217Z  Engine:
2026-06-01T15:13:42.1961790Z   Version:          28.0.4
2026-06-01T15:13:42.1962482Z   API version:      1.48 (minimum version 1.24)
2026-06-01T15:13:42.1963271Z   Go version:       go1.23.7
2026-06-01T15:13:42.1963918Z   Git commit:       6430e49
2026-06-01T15:13:42.1964722Z   Built:            Tue Mar 25 15:07:16 2025
2026-06-01T15:13:42.1965473Z   OS/Arch:          linux/amd64
2026-06-01T15:13:42.1966120Z   Experimental:     false
2026-06-01T15:13:42.1966843Z  containerd:
2026-06-01T15:13:42.1967383Z   Version:          v2.2.4
2026-06-01T15:13:42.1968171Z   GitCommit:        193637f7ee8ae5f5aa5248f49e7baa3e6164966e
2026-06-01T15:13:42.1968995Z  runc:
2026-06-01T15:13:42.1969501Z   Version:          1.3.5
2026-06-01T15:13:42.1970627Z   GitCommit:        v1.3.5-0-g488fc13e
2026-06-01T15:13:42.1971329Z  docker-init:
2026-06-01T15:13:42.1971912Z   Version:          0.19.0
2026-06-01T15:13:42.1972595Z   GitCommit:        de40ad0
2026-06-01T15:13:42.1988888Z [command]/usr/bin/docker info
2026-06-01T15:13:44.6355843Z Client: Docker Engine - Community
2026-06-01T15:13:44.6357558Z  Version:    28.0.4
2026-06-01T15:13:44.6358052Z  Context:    default
2026-06-01T15:13:44.6358547Z  Debug Mode: false
2026-06-01T15:13:44.6359007Z  Plugins:
2026-06-01T15:13:44.6359466Z   buildx: Docker Buildx (Docker Inc.)
2026-06-01T15:13:44.6360319Z     Version:  v0.34.1
2026-06-01T15:13:44.6361009Z     Path:     /usr/libexec/docker/cli-plugins/docker-buildx
2026-06-01T15:13:44.6361706Z   compose: Docker Compose (Docker Inc.)
2026-06-01T15:13:44.6362276Z     Version:  v2.38.2
2026-06-01T15:13:44.6362835Z     Path:     /usr/libexec/docker/cli-plugins/docker-compose
2026-06-01T15:13:44.6363438Z 
2026-06-01T15:13:44.6363628Z Server:
2026-06-01T15:13:44.6364094Z  Containers: 0
2026-06-01T15:13:44.6364559Z   Running: 0
2026-06-01T15:13:44.6365101Z   Paused: 0
2026-06-01T15:13:44.6365511Z   Stopped: 0
2026-06-01T15:13:44.6365929Z  Images: 6
2026-06-01T15:13:44.6366346Z  Server Version: 28.0.4
2026-06-01T15:13:44.6366830Z  Storage Driver: overlay2
2026-06-01T15:13:44.6367331Z   Backing Filesystem: extfs
2026-06-01T15:13:44.6367874Z   Supports d_type: true
2026-06-01T15:13:44.6368377Z   Using metacopy: false
2026-06-01T15:13:44.6368912Z   Native Overlay Diff: false
2026-06-01T15:13:44.6369426Z   userxattr: false
2026-06-01T15:13:44.6370139Z  Logging Driver: json-file
2026-06-01T15:13:44.6370651Z  Cgroup Driver: systemd
2026-06-01T15:13:44.6371791Z  Cgroup Version: 2
2026-06-01T15:13:44.6372138Z  Plugins:
2026-06-01T15:13:44.6372429Z   Volume: local
2026-06-01T15:13:44.6372747Z   Network: bridge host ipvlan macvlan null overlay
2026-06-01T15:13:44.6373244Z   Log: awslogs fluentd gcplogs gelf journald json-file local splunk syslog
2026-06-01T15:13:44.6373696Z  Swarm: inactive
2026-06-01T15:13:44.6373971Z  Runtimes: io.containerd.runc.v2 runc
2026-06-01T15:13:44.6374310Z  Default Runtime: runc
2026-06-01T15:13:44.6374595Z  Init Binary: docker-init
2026-06-01T15:13:44.6374968Z  containerd version: 193637f7ee8ae5f5aa5248f49e7baa3e6164966e
2026-06-01T15:13:44.6375389Z  runc version: v1.3.5-0-g488fc13e
2026-06-01T15:13:44.6375779Z  init version: de40ad0
2026-06-01T15:13:44.6376302Z  Security Options:
2026-06-01T15:13:44.6376742Z   apparmor
2026-06-01T15:13:44.6377051Z   seccomp
2026-06-01T15:13:44.6377294Z    Profile: builtin
2026-06-01T15:13:44.6377542Z   cgroupns
2026-06-01T15:13:44.6377791Z  Kernel Version: 6.17.0-1015-azure
2026-06-01T15:13:44.6378126Z  Operating System: Ubuntu 24.04.4 LTS
2026-06-01T15:13:44.6378432Z  OSType: linux
2026-06-01T15:13:44.6378711Z  Architecture: x86_64
2026-06-01T15:13:44.6378982Z  CPUs: 4
2026-06-01T15:13:44.6379357Z  Total Memory: 15.61GiB
2026-06-01T15:13:44.6380434Z  Name: runnervm3jyl0
2026-06-01T15:13:44.6381031Z  ID: d0edc0b0-60b3-4f7a-aee7-b8b49cb2e501
2026-06-01T15:13:44.6381989Z  Docker Root Dir: /var/lib/docker
2026-06-01T15:13:44.6382371Z  Debug Mode: false
2026-06-01T15:13:44.6382736Z  Username: githubactions
2026-06-01T15:13:44.6383016Z  Experimental: false
2026-06-01T15:13:44.6383292Z  Insecure Registries:
2026-06-01T15:13:44.6387432Z   ::1/128
2026-06-01T15:13:44.6387773Z   127.0.0.0/8
2026-06-01T15:13:44.6388140Z  Live Restore Enabled: false
2026-06-01T15:13:44.6388405Z 
2026-06-01T15:13:44.6389539Z ##[endgroup]
2026-06-01T15:13:44.7760758Z ##[group]Download buildx from GitHub Releases
2026-06-01T15:13:44.8132048Z Use 0.34.1 version spec cache key for v0.34.1
2026-06-01T15:13:44.9648319Z Cache hit for: buildx-dl-bin-0.34.1-linux-x64
2026-06-01T15:13:45.3328073Z Received 21773634 of 21773634 (100.0%), 64.1 MBs/sec
2026-06-01T15:13:45.3328787Z Cache Size: ~21 MB (21773634 B)
2026-06-01T15:13:45.3359909Z [command]/usr/bin/tar -xf /home/runner/work/_temp/1db3fe21-4219-49b3-b3cd-1d8b2e19a90a/cache.tzst -P -C /home/runner/work/buildkit/buildkit --use-compress-program unzstd
2026-06-01T15:13:45.4473159Z Cache restored successfully
2026-06-01T15:13:45.4485552Z Restored buildx-dl-bin-0.34.1-linux-x64 from GitHub Actions cache
2026-06-01T15:13:45.4853620Z Cached to hosted tool cache /opt/hostedtoolcache/buildx-dl-bin/0.34.1/linux-x64
2026-06-01T15:13:45.4855427Z Copying /opt/hostedtoolcache/buildx-dl-bin/0.34.1/linux-x64/docker-buildx to /home/runner/.docker/buildx/.bin/0.34.1/linux-x64/docker-buildx
2026-06-01T15:13:45.5298873Z Buildx binary found in /home/runner/.docker/buildx/.bin/0.34.1/linux-x64/docker-buildx
2026-06-01T15:13:45.5300182Z ##[endgroup]
2026-06-01T15:13:45.5300859Z ##[group]Install buildx
2026-06-01T15:13:45.5302589Z Docker plugin mode
2026-06-01T15:13:45.6177182Z Fixing perms
2026-06-01T15:13:45.6178070Z Plugin path: /home/runner/.docker/cli-plugins/docker-buildx
2026-06-01T15:13:45.6179328Z ##[endgroup]
2026-06-01T15:13:45.6180217Z ##[group]Buildx version
2026-06-01T15:13:45.6212369Z [command]/usr/bin/docker buildx version
2026-06-01T15:13:45.6700393Z github.com/docker/buildx v0.34.1 e0b0e77d18d3379bc1e0d55f3b37de288d36fe47
2026-06-01T15:13:45.6719128Z ##[endgroup]
2026-06-01T15:13:45.6872665Z ##[group]Inspecting default docker context
2026-06-01T15:13:45.7012716Z [
2026-06-01T15:13:45.7013086Z   {
2026-06-01T15:13:45.7013391Z     "Name": "default",
2026-06-01T15:13:45.7013731Z     "Metadata": {},
2026-06-01T15:13:45.7014008Z     "Endpoints": {
2026-06-01T15:13:45.7014248Z       "docker": {
2026-06-01T15:13:45.7014493Z         "Host": "unix:///var/run/docker.sock",
2026-06-01T15:13:45.7014810Z         "SkipTLSVerify": false
2026-06-01T15:13:45.7015062Z       }
2026-06-01T15:13:45.7015253Z     },
2026-06-01T15:13:45.7015917Z     "TLSMaterial": {},
2026-06-01T15:13:45.7016156Z     "Storage": {
2026-06-01T15:13:45.7016375Z       "MetadataPath": "<IN MEMORY>",
2026-06-01T15:13:45.7016650Z       "TLSPath": "<IN MEMORY>"
2026-06-01T15:13:45.7016880Z     }
2026-06-01T15:13:45.7017055Z   }
2026-06-01T15:13:45.7017223Z ]
2026-06-01T15:13:45.7017699Z ##[endgroup]
2026-06-01T15:13:45.7018071Z ##[group]Creating a new builder instance
2026-06-01T15:13:45.8070512Z [command]/usr/bin/docker buildx create --name builder-e8add0e5-80d5-4b27-bfaa-04c82d97fe20 --driver docker-container --driver-opt image=moby/buildkit:latest --buildkitd-flags --debug --use
2026-06-01T15:13:45.8603398Z builder-e8add0e5-80d5-4b27-bfaa-04c82d97fe20
2026-06-01T15:13:45.8619960Z ##[endgroup]
2026-06-01T15:13:45.8620874Z ##[group]Booting builder
2026-06-01T15:13:45.8649897Z [command]/usr/bin/docker buildx inspect --bootstrap --builder builder-e8add0e5-80d5-4b27-bfaa-04c82d97fe20
2026-06-01T15:13:45.9209562Z #1 [internal] booting buildkit
2026-06-01T15:13:46.0716220Z #1 pulling image moby/buildkit:latest
2026-06-01T15:13:47.9563498Z #1 pulling image moby/buildkit:latest 2.0s done
2026-06-01T15:13:48.1070796Z #1 creating container buildx_buildkit_builder-e8add0e5-80d5-4b27-bfaa-04c82d97fe200
2026-06-01T15:13:48.3881299Z #1 creating container buildx_buildkit_builder-e8add0e5-80d5-4b27-bfaa-04c82d97fe200 0.4s done
2026-06-01T15:13:48.3897766Z #1 DONE 2.5s
2026-06-01T15:13:48.4216908Z Name:          builder-e8add0e5-80d5-4b27-bfaa-04c82d97fe20
2026-06-01T15:13:48.4217607Z Driver:        docker-container
2026-06-01T15:13:48.4242513Z Last Activity: 2026-06-01 15:13:45 +0000 UTC
2026-06-01T15:13:48.4247617Z 
2026-06-01T15:13:48.4248230Z Nodes:
2026-06-01T15:13:48.4249103Z Name:                  builder-e8add0e5-80d5-4b27-bfaa-04c82d97fe200
2026-06-01T15:13:48.4250646Z Endpoint:              unix:///var/run/docker.sock
2026-06-01T15:13:48.4251723Z Driver Options:        image="moby/buildkit:latest"
2026-06-01T15:13:48.4252714Z Status:                running
2026-06-01T15:13:48.4253787Z BuildKit daemon flags: --debug --allow-insecure-entitlement=network.host
2026-06-01T15:13:48.4254812Z BuildKit version:      v0.30.0
2026-06-01T15:13:48.4255890Z Platforms:             linux/amd64, linux/amd64/v2, linux/amd64/v3, linux/386
2026-06-01T15:13:48.4257161Z Labels:
2026-06-01T15:13:48.4258496Z  org.mobyproject.buildkit.worker.executor:         oci
2026-06-01T15:13:48.4259703Z  org.mobyproject.buildkit.worker.hostname:         f6566a7529c1
2026-06-01T15:13:48.4261509Z  org.mobyproject.buildkit.worker.network:          host
2026-06-01T15:13:48.4262906Z  org.mobyproject.buildkit.worker.oci.process-mode: sandbox
2026-06-01T15:13:48.4264492Z  org.mobyproject.buildkit.worker.selinux.enabled:  false
2026-06-01T15:13:48.4265933Z  org.mobyproject.buildkit.worker.snapshotter:      overlayfs
2026-06-01T15:13:48.4267209Z GC Policy rule#0:
2026-06-01T15:13:48.4268231Z  All:            false
2026-06-01T15:13:48.4269601Z  Filters:        type==source.local,type==exec.cachemount,type==source.git.checkout
2026-06-01T15:13:48.4271067Z  Keep Duration:  48h0m0s
2026-06-01T15:13:48.4272452Z  Max Used Space: 488.3MiB
2026-06-01T15:13:48.4273518Z GC Policy rule#1:
2026-06-01T15:13:48.4274415Z  All:            false
2026-06-01T15:13:48.4274805Z  Keep Duration:  1440h0m0s
2026-06-01T15:13:48.4275227Z  Reserved Space: 9.313GiB
2026-06-01T15:13:48.4275657Z  Max Used Space: 93.13GiB
2026-06-01T15:13:48.4277074Z  Min Free Space: 27.01GiB
2026-06-01T15:13:48.4277481Z GC Policy rule#2:
2026-06-01T15:13:48.4277853Z  All:            false
2026-06-01T15:13:48.4278227Z  Reserved Space: 9.313GiB
2026-06-01T15:13:48.4278634Z  Max Used Space: 93.13GiB
2026-06-01T15:13:48.4279092Z  Min Free Space: 27.01GiB
2026-06-01T15:13:48.4280957Z GC Policy rule#3:
2026-06-01T15:13:48.4294707Z  All:            true
2026-06-01T15:13:48.4295512Z  Reserved Space: 9.313GiB
2026-06-01T15:13:48.4295995Z  Max Used Space: 93.13GiB
2026-06-01T15:13:48.4296783Z  Min Free Space: 27.01GiB
2026-06-01T15:13:48.4297591Z ##[endgroup]
2026-06-01T15:13:48.5157186Z ##[group]Inspect builder
2026-06-01T15:13:48.5158298Z {
2026-06-01T15:13:48.5159179Z   "nodes": [
2026-06-01T15:13:48.5160504Z     {
2026-06-01T15:13:48.5161275Z       "name": "builder-e8add0e5-80d5-4b27-bfaa-04c82d97fe200",
2026-06-01T15:13:48.5162186Z       "endpoint": "unix:///var/run/docker.sock",
2026-06-01T15:13:48.5162701Z       "driver-opts": [
2026-06-01T15:13:48.5163256Z         "image=moby/buildkit:latest"
2026-06-01T15:13:48.5163928Z       ],
2026-06-01T15:13:48.5164375Z       "status": "running",
2026-06-01T15:13:48.5164900Z       "buildkitd-flags": "--debug --allow-insecure-entitlement=network.host",
2026-06-01T15:13:48.5165443Z       "buildkit": "v0.30.0",
2026-06-01T15:13:48.5165917Z       "platforms": "linux/amd64,linux/amd64/v2,linux/amd64/v3,linux/386",
2026-06-01T15:13:48.5166419Z       "features": {
2026-06-01T15:13:48.5166882Z         "Automatically load images to the Docker Engine image store": true,
2026-06-01T15:13:48.5167408Z         "Cache export": true,
2026-06-01T15:13:48.5167798Z         "Direct push": true,
2026-06-01T15:13:48.5168174Z         "Docker exporter": true,
2026-06-01T15:13:48.5168563Z         "Multi-platform build": true,
2026-06-01T15:13:48.5168966Z         "OCI exporter": true
2026-06-01T15:13:48.5169313Z       },
2026-06-01T15:13:48.5169623Z       "labels": {
2026-06-01T15:13:48.5171264Z         "org.mobyproject.buildkit.worker.executor": "oci",
2026-06-01T15:13:48.5172016Z         "org.mobyproject.buildkit.worker.hostname": "f6566a7529c1",
2026-06-01T15:13:48.5172547Z         "org.mobyproject.buildkit.worker.network": "host",
2026-06-01T15:13:48.5172979Z         "org.mobyproject.buildkit.worker.oci.process-mode": "sandbox",
2026-06-01T15:13:48.5173439Z         "org.mobyproject.buildkit.worker.selinux.enabled": "false",
2026-06-01T15:13:48.5173879Z         "org.mobyproject.buildkit.worker.snapshotter": "overlayfs"
2026-06-01T15:13:48.5174237Z       },
2026-06-01T15:13:48.5175031Z       "gcPolicy": [
2026-06-01T15:13:48.5175307Z         {
2026-06-01T15:13:48.5175500Z           "all": false,
2026-06-01T15:13:48.5175716Z           "filter": [
2026-06-01T15:13:48.5175948Z             "type==source.local",
2026-06-01T15:13:48.5176213Z             "type==exec.cachemount",
2026-06-01T15:13:48.5176491Z             "type==source.git.checkout"
2026-06-01T15:13:48.5176757Z           ],
2026-06-01T15:13:48.5176976Z           "keepDuration": "48h0m0s",
2026-06-01T15:13:48.5177242Z           "maxUsedSpace": "488.3MiB"
2026-06-01T15:13:48.5177477Z         },
2026-06-01T15:13:48.5177656Z         {
2026-06-01T15:13:48.5177831Z           "all": false,
2026-06-01T15:13:48.5178053Z           "keepDuration": "1440h0m0s",
2026-06-01T15:13:48.5178318Z           "reservedSpace": "9.313GiB",
2026-06-01T15:13:48.5178573Z           "maxUsedSpace": "93.13GiB",
2026-06-01T15:13:48.5178840Z           "minFreeSpace": "27.01GiB"
2026-06-01T15:13:48.5179078Z         },
2026-06-01T15:13:48.5179253Z         {
2026-06-01T15:13:48.5179423Z           "all": false,
2026-06-01T15:13:48.5179667Z           "reservedSpace": "9.313GiB",
2026-06-01T15:13:48.5180354Z           "maxUsedSpace": "93.13GiB",
2026-06-01T15:13:48.5180818Z           "minFreeSpace": "27.01GiB"
2026-06-01T15:13:48.5181071Z         },
2026-06-01T15:13:48.5181238Z         {
2026-06-01T15:13:48.5181410Z           "all": true,
2026-06-01T15:13:48.5181632Z           "reservedSpace": "9.313GiB",
2026-06-01T15:13:48.5181886Z           "maxUsedSpace": "93.13GiB",
2026-06-01T15:13:48.5182142Z           "minFreeSpace": "27.01GiB"
2026-06-01T15:13:48.5182374Z         }
2026-06-01T15:13:48.5182543Z       ]
2026-06-01T15:13:48.5182723Z     }
2026-06-01T15:13:48.5182893Z   ],
2026-06-01T15:13:48.5183142Z   "name": "builder-e8add0e5-80d5-4b27-bfaa-04c82d97fe20",
2026-06-01T15:13:48.5183482Z   "driver": "docker-container",
2026-06-01T15:13:48.5183744Z   "lastActivity": "2026-06-01T15:13:45.000Z"
2026-06-01T15:13:48.5184039Z }
2026-06-01T15:13:48.5184491Z ##[endgroup]
2026-06-01T15:13:48.5184837Z ##[group]BuildKit version
2026-06-01T15:13:48.5185323Z builder-e8add0e5-80d5-4b27-bfaa-04c82d97fe200: v0.30.0
2026-06-01T15:13:48.5185791Z ##[endgroup]
2026-06-01T15:13:48.5378297Z ##[group]Run docker/bake-action@6614cfa25eff9a0b2b2697efb0b6159e7680d584
2026-06-01T15:13:48.5378834Z with:
2026-06-01T15:13:48.5379261Z   provenance: false
2026-06-01T15:13:48.5379590Z   targets: binaries-for-test
2026-06-01T15:13:48.5383913Z   set: *.platform=windows/amd64
*.cache-from=type=gha,scope=binaries-for-test-windows-amd64
*.cache-to=type=gha,scope=binaries-for-test-windows-amd64,repository=moby/buildkit,ghtoken=***

2026-06-01T15:13:48.5384851Z   no-cache: false
2026-06-01T15:13:48.5385190Z   pull: false
2026-06-01T15:13:48.5385498Z   load: false
2026-06-01T15:13:48.5385804Z   push: false
2026-06-01T15:13:48.5388994Z   github-token: ***
2026-06-01T15:13:48.5389344Z env:
2026-06-01T15:13:48.5389881Z   GO_VERSION: 1.26
2026-06-01T15:13:48.5390302Z   SETUP_BUILDX_VERSION: edge
2026-06-01T15:13:48.5390688Z   SETUP_BUILDKIT_IMAGE: moby/buildkit:latest
2026-06-01T15:13:48.5391145Z   DESTDIR: ./bin
2026-06-01T15:13:48.5391498Z   PLATFORM_PAIR: windows-amd64
2026-06-01T15:13:48.5391988Z ##[endgroup]
2026-06-01T15:13:48.8288130Z ##[group]GitHub Actions runtime token ACs
2026-06-01T15:13:48.8296618Z refs/heads/master: read/write
2026-06-01T15:13:48.8297825Z ##[endgroup]
2026-06-01T15:13:48.8299022Z ##[group]Docker info
2026-06-01T15:13:48.8338792Z [command]/usr/bin/docker version
2026-06-01T15:13:48.8557804Z Client: Docker Engine - Community
2026-06-01T15:13:48.8563766Z  Version:           28.0.4
2026-06-01T15:13:48.8567774Z  API version:       1.48
2026-06-01T15:13:48.8568410Z  Go version:        go1.23.7
2026-06-01T15:13:48.8568958Z  Git commit:        b8034c0
2026-06-01T15:13:48.8569439Z  Built:             Tue Mar 25 15:07:16 2025
2026-06-01T15:13:48.8570201Z  OS/Arch:           linux/amd64
2026-06-01T15:13:48.8570647Z  Context:           default
2026-06-01T15:13:48.8570927Z 
2026-06-01T15:13:48.8571134Z Server: Docker Engine - Community
2026-06-01T15:13:48.8571581Z  Engine:
2026-06-01T15:13:48.8571933Z   Version:          28.0.4
2026-06-01T15:13:48.8572466Z   API version:      1.48 (minimum version 1.24)
2026-06-01T15:13:48.8573005Z   Go version:       go1.23.7
2026-06-01T15:13:48.8573440Z   Git commit:       6430e49
2026-06-01T15:13:48.8573900Z   Built:            Tue Mar 25 15:07:16 2025
2026-06-01T15:13:48.8574439Z   OS/Arch:          linux/amd64
2026-06-01T15:13:48.8574899Z   Experimental:     false
2026-06-01T15:13:48.8575312Z  containerd:
2026-06-01T15:13:48.8575678Z   Version:          v2.2.4
2026-06-01T15:13:48.8576227Z   GitCommit:        193637f7ee8ae5f5aa5248f49e7baa3e6164966e
2026-06-01T15:13:48.8576826Z  runc:
2026-06-01T15:13:48.8577163Z   Version:          1.3.5
2026-06-01T15:13:48.8577589Z   GitCommit:        v1.3.5-0-g488fc13e
2026-06-01T15:13:48.8578067Z  docker-init:
2026-06-01T15:13:48.8578426Z   Version:          0.19.0
2026-06-01T15:13:48.8578845Z   GitCommit:        de40ad0
2026-06-01T15:13:48.8632597Z [command]/usr/bin/docker info
2026-06-01T15:13:48.9373585Z Client: Docker Engine - Community
2026-06-01T15:13:48.9374088Z  Version:    28.0.4
2026-06-01T15:13:48.9374512Z  Context:    default
2026-06-01T15:13:48.9374912Z  Debug Mode: false
2026-06-01T15:13:48.9375298Z  Plugins:
2026-06-01T15:13:48.9376017Z   buildx: Docker Buildx (Docker Inc.)
2026-06-01T15:13:48.9376511Z     Version:  v0.34.1
2026-06-01T15:13:48.9377005Z     Path:     /home/runner/.docker/cli-plugins/docker-buildx
2026-06-01T15:13:48.9377596Z   compose: Docker Compose (Docker Inc.)
2026-06-01T15:13:48.9378062Z     Version:  v2.38.2
2026-06-01T15:13:48.9378536Z     Path:     /usr/libexec/docker/cli-plugins/docker-compose
2026-06-01T15:13:48.9378956Z 
2026-06-01T15:13:48.9379091Z Server:
2026-06-01T15:13:48.9379414Z  Containers: 1
2026-06-01T15:13:48.9380059Z   Running: 1
2026-06-01T15:13:48.9380398Z   Paused: 0
2026-06-01T15:13:48.9380721Z   Stopped: 0
2026-06-01T15:13:48.9381043Z  Images: 7
2026-06-01T15:13:48.9381381Z  Server Version: 28.0.4
2026-06-01T15:13:48.9381764Z  Storage Driver: overlay2
2026-06-01T15:13:48.9382176Z   Backing Filesystem: extfs
2026-06-01T15:13:48.9382954Z   Supports d_type: true
2026-06-01T15:13:48.9383353Z   Using metacopy: false
2026-06-01T15:13:48.9383747Z   Native Overlay Diff: false
2026-06-01T15:13:48.9384143Z   userxattr: false
2026-06-01T15:13:48.9384501Z  Logging Driver: json-file
2026-06-01T15:13:48.9384902Z  Cgroup Driver: systemd
2026-06-01T15:13:48.9385272Z  Cgroup Version: 2
2026-06-01T15:13:48.9385602Z  Plugins:
2026-06-01T15:13:48.9385959Z   Volume: local
2026-06-01T15:13:48.9386367Z   Network: bridge host ipvlan macvlan null overlay
2026-06-01T15:13:48.9387089Z   Log: awslogs fluentd gcplogs gelf journald json-file local splunk syslog
2026-06-01T15:13:48.9387745Z  Swarm: inactive
2026-06-01T15:13:48.9388132Z  Runtimes: io.containerd.runc.v2 runc
2026-06-01T15:13:48.9388610Z  Default Runtime: runc
2026-06-01T15:13:48.9388985Z  Init Binary: docker-init
2026-06-01T15:13:48.9389513Z  containerd version: 193637f7ee8ae5f5aa5248f49e7baa3e6164966e
2026-06-01T15:13:48.9390355Z  runc version: v1.3.5-0-g488fc13e
2026-06-01T15:13:48.9390802Z  init version: de40ad0
2026-06-01T15:13:48.9391203Z  Security Options:
2026-06-01T15:13:48.9391564Z   apparmor
2026-06-01T15:13:48.9391909Z   seccomp
2026-06-01T15:13:48.9392331Z    Profile: builtin
2026-06-01T15:13:48.9392726Z   cgroupns
2026-06-01T15:13:48.9393353Z  Kernel Version: 6.17.0-1015-azure
2026-06-01T15:13:48.9393851Z  Operating System: Ubuntu 24.04.4 LTS
2026-06-01T15:13:48.9394305Z  OSType: linux
2026-06-01T15:13:48.9394652Z  Architecture: x86_64
2026-06-01T15:13:48.9395013Z  CPUs: 4
2026-06-01T15:13:48.9395350Z  Total Memory: 15.61GiB
2026-06-01T15:13:48.9395743Z  Name: runnervm3jyl0
2026-06-01T15:13:48.9396133Z  ID: d0edc0b0-60b3-4f7a-aee7-b8b49cb2e501
2026-06-01T15:13:48.9396594Z  Docker Root Dir: /var/lib/docker
2026-06-01T15:13:48.9397008Z  Debug Mode: false
2026-06-01T15:13:48.9397381Z  Username: githubactions
2026-06-01T15:13:48.9397782Z  Experimental: false
2026-06-01T15:13:48.9398162Z  Insecure Registries:
2026-06-01T15:13:48.9398548Z   ::1/128
2026-06-01T15:13:48.9398866Z   127.0.0.0/8
2026-06-01T15:13:48.9399221Z  Live Restore Enabled: false
2026-06-01T15:13:48.9399492Z 
2026-06-01T15:13:48.9400648Z ##[endgroup]
2026-06-01T15:13:48.9401316Z ##[group]Proxy configuration
2026-06-01T15:13:48.9401803Z No proxy configuration found
2026-06-01T15:13:48.9402520Z ##[endgroup]
2026-06-01T15:13:48.9924305Z ##[group]Buildx version
2026-06-01T15:13:48.9947045Z [command]/usr/bin/docker buildx version
2026-06-01T15:13:49.0423875Z github.com/docker/buildx v0.34.1 e0b0e77d18d3379bc1e0d55f3b37de288d36fe47
2026-06-01T15:13:49.0444397Z ##[endgroup]
2026-06-01T15:13:49.0445037Z ##[group]Builder info
2026-06-01T15:13:49.1292158Z {
2026-06-01T15:13:49.1292543Z   "nodes": [
2026-06-01T15:13:49.1292910Z     {
2026-06-01T15:13:49.1293308Z       "name": "builder-e8add0e5-80d5-4b27-bfaa-04c82d97fe200",
2026-06-01T15:13:49.1293722Z       "endpoint": "unix:///var/run/docker.sock",
2026-06-01T15:13:49.1294036Z       "driver-opts": [
2026-06-01T15:13:49.1294270Z         "image=moby/buildkit:latest"
2026-06-01T15:13:49.1294544Z       ],
2026-06-01T15:13:49.1294763Z       "status": "running",
2026-06-01T15:13:49.1295147Z       "buildkitd-flags": "--debug --allow-insecure-entitlement=network.host",
2026-06-01T15:13:49.1295550Z       "buildkit": "v0.30.0",
2026-06-01T15:13:49.1295905Z       "platforms": "linux/amd64,linux/amd64/v2,linux/amd64/v3,linux/386",
2026-06-01T15:13:49.1296268Z       "features": {
2026-06-01T15:13:49.1296584Z         "Automatically load images to the Docker Engine image store": true,
2026-06-01T15:13:49.1296966Z         "Cache export": true,
2026-06-01T15:13:49.1297213Z         "Direct push": true,
2026-06-01T15:13:49.1297453Z         "Docker exporter": true,
2026-06-01T15:13:49.1297718Z         "Multi-platform build": true,
2026-06-01T15:13:49.1297984Z         "OCI exporter": true
2026-06-01T15:13:49.1298203Z       },
2026-06-01T15:13:49.1298420Z       "labels": {
2026-06-01T15:13:49.1298839Z         "org.mobyproject.buildkit.worker.executor": "oci",
2026-06-01T15:13:49.1299580Z         "org.mobyproject.buildkit.worker.hostname": "f6566a7529c1",
2026-06-01T15:13:49.1300829Z         "org.mobyproject.buildkit.worker.network": "host",
2026-06-01T15:13:49.1301286Z         "org.mobyproject.buildkit.worker.oci.process-mode": "sandbox",
2026-06-01T15:13:49.1301775Z         "org.mobyproject.buildkit.worker.selinux.enabled": "false",
2026-06-01T15:13:49.1302240Z         "org.mobyproject.buildkit.worker.snapshotter": "overlayfs"
2026-06-01T15:13:49.1302587Z       },
2026-06-01T15:13:49.1302769Z       "gcPolicy": [
2026-06-01T15:13:49.1302976Z         {
2026-06-01T15:13:49.1303316Z           "all": false,
2026-06-01T15:13:49.1303555Z           "filter": [
2026-06-01T15:13:49.1303776Z             "type==source.local",
2026-06-01T15:13:49.1304039Z             "type==exec.cachemount",
2026-06-01T15:13:49.1304313Z             "type==source.git.checkout"
2026-06-01T15:13:49.1304564Z           ],
2026-06-01T15:13:49.1304768Z           "keepDuration": "48h0m0s",
2026-06-01T15:13:49.1305039Z           "maxUsedSpace": "488.3MiB"
2026-06-01T15:13:49.1305283Z         },
2026-06-01T15:13:49.1305457Z         {
2026-06-01T15:13:49.1305633Z           "all": false,
2026-06-01T15:13:49.1305860Z           "keepDuration": "1440h0m0s",
2026-06-01T15:13:49.1306272Z           "reservedSpace": "9.313GiB",
2026-06-01T15:13:49.1306728Z           "maxUsedSpace": "93.13GiB",
2026-06-01T15:13:49.1306990Z           "minFreeSpace": "27.01GiB"
2026-06-01T15:13:49.1307228Z         },
2026-06-01T15:13:49.1307407Z         {
2026-06-01T15:13:49.1307589Z           "all": false,
2026-06-01T15:13:49.1307811Z           "reservedSpace": "9.313GiB",
2026-06-01T15:13:49.1308074Z           "maxUsedSpace": "93.13GiB",
2026-06-01T15:13:49.1308326Z           "minFreeSpace": "27.01GiB"
2026-06-01T15:13:49.1308568Z         },
2026-06-01T15:13:49.1308742Z         {
2026-06-01T15:13:49.1308914Z           "all": true,
2026-06-01T15:13:49.1309291Z           "reservedSpace": "9.313GiB",
2026-06-01T15:13:49.1309562Z           "maxUsedSpace": "93.13GiB",
2026-06-01T15:13:49.1310257Z           "minFreeSpace": "27.01GiB"
2026-06-01T15:13:49.1310557Z         }
2026-06-01T15:13:49.1310734Z       ]
2026-06-01T15:13:49.1310904Z     }
2026-06-01T15:13:49.1311066Z   ],
2026-06-01T15:13:49.1311320Z   "name": "builder-e8add0e5-80d5-4b27-bfaa-04c82d97fe20",
2026-06-01T15:13:49.1311674Z   "driver": "docker-container",
2026-06-01T15:13:49.1311955Z   "lastActivity": "2026-06-01T15:13:45.000Z"
2026-06-01T15:13:49.1312277Z }
2026-06-01T15:13:49.1312953Z ##[endgroup]
2026-06-01T15:13:49.1313564Z ##[group]Parsing raw definition
2026-06-01T15:13:49.1336369Z [command]/usr/bin/docker buildx bake https://github.com/moby/buildkit.git#ac2615479413ee4a103ee86de56ddeac5c7897cb --set *.platform=windows/amd64 --set *.cache-from=type=gha,scope=binaries-for-test-windows-amd64 --set *.cache-to=type=gha,scope=binaries-for-test-windows-amd64,repository=moby/buildkit,ghtoken=*** --provenance false --print binaries-for-test
2026-06-01T15:13:49.2238159Z #0 building with "builder-e8add0e5-80d5-4b27-bfaa-04c82d97fe20" instance using docker-container driver
2026-06-01T15:13:49.2243814Z 
2026-06-01T15:13:49.2244678Z #1 [internal] load git source https://github.com/moby/buildkit.git#ac2615479413ee4a103ee86de56ddeac5c7897cb
2026-06-01T15:13:49.3921047Z #1 0.015 Initialized empty Git repository in /var/lib/buildkit/runc-overlayfs/snapshots/snapshots/1/fs/
2026-06-01T15:13:49.3921980Z #1 0.020 fatal: Not a valid object name ac2615479413ee4a103ee86de56ddeac5c7897cb^{commit}
2026-06-01T15:13:55.9688806Z #1 6.747 From https://github.com/moby/buildkit
2026-06-01T15:13:55.9689844Z #1 6.747  * branch                ac2615479413ee4a103ee86de56ddeac5c7897cb -> FETCH_HEAD
2026-06-01T15:13:56.1594341Z #1 6.752  * [new tag]             dockerfile/0.9.0           -> dockerfile/0.9.0
2026-06-01T15:13:56.1595867Z #1 6.752  * [new tag]             dockerfile/0.9.0-experimental -> dockerfile/0.9.0-experimental
2026-06-01T15:13:56.1597304Z #1 6.752  * [new tag]             dockerfile/1.0.0           -> dockerfile/1.0.0
2026-06-01T15:13:56.1599074Z #1 6.752  * [new tag]             dockerfile/1.0.0-experimental -> dockerfile/1.0.0-experimental
2026-06-01T15:13:56.1600871Z #1 6.752  * [new tag]             dockerfile/1.0.1           -> dockerfile/1.0.1
2026-06-01T15:13:56.1602206Z #1 6.752  * [new tag]             dockerfile/1.0.1-experimental -> dockerfile/1.0.1-experimental
2026-06-01T15:13:56.1604082Z #1 6.752  * [new tag]             dockerfile/1.0.2-experimental -> dockerfile/1.0.2-experimental
2026-06-01T15:13:56.1605446Z #1 6.752  * [new tag]             dockerfile/1.1.0           -> dockerfile/1.1.0
2026-06-01T15:13:56.1606899Z #1 6.752  * [new tag]             dockerfile/1.1.0-experimental -> dockerfile/1.1.0-experimental
2026-06-01T15:13:56.1607699Z #1 6.752  * [new tag]             dockerfile/1.1.1           -> dockerfile/1.1.1
2026-06-01T15:13:56.1608561Z #1 6.752  * [new tag]             dockerfile/1.1.1-experimental -> dockerfile/1.1.1-experimental
2026-06-01T15:13:56.1609225Z #1 6.752  * [new tag]             dockerfile/1.1.2           -> dockerfile/1.1.2
2026-06-01T15:13:56.1610043Z #1 6.752  * [new tag]             dockerfile/1.1.2-experimental -> dockerfile/1.1.2-experimental
2026-06-01T15:13:56.1610634Z #1 6.752  * [new tag]             dockerfile/1.1.3           -> dockerfile/1.1.3
2026-06-01T15:13:56.1611346Z #1 6.752  * [new tag]             dockerfile/1.1.3-experimental -> dockerfile/1.1.3-experimental
2026-06-01T15:13:56.1611817Z #1 6.752  * [new tag]             dockerfile/1.1.4           -> dockerfile/1.1.4
2026-06-01T15:13:56.1612276Z #1 6.752  * [new tag]             dockerfile/1.1.4-experimental -> dockerfile/1.1.4-experimental
2026-06-01T15:13:56.1612754Z #1 6.752  * [new tag]             dockerfile/1.1.5           -> dockerfile/1.1.5
2026-06-01T15:13:56.1613236Z #1 6.752  * [new tag]             dockerfile/1.1.5-experimental -> dockerfile/1.1.5-experimental
2026-06-01T15:13:56.1613716Z #1 6.752  * [new tag]             dockerfile/1.1.6           -> dockerfile/1.1.6
2026-06-01T15:13:56.1614198Z #1 6.752  * [new tag]             dockerfile/1.1.6-experimental -> dockerfile/1.1.6-experimental
2026-06-01T15:13:56.1614685Z #1 6.752  * [new tag]             dockerfile/1.1.6-rc1       -> dockerfile/1.1.6-rc1
2026-06-01T15:13:56.1615200Z #1 6.752  * [new tag]             dockerfile/1.1.6-rc1-experimental -> dockerfile/1.1.6-rc1-experimental
2026-06-01T15:13:56.1615719Z #1 6.752  * [new tag]             dockerfile/1.1.7           -> dockerfile/1.1.7
2026-06-01T15:13:56.1616211Z #1 6.752  * [new tag]             dockerfile/1.1.7-experimental -> dockerfile/1.1.7-experimental
2026-06-01T15:13:56.1616702Z #1 6.752  * [new tag]             dockerfile/1.10.0          -> dockerfile/1.10.0
2026-06-01T15:13:56.1617147Z #1 6.752  * [new tag]             dockerfile/1.10.0-labs     -> dockerfile/1.10.0-labs
2026-06-01T15:13:56.1617598Z #1 6.752  * [new tag]             dockerfile/1.10.0-rc1      -> dockerfile/1.10.0-rc1
2026-06-01T15:13:56.1618069Z #1 6.752  * [new tag]             dockerfile/1.10.0-rc1-labs -> dockerfile/1.10.0-rc1-labs
2026-06-01T15:13:56.1618531Z #1 6.752  * [new tag]             dockerfile/1.11.0          -> dockerfile/1.11.0
2026-06-01T15:13:56.1618965Z #1 6.752  * [new tag]             dockerfile/1.11.0-labs     -> dockerfile/1.11.0-labs
2026-06-01T15:13:56.1619408Z #1 6.752  * [new tag]             dockerfile/1.11.0-rc1      -> dockerfile/1.11.0-rc1
2026-06-01T15:13:56.1620165Z #1 6.752  * [new tag]             dockerfile/1.11.0-rc1-labs -> dockerfile/1.11.0-rc1-labs
2026-06-01T15:13:56.1620643Z #1 6.752  * [new tag]             dockerfile/1.11.0-rc2      -> dockerfile/1.11.0-rc2
2026-06-01T15:13:56.1621095Z #1 6.752  * [new tag]             dockerfile/1.11.0-rc2-labs -> dockerfile/1.11.0-rc2-labs
2026-06-01T15:13:56.1621564Z #1 6.752  * [new tag]             dockerfile/1.11.1          -> dockerfile/1.11.1
2026-06-01T15:13:56.1622006Z #1 6.752  * [new tag]             dockerfile/1.11.1-labs     -> dockerfile/1.11.1-labs
2026-06-01T15:13:56.1622442Z #1 6.752  * [new tag]             dockerfile/1.12.0          -> dockerfile/1.12.0
2026-06-01T15:13:56.1623119Z #1 6.752  * [new tag]             dockerfile/1.12.0-labs     -> dockerfile/1.12.0-labs
2026-06-01T15:13:56.1623575Z #1 6.752  * [new tag]             dockerfile/1.12.0-rc1      -> dockerfile/1.12.0-rc1
2026-06-01T15:13:56.1624036Z #1 6.752  * [new tag]             dockerfile/1.12.0-rc1-labs -> dockerfile/1.12.0-rc1-labs
2026-06-01T15:13:56.1624489Z #1 6.752  * [new tag]             dockerfile/1.12.1          -> dockerfile/1.12.1
2026-06-01T15:13:56.1624930Z #1 6.753  * [new tag]             dockerfile/1.12.1-labs     -> dockerfile/1.12.1-labs
2026-06-01T15:13:56.1625361Z #1 6.753  * [new tag]             dockerfile/1.13.0          -> dockerfile/1.13.0
2026-06-01T15:13:56.1625786Z #1 6.753  * [new tag]             dockerfile/1.13.0-labs     -> dockerfile/1.13.0-labs
2026-06-01T15:13:56.1626225Z #1 6.753  * [new tag]             dockerfile/1.13.0-rc1      -> dockerfile/1.13.0-rc1
2026-06-01T15:13:56.1626688Z #1 6.753  * [new tag]             dockerfile/1.13.0-rc1-labs -> dockerfile/1.13.0-rc1-labs
2026-06-01T15:13:56.1627151Z #1 6.753  * [new tag]             dockerfile/1.14.0          -> dockerfile/1.14.0
2026-06-01T15:13:56.1627603Z #1 6.753  * [new tag]             dockerfile/1.14.0-labs     -> dockerfile/1.14.0-labs
2026-06-01T15:13:56.1628180Z #1 6.753  * [new tag]             dockerfile/1.14.0-rc1      -> dockerfile/1.14.0-rc1
2026-06-01T15:13:56.1628634Z #1 6.753  * [new tag]             dockerfile/1.14.0-rc1-labs -> dockerfile/1.14.0-rc1-labs
2026-06-01T15:13:56.1629088Z #1 6.753  * [new tag]             dockerfile/1.14.0-rc2      -> dockerfile/1.14.0-rc2
2026-06-01T15:13:56.1629536Z #1 6.753  * [new tag]             dockerfile/1.14.0-rc2-labs -> dockerfile/1.14.0-rc2-labs
2026-06-01T15:13:56.1630265Z #1 6.753  * [new tag]             dockerfile/1.14.0-rc3      -> dockerfile/1.14.0-rc3
2026-06-01T15:13:56.1630716Z #1 6.753  * [new tag]             dockerfile/1.14.0-rc3-labs -> dockerfile/1.14.0-rc3-labs
2026-06-01T15:13:56.1631169Z #1 6.753  * [new tag]             dockerfile/1.14.1          -> dockerfile/1.14.1
2026-06-01T15:13:56.1631601Z #1 6.753  * [new tag]             dockerfile/1.14.1-labs     -> dockerfile/1.14.1-labs
2026-06-01T15:13:56.1632038Z #1 6.753  * [new tag]             dockerfile/1.15.0          -> dockerfile/1.15.0
2026-06-01T15:13:56.1632473Z #1 6.753  * [new tag]             dockerfile/1.15.0-labs     -> dockerfile/1.15.0-labs
2026-06-01T15:13:56.1632906Z #1 6.753  * [new tag]             dockerfile/1.15.0-rc1      -> dockerfile/1.15.0-rc1
2026-06-01T15:13:56.1633353Z #1 6.753  * [new tag]             dockerfile/1.15.0-rc1-labs -> dockerfile/1.15.0-rc1-labs
2026-06-01T15:13:56.1633810Z #1 6.753  * [new tag]             dockerfile/1.15.0-rc2      -> dockerfile/1.15.0-rc2
2026-06-01T15:13:56.1634255Z #1 6.753  * [new tag]             dockerfile/1.15.0-rc2-labs -> dockerfile/1.15.0-rc2-labs
2026-06-01T15:13:56.1634696Z #1 6.753  * [new tag]             dockerfile/1.15.1          -> dockerfile/1.15.1
2026-06-01T15:13:56.1635124Z #1 6.753  * [new tag]             dockerfile/1.15.1-labs     -> dockerfile/1.15.1-labs
2026-06-01T15:13:56.1635553Z #1 6.753  * [new tag]             dockerfile/1.16.0          -> dockerfile/1.16.0
2026-06-01T15:13:56.1635972Z #1 6.753  * [new tag]             dockerfile/1.16.0-labs     -> dockerfile/1.16.0-labs
2026-06-01T15:13:56.1636404Z #1 6.753  * [new tag]             dockerfile/1.16.0-rc1      -> dockerfile/1.16.0-rc1
2026-06-01T15:13:56.1636848Z #1 6.753  * [new tag]             dockerfile/1.16.0-rc1-labs -> dockerfile/1.16.0-rc1-labs
2026-06-01T15:13:56.1637296Z #1 6.753  * [new tag]             dockerfile/1.16.0-rc2      -> dockerfile/1.16.0-rc2
2026-06-01T15:13:56.1637743Z #1 6.753  * [new tag]             dockerfile/1.16.0-rc2-labs -> dockerfile/1.16.0-rc2-labs
2026-06-01T15:13:56.1638181Z #1 6.753  * [new tag]             dockerfile/1.17.0          -> dockerfile/1.17.0
2026-06-01T15:13:56.1638604Z #1 6.753  * [new tag]             dockerfile/1.17.0-labs     -> dockerfile/1.17.0-labs
2026-06-01T15:13:56.1658433Z #1 6.753  * [new tag]             dockerfile/1.17.0-rc1      -> dockerfile/1.17.0-rc1
2026-06-01T15:13:56.1659126Z #1 6.753  * [new tag]             dockerfile/1.17.0-rc1-labs -> dockerfile/1.17.0-rc1-labs
2026-06-01T15:13:56.1659638Z #1 6.753  * [new tag]             dockerfile/1.17.1          -> dockerfile/1.17.1
2026-06-01T15:13:56.1660248Z #1 6.753  * [new tag]             dockerfile/1.17.1-labs     -> dockerfile/1.17.1-labs
2026-06-01T15:13:56.1660714Z #1 6.753  * [new tag]             dockerfile/1.18.0          -> dockerfile/1.18.0
2026-06-01T15:13:56.1661152Z #1 6.753  * [new tag]             dockerfile/1.18.0-labs     -> dockerfile/1.18.0-labs
2026-06-01T15:13:56.1661603Z #1 6.753  * [new tag]             dockerfile/1.18.0-rc1      -> dockerfile/1.18.0-rc1
2026-06-01T15:13:56.1662074Z #1 6.753  * [new tag]             dockerfile/1.18.0-rc1-labs -> dockerfile/1.18.0-rc1-labs
2026-06-01T15:13:56.1662544Z #1 6.753  * [new tag]             dockerfile/1.18.0-rc2      -> dockerfile/1.18.0-rc2
2026-06-01T15:13:56.1663029Z #1 6.753  * [new tag]             dockerfile/1.18.0-rc2-labs -> dockerfile/1.18.0-rc2-labs
2026-06-01T15:13:56.1663484Z #1 6.753  * [new tag]             dockerfile/1.19.0          -> dockerfile/1.19.0
2026-06-01T15:13:56.1663924Z #1 6.753  * [new tag]             dockerfile/1.19.0-labs     -> dockerfile/1.19.0-labs
2026-06-01T15:13:56.1664516Z #1 6.753  * [new tag]             dockerfile/1.19.0-rc1      -> dockerfile/1.19.0-rc1
2026-06-01T15:13:56.1664964Z #1 6.753  * [new tag]             dockerfile/1.19.0-rc1-labs -> dockerfile/1.19.0-rc1-labs
2026-06-01T15:13:56.1665414Z #1 6.753  * [new tag]             dockerfile/1.2.0           -> dockerfile/1.2.0
2026-06-01T15:13:56.1665838Z #1 6.753  * [new tag]             dockerfile/1.2.0-labs      -> dockerfile/1.2.0-labs
2026-06-01T15:13:56.1666274Z #1 6.753  * [new tag]             dockerfile/1.2.0-rc1       -> dockerfile/1.2.0-rc1
2026-06-01T15:13:56.1666721Z #1 6.753  * [new tag]             dockerfile/1.2.0-rc1-labs  -> dockerfile/1.2.0-rc1-labs
2026-06-01T15:13:56.1667171Z #1 6.753  * [new tag]             dockerfile/1.2.1           -> dockerfile/1.2.1
2026-06-01T15:13:56.1667589Z #1 6.753  * [new tag]             dockerfile/1.2.1-labs      -> dockerfile/1.2.1-labs
2026-06-01T15:13:56.1668024Z #1 6.753  * [new tag]             dockerfile/1.20.0          -> dockerfile/1.20.0
2026-06-01T15:13:56.1668457Z #1 6.753  * [new tag]             dockerfile/1.20.0-labs     -> dockerfile/1.20.0-labs
2026-06-01T15:13:56.1668893Z #1 6.753  * [new tag]             dockerfile/1.20.0-rc1      -> dockerfile/1.20.0-rc1
2026-06-01T15:13:56.1669335Z #1 6.753  * [new tag]             dockerfile/1.20.0-rc1-labs -> dockerfile/1.20.0-rc1-labs
2026-06-01T15:13:56.1670069Z #1 6.753  * [new tag]             dockerfile/1.21.0          -> dockerfile/1.21.0
2026-06-01T15:13:56.1670517Z #1 6.753  * [new tag]             dockerfile/1.21.0-labs     -> dockerfile/1.21.0-labs
2026-06-01T15:13:56.1670954Z #1 6.753  * [new tag]             dockerfile/1.21.0-rc1      -> dockerfile/1.21.0-rc1
2026-06-01T15:13:56.1671414Z #1 6.753  * [new tag]             dockerfile/1.21.0-rc1-labs -> dockerfile/1.21.0-rc1-labs
2026-06-01T15:13:56.1671860Z #1 6.753  * [new tag]             dockerfile/1.22.0          -> dockerfile/1.22.0
2026-06-01T15:13:56.1672297Z #1 6.753  * [new tag]             dockerfile/1.22.0-labs     -> dockerfile/1.22.0-labs
2026-06-01T15:13:56.1672733Z #1 6.753  * [new tag]             dockerfile/1.22.0-rc1      -> dockerfile/1.22.0-rc1
2026-06-01T15:13:56.1673192Z #1 6.753  * [new tag]             dockerfile/1.22.0-rc1-labs -> dockerfile/1.22.0-rc1-labs
2026-06-01T15:13:56.1673646Z #1 6.753  * [new tag]             dockerfile/1.22.0-rc2      -> dockerfile/1.22.0-rc2
2026-06-01T15:13:56.1674109Z #1 6.753  * [new tag]             dockerfile/1.22.0-rc2-labs -> dockerfile/1.22.0-rc2-labs
2026-06-01T15:13:56.1674553Z #1 6.753  * [new tag]             dockerfile/1.23.0          -> dockerfile/1.23.0
2026-06-01T15:13:56.1674979Z #1 6.753  * [new tag]             dockerfile/1.23.0-labs     -> dockerfile/1.23.0-labs
2026-06-01T15:13:56.1675539Z #1 6.753  * [new tag]             dockerfile/1.23.0-rc1      -> dockerfile/1.23.0-rc1
2026-06-01T15:13:56.1675998Z #1 6.753  * [new tag]             dockerfile/1.23.0-rc1-labs -> dockerfile/1.23.0-rc1-labs
2026-06-01T15:13:56.1676477Z #1 6.753  * [new tag]             dockerfile/1.24.0          -> dockerfile/1.24.0
2026-06-01T15:13:56.1676936Z #1 6.753  * [new tag]             dockerfile/1.24.0-labs     -> dockerfile/1.24.0-labs
2026-06-01T15:13:56.1677385Z #1 6.753  * [new tag]             dockerfile/1.24.0-rc1      -> dockerfile/1.24.0-rc1
2026-06-01T15:13:56.1677856Z #1 6.753  * [new tag]             dockerfile/1.24.0-rc1-labs -> dockerfile/1.24.0-rc1-labs
2026-06-01T15:13:56.1678312Z #1 6.753  * [new tag]             dockerfile/1.3.0           -> dockerfile/1.3.0
2026-06-01T15:13:56.1678744Z #1 6.753  * [new tag]             dockerfile/1.3.0-labs      -> dockerfile/1.3.0-labs
2026-06-01T15:13:56.1679179Z #1 6.753  * [new tag]             dockerfile/1.3.0-rc1       -> dockerfile/1.3.0-rc1
2026-06-01T15:13:56.1679646Z #1 6.753  * [new tag]             dockerfile/1.3.0-rc1-labs  -> dockerfile/1.3.0-rc1-labs
2026-06-01T15:13:56.1680439Z #1 6.753  * [new tag]             dockerfile/1.3.1           -> dockerfile/1.3.1
2026-06-01T15:13:56.1681026Z #1 6.753  * [new tag]             dockerfile/1.3.1-labs      -> dockerfile/1.3.1-labs
2026-06-01T15:13:56.1681453Z #1 6.753  * [new tag]             dockerfile/1.4.0           -> dockerfile/1.4.0
2026-06-01T15:13:56.1681872Z #1 6.753  * [new tag]             dockerfile/1.4.0-labs      -> dockerfile/1.4.0-labs
2026-06-01T15:13:56.1682327Z #1 6.753  * [new tag]             dockerfile/1.4.0-labs-rc1  -> dockerfile/1.4.0-labs-rc1
2026-06-01T15:13:56.1682793Z #1 6.753  * [new tag]             dockerfile/1.4.0-labs-rc2  -> dockerfile/1.4.0-labs-rc2
2026-06-01T15:13:56.1683249Z #1 6.753  * [new tag]             dockerfile/1.4.0-rc1       -> dockerfile/1.4.0-rc1
2026-06-01T15:13:56.1683686Z #1 6.753  * [new tag]             dockerfile/1.4.0-rc2       -> dockerfile/1.4.0-rc2
2026-06-01T15:13:56.1684135Z #1 6.753  * [new tag]             dockerfile/1.4.1           -> dockerfile/1.4.1
2026-06-01T15:13:56.1684557Z #1 6.753  * [new tag]             dockerfile/1.4.1-labs      -> dockerfile/1.4.1-labs
2026-06-01T15:13:56.1684993Z #1 6.753  * [new tag]             dockerfile/1.4.2           -> dockerfile/1.4.2
2026-06-01T15:13:56.1685410Z #1 6.753  * [new tag]             dockerfile/1.4.2-labs      -> dockerfile/1.4.2-labs
2026-06-01T15:13:56.1685832Z #1 6.753  * [new tag]             dockerfile/1.4.3           -> dockerfile/1.4.3
2026-06-01T15:13:56.1686249Z #1 6.753  * [new tag]             dockerfile/1.4.3-labs      -> dockerfile/1.4.3-labs
2026-06-01T15:13:56.1686675Z #1 6.753  * [new tag]             dockerfile/1.5.0           -> dockerfile/1.5.0
2026-06-01T15:13:56.1687093Z #1 6.753  * [new tag]             dockerfile/1.5.0-labs      -> dockerfile/1.5.0-labs
2026-06-01T15:13:56.1687525Z #1 6.753  * [new tag]             dockerfile/1.5.0-rc1       -> dockerfile/1.5.0-rc1
2026-06-01T15:13:56.1687974Z #1 6.753  * [new tag]             dockerfile/1.5.0-rc1-labs  -> dockerfile/1.5.0-rc1-labs
2026-06-01T15:13:56.1688422Z #1 6.753  * [new tag]             dockerfile/1.5.0-rc2       -> dockerfile/1.5.0-rc2
2026-06-01T15:13:56.1688865Z #1 6.753  * [new tag]             dockerfile/1.5.0-rc2-labs  -> dockerfile/1.5.0-rc2-labs
2026-06-01T15:13:56.1689305Z #1 6.753  * [new tag]             dockerfile/1.5.0-rc3       -> dockerfile/1.5.0-rc3
2026-06-01T15:13:56.1689886Z #1 6.753  * [new tag]             dockerfile/1.5.0-rc3-labs  -> dockerfile/1.5.0-rc3-labs
2026-06-01T15:13:56.1690340Z #1 6.753  * [new tag]             dockerfile/1.5.1           -> dockerfile/1.5.1
2026-06-01T15:13:56.1690757Z #1 6.753  * [new tag]             dockerfile/1.5.1-labs      -> dockerfile/1.5.1-labs
2026-06-01T15:13:56.1691179Z #1 6.753  * [new tag]             dockerfile/1.5.2           -> dockerfile/1.5.2
2026-06-01T15:13:56.1691717Z #1 6.753  * [new tag]             dockerfile/1.5.2-labs      -> dockerfile/1.5.2-labs
2026-06-01T15:13:56.1692146Z #1 6.753  * [new tag]             dockerfile/1.6.0           -> dockerfile/1.6.0
2026-06-01T15:13:56.1692570Z #1 6.753  * [new tag]             dockerfile/1.6.0-labs      -> dockerfile/1.6.0-labs
2026-06-01T15:13:56.1693001Z #1 6.753  * [new tag]             dockerfile/1.6.0-rc1       -> dockerfile/1.6.0-rc1
2026-06-01T15:13:56.1693447Z #1 6.753  * [new tag]             dockerfile/1.6.0-rc1-labs  -> dockerfile/1.6.0-rc1-labs
2026-06-01T15:13:56.1693894Z #1 6.753  * [new tag]             dockerfile/1.6.0-rc2       -> dockerfile/1.6.0-rc2
2026-06-01T15:13:56.1694370Z #1 6.753  * [new tag]             dockerfile/1.6.0-rc2-labs  -> dockerfile/1.6.0-rc2-labs
2026-06-01T15:13:56.1694807Z #1 6.753  * [new tag]             dockerfile/1.7.0           -> dockerfile/1.7.0
2026-06-01T15:13:56.1695224Z #1 6.753  * [new tag]             dockerfile/1.7.0-labs      -> dockerfile/1.7.0-labs
2026-06-01T15:13:56.1695654Z #1 6.753  * [new tag]             dockerfile/1.7.0-rc1       -> dockerfile/1.7.0-rc1
2026-06-01T15:13:56.1696103Z #1 6.753  * [new tag]             dockerfile/1.7.0-rc1-labs  -> dockerfile/1.7.0-rc1-labs
2026-06-01T15:13:56.1696579Z #1 6.753  * [new tag]             dockerfile/1.7.1           -> dockerfile/1.7.1
2026-06-01T15:13:56.1697116Z #1 6.753  * [new tag]             dockerfile/1.7.1-labs      -> dockerfile/1.7.1-labs
2026-06-01T15:13:56.1697536Z #1 6.753  * [new tag]             dockerfile/1.8.0           -> dockerfile/1.8.0
2026-06-01T15:13:56.1697956Z #1 6.753  * [new tag]             dockerfile/1.8.0-labs      -> dockerfile/1.8.0-labs
2026-06-01T15:13:56.1698384Z #1 6.753  * [new tag]             dockerfile/1.8.0-rc1       -> dockerfile/1.8.0-rc1
2026-06-01T15:13:56.1698822Z #1 6.753  * [new tag]             dockerfile/1.8.0-rc1-labs  -> dockerfile/1.8.0-rc1-labs
2026-06-01T15:13:56.1699261Z #1 6.753  * [new tag]             dockerfile/1.8.0-rc2       -> dockerfile/1.8.0-rc2
2026-06-01T15:13:56.1699840Z #1 6.753  * [new tag]             dockerfile/1.8.0-rc2-labs  -> dockerfile/1.8.0-rc2-labs
2026-06-01T15:13:56.1700280Z #1 6.753  * [new tag]             dockerfile/1.8.1           -> dockerfile/1.8.1
2026-06-01T15:13:56.1700700Z #1 6.753  * [new tag]             dockerfile/1.8.1-labs      -> dockerfile/1.8.1-labs
2026-06-01T15:13:56.1701126Z #1 6.753  * [new tag]             dockerfile/1.9.0           -> dockerfile/1.9.0
2026-06-01T15:13:56.1701547Z #1 6.753  * [new tag]             dockerfile/1.9.0-labs      -> dockerfile/1.9.0-labs
2026-06-01T15:13:56.1701972Z #1 6.753  * [new tag]             dockerfile/1.9.0-rc1       -> dockerfile/1.9.0-rc1
2026-06-01T15:13:56.1702417Z #1 6.753  * [new tag]             dockerfile/1.9.0-rc1-labs  -> dockerfile/1.9.0-rc1-labs
2026-06-01T15:13:56.1702861Z #1 6.753  * [new tag]             dockerfile/1.9.0-rc2       -> dockerfile/1.9.0-rc2
2026-06-01T15:13:56.1703311Z #1 6.753  * [new tag]             dockerfile/1.9.0-rc2-labs  -> dockerfile/1.9.0-rc2-labs
2026-06-01T15:13:56.1703747Z #1 6.753  * [new tag]             v0.10.0                    -> v0.10.0
2026-06-01T15:13:56.1704147Z #1 6.753  * [new tag]             v0.10.0-rc1                -> v0.10.0-rc1
2026-06-01T15:13:56.1704536Z #1 6.753  * [new tag]             v0.10.0-rc2                -> v0.10.0-rc2
2026-06-01T15:13:56.1704913Z #1 6.753  * [new tag]             v0.10.1                    -> v0.10.1
2026-06-01T15:13:56.1705280Z #1 6.753  * [new tag]             v0.10.2                    -> v0.10.2
2026-06-01T15:13:56.1705635Z #1 6.753  * [new tag]             v0.10.3                    -> v0.10.3
2026-06-01T15:13:56.1705985Z #1 6.753  * [new tag]             v0.10.4                    -> v0.10.4
2026-06-01T15:13:56.1706333Z #1 6.753  * [new tag]             v0.10.5                    -> v0.10.5
2026-06-01T15:13:56.1706694Z #1 6.753  * [new tag]             v0.10.6                    -> v0.10.6
2026-06-01T15:13:56.1707044Z #1 6.753  * [new tag]             v0.11.0                    -> v0.11.0
2026-06-01T15:13:56.1707525Z #1 6.753  * [new tag]             v0.11.0-rc1                -> v0.11.0-rc1
2026-06-01T15:13:56.1707908Z #1 6.754  * [new tag]             v0.11.0-rc2                -> v0.11.0-rc2
2026-06-01T15:13:56.1708287Z #1 6.754  * [new tag]             v0.11.0-rc3                -> v0.11.0-rc3
2026-06-01T15:13:56.1708663Z #1 6.754  * [new tag]             v0.11.0-rc4                -> v0.11.0-rc4
2026-06-01T15:13:56.1709027Z #1 6.754  * [new tag]             v0.11.1                    -> v0.11.1
2026-06-01T15:13:56.1709381Z #1 6.754  * [new tag]             v0.11.2                    -> v0.11.2
2026-06-01T15:13:56.1710180Z #1 6.754  * [new tag]             v0.11.3                    -> v0.11.3
2026-06-01T15:13:56.1710582Z #1 6.754  * [new tag]             v0.11.4                    -> v0.11.4
2026-06-01T15:13:56.1710935Z #1 6.754  * [new tag]             v0.11.5                    -> v0.11.5
2026-06-01T15:13:56.1711287Z #1 6.754  * [new tag]             v0.11.6                    -> v0.11.6
2026-06-01T15:13:56.1711644Z #1 6.754  * [new tag]             v0.12.0                    -> v0.12.0
2026-06-01T15:13:56.1712016Z #1 6.754  * [new tag]             v0.12.0-rc1                -> v0.12.0-rc1
2026-06-01T15:13:56.1712403Z #1 6.754  * [new tag]             v0.12.0-rc2                -> v0.12.0-rc2
2026-06-01T15:13:56.1712959Z #1 6.754  * [new tag]             v0.12.1                    -> v0.12.1
2026-06-01T15:13:56.1713312Z #1 6.754  * [new tag]             v0.12.2                    -> v0.12.2
2026-06-01T15:13:56.1713667Z #1 6.754  * [new tag]             v0.12.3                    -> v0.12.3
2026-06-01T15:13:56.1714015Z #1 6.754  * [new tag]             v0.12.4                    -> v0.12.4
2026-06-01T15:13:56.1714361Z #1 6.754  * [new tag]             v0.12.5                    -> v0.12.5
2026-06-01T15:13:56.1714723Z #1 6.754  * [new tag]             v0.13.0                    -> v0.13.0
2026-06-01T15:13:56.1715097Z #1 6.754  * [new tag]             v0.13.0-beta1              -> v0.13.0-beta1
2026-06-01T15:13:56.1715505Z #1 6.754  * [new tag]             v0.13.0-beta2              -> v0.13.0-beta2
2026-06-01T15:13:56.1715894Z #1 6.754  * [new tag]             v0.13.0-beta3              -> v0.13.0-beta3
2026-06-01T15:13:56.1716277Z #1 6.754  * [new tag]             v0.13.0-rc1                -> v0.13.0-rc1
2026-06-01T15:13:56.1716662Z #1 6.754  * [new tag]             v0.13.0-rc2                -> v0.13.0-rc2
2026-06-01T15:13:56.1717047Z #1 6.754  * [new tag]             v0.13.0-rc3                -> v0.13.0-rc3
2026-06-01T15:13:56.1717418Z #1 6.754  * [new tag]             v0.13.1                    -> v0.13.1
2026-06-01T15:13:56.1717783Z #1 6.754  * [new tag]             v0.13.2                    -> v0.13.2
2026-06-01T15:13:56.1718145Z #1 6.754  * [new tag]             v0.14.0                    -> v0.14.0
2026-06-01T15:13:56.1718517Z #1 6.754  * [new tag]             v0.14.0-rc1                -> v0.14.0-rc1
2026-06-01T15:13:56.1718891Z #1 6.754  * [new tag]             v0.14.0-rc2                -> v0.14.0-rc2
2026-06-01T15:13:56.1719259Z #1 6.754  * [new tag]             v0.14.1                    -> v0.14.1
2026-06-01T15:13:56.1719617Z #1 6.754  * [new tag]             v0.15.0                    -> v0.15.0
2026-06-01T15:13:56.1720326Z #1 6.754  * [new tag]             v0.15.0-rc1                -> v0.15.0-rc1
2026-06-01T15:13:56.1720715Z #1 6.754  * [new tag]             v0.15.0-rc2                -> v0.15.0-rc2
2026-06-01T15:13:56.1721080Z #1 6.754  * [new tag]             v0.15.1                    -> v0.15.1
2026-06-01T15:13:56.1721433Z #1 6.754  * [new tag]             v0.15.2                    -> v0.15.2
2026-06-01T15:13:56.1721782Z #1 6.754  * [new tag]             v0.16.0                    -> v0.16.0
2026-06-01T15:13:56.1722152Z #1 6.754  * [new tag]             v0.16.0-rc1                -> v0.16.0-rc1
2026-06-01T15:13:56.1722533Z #1 6.754  * [new tag]             v0.16.0-rc2                -> v0.16.0-rc2
2026-06-01T15:13:56.1722898Z #1 6.754  * [new tag]             v0.17.0                    -> v0.17.0
2026-06-01T15:13:56.1723434Z #1 6.754  * [new tag]             v0.17.0-rc1                -> v0.17.0-rc1
2026-06-01T15:13:56.1723827Z #1 6.754  * [new tag]             v0.17.0-rc2                -> v0.17.0-rc2
2026-06-01T15:13:56.1724190Z #1 6.754  * [new tag]             v0.17.1                    -> v0.17.1
2026-06-01T15:13:56.1724551Z #1 6.754  * [new tag]             v0.17.2                    -> v0.17.2
2026-06-01T15:13:56.1724906Z #1 6.754  * [new tag]             v0.17.3                    -> v0.17.3
2026-06-01T15:13:56.1725259Z #1 6.754  * [new tag]             v0.18.0                    -> v0.18.0
2026-06-01T15:13:56.1725625Z #1 6.754  * [new tag]             v0.18.0-rc1                -> v0.18.0-rc1
2026-06-01T15:13:56.1726000Z #1 6.754  * [new tag]             v0.18.0-rc2                -> v0.18.0-rc2
2026-06-01T15:13:56.1726366Z #1 6.754  * [new tag]             v0.18.1                    -> v0.18.1
2026-06-01T15:13:56.1726719Z #1 6.754  * [new tag]             v0.18.2                    -> v0.18.2
2026-06-01T15:13:56.1727083Z #1 6.754  * [new tag]             v0.19.0                    -> v0.19.0
2026-06-01T15:13:56.1727458Z #1 6.754  * [new tag]             v0.19.0-rc1                -> v0.19.0-rc1
2026-06-01T15:13:56.1728224Z #1 6.754  * [new tag]             v0.19.0-rc2                -> v0.19.0-rc2
2026-06-01T15:13:56.1729132Z #1 6.754  * [new tag]             v0.19.0-rc3                -> v0.19.0-rc3
2026-06-01T15:13:56.1729929Z #1 6.754  * [new tag]             v0.20.0                    -> v0.20.0
2026-06-01T15:13:56.1730354Z #1 6.754  * [new tag]             v0.20.0-rc1                -> v0.20.0-rc1
2026-06-01T15:13:56.1730759Z #1 6.754  * [new tag]             v0.20.0-rc2                -> v0.20.0-rc2
2026-06-01T15:13:56.1731142Z #1 6.754  * [new tag]             v0.20.0-rc3                -> v0.20.0-rc3
2026-06-01T15:13:56.1731521Z #1 6.754  * [new tag]             v0.20.1                    -> v0.20.1
2026-06-01T15:13:56.1731887Z #1 6.754  * [new tag]             v0.20.2                    -> v0.20.2
2026-06-01T15:13:56.1732261Z #1 6.754  * [new tag]             v0.21.0                    -> v0.21.0
2026-06-01T15:13:56.1732649Z #1 6.754  * [new tag]             v0.21.0-rc1                -> v0.21.0-rc1
2026-06-01T15:13:56.1733030Z #1 6.754  * [new tag]             v0.21.0-rc2                -> v0.21.0-rc2
2026-06-01T15:13:56.1733413Z #1 6.754  * [new tag]             v0.21.1                    -> v0.21.1
2026-06-01T15:13:56.1733775Z #1 6.754  * [new tag]             v0.22.0                    -> v0.22.0
2026-06-01T15:13:56.1734145Z #1 6.754  * [new tag]             v0.22.0-rc1                -> v0.22.0-rc1
2026-06-01T15:13:56.1734517Z #1 6.754  * [new tag]             v0.22.0-rc2                -> v0.22.0-rc2
2026-06-01T15:13:56.1734890Z #1 6.754  * [new tag]             v0.23.0                    -> v0.23.0
2026-06-01T15:13:56.1735256Z #1 6.754  * [new tag]             v0.23.0-rc1                -> v0.23.0-rc1
2026-06-01T15:13:56.1735628Z #1 6.754  * [new tag]             v0.23.0-rc2                -> v0.23.0-rc2
2026-06-01T15:13:56.1735997Z #1 6.754  * [new tag]             v0.23.1                    -> v0.23.1
2026-06-01T15:13:56.1736361Z #1 6.754  * [new tag]             v0.23.2                    -> v0.23.2
2026-06-01T15:13:56.1736713Z #1 6.754  * [new tag]             v0.24.0                    -> v0.24.0
2026-06-01T15:13:56.1737083Z #1 6.754  * [new tag]             v0.24.0-rc1                -> v0.24.0-rc1
2026-06-01T15:13:56.1737460Z #1 6.754  * [new tag]             v0.24.0-rc2                -> v0.24.0-rc2
2026-06-01T15:13:56.1737833Z #1 6.754  * [new tag]             v0.25.0                    -> v0.25.0
2026-06-01T15:13:56.1738197Z #1 6.754  * [new tag]             v0.25.0-rc1                -> v0.25.0-rc1
2026-06-01T15:13:56.1738563Z #1 6.754  * [new tag]             v0.25.1                    -> v0.25.1
2026-06-01T15:13:56.1738920Z #1 6.754  * [new tag]             v0.25.2                    -> v0.25.2
2026-06-01T15:13:56.1739273Z #1 6.754  * [new tag]             v0.26.0                    -> v0.26.0
2026-06-01T15:13:56.1739997Z #1 6.754  * [new tag]             v0.26.0-rc1                -> v0.26.0-rc1
2026-06-01T15:13:56.1740436Z #1 6.754  * [new tag]             v0.26.0-rc2                -> v0.26.0-rc2
2026-06-01T15:13:56.1740816Z #1 6.754  * [new tag]             v0.26.1                    -> v0.26.1
2026-06-01T15:13:56.1741187Z #1 6.755  * [new tag]             v0.26.2                    -> v0.26.2
2026-06-01T15:13:56.1741562Z #1 6.755  * [new tag]             v0.26.3                    -> v0.26.3
2026-06-01T15:13:56.1741926Z #1 6.755  * [new tag]             v0.27.0                    -> v0.27.0
2026-06-01T15:13:56.1742296Z #1 6.755  * [new tag]             v0.27.0-rc1                -> v0.27.0-rc1
2026-06-01T15:13:56.1742701Z #1 6.755  * [new tag]             v0.27.0-rc2                -> v0.27.0-rc2
2026-06-01T15:13:56.1743098Z #1 6.755  * [new tag]             v0.27.1                    -> v0.27.1
2026-06-01T15:13:56.1743464Z #1 6.755  * [new tag]             v0.28.0                    -> v0.28.0
2026-06-01T15:13:56.1743838Z #1 6.755  * [new tag]             v0.28.0-rc1                -> v0.28.0-rc1
2026-06-01T15:13:56.1744219Z #1 6.755  * [new tag]             v0.28.0-rc2                -> v0.28.0-rc2
2026-06-01T15:13:56.1744587Z #1 6.755  * [new tag]             v0.28.1                    -> v0.28.1
2026-06-01T15:13:56.1745072Z #1 6.755  * [new tag]             v0.29.0                    -> v0.29.0
2026-06-01T15:13:56.1745440Z #1 6.755  * [new tag]             v0.29.0-rc1                -> v0.29.0-rc1
2026-06-01T15:13:56.1745813Z #1 6.755  * [new tag]             v0.3.0                     -> v0.3.0
2026-06-01T15:13:56.1746170Z #1 6.755  * [new tag]             v0.3.1                     -> v0.3.1
2026-06-01T15:13:56.1746529Z #1 6.755  * [new tag]             v0.3.2                     -> v0.3.2
2026-06-01T15:13:56.1746880Z #1 6.755  * [new tag]             v0.3.3                     -> v0.3.3
2026-06-01T15:13:56.1747237Z #1 6.755  * [new tag]             v0.30.0                    -> v0.30.0
2026-06-01T15:13:56.1747607Z #1 6.755  * [new tag]             v0.30.0-rc1                -> v0.30.0-rc1
2026-06-01T15:13:56.1747997Z #1 6.755  * [new tag]             v0.30.0-rc2                -> v0.30.0-rc2
2026-06-01T15:13:56.1748377Z #1 6.755  * [new tag]             v0.4.0                     -> v0.4.0
2026-06-01T15:13:56.1748745Z #1 6.755  * [new tag]             v0.5.0                     -> v0.5.0
2026-06-01T15:13:56.1749101Z #1 6.755  * [new tag]             v0.5.1                     -> v0.5.1
2026-06-01T15:13:56.1749456Z #1 6.755  * [new tag]             v0.6.0                     -> v0.6.0
2026-06-01T15:13:56.1750079Z #1 6.755  * [new tag]             v0.6.1                     -> v0.6.1
2026-06-01T15:13:56.1750446Z #1 6.755  * [new tag]             v0.6.2                     -> v0.6.2
2026-06-01T15:13:56.1750800Z #1 6.755  * [new tag]             v0.6.3                     -> v0.6.3
2026-06-01T15:13:56.1751150Z #1 6.755  * [new tag]             v0.6.4                     -> v0.6.4
2026-06-01T15:13:56.1751512Z #1 6.755  * [new tag]             v0.7.0                     -> v0.7.0
2026-06-01T15:13:56.1751878Z #1 6.755  * [new tag]             v0.7.0-rc1                 -> v0.7.0-rc1
2026-06-01T15:13:56.1752251Z #1 6.755  * [new tag]             v0.7.1                     -> v0.7.1
2026-06-01T15:13:56.1752617Z #1 6.755  * [new tag]             v0.7.2                     -> v0.7.2
2026-06-01T15:13:56.1752975Z #1 6.755  * [new tag]             v0.8.0                     -> v0.8.0
2026-06-01T15:13:56.1753342Z #1 6.755  * [new tag]             v0.8.0-rc1                 -> v0.8.0-rc1
2026-06-01T15:13:56.1753718Z #1 6.755  * [new tag]             v0.8.0-rc2                 -> v0.8.0-rc2
2026-06-01T15:13:56.1754102Z #1 6.755  * [new tag]             v0.8.0-rc3                 -> v0.8.0-rc3
2026-06-01T15:13:56.1754469Z #1 6.755  * [new tag]             v0.8.1                     -> v0.8.1
2026-06-01T15:13:56.1754830Z #1 6.755  * [new tag]             v0.8.2                     -> v0.8.2
2026-06-01T15:13:56.1755315Z #1 6.755  * [new tag]             v0.8.3                     -> v0.8.3
2026-06-01T15:13:56.1755682Z #1 6.755  * [new tag]             v0.9.0                     -> v0.9.0
2026-06-01T15:13:56.1756043Z #1 6.755  * [new tag]             v0.9.0-rc1                 -> v0.9.0-rc1
2026-06-01T15:13:56.1756465Z #1 6.755  * [new tag]             v0.9.0-rc2                 -> v0.9.0-rc2
2026-06-01T15:13:56.1756840Z #1 6.755  * [new tag]             v0.9.1                     -> v0.9.1
2026-06-01T15:13:56.1757204Z #1 6.755  * [new tag]             v0.9.2                     -> v0.9.2
2026-06-01T15:13:56.1757556Z #1 6.755  * [new tag]             v0.9.3                     -> v0.9.3
2026-06-01T15:13:56.1757908Z #1 6.787 ac2615479413ee4a103ee86de56ddeac5c7897cb
2026-06-01T15:13:56.9068215Z #1 DONE 7.7s
2026-06-01T15:13:56.9397836Z {
2026-06-01T15:13:56.9398651Z   "group": {
2026-06-01T15:13:56.9399169Z     "default": {
2026-06-01T15:13:56.9399540Z       "targets": [
2026-06-01T15:13:56.9400179Z         "binaries-for-test"
2026-06-01T15:13:56.9400640Z       ]
2026-06-01T15:13:56.9400968Z     }
2026-06-01T15:13:56.9401247Z   },
2026-06-01T15:13:56.9401555Z   "target": {
2026-06-01T15:13:56.9401984Z     "binaries-for-test": {
2026-06-01T15:13:56.9402374Z       "attest": [
2026-06-01T15:13:56.9403284Z         {
2026-06-01T15:13:56.9403639Z           "disabled": true,
2026-06-01T15:13:56.9404080Z           "type": "provenance"
2026-06-01T15:13:56.9404529Z         }
2026-06-01T15:13:56.9404850Z       ],
2026-06-01T15:13:56.9405545Z       "context": "https://github.com/moby/buildkit.git#ac2615479413ee4a103ee86de56ddeac5c7897cb",
2026-06-01T15:13:56.9406437Z       "dockerfile": "Dockerfile",
2026-06-01T15:13:56.9406856Z       "args": {
2026-06-01T15:13:56.9407252Z         "BUILDKIT_CONTEXT_KEEP_GIT_DIR": "1",
2026-06-01T15:13:56.9407755Z         "GO_VERSION": "1.26"
2026-06-01T15:13:56.9408324Z       },
2026-06-01T15:13:56.9408779Z       "cache-from": [
2026-06-01T15:13:56.9409126Z         {
2026-06-01T15:13:56.9409513Z           "scope": "binaries-for-test-windows-amd64",
2026-06-01T15:13:56.9410221Z           "type": "gha"
2026-06-01T15:13:56.9410591Z         }
2026-06-01T15:13:56.9410859Z       ],
2026-06-01T15:13:56.9411170Z       "cache-to": [
2026-06-01T15:13:56.9411443Z         {
2026-06-01T15:13:56.9416000Z           "ghtoken": "***",
2026-06-01T15:13:56.9416479Z           "repository": "moby/buildkit",
2026-06-01T15:13:56.9417007Z           "scope": "binaries-for-test-windows-amd64",
2026-06-01T15:13:56.9417528Z           "type": "gha"
2026-06-01T15:13:56.9417897Z         }
2026-06-01T15:13:56.9418217Z       ],
2026-06-01T15:13:56.9418566Z       "target": "binaries-for-test",
2026-06-01T15:13:56.9419019Z       "platforms": [
2026-06-01T15:13:56.9419402Z         "windows/amd64"
2026-06-01T15:13:56.9425245Z       ],
2026-06-01T15:13:56.9425485Z       "output": [
2026-06-01T15:13:56.9425700Z         {
2026-06-01T15:13:56.9425896Z           "dest": "./bin",
2026-06-01T15:13:56.9426143Z           "type": "local"
2026-06-01T15:13:56.9426360Z         }
2026-06-01T15:13:56.9426546Z       ]
2026-06-01T15:13:56.9426719Z     }
2026-06-01T15:13:56.9426891Z   }
2026-06-01T15:13:56.9427063Z }
2026-06-01T15:13:56.9460736Z ##[endgroup]
2026-06-01T15:13:57.0054855Z ##[group]Bake definition
2026-06-01T15:13:57.0077727Z [command]/usr/bin/docker buildx bake https://github.com/moby/buildkit.git#ac2615479413ee4a103ee86de56ddeac5c7897cb --allow fs=* --set *.platform=windows/amd64 --set *.cache-from=type=gha,scope=binaries-for-test-windows-amd64 --set *.cache-to=type=gha,scope=binaries-for-test-windows-amd64,repository=moby/buildkit,ghtoken=*** --metadata-file /home/runner/work/_temp/docker-actions-toolkit-B2cKw6/bake-metadata-d5381db3f7.json --provenance false binaries-for-test --print
2026-06-01T15:13:57.0841659Z #0 building with "builder-e8add0e5-80d5-4b27-bfaa-04c82d97fe20" instance using docker-container driver
2026-06-01T15:13:57.0842500Z 
2026-06-01T15:13:57.0843133Z #1 [internal] load git source https://github.com/moby/buildkit.git#ac2615479413ee4a103ee86de56ddeac5c7897cb
2026-06-01T15:13:57.1092351Z #1 CACHED
2026-06-01T15:13:57.1093295Z {
2026-06-01T15:13:57.1093838Z   "group": {
2026-06-01T15:13:57.1094193Z     "default": {
2026-06-01T15:13:57.1094533Z       "targets": [
2026-06-01T15:13:57.1094903Z         "binaries-for-test"
2026-06-01T15:13:57.1095212Z       ]
2026-06-01T15:13:57.1095389Z     }
2026-06-01T15:13:57.1095562Z   },
2026-06-01T15:13:57.1095738Z   "target": {
2026-06-01T15:13:57.1096047Z     "binaries-for-test": {
2026-06-01T15:13:57.1096448Z       "attest": [
2026-06-01T15:13:57.1096662Z         {
2026-06-01T15:13:57.1096848Z           "disabled": true,
2026-06-01T15:13:57.1097089Z           "type": "provenance"
2026-06-01T15:13:57.1097530Z         }
2026-06-01T15:13:57.1097860Z       ],
2026-06-01T15:13:57.1098486Z       "context": "https://github.com/moby/buildkit.git#ac2615479413ee4a103ee86de56ddeac5c7897cb",
2026-06-01T15:13:57.1099366Z       "dockerfile": "Dockerfile",
2026-06-01T15:13:57.1099644Z       "args": {
2026-06-01T15:13:57.1100503Z         "BUILDKIT_CONTEXT_KEEP_GIT_DIR": "1",
2026-06-01T15:13:57.1101022Z         "GO_VERSION": "1.26"
2026-06-01T15:13:57.1102065Z       },
2026-06-01T15:13:57.1102368Z       "cache-from": [
2026-06-01T15:13:57.1103009Z         {
2026-06-01T15:13:57.1103715Z           "scope": "binaries-for-test-windows-amd64",
2026-06-01T15:13:57.1104542Z           "type": "gha"
2026-06-01T15:13:57.1104925Z         }
2026-06-01T15:13:57.1105557Z       ],
2026-06-01T15:13:57.1105906Z       "cache-to": [
2026-06-01T15:13:57.1106545Z         {
2026-06-01T15:13:57.1114840Z           "ghtoken": "***",
2026-06-01T15:13:57.1117353Z           "repository": "moby/buildkit",
2026-06-01T15:13:57.1122518Z           "scope": "binaries-for-test-windows-amd64",
2026-06-01T15:13:57.1123375Z           "type": "gha"
2026-06-01T15:13:57.1123751Z         }
2026-06-01T15:13:57.1129443Z       ],
2026-06-01T15:13:57.1130076Z       "target": "binaries-for-test",
2026-06-01T15:13:57.1130380Z       "platforms": [
2026-06-01T15:13:57.1130747Z         "windows/amd64"
2026-06-01T15:13:57.1131082Z       ],
2026-06-01T15:13:57.1131264Z       "output": [
2026-06-01T15:13:57.1131613Z         {
2026-06-01T15:13:57.1131807Z           "dest": "./bin",
2026-06-01T15:13:57.1132034Z           "type": "local"
2026-06-01T15:13:57.1132349Z         }
2026-06-01T15:13:57.1132795Z       ]
2026-06-01T15:13:57.1132984Z     }
2026-06-01T15:13:57.1133330Z   }
2026-06-01T15:13:57.1134001Z }
2026-06-01T15:13:57.1172800Z ##[endgroup]
2026-06-01T15:13:57.1187238Z [command]/usr/bin/docker buildx bake https://github.com/moby/buildkit.git#ac2615479413ee4a103ee86de56ddeac5c7897cb --allow fs=* --set *.platform=windows/amd64 --set *.cache-from=type=gha,scope=binaries-for-test-windows-amd64 --set *.cache-to=type=gha,scope=binaries-for-test-windows-amd64,repository=moby/buildkit,ghtoken=*** --metadata-file /home/runner/work/_temp/docker-actions-toolkit-B2cKw6/bake-metadata-d5381db3f7.json --provenance false binaries-for-test
2026-06-01T15:13:57.4085432Z #0 building with "builder-e8add0e5-80d5-4b27-bfaa-04c82d97fe20" instance using docker-container driver
2026-06-01T15:13:57.4085944Z 
2026-06-01T15:13:57.4086535Z #1 [internal] load git source https://github.com/moby/buildkit.git#ac2615479413ee4a103ee86de56ddeac5c7897cb
2026-06-01T15:13:57.4087518Z #1 CACHED
2026-06-01T15:13:57.4087701Z 
2026-06-01T15:13:57.4088323Z #2 [internal] load git source https://github.com/moby/buildkit.git#ac2615479413ee4a103ee86de56ddeac5c7897cb
2026-06-01T15:13:57.4089880Z #2 0.009 Initialized empty Git repository in /var/lib/buildkit/runc-overlayfs/snapshots/snapshots/3/fs/.git/
2026-06-01T15:13:57.4090841Z #2 0.012 commit
2026-06-01T15:13:58.9687266Z #2 1.723 From file:///var/lib/buildkit/runc-overlayfs/snapshots/snapshots/1/fs
2026-06-01T15:13:58.9688325Z #2 1.723  * branch            refs/buildkit/vkevnep9nidc69p23jaxl7cge -> FETCH_HEAD
2026-06-01T15:13:59.7490865Z #2 2.503 Note: switching to 'FETCH_HEAD'.
2026-06-01T15:13:59.7491435Z #2 2.503 
2026-06-01T15:13:59.7492125Z #2 2.503 You are in 'detached HEAD' state. You can look around, make experimental
2026-06-01T15:13:59.7492927Z #2 2.503 changes and commit them, and you can discard any commits you make in this
2026-06-01T15:13:59.7493509Z #2 2.503 state without impacting any branches by switching back to a branch.
2026-06-01T15:13:59.7494102Z #2 2.503 
2026-06-01T15:13:59.7494451Z #2 2.503 If you want to create a new branch to retain commits you create, you may
2026-06-01T15:13:59.7495081Z #2 2.503 do so (now or later) by using -c with the switch command. Example:
2026-06-01T15:13:59.7495584Z #2 2.503 
2026-06-01T15:13:59.7495816Z #2 2.503   git switch -c <new-branch-name>
2026-06-01T15:13:59.7496119Z #2 2.503 
2026-06-01T15:13:59.7496455Z #2 2.503 Or undo this operation with:
2026-06-01T15:13:59.7496777Z #2 2.503 
2026-06-01T15:13:59.7496983Z #2 2.503   git switch -
2026-06-01T15:13:59.7498800Z #2 2.503 
2026-06-01T15:13:59.7499521Z #2 2.503 Turn off this advice by setting config variable advice.detachedHead to false
2026-06-01T15:13:59.7500492Z #2 2.503 
2026-06-01T15:13:59.7500908Z #2 2.503 HEAD is now at ac26154 Merge pull request #6807 from thaJeztah/bump_typeurl
2026-06-01T15:13:59.9478376Z #2 DONE 2.5s
2026-06-01T15:13:59.9478646Z 
2026-06-01T15:13:59.9479034Z #3 [auth] docker/dockerfile-upstream:pull token for registry-1.docker.io
2026-06-01T15:13:59.9480000Z #3 DONE 0.0s
2026-06-01T15:13:59.9480137Z 
2026-06-01T15:13:59.9480585Z #4 resolve image config for docker-image://docker.io/docker/dockerfile-upstream:master
2026-06-01T15:14:00.1273671Z #4 DONE 0.4s
2026-06-01T15:14:00.3279771Z 
2026-06-01T15:14:00.3283171Z #5 docker-image://docker.io/docker/dockerfile-upstream:master@sha256:68ad55f72bf20cc12f5b7b78d7d24477e179c4fc9d48ce39cd6d954f0ac31424
2026-06-01T15:14:00.3284347Z #5 resolve docker.io/docker/dockerfile-upstream:master@sha256:68ad55f72bf20cc12f5b7b78d7d24477e179c4fc9d48ce39cd6d954f0ac31424 done
2026-06-01T15:14:00.3285335Z #5 sha256:5b126fee80ad6bf982103e92ecb0b63d688f843d8e0858b207946907940dc4e6 14.38MB / 14.38MB 0.1s done
2026-06-01T15:14:00.3286073Z #5 extracting sha256:5b126fee80ad6bf982103e92ecb0b63d688f843d8e0858b207946907940dc4e6 0.1s done
2026-06-01T15:14:00.3286675Z #5 DONE 0.2s
2026-06-01T15:14:00.5501160Z 
2026-06-01T15:14:00.5501816Z #6 [auth] library/golang:pull token for registry-1.docker.io
2026-06-01T15:14:00.5502364Z #6 DONE 0.0s
2026-06-01T15:14:00.5502509Z 
2026-06-01T15:14:00.5502702Z #7 [auth] tonistiigi/xx:pull token for registry-1.docker.io
2026-06-01T15:14:00.5503097Z #7 DONE 0.0s
2026-06-01T15:14:00.5503234Z 
2026-06-01T15:14:00.5503429Z #8 [internal] load metadata for docker.io/tonistiigi/xx:1.9.0
2026-06-01T15:14:00.6236524Z #8 ...
2026-06-01T15:14:00.6237049Z 
2026-06-01T15:14:00.6237519Z #9 [internal] load metadata for docker.io/library/golang:1.26-alpine3.23
2026-06-01T15:14:00.6238347Z #9 DONE 0.2s
2026-06-01T15:14:00.8253296Z 
2026-06-01T15:14:00.8254270Z #8 [internal] load metadata for docker.io/tonistiigi/xx:1.9.0
2026-06-01T15:14:00.8254863Z #8 DONE 0.3s
2026-06-01T15:14:00.9277857Z 
2026-06-01T15:14:00.9278904Z #10 importing cache manifest from gha:2770997631635101799
2026-06-01T15:14:01.0597224Z #10 DONE 0.1s
2026-06-01T15:14:01.0600932Z 
2026-06-01T15:14:01.0601477Z #11 [internal] preparing inline document
2026-06-01T15:14:01.0602336Z #11 DONE 0.0s
2026-06-01T15:14:01.0602631Z 
2026-06-01T15:14:01.0602834Z #12 [internal] preparing inline document
2026-06-01T15:14:01.0603329Z #12 DONE 0.0s
2026-06-01T15:14:01.0603523Z 
2026-06-01T15:14:01.0604339Z #13 [golatest 1/1] FROM docker.io/library/golang:1.26-alpine3.23@sha256:91eda9776261207ea25fd06b5b7fed8d397dd2c0a283e77f2ab6e91bfa71079d
2026-06-01T15:14:01.0606058Z #13 resolve docker.io/library/golang:1.26-alpine3.23@sha256:91eda9776261207ea25fd06b5b7fed8d397dd2c0a283e77f2ab6e91bfa71079d done
2026-06-01T15:14:01.0607149Z #13 DONE 0.0s
2026-06-01T15:14:01.0607363Z 
2026-06-01T15:14:01.0608015Z #14 [xx 1/1] FROM docker.io/tonistiigi/xx:1.9.0@sha256:c64defb9ed5a91eacb37f96ccc3d4cd72521c4bd18d5442905b95e2226b0e707
2026-06-01T15:14:01.0610337Z #14 resolve docker.io/tonistiigi/xx:1.9.0@sha256:c64defb9ed5a91eacb37f96ccc3d4cd72521c4bd18d5442905b95e2226b0e707 0.0s done
2026-06-01T15:14:01.0611442Z #14 DONE 0.0s
2026-06-01T15:14:01.0611630Z 
2026-06-01T15:14:01.0611968Z #15 [registry 2/3] ADD --keep-git-dir=true https://github.com/distribution/distribution.git#v2.8.3 .
2026-06-01T15:14:01.3544992Z #15 0.285 df5f20f2e92e343f314c8f0192fff6de159f71a3	refs/tags/v2.8.3
2026-06-01T15:14:01.3546658Z #15 0.290 4772604ae973031ab32dd9805a4bccf61d94909f	refs/tags/v2.8.3^{}
2026-06-01T15:14:01.3550445Z #15 DONE 0.3s
2026-06-01T15:14:01.3550904Z 
2026-06-01T15:14:01.3551675Z #16 [containerd 2/3] ADD --keep-git-dir=true https://github.com/containerd/containerd.git#v2.2.3 .
2026-06-01T15:14:01.3552579Z #16 0.261 0c020f0ae8dc3496422d90784b8c58aa91abe09e	refs/tags/v2.2.3
2026-06-01T15:14:01.3553280Z #16 0.272 77c84241c7cbdd9b4eca2591793e3d4f4317c590	refs/tags/v2.2.3^{}
2026-06-01T15:14:01.3553836Z #16 DONE 0.3s
2026-06-01T15:14:01.3554006Z 
2026-06-01T15:14:01.3554588Z #14 [xx 1/1] FROM docker.io/tonistiigi/xx:1.9.0@sha256:c64defb9ed5a91eacb37f96ccc3d4cd72521c4bd18d5442905b95e2226b0e707
2026-06-01T15:14:01.4860339Z #14 sha256:ff62ee5b594035d8ad03d05aadc05e2a73f7e0e11bf2574dc5473677a60e22b4 17.70kB / 17.70kB 0.0s done
2026-06-01T15:14:01.4861703Z #14 extracting sha256:ff62ee5b594035d8ad03d05aadc05e2a73f7e0e11bf2574dc5473677a60e22b4 done
2026-06-01T15:14:01.4863073Z #14 DONE 0.0s
2026-06-01T15:14:01.4863303Z 
2026-06-01T15:14:01.4864073Z #13 [golatest 1/1] FROM docker.io/library/golang:1.26-alpine3.23@sha256:91eda9776261207ea25fd06b5b7fed8d397dd2c0a283e77f2ab6e91bfa71079d
2026-06-01T15:14:01.4865505Z #13 sha256:4f4fb700ef54461cfa02571ae0db9a0dc1e0cdb5577484a6d75e68dc38e8acc1 32B / 32B 0.0s done
2026-06-01T15:14:01.4866734Z #13 sha256:1512b43389a873b0519ae3d6c1a3c4d9b19295b8e3330b040d95d73c50ba2f9e 124B / 124B 0.0s done
2026-06-01T15:14:01.4868022Z #13 sha256:17423c887b377ec28c3923bc88337384a7a0c1f2b50b7faf4912760e8d503ebb 290.24kB / 290.24kB 0.0s done
2026-06-01T15:14:01.4869332Z #13 sha256:6a0ac1617861a677b045b7ff88545213ec31c0ff08763195a70a4a5adda577bb 3.86MB / 3.86MB 0.1s done
2026-06-01T15:14:01.6093079Z #13 extracting sha256:6a0ac1617861a677b045b7ff88545213ec31c0ff08763195a70a4a5adda577bb 0.1s done
2026-06-01T15:14:01.6094503Z #13 sha256:1a70bdedd442d430ea119cf8db8c0031b4eedeb5bde886892773876ded7629e8 55.57MB / 67.29MB 0.2s
2026-06-01T15:14:01.8129189Z #13 sha256:1a70bdedd442d430ea119cf8db8c0031b4eedeb5bde886892773876ded7629e8 67.29MB / 67.29MB 0.2s done
2026-06-01T15:14:01.8131116Z #13 extracting sha256:17423c887b377ec28c3923bc88337384a7a0c1f2b50b7faf4912760e8d503ebb 0.1s done
2026-06-01T15:14:01.8132470Z #13 extracting sha256:1a70bdedd442d430ea119cf8db8c0031b4eedeb5bde886892773876ded7629e8
2026-06-01T15:14:04.7219543Z #13 extracting sha256:1a70bdedd442d430ea119cf8db8c0031b4eedeb5bde886892773876ded7629e8 3.1s done
2026-06-01T15:14:04.7221063Z #13 DONE 3.3s
2026-06-01T15:14:04.8810259Z 
2026-06-01T15:14:04.8811679Z #13 [golatest 1/1] FROM docker.io/library/golang:1.26-alpine3.23@sha256:91eda9776261207ea25fd06b5b7fed8d397dd2c0a283e77f2ab6e91bfa71079d
2026-06-01T15:14:04.8812662Z #13 extracting sha256:1512b43389a873b0519ae3d6c1a3c4d9b19295b8e3330b040d95d73c50ba2f9e done
2026-06-01T15:14:04.8813393Z #13 extracting sha256:4f4fb700ef54461cfa02571ae0db9a0dc1e0cdb5577484a6d75e68dc38e8acc1 done
2026-06-01T15:14:04.8813930Z #13 DONE 3.3s
2026-06-01T15:14:04.8814057Z 
2026-06-01T15:14:04.8814363Z #17 [gobuild-base 1/2] RUN apk add --no-cache file bash clang lld musl-dev pkgconfig git make
2026-06-01T15:14:05.1140266Z #17 0.384 ( 1/45) Installing ncurses-terminfo-base (6.5_p20251123-r0)
2026-06-01T15:14:05.2170538Z #17 0.390 ( 2/45) Installing libncursesw (6.5_p20251123-r0)
2026-06-01T15:14:05.2171192Z #17 0.398 ( 3/45) Installing readline (8.3.1-r0)
2026-06-01T15:14:05.2171699Z #17 0.403 ( 4/45) Installing bash (5.3.3-r1)
2026-06-01T15:14:05.2172266Z #17 0.418   Executing bash-5.3.3-r1.post-install
2026-06-01T15:14:05.2172828Z #17 0.421 ( 5/45) Installing clang21-headers (21.1.2-r2)
2026-06-01T15:14:05.2173376Z #17 0.480 ( 6/45) Installing libffi (3.5.2-r0)
2026-06-01T15:14:05.2174163Z #17 0.483 ( 7/45) Installing libgcc (15.2.0-r2)
2026-06-01T15:14:05.2174699Z #17 0.487 ( 8/45) Installing libstdc++ (15.2.0-r2)
2026-06-01T15:14:05.4052139Z #17 0.502 ( 9/45) Installing xz-libs (5.8.3-r0)
2026-06-01T15:14:05.4052613Z #17 0.507 (10/45) Installing libxml2 (2.13.9-r1)
2026-06-01T15:14:05.4053008Z #17 0.516 (11/45) Installing zstd-libs (1.5.7-r2)
2026-06-01T15:14:05.4053397Z #17 0.524 (12/45) Installing llvm21-libs (21.1.2-r1)
2026-06-01T15:14:06.0859352Z #17 1.355 (13/45) Installing clang21-libs (21.1.2-r2)
2026-06-01T15:14:06.5567229Z #17 1.826 (14/45) Installing fortify-headers (1.1-r5)
2026-06-01T15:14:06.6823530Z #17 1.830 (15/45) Installing jansson (2.14.1-r0)
2026-06-01T15:14:06.6824195Z #17 1.833 (16/45) Installing binutils (2.45.1-r0)
2026-06-01T15:14:06.6825012Z #17 1.898 (17/45) Installing libgomp (15.2.0-r2)
2026-06-01T15:14:06.6825413Z #17 1.904 (18/45) Installing libatomic (15.2.0-r2)
2026-06-01T15:14:06.6825809Z #17 1.907 (19/45) Installing gmp (6.3.0-r4)
2026-06-01T15:14:06.6826139Z #17 1.913 (20/45) Installing isl26 (0.26-r1)
2026-06-01T15:14:06.6826466Z #17 1.952 (21/45) Installing mpfr4 (4.2.2-r0)
2026-06-01T15:14:06.8432501Z #17 1.959 (22/45) Installing mpc1 (1.3.1-r1)
2026-06-01T15:14:06.8433458Z #17 1.962 (23/45) Installing gcc (15.2.0-r2)
2026-06-01T15:14:07.6064127Z #17 2.876 (24/45) Installing libstdc++-dev (15.2.0-r2)
2026-06-01T15:14:07.7541163Z #17 3.024 (25/45) Installing llvm21-linker-tools (21.1.2-r1)
2026-06-01T15:14:07.8658017Z #17 3.029 (26/45) Installing musl-dev (1.2.5-r23)
2026-06-01T15:14:07.8658711Z #17 3.089 (27/45) Installing clang21 (21.1.2-r2)
2026-06-01T15:14:07.8659234Z #17 3.113 (28/45) Installing libmagic (5.46-r2)
2026-06-01T15:14:07.8659550Z #17 3.135 (29/45) Installing file (5.46-r2)
2026-06-01T15:14:07.9844536Z #17 3.138 (30/45) Installing brotli-libs (1.2.0-r0)
2026-06-01T15:14:07.9845161Z #17 3.147 (31/45) Installing c-ares (1.34.6-r0)
2026-06-01T15:14:07.9845528Z #17 3.151 (32/45) Installing libunistring (1.4.1-r0)
2026-06-01T15:14:07.9845894Z #17 3.163 (33/45) Installing libidn2 (2.3.8-r0)
2026-06-01T15:14:07.9846228Z #17 3.167 (34/45) Installing nghttp2-libs (1.69.0-r0)
2026-06-01T15:14:07.9846565Z #17 3.170 (35/45) Installing libpsl (0.21.5-r3)
2026-06-01T15:14:07.9846886Z #17 3.174 (36/45) Installing libcurl (8.19.0-r0)
2026-06-01T15:14:07.9847311Z #17 3.181 (37/45) Installing libexpat (2.7.5-r0)
2026-06-01T15:14:07.9847713Z #17 3.185 (38/45) Installing pcre2 (10.47-r0)
2026-06-01T15:14:07.9848013Z #17 3.192 (39/45) Installing git (2.52.0-r0)
2026-06-01T15:14:07.9848347Z #17 3.254 (40/45) Installing git-init-template (2.52.0-r0)
2026-06-01T15:14:08.2074498Z #17 3.258 (41/45) Installing lld21-libs (21.1.2-r1)
2026-06-01T15:14:08.2075028Z #17 3.301 (42/45) Installing scudo-malloc (21.1.2-r0)
2026-06-01T15:14:08.2075573Z #17 3.305 (43/45) Installing lld21 (21.1.2-r1)
2026-06-01T15:14:08.2076018Z #17 3.309 (44/45) Installing make (4.4.1-r3)
2026-06-01T15:14:08.2076390Z #17 3.314 (45/45) Installing pkgconf (2.5.1-r0)
2026-06-01T15:14:08.2076809Z #17 3.318 Executing busybox-1.37.0-r30.trigger
2026-06-01T15:14:08.2077180Z #17 3.327 OK: 527.9 MiB in 62 packages
2026-06-01T15:14:09.9001596Z #17 DONE 5.2s
2026-06-01T15:14:10.1332183Z 
2026-06-01T15:14:10.1332781Z #18 [gobuild-base 2/2] COPY --link --from=xx / /
2026-06-01T15:14:10.1333228Z #18 merging done
2026-06-01T15:14:10.1333472Z #18 DONE 0.0s
2026-06-01T15:14:10.1333624Z 
2026-06-01T15:14:10.1333740Z #19 [buildkit-base 1/1] WORKDIR /src
2026-06-01T15:14:10.1334069Z #19 DONE 0.0s
2026-06-01T15:14:10.1334197Z 
2026-06-01T15:14:10.1334683Z #20 [buildkit-version 1/1] RUN --mount=target=. <<'EOT' (# if git is worktree (file starting with gitdir:) then skip verions check...)
2026-06-01T15:14:10.1335424Z #20 0.046 ac2615479413ee4a103ee86de56ddeac5c7897cb
2026-06-01T15:14:10.1335915Z #20 0.046 + git describe --match 'v[0-9]*' '--dirty=.m' --always --tags
2026-06-01T15:14:10.3079791Z #20 0.371 + git rev-parse HEAD
2026-06-01T15:14:10.4600440Z #20 0.373 + git diff --no-ext-diff --quiet --exit-code
2026-06-01T15:14:10.6324683Z #20 0.696 + git show -s '--format=%cI' HEAD
2026-06-01T15:14:10.8760255Z #20 0.716 + export 'PKG=github.com/moby/buildkit' 'VERSION=ac26154' 'REVISION=ac2615479413ee4a103ee86de56ddeac5c7897cb' 'COMMIT_DATE=2026-06-01T17:13:13+02:00'
2026-06-01T15:14:10.8762866Z #20 0.716 + echo '-X github.com/moby/buildkit/version.Version=ac26154 -X github.com/moby/buildkit/version.Revision=ac2615479413ee4a103ee86de56ddeac5c7897cb -X github.com/moby/buildkit/version.Package=github.com/moby/buildkit'
2026-06-01T15:14:10.8764616Z #20 0.717 + echo -n ac26154
2026-06-01T15:14:10.8765091Z #20 0.717 + echo -n 2026-06-01T17:13:13+02:00
2026-06-01T15:14:10.8765576Z #20 DONE 0.7s
2026-06-01T15:14:10.8765787Z 
2026-06-01T15:14:10.8766967Z #21 [buildkitd 1/1] RUN --mount=target=. --mount=target=/root/.cache,type=cache   --mount=target=/go/pkg/mod,type=cache   --mount=source=/tmp/.ldflags,target=/tmp/.ldflags,from=buildkit-version <<EOT (set -ex...)
2026-06-01T15:14:10.8768462Z #21 0.061 + cat /tmp/.ldflags
2026-06-01T15:14:10.8771135Z #21 0.062 + xx-go build '-gcflags=' -ldflags '-X github.com/moby/buildkit/version.Version=ac26154 -X github.com/moby/buildkit/version.Revision=ac2615479413ee4a103ee86de56ddeac5c7897cb -X github.com/moby/buildkit/version.Package=github.com/moby/buildkit -extldflags '"'"'-static'"'" -tags 'osusergo netgo static_build seccomp ' -o /usr/bin/buildkitd ./cmd/buildkitd
2026-06-01T15:14:20.7760885Z #21 ...
2026-06-01T15:14:20.7761184Z 
2026-06-01T15:14:20.7762402Z #22 [buildctl 1/1] RUN --mount=target=. --mount=target=/root/.cache,type=cache   --mount=target=/go/pkg/mod,type=cache   --mount=source=/tmp/.ldflags,target=/tmp/.ldflags,from=buildkit-version <<EOT (set -ex...)
2026-06-01T15:14:20.7763922Z #22 0.063 + cat /tmp/.ldflags
2026-06-01T15:14:20.7765955Z #22 0.063 + xx-go build -ldflags '-X github.com/moby/buildkit/version.Version=ac26154 -X github.com/moby/buildkit/version.Revision=ac2615479413ee4a103ee86de56ddeac5c7897cb -X github.com/moby/buildkit/version.Package=github.com/moby/buildkit' -o /usr/bin/buildctl ./cmd/buildctl
2026-06-01T15:15:07.4637259Z #22 56.62 + xx-verify --static /usr/bin/buildctl
2026-06-01T15:15:07.4638105Z #22 56.64 + xx-info os
2026-06-01T15:15:07.4638654Z #22 56.65 + '[' windows '=' linux ]
2026-06-01T15:15:08.7767275Z #22 DONE 58.1s
2026-06-01T15:15:08.7769126Z 
2026-06-01T15:15:08.7770753Z #21 [buildkitd 1/1] RUN --mount=target=. --mount=target=/root/.cache,type=cache   --mount=target=/go/pkg/mod,type=cache   --mount=source=/tmp/.ldflags,target=/tmp/.ldflags,from=buildkit-version <<EOT (set -ex...)
2026-06-01T15:15:32.1894056Z #21 81.53 + xx-verify --static /usr/bin/buildkitd
2026-06-01T15:15:32.3547017Z #21 81.54 + set +ex
2026-06-01T15:15:32.9272058Z #21 DONE 82.3s
2026-06-01T15:15:33.0294786Z 
2026-06-01T15:15:33.0295883Z #23 [binaries-windows 2/2] COPY --link --from=buildkitd /usr/bin/buildkitd /buildkitd.exe
2026-06-01T15:15:33.0296850Z #23 DONE 0.0s
2026-06-01T15:15:33.1725469Z 
2026-06-01T15:15:33.1728932Z #23 [binaries-windows 2/2] COPY --link --from=buildkitd /usr/bin/buildkitd /buildkitd.exe
2026-06-01T15:15:33.1729547Z #23 merging done
2026-06-01T15:15:33.1730043Z #23 DONE 0.0s
2026-06-01T15:15:33.1730258Z 
2026-06-01T15:15:33.1730374Z #24 [containerd 3/3] RUN /build.sh
2026-06-01T15:15:33.1730687Z #24 CACHED
2026-06-01T15:15:33.1730815Z 
2026-06-01T15:15:33.1731038Z #25 [containerd 1/3] WORKDIR /go/src/github.com/containerd/containerd
2026-06-01T15:15:33.1731470Z #25 CACHED
2026-06-01T15:15:33.1731591Z 
2026-06-01T15:15:33.1731858Z #26 [gotestsum 1/2] RUN --mount=target=/root/.cache,type=cache <<EOT (set -ex...)
2026-06-01T15:15:33.1732331Z #26 CACHED
2026-06-01T15:15:33.1732456Z 
2026-06-01T15:15:33.1732810Z #27 [containerd 2/3] ADD --keep-git-dir=true https://github.com/containerd/containerd.git#v2.2.3 .
2026-06-01T15:15:33.1733374Z #27 CACHED
2026-06-01T15:15:33.1733496Z 
2026-06-01T15:15:33.1733702Z #28 [binaries-for-test 3/5] COPY --link --from=registry /out /
2026-06-01T15:15:33.1734051Z #28 CACHED
2026-06-01T15:15:33.1734157Z 
2026-06-01T15:15:33.1734578Z #29 [containerd-build 2/3] RUN xx-apk add musl-dev gcc && xx-go --wrap
2026-06-01T15:15:33.1734944Z #29 CACHED
2026-06-01T15:15:33.1735043Z 
2026-06-01T15:15:33.1735207Z #30 [containerd-build 3/3] COPY --chmod=755 <<-EOT /build.sh
2026-06-01T15:15:33.1735519Z #30 CACHED
2026-06-01T15:15:33.1735619Z 
2026-06-01T15:15:33.1735783Z #31 [binaries-for-test 4/5] COPY --link --from=containerd /out /
2026-06-01T15:15:33.1736114Z #31 CACHED
2026-06-01T15:15:33.1736208Z 
2026-06-01T15:15:33.1736409Z #32 [containerd-build 1/3] WORKDIR /go/src/github.com/containerd/containerd
2026-06-01T15:15:33.1736782Z #32 CACHED
2026-06-01T15:15:33.1736887Z 
2026-06-01T15:15:33.1737628Z #33 [registry 3/3] RUN --mount=target=/root/.cache,type=cache <<EOT (set -ex...)
2026-06-01T15:15:33.1738038Z #33 CACHED
2026-06-01T15:15:33.1738142Z 
2026-06-01T15:15:33.1738412Z #34 [gotestsum 2/2] COPY --chmod=755 <<EOF /out/gotestsumandcover
2026-06-01T15:15:33.1738956Z #34 CACHED
2026-06-01T15:15:33.1739068Z 
2026-06-01T15:15:33.1739242Z #35 [registry 1/3] WORKDIR /go/src/github.com/docker/distribution
2026-06-01T15:15:33.1739559Z #35 CACHED
2026-06-01T15:15:33.1739987Z 
2026-06-01T15:15:33.1740378Z #36 [registry 2/3] ADD --keep-git-dir=true https://github.com/distribution/distribution.git#v2.8.3 .
2026-06-01T15:15:33.1741133Z #36 CACHED
2026-06-01T15:15:33.1741238Z 
2026-06-01T15:15:33.1741389Z #37 [binaries-for-test 2/5] COPY --link --from=dlv /out /
2026-06-01T15:15:33.1741695Z #37 CACHED
2026-06-01T15:15:33.1741799Z 
2026-06-01T15:15:33.1742130Z #38 [dlv 1/1] RUN --mount=target=/root/.cache,type=cache    --mount=target=/go/pkg/mod,type=cache <<EOT (set -ex...)
2026-06-01T15:15:33.1742642Z #38 CACHED
2026-06-01T15:15:33.3449308Z 
2026-06-01T15:15:33.3450387Z #39 [binaries-for-test 5/5] COPY --link --from=binaries / /
2026-06-01T15:15:33.3451034Z #39 DONE 0.1s
2026-06-01T15:15:33.3451240Z 
2026-06-01T15:15:33.3451554Z #31 [binaries-for-test 4/5] COPY --link --from=containerd /out /
2026-06-01T15:15:33.3452807Z #31 sha256:7d67262b8b9a300bdce0f8dc9191efbf2fd399e50135f80f517300e811ffa8c5 12.60MB / 12.60MB 0.1s done
2026-06-01T15:15:33.4804082Z #31 sha256:e899e6c7268e249a5f82eb56f1fe985b481b8304d0c255517be2c9d23799dc6d 25.30MB / 25.30MB 0.3s done
2026-06-01T15:15:33.4805577Z #31 sha256:07d77e9e021b2d5830ead02c53c45b78072fc8ec2458c40147f1f4c6809d56c6 1.05MB / 6.96MB 0.2s
2026-06-01T15:15:33.4807131Z #31 sha256:c9298540f9cbdcf2c5baab9ad84bb4c584f731ea2279142d0c36349df4540f97 11.69MB / 11.69MB 0.2s done
2026-06-01T15:15:33.5822553Z #31 sha256:07d77e9e021b2d5830ead02c53c45b78072fc8ec2458c40147f1f4c6809d56c6 6.96MB / 6.96MB 0.4s done
2026-06-01T15:15:33.5823824Z #31 DONE 0.4s
2026-06-01T15:15:33.5824198Z 
2026-06-01T15:15:33.5824409Z #40 exporting to client directory
2026-06-01T15:15:34.1936608Z #40 copying files 20.35MB 0.1s
2026-06-01T15:15:35.1789091Z #40 copying files 234.67MB 0.9s done
2026-06-01T15:15:35.1789818Z #40 DONE 1.8s
2026-06-01T15:15:35.1790059Z 
2026-06-01T15:15:35.1790237Z #41 exporting to GitHub Actions Cache
2026-06-01T15:15:35.1790974Z #41 preparing build cache for export
2026-06-01T15:15:38.3294464Z #41 preparing build cache for export 3.3s done
2026-06-01T15:15:38.3294897Z #41 sending cache export
2026-06-01T15:15:40.1957031Z #41 writing layer sha256:9f9f4670033f1f33fc7d79337bcdd22a13d8bebc65da3484634214fd28bc5882
2026-06-01T15:15:41.6960559Z #41 ...
2026-06-01T15:15:41.6961019Z 
2026-06-01T15:15:41.6961274Z #39 [binaries-for-test 5/5] COPY --link --from=binaries / /
2026-06-01T15:15:41.6961974Z #39 extracting sha256:07d77e9e021b2d5830ead02c53c45b78072fc8ec2458c40147f1f4c6809d56c6 0.1s done
2026-06-01T15:15:41.6962857Z #39 extracting sha256:c9298540f9cbdcf2c5baab9ad84bb4c584f731ea2279142d0c36349df4540f97 0.1s done
2026-06-01T15:15:41.6963611Z #39 extracting sha256:7d67262b8b9a300bdce0f8dc9191efbf2fd399e50135f80f517300e811ffa8c5 0.1s done
2026-06-01T15:15:41.6964347Z #39 extracting sha256:e899e6c7268e249a5f82eb56f1fe985b481b8304d0c255517be2c9d23799dc6d 0.3s done
2026-06-01T15:15:41.6964868Z #39 merging done
2026-06-01T15:15:42.4642989Z #39 ...
2026-06-01T15:15:42.4643311Z 
2026-06-01T15:15:42.4643482Z #41 exporting to GitHub Actions Cache
2026-06-01T15:15:42.6106472Z #41 writing layer sha256:9f9f4670033f1f33fc7d79337bcdd22a13d8bebc65da3484634214fd28bc5882 0.1s done
2026-06-01T15:16:23.6790257Z #41 sending cache export 45.3s done
2026-06-01T15:16:23.6794528Z #41 ERROR: failed to parse error response 503: upstream connect error or disconnect/reset before headers. retried and the latest reset reason: remote connection failure, transport failure reason: delayed connect error: Connection refused: invalid character 'u' looking for beginning of value
2026-06-01T15:16:23.6796151Z 
2026-06-01T15:16:23.6796363Z #39 [binaries-for-test 5/5] COPY --link --from=binaries / /
2026-06-01T15:16:23.6988641Z ------
2026-06-01T15:16:23.6989369Z  > exporting to GitHub Actions Cache:
2026-06-01T15:16:23.6990122Z ------
2026-06-01T15:16:23.7010905Z ERROR: failed to solve: failed to parse error response 503: upstream connect error or disconnect/reset before headers. retried and the latest reset reason: remote connection failure, transport failure reason: delayed connect error: Connection refused: invalid character 'u' looking for beginning of value
2026-06-01T15:16:23.7099292Z ##[group]Build references
2026-06-01T15:16:23.7969139Z builder-e8add0e5-80d5-4b27-bfaa-04c82d97fe20/builder-e8add0e5-80d5-4b27-bfaa-04c82d97fe200/lfs3oqj6tp7fdi506j2q82wmm
2026-06-01T15:16:23.7970641Z ##[endgroup]
2026-06-01T15:16:23.7971271Z ##[group]Check build summary support
2026-06-01T15:16:23.7974657Z Build summary supported!
2026-06-01T15:16:23.7975525Z ##[endgroup]
2026-06-01T15:16:23.7998906Z ##[error]buildx bake failed with: ERROR: failed to solve: failed to parse error response 503: upstream connect error or disconnect/reset before headers. retried and the latest reset reason: remote connection failure, transport failure reason: delayed connect error: Connection refused: invalid character 'u' looking for beginning of value
2026-06-01T15:16:23.8187065Z Post job cleanup.
2026-06-01T15:16:24.1036497Z ##[group]Generating build summary
2026-06-01T15:16:24.1678319Z exporting build record to /home/runner/work/_temp/docker-actions-toolkit-UFPPRo/export
2026-06-01T15:16:24.2699224Z [command]/usr/bin/docker buildx history export --builder builder-e8add0e5-80d5-4b27-bfaa-04c82d97fe20 --output /home/runner/work/_temp/docker-actions-toolkit-UFPPRo/export/moby~buildkit~LFS3OQ.dockerbuild lfs3oqj6tp7fdi506j2q82wmm --finalize
2026-06-01T15:16:24.5192035Z Build records written to /home/runner/work/_temp/docker-actions-toolkit-UFPPRo/export/moby~buildkit~LFS3OQ.dockerbuild (75.19 KB)
2026-06-01T15:16:24.5196637Z Uploading moby~buildkit~LFS3OQ.dockerbuild as an artifact
2026-06-01T15:16:24.5207327Z Artifact name is valid!
2026-06-01T15:16:24.5208114Z Root directory input is valid!
2026-06-01T15:16:24.6304979Z Uploading artifact: moby~buildkit~LFS3OQ.dockerbuild
2026-06-01T15:16:24.6342581Z Beginning upload of artifact content to blob storage
2026-06-01T15:16:24.7332484Z Uploaded bytes 76991
2026-06-01T15:16:24.7886712Z Finished uploading artifact content to blob storage!
2026-06-01T15:16:24.7887518Z SHA256 digest of uploaded artifact is 286e012e7908dd5bede63b5fa8d16b82a4380785b6fa4b13354ed7890ea7190b
2026-06-01T15:16:24.7888243Z Finalizing artifact upload
2026-06-01T15:16:25.0357164Z Artifact moby~buildkit~LFS3OQ.dockerbuild successfully finalized. Artifact ID 7335377215
2026-06-01T15:16:25.0358888Z Artifact download URL: https://github.com/moby/buildkit/actions/runs/26763797782/artifacts/7335377215
2026-06-01T15:16:25.0386501Z Writing summary
2026-06-01T15:16:25.0399925Z ##[endgroup]
2026-06-01T15:16:25.0401157Z ##[group]Removing temp folder /home/runner/work/_temp/docker-actions-toolkit-B2cKw6
2026-06-01T15:16:25.0402293Z ##[endgroup]
2026-06-01T15:16:25.0402952Z ##[group]Post cache
2026-06-01T15:16:25.0403767Z State not set
2026-06-01T15:16:25.0404443Z ##[endgroup]
2026-06-01T15:16:25.0591035Z Post job cleanup.
2026-06-01T15:16:25.2840117Z ##[group]BuildKit container logs
2026-06-01T15:16:25.2881682Z [command]/usr/bin/docker logs buildx_buildkit_builder-e8add0e5-80d5-4b27-bfaa-04c82d97fe200
2026-06-01T15:16:25.3055803Z time="2026-06-01T15:13:48Z" level=info msg="auto snapshotter: using overlayfs"
2026-06-01T15:16:25.3057160Z time="2026-06-01T15:13:48Z" level=warning msg="using host network as the default"
2026-06-01T15:16:25.3063180Z time="2026-06-01T15:13:48Z" level=info msg="found worker \"1l1htq0pj3pqm8ni6vbufvbbj\", labels=map[org.mobyproject.buildkit.worker.executor:oci org.mobyproject.buildkit.worker.hostname:f6566a7529c1 org.mobyproject.buildkit.worker.network:host org.mobyproject.buildkit.worker.oci.process-mode:sandbox org.mobyproject.buildkit.worker.selinux.enabled:false org.mobyproject.buildkit.worker.snapshotter:overlayfs], platforms=[linux/amd64 linux/amd64/v2 linux/amd64/v3 linux/386]"
2026-06-01T15:16:25.3071939Z time="2026-06-01T15:13:48Z" level=warning msg="skipping containerd worker, as \"/run/containerd/containerd.sock\" does not exist"
2026-06-01T15:16:25.3074054Z time="2026-06-01T15:13:48Z" level=info msg="found 1 workers, default=\"1l1htq0pj3pqm8ni6vbufvbbj\""
2026-06-01T15:16:25.3075865Z time="2026-06-01T15:13:48Z" level=warning msg="currently, only the default worker can be used."
2026-06-01T15:16:25.3085063Z time="2026-06-01T15:13:48Z" level=info msg="running server on /run/buildkit/buildkitd.sock"
2026-06-01T15:16:25.3086992Z time="2026-06-01T15:13:49Z" level=debug msg="session started" spanID=4f7aee2f183a9bc1 traceID=9277b0a942cdb652095f479722798e47
2026-06-01T15:16:25.3088444Z time="2026-06-01T15:13:54Z" level=debug msg="reset healthcheck failure" actualDuration=1.51182ms spanID=4f7aee2f183a9bc1 timeout=15s traceID=9277b0a942cdb652095f479722798e47
2026-06-01T15:16:25.3091253Z time="2026-06-01T15:13:56Z" level=error msg="/moby.buildkit.v1.frontend.LLBBridge/StatFile returned error: rpc error: code = Unknown desc = lstat compose.yaml: no such file or directory" spanID=1066dc55c3cf9448 traceID=9277b0a942cdb652095f479722798e47
2026-06-01T15:16:25.3093049Z lstat compose.yaml: no such file or directory
2026-06-01T15:16:25.3093758Z 7 v0.30.0 /usr/bin/buildkitd --debug --allow-insecure-entitlement=network.host
2026-06-01T15:16:25.3094579Z github.com/tonistiigi/fsutil.Stat
2026-06-01T15:16:25.3095199Z 	/src/vendor/github.com/tonistiigi/fsutil/stat.go:61
2026-06-01T15:16:25.3095916Z github.com/moby/buildkit/cache/util.StatFile
2026-06-01T15:16:25.3096502Z 	/src/cache/util/fsutil.go:99
2026-06-01T15:16:25.3097158Z github.com/moby/buildkit/frontend/gateway.(*llbBridgeForwarder).StatFile
2026-06-01T15:16:25.3097920Z 	/src/frontend/gateway/gateway.go:986
2026-06-01T15:16:25.3098623Z github.com/moby/buildkit/control/gateway.(*GatewayForwarder).StatFile
2026-06-01T15:16:25.3099363Z 	/src/control/gateway/gateway.go:135
2026-06-01T15:16:25.3100380Z github.com/moby/buildkit/frontend/gateway/pb._LLBBridge_StatFile_Handler.func1
2026-06-01T15:16:25.3101425Z 	/src/frontend/gateway/pb/gateway_grpc.pb.go:469
2026-06-01T15:16:25.3102102Z google.golang.org/grpc.getChainUnaryHandler.func1
2026-06-01T15:16:25.3102790Z 	/src/vendor/google.golang.org/grpc/server.go:1243
2026-06-01T15:16:25.3103386Z main.unaryInterceptor
2026-06-01T15:16:25.3103821Z 	/src/cmd/buildkitd/main.go:775
2026-06-01T15:16:25.3104748Z google.golang.org/grpc.NewServer.chainUnaryServerInterceptors.chainUnaryInterceptors.func1
2026-06-01T15:16:25.3105808Z 	/src/vendor/google.golang.org/grpc/server.go:1234
2026-06-01T15:16:25.3106587Z github.com/moby/buildkit/frontend/gateway/pb._LLBBridge_StatFile_Handler
2026-06-01T15:16:25.3107376Z 	/src/frontend/gateway/pb/gateway_grpc.pb.go:471
2026-06-01T15:16:25.3107999Z google.golang.org/grpc.(*Server).processUnaryRPC
2026-06-01T15:16:25.3108627Z 	/src/vendor/google.golang.org/grpc/server.go:1430
2026-06-01T15:16:25.3109254Z google.golang.org/grpc.(*Server).handleStream
2026-06-01T15:16:25.3110147Z 	/src/vendor/google.golang.org/grpc/server.go:1856
2026-06-01T15:16:25.3111160Z google.golang.org/grpc.(*Server).serveStreams.func2.1
2026-06-01T15:16:25.3111869Z 	/src/vendor/google.golang.org/grpc/server.go:1065
2026-06-01T15:16:25.3112409Z runtime.goexit
2026-06-01T15:16:25.3112799Z 	/usr/local/go/src/runtime/asm_amd64.s:1771
2026-06-01T15:16:25.3113153Z 
2026-06-01T15:16:25.3113398Z 7 v0.30.0 /usr/bin/buildkitd --debug --allow-insecure-entitlement=network.host
2026-06-01T15:16:25.3113821Z main.unaryInterceptor
2026-06-01T15:16:25.3114063Z 	/src/cmd/buildkitd/main.go:779
2026-06-01T15:16:25.3114550Z google.golang.org/grpc.NewServer.chainUnaryServerInterceptors.chainUnaryInterceptors.func1
2026-06-01T15:16:25.3115110Z 	/src/vendor/google.golang.org/grpc/server.go:1234
2026-06-01T15:16:25.3115338Z 
2026-06-01T15:16:25.3115561Z 7 v0.30.0 /usr/bin/buildkitd --debug --allow-insecure-entitlement=network.host
2026-06-01T15:16:25.3115997Z github.com/moby/buildkit/cache/util.StatFile
2026-06-01T15:16:25.3116291Z 	/src/cache/util/fsutil.go:105
2026-06-01T15:16:25.3116667Z github.com/moby/buildkit/frontend/gateway.(*llbBridgeForwarder).StatFile
2026-06-01T15:16:25.3117381Z 	/src/frontend/gateway/gateway.go:986
2026-06-01T15:16:25.3117703Z 
2026-06-01T15:16:25.3118507Z time="2026-06-01T15:13:56Z" level=error msg="/moby.buildkit.v1.frontend.LLBBridge/StatFile returned error: rpc error: code = Unknown desc = lstat compose.yml: no such file or directory" spanID=48714c135e8c7972 traceID=9277b0a942cdb652095f479722798e47
2026-06-01T15:16:25.3119675Z lstat compose.yml: no such file or directory
2026-06-01T15:16:25.3120471Z 7 v0.30.0 /usr/bin/buildkitd --debug --allow-insecure-entitlement=network.host
2026-06-01T15:16:25.3120997Z github.com/tonistiigi/fsutil.Stat
2026-06-01T15:16:25.3121302Z 	/src/vendor/github.com/tonistiigi/fsutil/stat.go:61
2026-06-01T15:16:25.3121791Z github.com/moby/buildkit/cache/util.StatFile
2026-06-01T15:16:25.3122153Z 	/src/cache/util/fsutil.go:99
2026-06-01T15:16:25.3122516Z github.com/moby/buildkit/frontend/gateway.(*llbBridgeForwarder).StatFile
2026-06-01T15:16:25.3123099Z 	/src/frontend/gateway/gateway.go:986
2026-06-01T15:16:25.3123471Z github.com/moby/buildkit/control/gateway.(*GatewayForwarder).StatFile
2026-06-01T15:16:25.3124066Z 	/src/control/gateway/gateway.go:135
2026-06-01T15:16:25.3124799Z github.com/moby/buildkit/frontend/gateway/pb._LLBBridge_StatFile_Handler.func1
2026-06-01T15:16:25.3125617Z 	/src/frontend/gateway/pb/gateway_grpc.pb.go:469
2026-06-01T15:16:25.3126292Z google.golang.org/grpc.getChainUnaryHandler.func1
2026-06-01T15:16:25.3126950Z 	/src/vendor/google.golang.org/grpc/server.go:1243
2026-06-01T15:16:25.3127546Z main.unaryInterceptor
2026-06-01T15:16:25.3127990Z 	/src/cmd/buildkitd/main.go:775
2026-06-01T15:16:25.3128945Z google.golang.org/grpc.NewServer.chainUnaryServerInterceptors.chainUnaryInterceptors.func1
2026-06-01T15:16:25.3130371Z 	/src/vendor/google.golang.org/grpc/server.go:1234
2026-06-01T15:16:25.3131181Z github.com/moby/buildkit/frontend/gateway/pb._LLBBridge_StatFile_Handler
2026-06-01T15:16:25.3131995Z 	/src/frontend/gateway/pb/gateway_grpc.pb.go:471
2026-06-01T15:16:25.3132864Z google.golang.org/grpc.(*Server).processUnaryRPC
2026-06-01T15:16:25.3133541Z 	/src/vendor/google.golang.org/grpc/server.go:1430
2026-06-01T15:16:25.3134177Z google.golang.org/grpc.(*Server).handleStream
2026-06-01T15:16:25.3134822Z 	/src/vendor/google.golang.org/grpc/server.go:1856
2026-06-01T15:16:25.3136032Z google.golang.org/grpc.(*Server).serveStreams.func2.1
2026-06-01T15:16:25.3136423Z 	/src/vendor/google.golang.org/grpc/server.go:1065
2026-06-01T15:16:25.3136726Z runtime.goexit
2026-06-01T15:16:25.3136953Z 	/usr/local/go/src/runtime/asm_amd64.s:1771
2026-06-01T15:16:25.3137156Z 
2026-06-01T15:16:25.3137387Z 7 v0.30.0 /usr/bin/buildkitd --debug --allow-insecure-entitlement=network.host
2026-06-01T15:16:25.3137798Z main.unaryInterceptor
2026-06-01T15:16:25.3138031Z 	/src/cmd/buildkitd/main.go:779
2026-06-01T15:16:25.3138727Z google.golang.org/grpc.NewServer.chainUnaryServerInterceptors.chainUnaryInterceptors.func1
2026-06-01T15:16:25.3139496Z 	/src/vendor/google.golang.org/grpc/server.go:1234
2026-06-01T15:16:25.3140333Z 
2026-06-01T15:16:25.3140603Z 7 v0.30.0 /usr/bin/buildkitd --debug --allow-insecure-entitlement=network.host
2026-06-01T15:16:25.3141242Z github.com/moby/buildkit/cache/util.StatFile
2026-06-01T15:16:25.3141549Z 	/src/cache/util/fsutil.go:105
2026-06-01T15:16:25.3141924Z github.com/moby/buildkit/frontend/gateway.(*llbBridgeForwarder).StatFile
2026-06-01T15:16:25.3142363Z 	/src/frontend/gateway/gateway.go:986
2026-06-01T15:16:25.3142558Z 
2026-06-01T15:16:25.3143394Z time="2026-06-01T15:13:56Z" level=error msg="/moby.buildkit.v1.frontend.LLBBridge/StatFile returned error: rpc error: code = Unknown desc = lstat docker-compose.yml: no such file or directory" spanID=38406cbd62ce9a6e traceID=9277b0a942cdb652095f479722798e47
2026-06-01T15:16:25.3144501Z lstat docker-compose.yml: no such file or directory
2026-06-01T15:16:25.3144953Z 7 v0.30.0 /usr/bin/buildkitd --debug --allow-insecure-entitlement=network.host
2026-06-01T15:16:25.3145383Z github.com/tonistiigi/fsutil.Stat
2026-06-01T15:16:25.3145691Z 	/src/vendor/github.com/tonistiigi/fsutil/stat.go:61
2026-06-01T15:16:25.3146025Z github.com/moby/buildkit/cache/util.StatFile
2026-06-01T15:16:25.3146325Z 	/src/cache/util/fsutil.go:99
2026-06-01T15:16:25.3146686Z github.com/moby/buildkit/frontend/gateway.(*llbBridgeForwarder).StatFile
2026-06-01T15:16:25.3147255Z 	/src/frontend/gateway/gateway.go:986
2026-06-01T15:16:25.3147623Z github.com/moby/buildkit/control/gateway.(*GatewayForwarder).StatFile
2026-06-01T15:16:25.3148014Z 	/src/control/gateway/gateway.go:135
2026-06-01T15:16:25.3148769Z github.com/moby/buildkit/frontend/gateway/pb._LLBBridge_StatFile_Handler.func1
2026-06-01T15:16:25.3149596Z 	/src/frontend/gateway/pb/gateway_grpc.pb.go:469
2026-06-01T15:16:25.3150514Z google.golang.org/grpc.getChainUnaryHandler.func1
2026-06-01T15:16:25.3151199Z 	/src/vendor/google.golang.org/grpc/server.go:1243
2026-06-01T15:16:25.3151805Z main.unaryInterceptor
2026-06-01T15:16:25.3152270Z 	/src/cmd/buildkitd/main.go:775
2026-06-01T15:16:25.3153209Z google.golang.org/grpc.NewServer.chainUnaryServerInterceptors.chainUnaryInterceptors.func1
2026-06-01T15:16:25.3154261Z 	/src/vendor/google.golang.org/grpc/server.go:1234
2026-06-01T15:16:25.3155057Z github.com/moby/buildkit/frontend/gateway/pb._LLBBridge_StatFile_Handler
2026-06-01T15:16:25.3155862Z 	/src/frontend/gateway/pb/gateway_grpc.pb.go:471
2026-06-01T15:16:25.3156535Z google.golang.org/grpc.(*Server).processUnaryRPC
2026-06-01T15:16:25.3157193Z 	/src/vendor/google.golang.org/grpc/server.go:1430
2026-06-01T15:16:25.3157840Z google.golang.org/grpc.(*Server).handleStream
2026-06-01T15:16:25.3158466Z 	/src/vendor/google.golang.org/grpc/server.go:1856
2026-06-01T15:16:25.3159149Z google.golang.org/grpc.(*Server).serveStreams.func2.1
2026-06-01T15:16:25.3160028Z 	/src/vendor/google.golang.org/grpc/server.go:1065
2026-06-01T15:16:25.3160612Z runtime.goexit
2026-06-01T15:16:25.3161016Z 	/usr/local/go/src/runtime/asm_amd64.s:1771
2026-06-01T15:16:25.3161380Z 
2026-06-01T15:16:25.3161807Z 7 v0.30.0 /usr/bin/buildkitd --debug --allow-insecure-entitlement=network.host
2026-06-01T15:16:25.3162590Z main.unaryInterceptor
2026-06-01T15:16:25.3163053Z 	/src/cmd/buildkitd/main.go:779
2026-06-01T15:16:25.3163969Z google.golang.org/grpc.NewServer.chainUnaryServerInterceptors.chainUnaryInterceptors.func1
2026-06-01T15:16:25.3165021Z 	/src/vendor/google.golang.org/grpc/server.go:1234
2026-06-01T15:16:25.3165439Z 
2026-06-01T15:16:25.3165846Z 7 v0.30.0 /usr/bin/buildkitd --debug --allow-insecure-entitlement=network.host
2026-06-01T15:16:25.3166632Z github.com/moby/buildkit/cache/util.StatFile
2026-06-01T15:16:25.3167167Z 	/src/cache/util/fsutil.go:105
2026-06-01T15:16:25.3167855Z github.com/moby/buildkit/frontend/gateway.(*llbBridgeForwarder).StatFile
2026-06-01T15:16:25.3168607Z 	/src/frontend/gateway/gateway.go:986
2026-06-01T15:16:25.3168956Z 
2026-06-01T15:16:25.3171018Z time="2026-06-01T15:13:56Z" level=error msg="/moby.buildkit.v1.frontend.LLBBridge/StatFile returned error: rpc error: code = Unknown desc = lstat docker-compose.yaml: no such file or directory" spanID=2a0128907e1ab330 traceID=9277b0a942cdb652095f479722798e47
2026-06-01T15:16:25.3172985Z lstat docker-compose.yaml: no such file or directory
2026-06-01T15:16:25.3173838Z 7 v0.30.0 /usr/bin/buildkitd --debug --allow-insecure-entitlement=network.host
2026-06-01T15:16:25.3174647Z github.com/tonistiigi/fsutil.Stat
2026-06-01T15:16:25.3175220Z 	/src/vendor/github.com/tonistiigi/fsutil/stat.go:61
2026-06-01T15:16:25.3175843Z github.com/moby/buildkit/cache/util.StatFile
2026-06-01T15:16:25.3176365Z 	/src/cache/util/fsutil.go:99
2026-06-01T15:16:25.3176999Z github.com/moby/buildkit/frontend/gateway.(*llbBridgeForwarder).StatFile
2026-06-01T15:16:25.3177744Z 	/src/frontend/gateway/gateway.go:986
2026-06-01T15:16:25.3178429Z github.com/moby/buildkit/control/gateway.(*GatewayForwarder).StatFile
2026-06-01T15:16:25.3179184Z 	/src/control/gateway/gateway.go:135
2026-06-01T15:16:25.3180278Z github.com/moby/buildkit/frontend/gateway/pb._LLBBridge_StatFile_Handler.func1
2026-06-01T15:16:25.3181175Z 	/src/frontend/gateway/pb/gateway_grpc.pb.go:469
2026-06-01T15:16:25.3181866Z google.golang.org/grpc.getChainUnaryHandler.func1
2026-06-01T15:16:25.3182567Z 	/src/vendor/google.golang.org/grpc/server.go:1243
2026-06-01T15:16:25.3183166Z main.unaryInterceptor
2026-06-01T15:16:25.3183613Z 	/src/cmd/buildkitd/main.go:775
2026-06-01T15:16:25.3184830Z google.golang.org/grpc.NewServer.chainUnaryServerInterceptors.chainUnaryInterceptors.func1
2026-06-01T15:16:25.3185923Z 	/src/vendor/google.golang.org/grpc/server.go:1234
2026-06-01T15:16:25.3186740Z github.com/moby/buildkit/frontend/gateway/pb._LLBBridge_StatFile_Handler
2026-06-01T15:16:25.3187616Z 	/src/frontend/gateway/pb/gateway_grpc.pb.go:471
2026-06-01T15:16:25.3188275Z google.golang.org/grpc.(*Server).processUnaryRPC
2026-06-01T15:16:25.3188947Z 	/src/vendor/google.golang.org/grpc/server.go:1430
2026-06-01T15:16:25.3189548Z google.golang.org/grpc.(*Server).handleStream
2026-06-01T15:16:25.3190416Z 	/src/vendor/google.golang.org/grpc/server.go:1856
2026-06-01T15:16:25.3191069Z google.golang.org/grpc.(*Server).serveStreams.func2.1
2026-06-01T15:16:25.3191709Z 	/src/vendor/google.golang.org/grpc/server.go:1065
2026-06-01T15:16:25.3192235Z runtime.goexit
2026-06-01T15:16:25.3192624Z 	/usr/local/go/src/runtime/asm_amd64.s:1771
2026-06-01T15:16:25.3192970Z 
2026-06-01T15:16:25.3193360Z 7 v0.30.0 /usr/bin/buildkitd --debug --allow-insecure-entitlement=network.host
2026-06-01T15:16:25.3194074Z main.unaryInterceptor
2026-06-01T15:16:25.3194482Z 	/src/cmd/buildkitd/main.go:779
2026-06-01T15:16:25.3195342Z google.golang.org/grpc.NewServer.chainUnaryServerInterceptors.chainUnaryInterceptors.func1
2026-06-01T15:16:25.3196430Z 	/src/vendor/google.golang.org/grpc/server.go:1234
2026-06-01T15:16:25.3196838Z 
2026-06-01T15:16:25.3197230Z 7 v0.30.0 /usr/bin/buildkitd --debug --allow-insecure-entitlement=network.host
2026-06-01T15:16:25.3197991Z github.com/moby/buildkit/cache/util.StatFile
2026-06-01T15:16:25.3198500Z 	/src/cache/util/fsutil.go:105
2026-06-01T15:16:25.3199093Z github.com/moby/buildkit/frontend/gateway.(*llbBridgeForwarder).StatFile
2026-06-01T15:16:25.3199934Z 	/src/frontend/gateway/gateway.go:986
2026-06-01T15:16:25.3200223Z 
2026-06-01T15:16:25.3201428Z time="2026-06-01T15:13:56Z" level=error msg="/moby.buildkit.v1.frontend.LLBBridge/StatFile returned error: rpc error: code = Unknown desc = lstat docker-bake.json: no such file or directory" spanID=b4973a9b691dcd9d traceID=9277b0a942cdb652095f479722798e47
2026-06-01T15:16:25.3202943Z lstat docker-bake.json: no such file or directory
2026-06-01T15:16:25.3203579Z 7 v0.30.0 /usr/bin/buildkitd --debug --allow-insecure-entitlement=network.host
2026-06-01T15:16:25.3204180Z github.com/tonistiigi/fsutil.Stat
2026-06-01T15:16:25.3204625Z 	/src/vendor/github.com/tonistiigi/fsutil/stat.go:61
2026-06-01T15:16:25.3205128Z github.com/moby/buildkit/cache/util.StatFile
2026-06-01T15:16:25.3205559Z 	/src/cache/util/fsutil.go:99
2026-06-01T15:16:25.3206367Z github.com/moby/buildkit/frontend/gateway.(*llbBridgeForwarder).StatFile
2026-06-01T15:16:25.3207046Z 	/src/frontend/gateway/gateway.go:986
2026-06-01T15:16:25.3207618Z github.com/moby/buildkit/control/gateway.(*GatewayForwarder).StatFile
2026-06-01T15:16:25.3208273Z 	/src/control/gateway/gateway.go:135
2026-06-01T15:16:25.3208921Z github.com/moby/buildkit/frontend/gateway/pb._LLBBridge_StatFile_Handler.func1
2026-06-01T15:16:25.3209973Z 	/src/frontend/gateway/pb/gateway_grpc.pb.go:469
2026-06-01T15:16:25.3210760Z google.golang.org/grpc.getChainUnaryHandler.func1
2026-06-01T15:16:25.3211133Z 	/src/vendor/google.golang.org/grpc/server.go:1243
2026-06-01T15:16:25.3211442Z main.unaryInterceptor
2026-06-01T15:16:25.3211674Z 	/src/cmd/buildkitd/main.go:775
2026-06-01T15:16:25.3212175Z google.golang.org/grpc.NewServer.chainUnaryServerInterceptors.chainUnaryInterceptors.func1
2026-06-01T15:16:25.3212728Z 	/src/vendor/google.golang.org/grpc/server.go:1234
2026-06-01T15:16:25.3213163Z github.com/moby/buildkit/frontend/gateway/pb._LLBBridge_StatFile_Handler
2026-06-01T15:16:25.3213605Z 	/src/frontend/gateway/pb/gateway_grpc.pb.go:471
2026-06-01T15:16:25.3213951Z google.golang.org/grpc.(*Server).processUnaryRPC
2026-06-01T15:16:25.3214300Z 	/src/vendor/google.golang.org/grpc/server.go:1430
2026-06-01T15:16:25.3214642Z google.golang.org/grpc.(*Server).handleStream
2026-06-01T15:16:25.3215128Z 	/src/vendor/google.golang.org/grpc/server.go:1856
2026-06-01T15:16:25.3215485Z google.golang.org/grpc.(*Server).serveStreams.func2.1
2026-06-01T15:16:25.3215836Z 	/src/vendor/google.golang.org/grpc/server.go:1065
2026-06-01T15:16:25.3216125Z runtime.goexit
2026-06-01T15:16:25.3216352Z 	/usr/local/go/src/runtime/asm_amd64.s:1771
2026-06-01T15:16:25.3216548Z 
2026-06-01T15:16:25.3216770Z 7 v0.30.0 /usr/bin/buildkitd --debug --allow-insecure-entitlement=network.host
2026-06-01T15:16:25.3217180Z main.unaryInterceptor
2026-06-01T15:16:25.3217409Z 	/src/cmd/buildkitd/main.go:779
2026-06-01T15:16:25.3217891Z google.golang.org/grpc.NewServer.chainUnaryServerInterceptors.chainUnaryInterceptors.func1
2026-06-01T15:16:25.3218446Z 	/src/vendor/google.golang.org/grpc/server.go:1234
2026-06-01T15:16:25.3218664Z 
2026-06-01T15:16:25.3218872Z 7 v0.30.0 /usr/bin/buildkitd --debug --allow-insecure-entitlement=network.host
2026-06-01T15:16:25.3219526Z github.com/moby/buildkit/cache/util.StatFile
2026-06-01T15:16:25.3220282Z 	/src/cache/util/fsutil.go:105
2026-06-01T15:16:25.3220963Z github.com/moby/buildkit/frontend/gateway.(*llbBridgeForwarder).StatFile
2026-06-01T15:16:25.3221751Z 	/src/frontend/gateway/gateway.go:986
2026-06-01T15:16:25.3222102Z 
2026-06-01T15:16:25.3223598Z time="2026-06-01T15:13:56Z" level=error msg="/moby.buildkit.v1.frontend.LLBBridge/StatFile returned error: rpc error: code = Unknown desc = lstat docker-bake.override.json: no such file or directory" spanID=0658a72b7350b538 traceID=9277b0a942cdb652095f479722798e47
2026-06-01T15:16:25.3236523Z lstat docker-bake.override.json: no such file or directory
2026-06-01T15:16:25.3237346Z 7 v0.30.0 /usr/bin/buildkitd --debug --allow-insecure-entitlement=network.host
2026-06-01T15:16:25.3237852Z github.com/tonistiigi/fsutil.Stat
2026-06-01T15:16:25.3238175Z 	/src/vendor/github.com/tonistiigi/fsutil/stat.go:61
2026-06-01T15:16:25.3238526Z github.com/moby/buildkit/cache/util.StatFile
2026-06-01T15:16:25.3238831Z 	/src/cache/util/fsutil.go:99
2026-06-01T15:16:25.3239214Z github.com/moby/buildkit/frontend/gateway.(*llbBridgeForwarder).StatFile
2026-06-01T15:16:25.3239632Z 	/src/frontend/gateway/gateway.go:986
2026-06-01T15:16:25.3240314Z github.com/moby/buildkit/control/gateway.(*GatewayForwarder).StatFile
2026-06-01T15:16:25.3240711Z 	/src/control/gateway/gateway.go:135
2026-06-01T15:16:25.3241116Z github.com/moby/buildkit/frontend/gateway/pb._LLBBridge_StatFile_Handler.func1
2026-06-01T15:16:25.3241571Z 	/src/frontend/gateway/pb/gateway_grpc.pb.go:469
2026-06-01T15:16:25.3241932Z google.golang.org/grpc.getChainUnaryHandler.func1
2026-06-01T15:16:25.3242290Z 	/src/vendor/google.golang.org/grpc/server.go:1243
2026-06-01T15:16:25.3242784Z main.unaryInterceptor
2026-06-01T15:16:25.3243029Z 	/src/cmd/buildkitd/main.go:775
2026-06-01T15:16:25.3243510Z google.golang.org/grpc.NewServer.chainUnaryServerInterceptors.chainUnaryInterceptors.func1
2026-06-01T15:16:25.3244059Z 	/src/vendor/google.golang.org/grpc/server.go:1234
2026-06-01T15:16:25.3244475Z github.com/moby/buildkit/frontend/gateway/pb._LLBBridge_StatFile_Handler
2026-06-01T15:16:25.3244903Z 	/src/frontend/gateway/pb/gateway_grpc.pb.go:471
2026-06-01T15:16:25.3245243Z google.golang.org/grpc.(*Server).processUnaryRPC
2026-06-01T15:16:25.3245581Z 	/src/vendor/google.golang.org/grpc/server.go:1430
2026-06-01T15:16:25.3245917Z google.golang.org/grpc.(*Server).handleStream
2026-06-01T15:16:25.3246243Z 	/src/vendor/google.golang.org/grpc/server.go:1856
2026-06-01T15:16:25.3246593Z google.golang.org/grpc.(*Server).serveStreams.func2.1
2026-06-01T15:16:25.3246947Z 	/src/vendor/google.golang.org/grpc/server.go:1065
2026-06-01T15:16:25.3247238Z runtime.goexit
2026-06-01T15:16:25.3247466Z 	/usr/local/go/src/runtime/asm_amd64.s:1771
2026-06-01T15:16:25.3247670Z 
2026-06-01T15:16:25.3247893Z 7 v0.30.0 /usr/bin/buildkitd --debug --allow-insecure-entitlement=network.host
2026-06-01T15:16:25.3248307Z main.unaryInterceptor
2026-06-01T15:16:25.3248540Z 	/src/cmd/buildkitd/main.go:779
2026-06-01T15:16:25.3249029Z google.golang.org/grpc.NewServer.chainUnaryServerInterceptors.chainUnaryInterceptors.func1
2026-06-01T15:16:25.3249939Z 	/src/vendor/google.golang.org/grpc/server.go:1234
2026-06-01T15:16:25.3250179Z 
2026-06-01T15:16:25.3250405Z 7 v0.30.0 /usr/bin/buildkitd --debug --allow-insecure-entitlement=network.host
2026-06-01T15:16:25.3250845Z github.com/moby/buildkit/cache/util.StatFile
2026-06-01T15:16:25.3251143Z 	/src/cache/util/fsutil.go:105
2026-06-01T15:16:25.3251513Z github.com/moby/buildkit/frontend/gateway.(*llbBridgeForwarder).StatFile
2026-06-01T15:16:25.3252094Z 	/src/frontend/gateway/gateway.go:986
2026-06-01T15:16:25.3252434Z 
2026-06-01T15:16:25.3253400Z time="2026-06-01T15:13:56Z" level=error msg="/moby.buildkit.v1.frontend.LLBBridge/StatFile returned error: rpc error: code = Unknown desc = lstat docker-bake.override.hcl: no such file or directory" spanID=13f86f275fe09e09 traceID=9277b0a942cdb652095f479722798e47
2026-06-01T15:16:25.3254487Z lstat docker-bake.override.hcl: no such file or directory
2026-06-01T15:16:25.3254951Z 7 v0.30.0 /usr/bin/buildkitd --debug --allow-insecure-entitlement=network.host
2026-06-01T15:16:25.3255374Z github.com/tonistiigi/fsutil.Stat
2026-06-01T15:16:25.3255682Z 	/src/vendor/github.com/tonistiigi/fsutil/stat.go:61
2026-06-01T15:16:25.3256020Z github.com/moby/buildkit/cache/util.StatFile
2026-06-01T15:16:25.3256502Z 	/src/cache/util/fsutil.go:99
2026-06-01T15:16:25.3256867Z github.com/moby/buildkit/frontend/gateway.(*llbBridgeForwarder).StatFile
2026-06-01T15:16:25.3257269Z 	/src/frontend/gateway/gateway.go:986
2026-06-01T15:16:25.3257645Z github.com/moby/buildkit/control/gateway.(*GatewayForwarder).StatFile
2026-06-01T15:16:25.3258030Z 	/src/control/gateway/gateway.go:135
2026-06-01T15:16:25.3258427Z github.com/moby/buildkit/frontend/gateway/pb._LLBBridge_StatFile_Handler.func1
2026-06-01T15:16:25.3259000Z 	/src/frontend/gateway/pb/gateway_grpc.pb.go:469
2026-06-01T15:16:25.3259354Z google.golang.org/grpc.getChainUnaryHandler.func1
2026-06-01T15:16:25.3259956Z 	/src/vendor/google.golang.org/grpc/server.go:1243
2026-06-01T15:16:25.3260315Z main.unaryInterceptor
2026-06-01T15:16:25.3260555Z 	/src/cmd/buildkitd/main.go:775
2026-06-01T15:16:25.3261042Z google.golang.org/grpc.NewServer.chainUnaryServerInterceptors.chainUnaryInterceptors.func1
2026-06-01T15:16:25.3261589Z 	/src/vendor/google.golang.org/grpc/server.go:1234
2026-06-01T15:16:25.3262001Z github.com/moby/buildkit/frontend/gateway/pb._LLBBridge_StatFile_Handler
2026-06-01T15:16:25.3262427Z 	/src/frontend/gateway/pb/gateway_grpc.pb.go:471
2026-06-01T15:16:25.3262764Z google.golang.org/grpc.(*Server).processUnaryRPC
2026-06-01T15:16:25.3263095Z 	/src/vendor/google.golang.org/grpc/server.go:1430
2026-06-01T15:16:25.3263592Z google.golang.org/grpc.(*Server).handleStream
2026-06-01T15:16:25.3264056Z 	/src/vendor/google.golang.org/grpc/server.go:1856
2026-06-01T15:16:25.3264414Z google.golang.org/grpc.(*Server).serveStreams.func2.1
2026-06-01T15:16:25.3264763Z 	/src/vendor/google.golang.org/grpc/server.go:1065
2026-06-01T15:16:25.3265052Z runtime.goexit
2026-06-01T15:16:25.3265280Z 	/usr/local/go/src/runtime/asm_amd64.s:1771
2026-06-01T15:16:25.3265474Z 
2026-06-01T15:16:25.3265691Z 7 v0.30.0 /usr/bin/buildkitd --debug --allow-insecure-entitlement=network.host
2026-06-01T15:16:25.3266089Z main.unaryInterceptor
2026-06-01T15:16:25.3266322Z 	/src/cmd/buildkitd/main.go:779
2026-06-01T15:16:25.3266796Z google.golang.org/grpc.NewServer.chainUnaryServerInterceptors.chainUnaryInterceptors.func1
2026-06-01T15:16:25.3267337Z 	/src/vendor/google.golang.org/grpc/server.go:1234
2026-06-01T15:16:25.3267555Z 
2026-06-01T15:16:25.3267764Z 7 v0.30.0 /usr/bin/buildkitd --debug --allow-insecure-entitlement=network.host
2026-06-01T15:16:25.3268190Z github.com/moby/buildkit/cache/util.StatFile
2026-06-01T15:16:25.3268490Z 	/src/cache/util/fsutil.go:105
2026-06-01T15:16:25.3268849Z github.com/moby/buildkit/frontend/gateway.(*llbBridgeForwarder).StatFile
2026-06-01T15:16:25.3269248Z 	/src/frontend/gateway/gateway.go:986
2026-06-01T15:16:25.3269435Z 
2026-06-01T15:16:25.3270066Z time="2026-06-01T15:13:56Z" level=debug msg="session finished: <nil>" spanID=4f7aee2f183a9bc1 traceID=9277b0a942cdb652095f479722798e47
2026-06-01T15:16:25.3271035Z time="2026-06-01T15:13:57Z" level=debug msg="session started" spanID=e7e559367f296ed6 traceID=7514d620a639756fbb31bc4ec7608d53
2026-06-01T15:16:25.3272234Z time="2026-06-01T15:13:57Z" level=debug msg="load cache for [internal] load git source https://github.com/moby/buildkit.git#ac2615479413ee4a103ee86de56ddeac5c7897cb with 1l1htq0pj3pqm8ni6vbufvbbj::wgekiloqq1nrc6iui3m0ctpdr"
2026-06-01T15:16:25.3273828Z time="2026-06-01T15:13:57Z" level=error msg="/moby.buildkit.v1.frontend.LLBBridge/StatFile returned error: rpc error: code = Unknown desc = lstat compose.yaml: no such file or directory" spanID=4655eff833fc20bf traceID=7514d620a639756fbb31bc4ec7608d53
2026-06-01T15:16:25.3274819Z lstat compose.yaml: no such file or directory
2026-06-01T15:16:25.3275242Z 7 v0.30.0 /usr/bin/buildkitd --debug --allow-insecure-entitlement=network.host
2026-06-01T15:16:25.3275653Z github.com/tonistiigi/fsutil.Stat
2026-06-01T15:16:25.3275959Z 	/src/vendor/github.com/tonistiigi/fsutil/stat.go:61
2026-06-01T15:16:25.3276296Z github.com/moby/buildkit/cache/util.StatFile
2026-06-01T15:16:25.3276586Z 	/src/cache/util/fsutil.go:99
2026-06-01T15:16:25.3276948Z github.com/moby/buildkit/frontend/gateway.(*llbBridgeForwarder).StatFile
2026-06-01T15:16:25.3277541Z 	/src/frontend/gateway/gateway.go:986
2026-06-01T15:16:25.3277917Z github.com/moby/buildkit/control/gateway.(*GatewayForwarder).StatFile
2026-06-01T15:16:25.3278306Z 	/src/control/gateway/gateway.go:135
2026-06-01T15:16:25.3278710Z github.com/moby/buildkit/frontend/gateway/pb._LLBBridge_StatFile_Handler.func1
2026-06-01T15:16:25.3279153Z 	/src/frontend/gateway/pb/gateway_grpc.pb.go:469
2026-06-01T15:16:25.3279507Z google.golang.org/grpc.getChainUnaryHandler.func1
2026-06-01T15:16:25.3280141Z 	/src/vendor/google.golang.org/grpc/server.go:1243
2026-06-01T15:16:25.3280459Z main.unaryInterceptor
2026-06-01T15:16:25.3280697Z 	/src/cmd/buildkitd/main.go:775
2026-06-01T15:16:25.3281421Z google.golang.org/grpc.NewServer.chainUnaryServerInterceptors.chainUnaryInterceptors.func1
2026-06-01T15:16:25.3282454Z 	/src/vendor/google.golang.org/grpc/server.go:1234
2026-06-01T15:16:25.3283277Z github.com/moby/buildkit/frontend/gateway/pb._LLBBridge_StatFile_Handler
2026-06-01T15:16:25.3283920Z 	/src/frontend/gateway/pb/gateway_grpc.pb.go:471
2026-06-01T15:16:25.3284265Z google.golang.org/grpc.(*Server).processUnaryRPC
2026-06-01T15:16:25.3284598Z 	/src/vendor/google.golang.org/grpc/server.go:1430
2026-06-01T15:16:25.3284928Z google.golang.org/grpc.(*Server).handleStream
2026-06-01T15:16:25.3285428Z 	/src/vendor/google.golang.org/grpc/server.go:1856
2026-06-01T15:16:25.3285793Z google.golang.org/grpc.(*Server).serveStreams.func2.1
2026-06-01T15:16:25.3286146Z 	/src/vendor/google.golang.org/grpc/server.go:1065
2026-06-01T15:16:25.3286439Z runtime.goexit
2026-06-01T15:16:25.3286658Z 	/usr/local/go/src/runtime/asm_amd64.s:1771
2026-06-01T15:16:25.3286864Z 
2026-06-01T15:16:25.3287079Z 7 v0.30.0 /usr/bin/buildkitd --debug --allow-insecure-entitlement=network.host
2026-06-01T15:16:25.3287484Z main.unaryInterceptor
2026-06-01T15:16:25.3287715Z 	/src/cmd/buildkitd/main.go:779
2026-06-01T15:16:25.3288196Z google.golang.org/grpc.NewServer.chainUnaryServerInterceptors.chainUnaryInterceptors.func1
2026-06-01T15:16:25.3288736Z 	/src/vendor/google.golang.org/grpc/server.go:1234
2026-06-01T15:16:25.3288951Z 
2026-06-01T15:16:25.3289156Z 7 v0.30.0 /usr/bin/buildkitd --debug --allow-insecure-entitlement=network.host
2026-06-01T15:16:25.3289578Z github.com/moby/buildkit/cache/util.StatFile
2026-06-01T15:16:25.3290133Z 	/src/cache/util/fsutil.go:105
2026-06-01T15:16:25.3290506Z github.com/moby/buildkit/frontend/gateway.(*llbBridgeForwarder).StatFile
2026-06-01T15:16:25.3290910Z 	/src/frontend/gateway/gateway.go:986
2026-06-01T15:16:25.3291087Z 
2026-06-01T15:16:25.3291878Z time="2026-06-01T15:13:57Z" level=error msg="/moby.buildkit.v1.frontend.LLBBridge/StatFile returned error: rpc error: code = Unknown desc = lstat compose.yml: no such file or directory" spanID=5af144f0a9128482 traceID=7514d620a639756fbb31bc4ec7608d53
2026-06-01T15:16:25.3293522Z lstat compose.yml: no such file or directory
2026-06-01T15:16:25.3294090Z 7 v0.30.0 /usr/bin/buildkitd --debug --allow-insecure-entitlement=network.host
2026-06-01T15:16:25.3294789Z github.com/tonistiigi/fsutil.Stat
2026-06-01T15:16:25.3295106Z 	/src/vendor/github.com/tonistiigi/fsutil/stat.go:61
2026-06-01T15:16:25.3295565Z github.com/moby/buildkit/cache/util.StatFile
2026-06-01T15:16:25.3295895Z 	/src/cache/util/fsutil.go:99
2026-06-01T15:16:25.3296272Z github.com/moby/buildkit/frontend/gateway.(*llbBridgeForwarder).StatFile
2026-06-01T15:16:25.3296676Z 	/src/frontend/gateway/gateway.go:986
2026-06-01T15:16:25.3297040Z github.com/moby/buildkit/control/gateway.(*GatewayForwarder).StatFile
2026-06-01T15:16:25.3297427Z 	/src/control/gateway/gateway.go:135
2026-06-01T15:16:25.3297824Z github.com/moby/buildkit/frontend/gateway/pb._LLBBridge_StatFile_Handler.func1
2026-06-01T15:16:25.3298276Z 	/src/frontend/gateway/pb/gateway_grpc.pb.go:469
2026-06-01T15:16:25.3298625Z google.golang.org/grpc.getChainUnaryHandler.func1
2026-06-01T15:16:25.3298974Z 	/src/vendor/google.golang.org/grpc/server.go:1243
2026-06-01T15:16:25.3299284Z main.unaryInterceptor
2026-06-01T15:16:25.3299514Z 	/src/cmd/buildkitd/main.go:775
2026-06-01T15:16:25.3300288Z google.golang.org/grpc.NewServer.chainUnaryServerInterceptors.chainUnaryInterceptors.func1
2026-06-01T15:16:25.3300838Z 	/src/vendor/google.golang.org/grpc/server.go:1234
2026-06-01T15:16:25.3301255Z github.com/moby/buildkit/frontend/gateway/pb._LLBBridge_StatFile_Handler
2026-06-01T15:16:25.3301673Z 	/src/frontend/gateway/pb/gateway_grpc.pb.go:471
2026-06-01T15:16:25.3302148Z google.golang.org/grpc.(*Server).processUnaryRPC
2026-06-01T15:16:25.3302710Z 	/src/vendor/google.golang.org/grpc/server.go:1430
2026-06-01T15:16:25.3303287Z google.golang.org/grpc.(*Server).handleStream
2026-06-01T15:16:25.3303875Z 	/src/vendor/google.golang.org/grpc/server.go:1856
2026-06-01T15:16:25.3304510Z google.golang.org/grpc.(*Server).serveStreams.func2.1
2026-06-01T15:16:25.3305141Z 	/src/vendor/google.golang.org/grpc/server.go:1065
2026-06-01T15:16:25.3305659Z runtime.goexit
2026-06-01T15:16:25.3306041Z 	/usr/local/go/src/runtime/asm_amd64.s:1771
2026-06-01T15:16:25.3306382Z 
2026-06-01T15:16:25.3306762Z 7 v0.30.0 /usr/bin/buildkitd --debug --allow-insecure-entitlement=network.host
2026-06-01T15:16:25.3307487Z main.unaryInterceptor
2026-06-01T15:16:25.3307822Z 	/src/cmd/buildkitd/main.go:779
2026-06-01T15:16:25.3308921Z google.golang.org/grpc.NewServer.chainUnaryServerInterceptors.chainUnaryInterceptors.func1
2026-06-01T15:16:25.3310193Z 	/src/vendor/google.golang.org/grpc/server.go:1234
2026-06-01T15:16:25.3310605Z 
2026-06-01T15:16:25.3310995Z 7 v0.30.0 /usr/bin/buildkitd --debug --allow-insecure-entitlement=network.host
2026-06-01T15:16:25.3311793Z github.com/moby/buildkit/cache/util.StatFile
2026-06-01T15:16:25.3312342Z 	/src/cache/util/fsutil.go:105
2026-06-01T15:16:25.3313029Z github.com/moby/buildkit/frontend/gateway.(*llbBridgeForwarder).StatFile
2026-06-01T15:16:25.3313775Z 	/src/frontend/gateway/gateway.go:986
2026-06-01T15:16:25.3314104Z 
2026-06-01T15:16:25.3315587Z time="2026-06-01T15:13:57Z" level=error msg="/moby.buildkit.v1.frontend.LLBBridge/StatFile returned error: rpc error: code = Unknown desc = lstat docker-compose.yml: no such file or directory" spanID=bbd95d1dbb93edf0 traceID=7514d620a639756fbb31bc4ec7608d53
2026-06-01T15:16:25.3316725Z lstat docker-compose.yml: no such file or directory
2026-06-01T15:16:25.3317223Z 7 v0.30.0 /usr/bin/buildkitd --debug --allow-insecure-entitlement=network.host
2026-06-01T15:16:25.3317637Z github.com/tonistiigi/fsutil.Stat
2026-06-01T15:16:25.3317951Z 	/src/vendor/github.com/tonistiigi/fsutil/stat.go:61
2026-06-01T15:16:25.3318285Z github.com/moby/buildkit/cache/util.StatFile
2026-06-01T15:16:25.3318590Z 	/src/cache/util/fsutil.go:99
2026-06-01T15:16:25.3318949Z github.com/moby/buildkit/frontend/gateway.(*llbBridgeForwarder).StatFile
2026-06-01T15:16:25.3319566Z 	/src/frontend/gateway/gateway.go:986
2026-06-01T15:16:25.3320314Z github.com/moby/buildkit/control/gateway.(*GatewayForwarder).StatFile
2026-06-01T15:16:25.3320754Z 	/src/control/gateway/gateway.go:135
2026-06-01T15:16:25.3321155Z github.com/moby/buildkit/frontend/gateway/pb._LLBBridge_StatFile_Handler.func1
2026-06-01T15:16:25.3321606Z 	/src/frontend/gateway/pb/gateway_grpc.pb.go:469
2026-06-01T15:16:25.3321957Z google.golang.org/grpc.getChainUnaryHandler.func1
2026-06-01T15:16:25.3322434Z 	/src/vendor/google.golang.org/grpc/server.go:1243
2026-06-01T15:16:25.3322759Z main.unaryInterceptor
2026-06-01T15:16:25.3323168Z 	/src/cmd/buildkitd/main.go:775
2026-06-01T15:16:25.3323711Z google.golang.org/grpc.NewServer.chainUnaryServerInterceptors.chainUnaryInterceptors.func1
2026-06-01T15:16:25.3324264Z 	/src/vendor/google.golang.org/grpc/server.go:1234
2026-06-01T15:16:25.3324680Z github.com/moby/buildkit/frontend/gateway/pb._LLBBridge_StatFile_Handler
2026-06-01T15:16:25.3325110Z 	/src/frontend/gateway/pb/gateway_grpc.pb.go:471
2026-06-01T15:16:25.3325459Z google.golang.org/grpc.(*Server).processUnaryRPC
2026-06-01T15:16:25.3325803Z 	/src/vendor/google.golang.org/grpc/server.go:1430
2026-06-01T15:16:25.3326417Z google.golang.org/grpc.(*Server).handleStream
2026-06-01T15:16:25.3326878Z 	/src/vendor/google.golang.org/grpc/server.go:1856
2026-06-01T15:16:25.3327237Z google.golang.org/grpc.(*Server).serveStreams.func2.1
2026-06-01T15:16:25.3327596Z 	/src/vendor/google.golang.org/grpc/server.go:1065
2026-06-01T15:16:25.3327890Z runtime.goexit
2026-06-01T15:16:25.3328117Z 	/usr/local/go/src/runtime/asm_amd64.s:1771
2026-06-01T15:16:25.3328317Z 
2026-06-01T15:16:25.3328536Z 7 v0.30.0 /usr/bin/buildkitd --debug --allow-insecure-entitlement=network.host
2026-06-01T15:16:25.3328944Z main.unaryInterceptor
2026-06-01T15:16:25.3329176Z 	/src/cmd/buildkitd/main.go:779
2026-06-01T15:16:25.3329911Z google.golang.org/grpc.NewServer.chainUnaryServerInterceptors.chainUnaryInterceptors.func1
2026-06-01T15:16:25.3330502Z 	/src/vendor/google.golang.org/grpc/server.go:1234
2026-06-01T15:16:25.3330731Z 
2026-06-01T15:16:25.3330956Z 7 v0.30.0 /usr/bin/buildkitd --debug --allow-insecure-entitlement=network.host
2026-06-01T15:16:25.3331390Z github.com/moby/buildkit/cache/util.StatFile
2026-06-01T15:16:25.3331691Z 	/src/cache/util/fsutil.go:105
2026-06-01T15:16:25.3332061Z github.com/moby/buildkit/frontend/gateway.(*llbBridgeForwarder).StatFile
2026-06-01T15:16:25.3332466Z 	/src/frontend/gateway/gateway.go:986
2026-06-01T15:16:25.3332652Z 
2026-06-01T15:16:25.3333635Z time="2026-06-01T15:13:57Z" level=error msg="/moby.buildkit.v1.frontend.LLBBridge/StatFile returned error: rpc error: code = Unknown desc = lstat docker-compose.yaml: no such file or directory" spanID=41b35fcd092baa57 traceID=7514d620a639756fbb31bc4ec7608d53
2026-06-01T15:16:25.3334693Z lstat docker-compose.yaml: no such file or directory
2026-06-01T15:16:25.3335136Z 7 v0.30.0 /usr/bin/buildkitd --debug --allow-insecure-entitlement=network.host
2026-06-01T15:16:25.3335554Z github.com/tonistiigi/fsutil.Stat
2026-06-01T15:16:25.3335856Z 	/src/vendor/github.com/tonistiigi/fsutil/stat.go:61
2026-06-01T15:16:25.3336188Z github.com/moby/buildkit/cache/util.StatFile
2026-06-01T15:16:25.3336489Z 	/src/cache/util/fsutil.go:99
2026-06-01T15:16:25.3336846Z github.com/moby/buildkit/frontend/gateway.(*llbBridgeForwarder).StatFile
2026-06-01T15:16:25.3337247Z 	/src/frontend/gateway/gateway.go:986
2026-06-01T15:16:25.3337615Z github.com/moby/buildkit/control/gateway.(*GatewayForwarder).StatFile
2026-06-01T15:16:25.3338003Z 	/src/control/gateway/gateway.go:135
2026-06-01T15:16:25.3338404Z github.com/moby/buildkit/frontend/gateway/pb._LLBBridge_StatFile_Handler.func1
2026-06-01T15:16:25.3338850Z 	/src/frontend/gateway/pb/gateway_grpc.pb.go:469
2026-06-01T15:16:25.3339202Z google.golang.org/grpc.getChainUnaryHandler.func1
2026-06-01T15:16:25.3339558Z 	/src/vendor/google.golang.org/grpc/server.go:1243
2026-06-01T15:16:25.3340359Z main.unaryInterceptor
2026-06-01T15:16:25.3340596Z 	/src/cmd/buildkitd/main.go:775
2026-06-01T15:16:25.3341084Z google.golang.org/grpc.NewServer.chainUnaryServerInterceptors.chainUnaryInterceptors.func1
2026-06-01T15:16:25.3341641Z 	/src/vendor/google.golang.org/grpc/server.go:1234
2026-06-01T15:16:25.3342063Z github.com/moby/buildkit/frontend/gateway/pb._LLBBridge_StatFile_Handler
2026-06-01T15:16:25.3342486Z 	/src/frontend/gateway/pb/gateway_grpc.pb.go:471
2026-06-01T15:16:25.3342827Z google.golang.org/grpc.(*Server).processUnaryRPC
2026-06-01T15:16:25.3343158Z 	/src/vendor/google.golang.org/grpc/server.go:1430
2026-06-01T15:16:25.3343489Z google.golang.org/grpc.(*Server).handleStream
2026-06-01T15:16:25.3343815Z 	/src/vendor/google.golang.org/grpc/server.go:1856
2026-06-01T15:16:25.3344166Z google.golang.org/grpc.(*Server).serveStreams.func2.1
2026-06-01T15:16:25.3344700Z 	/src/vendor/google.golang.org/grpc/server.go:1065
2026-06-01T15:16:25.3345158Z runtime.goexit
2026-06-01T15:16:25.3345487Z 	/usr/local/go/src/runtime/asm_amd64.s:1771
2026-06-01T15:16:25.3345756Z 
2026-06-01T15:16:25.3345980Z 7 v0.30.0 /usr/bin/buildkitd --debug --allow-insecure-entitlement=network.host
2026-06-01T15:16:25.3346387Z main.unaryInterceptor
2026-06-01T15:16:25.3346768Z 	/src/cmd/buildkitd/main.go:779
2026-06-01T15:16:25.3347264Z google.golang.org/grpc.NewServer.chainUnaryServerInterceptors.chainUnaryInterceptors.func1
2026-06-01T15:16:25.3347807Z 	/src/vendor/google.golang.org/grpc/server.go:1234
2026-06-01T15:16:25.3348026Z 
2026-06-01T15:16:25.3348235Z 7 v0.30.0 /usr/bin/buildkitd --debug --allow-insecure-entitlement=network.host
2026-06-01T15:16:25.3348666Z github.com/moby/buildkit/cache/util.StatFile
2026-06-01T15:16:25.3348961Z 	/src/cache/util/fsutil.go:105
2026-06-01T15:16:25.3349455Z github.com/moby/buildkit/frontend/gateway.(*llbBridgeForwarder).StatFile
2026-06-01T15:16:25.3350119Z 	/src/frontend/gateway/gateway.go:986
2026-06-01T15:16:25.3350307Z 
2026-06-01T15:16:25.3351121Z time="2026-06-01T15:13:57Z" level=error msg="/moby.buildkit.v1.frontend.LLBBridge/StatFile returned error: rpc error: code = Unknown desc = lstat docker-bake.json: no such file or directory" spanID=1d272fe450723eb8 traceID=7514d620a639756fbb31bc4ec7608d53
2026-06-01T15:16:25.3352143Z lstat docker-bake.json: no such file or directory
2026-06-01T15:16:25.3352568Z 7 v0.30.0 /usr/bin/buildkitd --debug --allow-insecure-entitlement=network.host
2026-06-01T15:16:25.3352990Z github.com/tonistiigi/fsutil.Stat
2026-06-01T15:16:25.3353290Z 	/src/vendor/github.com/tonistiigi/fsutil/stat.go:61
2026-06-01T15:16:25.3353623Z github.com/moby/buildkit/cache/util.StatFile
2026-06-01T15:16:25.3354077Z 	/src/cache/util/fsutil.go:99
2026-06-01T15:16:25.3354448Z github.com/moby/buildkit/frontend/gateway.(*llbBridgeForwarder).StatFile
2026-06-01T15:16:25.3354848Z 	/src/frontend/gateway/gateway.go:986
2026-06-01T15:16:25.3355216Z github.com/moby/buildkit/control/gateway.(*GatewayForwarder).StatFile
2026-06-01T15:16:25.3355597Z 	/src/control/gateway/gateway.go:135
2026-06-01T15:16:25.3355998Z github.com/moby/buildkit/frontend/gateway/pb._LLBBridge_StatFile_Handler.func1
2026-06-01T15:16:25.3356445Z 	/src/frontend/gateway/pb/gateway_grpc.pb.go:469
2026-06-01T15:16:25.3356792Z google.golang.org/grpc.getChainUnaryHandler.func1
2026-06-01T15:16:25.3357143Z 	/src/vendor/google.golang.org/grpc/server.go:1243
2026-06-01T15:16:25.3357449Z main.unaryInterceptor
2026-06-01T15:16:25.3357679Z 	/src/cmd/buildkitd/main.go:775
2026-06-01T15:16:25.3358156Z google.golang.org/grpc.NewServer.chainUnaryServerInterceptors.chainUnaryInterceptors.func1
2026-06-01T15:16:25.3358699Z 	/src/vendor/google.golang.org/grpc/server.go:1234
2026-06-01T15:16:25.3359116Z github.com/moby/buildkit/frontend/gateway/pb._LLBBridge_StatFile_Handler
2026-06-01T15:16:25.3359537Z 	/src/frontend/gateway/pb/gateway_grpc.pb.go:471
2026-06-01T15:16:25.3360100Z google.golang.org/grpc.(*Server).processUnaryRPC
2026-06-01T15:16:25.3360441Z 	/src/vendor/google.golang.org/grpc/server.go:1430
2026-06-01T15:16:25.3360777Z google.golang.org/grpc.(*Server).handleStream
2026-06-01T15:16:25.3361240Z 	/src/vendor/google.golang.org/grpc/server.go:1856
2026-06-01T15:16:25.3361588Z google.golang.org/grpc.(*Server).serveStreams.func2.1
2026-06-01T15:16:25.3361946Z 	/src/vendor/google.golang.org/grpc/server.go:1065
2026-06-01T15:16:25.3362236Z runtime.goexit
2026-06-01T15:16:25.3362456Z 	/usr/local/go/src/runtime/asm_amd64.s:1771
2026-06-01T15:16:25.3362656Z 
2026-06-01T15:16:25.3362874Z 7 v0.30.0 /usr/bin/buildkitd --debug --allow-insecure-entitlement=network.host
2026-06-01T15:16:25.3363276Z main.unaryInterceptor
2026-06-01T15:16:25.3363508Z 	/src/cmd/buildkitd/main.go:779
2026-06-01T15:16:25.3363987Z google.golang.org/grpc.NewServer.chainUnaryServerInterceptors.chainUnaryInterceptors.func1
2026-06-01T15:16:25.3364526Z 	/src/vendor/google.golang.org/grpc/server.go:1234
2026-06-01T15:16:25.3364740Z 
2026-06-01T15:16:25.3364948Z 7 v0.30.0 /usr/bin/buildkitd --debug --allow-insecure-entitlement=network.host
2026-06-01T15:16:25.3365365Z github.com/moby/buildkit/cache/util.StatFile
2026-06-01T15:16:25.3365666Z 	/src/cache/util/fsutil.go:105
2026-06-01T15:16:25.3366029Z github.com/moby/buildkit/frontend/gateway.(*llbBridgeForwarder).StatFile
2026-06-01T15:16:25.3366426Z 	/src/frontend/gateway/gateway.go:986
2026-06-01T15:16:25.3366607Z 
2026-06-01T15:16:25.3367451Z time="2026-06-01T15:13:57Z" level=error msg="/moby.buildkit.v1.frontend.LLBBridge/StatFile returned error: rpc error: code = Unknown desc = lstat docker-bake.override.json: no such file or directory" spanID=9e51e6b757256bb4 traceID=7514d620a639756fbb31bc4ec7608d53
2026-06-01T15:16:25.3368539Z lstat docker-bake.override.json: no such file or directory
2026-06-01T15:16:25.3368992Z 7 v0.30.0 /usr/bin/buildkitd --debug --allow-insecure-entitlement=network.host
2026-06-01T15:16:25.3369399Z github.com/tonistiigi/fsutil.Stat
2026-06-01T15:16:25.3369841Z 	/src/vendor/github.com/tonistiigi/fsutil/stat.go:61
2026-06-01T15:16:25.3370181Z github.com/moby/buildkit/cache/util.StatFile
2026-06-01T15:16:25.3370486Z 	/src/cache/util/fsutil.go:99
2026-06-01T15:16:25.3370843Z github.com/moby/buildkit/frontend/gateway.(*llbBridgeForwarder).StatFile
2026-06-01T15:16:25.3371242Z 	/src/frontend/gateway/gateway.go:986
2026-06-01T15:16:25.3371609Z github.com/moby/buildkit/control/gateway.(*GatewayForwarder).StatFile
2026-06-01T15:16:25.3371993Z 	/src/control/gateway/gateway.go:135
2026-06-01T15:16:25.3372402Z github.com/moby/buildkit/frontend/gateway/pb._LLBBridge_StatFile_Handler.func1
2026-06-01T15:16:25.3372844Z 	/src/frontend/gateway/pb/gateway_grpc.pb.go:469
2026-06-01T15:16:25.3373193Z google.golang.org/grpc.getChainUnaryHandler.func1
2026-06-01T15:16:25.3373666Z 	/src/vendor/google.golang.org/grpc/server.go:1243
2026-06-01T15:16:25.3373976Z main.unaryInterceptor
2026-06-01T15:16:25.3374211Z 	/src/cmd/buildkitd/main.go:775
2026-06-01T15:16:25.3374698Z google.golang.org/grpc.NewServer.chainUnaryServerInterceptors.chainUnaryInterceptors.func1
2026-06-01T15:16:25.3375248Z 	/src/vendor/google.golang.org/grpc/server.go:1234
2026-06-01T15:16:25.3375667Z github.com/moby/buildkit/frontend/gateway/pb._LLBBridge_StatFile_Handler
2026-06-01T15:16:25.3376089Z 	/src/frontend/gateway/pb/gateway_grpc.pb.go:471
2026-06-01T15:16:25.3376428Z google.golang.org/grpc.(*Server).processUnaryRPC
2026-06-01T15:16:25.3376758Z 	/src/vendor/google.golang.org/grpc/server.go:1430
2026-06-01T15:16:25.3377094Z google.golang.org/grpc.(*Server).handleStream
2026-06-01T15:16:25.3377420Z 	/src/vendor/google.golang.org/grpc/server.go:1856
2026-06-01T15:16:25.3377779Z google.golang.org/grpc.(*Server).serveStreams.func2.1
2026-06-01T15:16:25.3378134Z 	/src/vendor/google.golang.org/grpc/server.go:1065
2026-06-01T15:16:25.3378439Z runtime.goexit
2026-06-01T15:16:25.3378668Z 	/usr/local/go/src/runtime/asm_amd64.s:1771
2026-06-01T15:16:25.3378866Z 
2026-06-01T15:16:25.3379086Z 7 v0.30.0 /usr/bin/buildkitd --debug --allow-insecure-entitlement=network.host
2026-06-01T15:16:25.3379489Z main.unaryInterceptor
2026-06-01T15:16:25.3379856Z 	/src/cmd/buildkitd/main.go:779
2026-06-01T15:16:25.3380465Z google.golang.org/grpc.NewServer.chainUnaryServerInterceptors.chainUnaryInterceptors.func1
2026-06-01T15:16:25.3381009Z 	/src/vendor/google.golang.org/grpc/server.go:1234
2026-06-01T15:16:25.3381226Z 
2026-06-01T15:16:25.3381433Z 7 v0.30.0 /usr/bin/buildkitd --debug --allow-insecure-entitlement=network.host
2026-06-01T15:16:25.3381850Z github.com/moby/buildkit/cache/util.StatFile
2026-06-01T15:16:25.3382154Z 	/src/cache/util/fsutil.go:105
2026-06-01T15:16:25.3382519Z github.com/moby/buildkit/frontend/gateway.(*llbBridgeForwarder).StatFile
2026-06-01T15:16:25.3382913Z 	/src/frontend/gateway/gateway.go:986
2026-06-01T15:16:25.3383103Z 
2026-06-01T15:16:25.3383946Z time="2026-06-01T15:13:57Z" level=error msg="/moby.buildkit.v1.frontend.LLBBridge/StatFile returned error: rpc error: code = Unknown desc = lstat docker-bake.override.hcl: no such file or directory" spanID=aeaf3fe4c4add8a8 traceID=7514d620a639756fbb31bc4ec7608d53
2026-06-01T15:16:25.3385017Z lstat docker-bake.override.hcl: no such file or directory
2026-06-01T15:16:25.3385471Z 7 v0.30.0 /usr/bin/buildkitd --debug --allow-insecure-entitlement=network.host
2026-06-01T15:16:25.3385877Z github.com/tonistiigi/fsutil.Stat
2026-06-01T15:16:25.3386179Z 	/src/vendor/github.com/tonistiigi/fsutil/stat.go:61
2026-06-01T15:16:25.3386511Z github.com/moby/buildkit/cache/util.StatFile
2026-06-01T15:16:25.3386800Z 	/src/cache/util/fsutil.go:99
2026-06-01T15:16:25.3387154Z github.com/moby/buildkit/frontend/gateway.(*llbBridgeForwarder).StatFile
2026-06-01T15:16:25.3387555Z 	/src/frontend/gateway/gateway.go:986
2026-06-01T15:16:25.3387920Z github.com/moby/buildkit/control/gateway.(*GatewayForwarder).StatFile
2026-06-01T15:16:25.3388304Z 	/src/control/gateway/gateway.go:135
2026-06-01T15:16:25.3388703Z github.com/moby/buildkit/frontend/gateway/pb._LLBBridge_StatFile_Handler.func1
2026-06-01T15:16:25.3389143Z 	/src/frontend/gateway/pb/gateway_grpc.pb.go:469
2026-06-01T15:16:25.3389488Z google.golang.org/grpc.getChainUnaryHandler.func1
2026-06-01T15:16:25.3389981Z 	/src/vendor/google.golang.org/grpc/server.go:1243
2026-06-01T15:16:25.3390284Z main.unaryInterceptor
2026-06-01T15:16:25.3390513Z 	/src/cmd/buildkitd/main.go:775
2026-06-01T15:16:25.3390993Z google.golang.org/grpc.NewServer.chainUnaryServerInterceptors.chainUnaryInterceptors.func1
2026-06-01T15:16:25.3391533Z 	/src/vendor/google.golang.org/grpc/server.go:1234
2026-06-01T15:16:25.3391945Z github.com/moby/buildkit/frontend/gateway/pb._LLBBridge_StatFile_Handler
2026-06-01T15:16:25.3392350Z 	/src/frontend/gateway/pb/gateway_grpc.pb.go:471
2026-06-01T15:16:25.3392677Z google.golang.org/grpc.(*Server).processUnaryRPC
2026-06-01T15:16:25.3393286Z 	/src/vendor/google.golang.org/grpc/server.go:1430
2026-06-01T15:16:25.3393688Z google.golang.org/grpc.(*Server).handleStream
2026-06-01T15:16:25.3394030Z 	/src/vendor/google.golang.org/grpc/server.go:1856
2026-06-01T15:16:25.3394614Z google.golang.org/grpc.(*Server).serveStreams.func2.1
2026-06-01T15:16:25.3394990Z 	/src/vendor/google.golang.org/grpc/server.go:1065
2026-06-01T15:16:25.3395294Z runtime.goexit
2026-06-01T15:16:25.3395524Z 	/usr/local/go/src/runtime/asm_amd64.s:1771
2026-06-01T15:16:25.3395750Z 
2026-06-01T15:16:25.3395977Z 7 v0.30.0 /usr/bin/buildkitd --debug --allow-insecure-entitlement=network.host
2026-06-01T15:16:25.3396382Z main.unaryInterceptor
2026-06-01T15:16:25.3396620Z 	/src/cmd/buildkitd/main.go:779
2026-06-01T15:16:25.3397096Z google.golang.org/grpc.NewServer.chainUnaryServerInterceptors.chainUnaryInterceptors.func1
2026-06-01T15:16:25.3397648Z 	/src/vendor/google.golang.org/grpc/server.go:1234
2026-06-01T15:16:25.3397864Z 
2026-06-01T15:16:25.3398081Z 7 v0.30.0 /usr/bin/buildkitd --debug --allow-insecure-entitlement=network.host
2026-06-01T15:16:25.3398502Z github.com/moby/buildkit/cache/util.StatFile
2026-06-01T15:16:25.3398803Z 	/src/cache/util/fsutil.go:105
2026-06-01T15:16:25.3399165Z github.com/moby/buildkit/frontend/gateway.(*llbBridgeForwarder).StatFile
2026-06-01T15:16:25.3399576Z 	/src/frontend/gateway/gateway.go:986
2026-06-01T15:16:25.3400152Z 
2026-06-01T15:16:25.3400550Z time="2026-06-01T15:13:57Z" level=debug msg="session finished: <nil>" spanID=e7e559367f296ed6 traceID=7514d620a639756fbb31bc4ec7608d53
2026-06-01T15:16:25.3401371Z time="2026-06-01T15:13:57Z" level=debug msg="session started" spanID=92fb45abbe5baee0 traceID=8167776e6c9f85885fa5ca16adf112b7
2026-06-01T15:16:25.3402563Z time="2026-06-01T15:13:57Z" level=debug msg="load cache for [internal] load git source https://github.com/moby/buildkit.git#ac2615479413ee4a103ee86de56ddeac5c7897cb with 1l1htq0pj3pqm8ni6vbufvbbj::wgekiloqq1nrc6iui3m0ctpdr"
2026-06-01T15:16:25.3404364Z time="2026-06-01T15:13:57Z" level=error msg="/moby.buildkit.v1.frontend.LLBBridge/StatFile returned error: rpc error: code = Unknown desc = lstat compose.yaml: no such file or directory" spanID=a1e7cfa20814d00d traceID=8167776e6c9f85885fa5ca16adf112b7
2026-06-01T15:16:25.3406130Z lstat compose.yaml: no such file or directory
2026-06-01T15:16:25.3406860Z 7 v0.30.0 /usr/bin/buildkitd --debug --allow-insecure-entitlement=network.host
2026-06-01T15:16:25.3407581Z github.com/tonistiigi/fsutil.Stat
2026-06-01T15:16:25.3408111Z 	/src/vendor/github.com/tonistiigi/fsutil/stat.go:61
2026-06-01T15:16:25.3408696Z github.com/moby/buildkit/cache/util.StatFile
2026-06-01T15:16:25.3409214Z 	/src/cache/util/fsutil.go:99
2026-06-01T15:16:25.3410040Z github.com/moby/buildkit/frontend/gateway.(*llbBridgeForwarder).StatFile
2026-06-01T15:16:25.3410755Z 	/src/frontend/gateway/gateway.go:986
2026-06-01T15:16:25.3411397Z github.com/moby/buildkit/control/gateway.(*GatewayForwarder).StatFile
2026-06-01T15:16:25.3412076Z 	/src/control/gateway/gateway.go:135
2026-06-01T15:16:25.3412784Z github.com/moby/buildkit/frontend/gateway/pb._LLBBridge_StatFile_Handler.func1
2026-06-01T15:16:25.3413582Z 	/src/frontend/gateway/pb/gateway_grpc.pb.go:469
2026-06-01T15:16:25.3414174Z google.golang.org/grpc.getChainUnaryHandler.func1
2026-06-01T15:16:25.3414758Z 	/src/vendor/google.golang.org/grpc/server.go:1243
2026-06-01T15:16:25.3415084Z main.unaryInterceptor
2026-06-01T15:16:25.3415315Z 	/src/cmd/buildkitd/main.go:775
2026-06-01T15:16:25.3415796Z google.golang.org/grpc.NewServer.chainUnaryServerInterceptors.chainUnaryInterceptors.func1
2026-06-01T15:16:25.3416489Z 	/src/vendor/google.golang.org/grpc/server.go:1234
2026-06-01T15:16:25.3417207Z github.com/moby/buildkit/frontend/gateway/pb._LLBBridge_StatFile_Handler
2026-06-01T15:16:25.3417965Z 	/src/frontend/gateway/pb/gateway_grpc.pb.go:471
2026-06-01T15:16:25.3418590Z google.golang.org/grpc.(*Server).processUnaryRPC
2026-06-01T15:16:25.3419203Z 	/src/vendor/google.golang.org/grpc/server.go:1430
2026-06-01T15:16:25.3420148Z google.golang.org/grpc.(*Server).handleStream
2026-06-01T15:16:25.3420529Z 	/src/vendor/google.golang.org/grpc/server.go:1856
2026-06-01T15:16:25.3421064Z google.golang.org/grpc.(*Server).serveStreams.func2.1
2026-06-01T15:16:25.3421434Z 	/src/vendor/google.golang.org/grpc/server.go:1065
2026-06-01T15:16:25.3421737Z runtime.goexit
2026-06-01T15:16:25.3421962Z 	/usr/local/go/src/runtime/asm_amd64.s:1771
2026-06-01T15:16:25.3422228Z 
2026-06-01T15:16:25.3422517Z 7 v0.30.0 /usr/bin/buildkitd --debug --allow-insecure-entitlement=network.host
2026-06-01T15:16:25.3422927Z main.unaryInterceptor
2026-06-01T15:16:25.3423159Z 	/src/cmd/buildkitd/main.go:779
2026-06-01T15:16:25.3423644Z google.golang.org/grpc.NewServer.chainUnaryServerInterceptors.chainUnaryInterceptors.func1
2026-06-01T15:16:25.3424191Z 	/src/vendor/google.golang.org/grpc/server.go:1234
2026-06-01T15:16:25.3424411Z 
2026-06-01T15:16:25.3424615Z 7 v0.30.0 /usr/bin/buildkitd --debug --allow-insecure-entitlement=network.host
2026-06-01T15:16:25.3425045Z github.com/moby/buildkit/cache/util.StatFile
2026-06-01T15:16:25.3425344Z 	/src/cache/util/fsutil.go:105
2026-06-01T15:16:25.3425707Z github.com/moby/buildkit/frontend/gateway.(*llbBridgeForwarder).StatFile
2026-06-01T15:16:25.3426111Z 	/src/frontend/gateway/gateway.go:986
2026-06-01T15:16:25.3426295Z 
2026-06-01T15:16:25.3427080Z time="2026-06-01T15:13:57Z" level=error msg="/moby.buildkit.v1.frontend.LLBBridge/StatFile returned error: rpc error: code = Unknown desc = lstat compose.yml: no such file or directory" spanID=f6da381e2b5ded3f traceID=8167776e6c9f85885fa5ca16adf112b7
2026-06-01T15:16:25.3428205Z lstat compose.yml: no such file or directory
2026-06-01T15:16:25.3428616Z 7 v0.30.0 /usr/bin/buildkitd --debug --allow-insecure-entitlement=network.host
2026-06-01T15:16:25.3429025Z github.com/tonistiigi/fsutil.Stat
2026-06-01T15:16:25.3429335Z 	/src/vendor/github.com/tonistiigi/fsutil/stat.go:61
2026-06-01T15:16:25.3429667Z github.com/moby/buildkit/cache/util.StatFile
2026-06-01T15:16:25.3430213Z 	/src/cache/util/fsutil.go:99
2026-06-01T15:16:25.3430573Z github.com/moby/buildkit/frontend/gateway.(*llbBridgeForwarder).StatFile
2026-06-01T15:16:25.3430978Z 	/src/frontend/gateway/gateway.go:986
2026-06-01T15:16:25.3431348Z github.com/moby/buildkit/control/gateway.(*GatewayForwarder).StatFile
2026-06-01T15:16:25.3431743Z 	/src/control/gateway/gateway.go:135
2026-06-01T15:16:25.3432150Z github.com/moby/buildkit/frontend/gateway/pb._LLBBridge_StatFile_Handler.func1
2026-06-01T15:16:25.3432600Z 	/src/frontend/gateway/pb/gateway_grpc.pb.go:469
2026-06-01T15:16:25.3432951Z google.golang.org/grpc.getChainUnaryHandler.func1
2026-06-01T15:16:25.3433302Z 	/src/vendor/google.golang.org/grpc/server.go:1243
2026-06-01T15:16:25.3433614Z main.unaryInterceptor
2026-06-01T15:16:25.3433846Z 	/src/cmd/buildkitd/main.go:775
2026-06-01T15:16:25.3434328Z google.golang.org/grpc.NewServer.chainUnaryServerInterceptors.chainUnaryInterceptors.func1
2026-06-01T15:16:25.3434875Z 	/src/vendor/google.golang.org/grpc/server.go:1234
2026-06-01T15:16:25.3435291Z github.com/moby/buildkit/frontend/gateway/pb._LLBBridge_StatFile_Handler
2026-06-01T15:16:25.3435713Z 	/src/frontend/gateway/pb/gateway_grpc.pb.go:471
2026-06-01T15:16:25.3436043Z google.golang.org/grpc.(*Server).processUnaryRPC
2026-06-01T15:16:25.3436374Z 	/src/vendor/google.golang.org/grpc/server.go:1430
2026-06-01T15:16:25.3436705Z google.golang.org/grpc.(*Server).handleStream
2026-06-01T15:16:25.3437033Z 	/src/vendor/google.golang.org/grpc/server.go:1856
2026-06-01T15:16:25.3437381Z google.golang.org/grpc.(*Server).serveStreams.func2.1
2026-06-01T15:16:25.3437733Z 	/src/vendor/google.golang.org/grpc/server.go:1065
2026-06-01T15:16:25.3438023Z runtime.goexit
2026-06-01T15:16:25.3438245Z 	/usr/local/go/src/runtime/asm_amd64.s:1771
2026-06-01T15:16:25.3438445Z 
2026-06-01T15:16:25.3438665Z 7 v0.30.0 /usr/bin/buildkitd --debug --allow-insecure-entitlement=network.host
2026-06-01T15:16:25.3439065Z main.unaryInterceptor
2026-06-01T15:16:25.3439291Z 	/src/cmd/buildkitd/main.go:779
2026-06-01T15:16:25.3440151Z google.golang.org/grpc.NewServer.chainUnaryServerInterceptors.chainUnaryInterceptors.func1
2026-06-01T15:16:25.3440725Z 	/src/vendor/google.golang.org/grpc/server.go:1234
2026-06-01T15:16:25.3440949Z 
2026-06-01T15:16:25.3441163Z 7 v0.30.0 /usr/bin/buildkitd --debug --allow-insecure-entitlement=network.host
2026-06-01T15:16:25.3441587Z github.com/moby/buildkit/cache/util.StatFile
2026-06-01T15:16:25.3441886Z 	/src/cache/util/fsutil.go:105
2026-06-01T15:16:25.3442251Z github.com/moby/buildkit/frontend/gateway.(*llbBridgeForwarder).StatFile
2026-06-01T15:16:25.3442651Z 	/src/frontend/gateway/gateway.go:986
2026-06-01T15:16:25.3442837Z 
2026-06-01T15:16:25.3443652Z time="2026-06-01T15:13:57Z" level=error msg="/moby.buildkit.v1.frontend.LLBBridge/StatFile returned error: rpc error: code = Unknown desc = lstat docker-compose.yml: no such file or directory" spanID=ea20ee44932a4362 traceID=8167776e6c9f85885fa5ca16adf112b7
2026-06-01T15:16:25.3444681Z lstat docker-compose.yml: no such file or directory
2026-06-01T15:16:25.3445117Z 7 v0.30.0 /usr/bin/buildkitd --debug --allow-insecure-entitlement=network.host
2026-06-01T15:16:25.3445529Z github.com/tonistiigi/fsutil.Stat
2026-06-01T15:16:25.3445829Z 	/src/vendor/github.com/tonistiigi/fsutil/stat.go:61
2026-06-01T15:16:25.3446159Z github.com/moby/buildkit/cache/util.StatFile
2026-06-01T15:16:25.3446456Z 	/src/cache/util/fsutil.go:99
2026-06-01T15:16:25.3446932Z github.com/moby/buildkit/frontend/gateway.(*llbBridgeForwarder).StatFile
2026-06-01T15:16:25.3447330Z 	/src/frontend/gateway/gateway.go:986
2026-06-01T15:16:25.3447698Z github.com/moby/buildkit/control/gateway.(*GatewayForwarder).StatFile
2026-06-01T15:16:25.3448081Z 	/src/control/gateway/gateway.go:135
2026-06-01T15:16:25.3448474Z github.com/moby/buildkit/frontend/gateway/pb._LLBBridge_StatFile_Handler.func1
2026-06-01T15:16:25.3448916Z 	/src/frontend/gateway/pb/gateway_grpc.pb.go:469
2026-06-01T15:16:25.3449262Z google.golang.org/grpc.getChainUnaryHandler.func1
2026-06-01T15:16:25.3449624Z 	/src/vendor/google.golang.org/grpc/server.go:1243
2026-06-01T15:16:25.3450195Z main.unaryInterceptor
2026-06-01T15:16:25.3450433Z 	/src/cmd/buildkitd/main.go:775
2026-06-01T15:16:25.3451089Z google.golang.org/grpc.NewServer.chainUnaryServerInterceptors.chainUnaryInterceptors.func1
2026-06-01T15:16:25.3452080Z 	/src/vendor/google.golang.org/grpc/server.go:1234
2026-06-01T15:16:25.3452835Z github.com/moby/buildkit/frontend/gateway/pb._LLBBridge_StatFile_Handler
2026-06-01T15:16:25.3453627Z 	/src/frontend/gateway/pb/gateway_grpc.pb.go:471
2026-06-01T15:16:25.3454229Z google.golang.org/grpc.(*Server).processUnaryRPC
2026-06-01T15:16:25.3454665Z 	/src/vendor/google.golang.org/grpc/server.go:1430
2026-06-01T15:16:25.3455003Z google.golang.org/grpc.(*Server).handleStream
2026-06-01T15:16:25.3455331Z 	/src/vendor/google.golang.org/grpc/server.go:1856
2026-06-01T15:16:25.3455682Z google.golang.org/grpc.(*Server).serveStreams.func2.1
2026-06-01T15:16:25.3456036Z 	/src/vendor/google.golang.org/grpc/server.go:1065
2026-06-01T15:16:25.3456335Z runtime.goexit
2026-06-01T15:16:25.3456561Z 	/usr/local/go/src/runtime/asm_amd64.s:1771
2026-06-01T15:16:25.3456760Z 
2026-06-01T15:16:25.3456985Z 7 v0.30.0 /usr/bin/buildkitd --debug --allow-insecure-entitlement=network.host
2026-06-01T15:16:25.3457395Z main.unaryInterceptor
2026-06-01T15:16:25.3457633Z 	/src/cmd/buildkitd/main.go:779
2026-06-01T15:16:25.3458120Z google.golang.org/grpc.NewServer.chainUnaryServerInterceptors.chainUnaryInterceptors.func1
2026-06-01T15:16:25.3458661Z 	/src/vendor/google.golang.org/grpc/server.go:1234
2026-06-01T15:16:25.3458879Z 
2026-06-01T15:16:25.3459092Z 7 v0.30.0 /usr/bin/buildkitd --debug --allow-insecure-entitlement=network.host
2026-06-01T15:16:25.3459513Z github.com/moby/buildkit/cache/util.StatFile
2026-06-01T15:16:25.3460074Z 	/src/cache/util/fsutil.go:105
2026-06-01T15:16:25.3460447Z github.com/moby/buildkit/frontend/gateway.(*llbBridgeForwarder).StatFile
2026-06-01T15:16:25.3461076Z 	/src/frontend/gateway/gateway.go:986
2026-06-01T15:16:25.3461399Z 
2026-06-01T15:16:25.3463071Z time="2026-06-01T15:13:57Z" level=error msg="/moby.buildkit.v1.frontend.LLBBridge/StatFile returned error: rpc error: code = Unknown desc = lstat docker-compose.yaml: no such file or directory" spanID=a8e5e305ef836a8d traceID=8167776e6c9f85885fa5ca16adf112b7
2026-06-01T15:16:25.3464977Z lstat docker-compose.yaml: no such file or directory
2026-06-01T15:16:25.3465764Z 7 v0.30.0 /usr/bin/buildkitd --debug --allow-insecure-entitlement=network.host
2026-06-01T15:16:25.3466493Z github.com/tonistiigi/fsutil.Stat
2026-06-01T15:16:25.3467019Z 	/src/vendor/github.com/tonistiigi/fsutil/stat.go:61
2026-06-01T15:16:25.3467608Z github.com/moby/buildkit/cache/util.StatFile
2026-06-01T15:16:25.3468157Z 	/src/cache/util/fsutil.go:99
2026-06-01T15:16:25.3468776Z github.com/moby/buildkit/frontend/gateway.(*llbBridgeForwarder).StatFile
2026-06-01T15:16:25.3469354Z 	/src/frontend/gateway/gateway.go:986
2026-06-01T15:16:25.3469971Z github.com/moby/buildkit/control/gateway.(*GatewayForwarder).StatFile
2026-06-01T15:16:25.3470390Z 	/src/control/gateway/gateway.go:135
2026-06-01T15:16:25.3470799Z github.com/moby/buildkit/frontend/gateway/pb._LLBBridge_StatFile_Handler.func1
2026-06-01T15:16:25.3471247Z 	/src/frontend/gateway/pb/gateway_grpc.pb.go:469
2026-06-01T15:16:25.3471595Z google.golang.org/grpc.getChainUnaryHandler.func1
2026-06-01T15:16:25.3471950Z 	/src/vendor/google.golang.org/grpc/server.go:1243
2026-06-01T15:16:25.3472710Z main.unaryInterceptor
2026-06-01T15:16:25.3473054Z 	/src/cmd/buildkitd/main.go:775
2026-06-01T15:16:25.3473545Z google.golang.org/grpc.NewServer.chainUnaryServerInterceptors.chainUnaryInterceptors.func1
2026-06-01T15:16:25.3474241Z 	/src/vendor/google.golang.org/grpc/server.go:1234
2026-06-01T15:16:25.3474659Z github.com/moby/buildkit/frontend/gateway/pb._LLBBridge_StatFile_Handler
2026-06-01T15:16:25.3475082Z 	/src/frontend/gateway/pb/gateway_grpc.pb.go:471
2026-06-01T15:16:25.3475415Z google.golang.org/grpc.(*Server).processUnaryRPC
2026-06-01T15:16:25.3475759Z 	/src/vendor/google.golang.org/grpc/server.go:1430
2026-06-01T15:16:25.3476085Z google.golang.org/grpc.(*Server).handleStream
2026-06-01T15:16:25.3476409Z 	/src/vendor/google.golang.org/grpc/server.go:1856
2026-06-01T15:16:25.3476762Z google.golang.org/grpc.(*Server).serveStreams.func2.1
2026-06-01T15:16:25.3477109Z 	/src/vendor/google.golang.org/grpc/server.go:1065
2026-06-01T15:16:25.3477405Z runtime.goexit
2026-06-01T15:16:25.3477631Z 	/usr/local/go/src/runtime/asm_amd64.s:1771
2026-06-01T15:16:25.3477833Z 
2026-06-01T15:16:25.3478066Z 7 v0.30.0 /usr/bin/buildkitd --debug --allow-insecure-entitlement=network.host
2026-06-01T15:16:25.3478481Z main.unaryInterceptor
2026-06-01T15:16:25.3478718Z 	/src/cmd/buildkitd/main.go:779
2026-06-01T15:16:25.3479202Z google.golang.org/grpc.NewServer.chainUnaryServerInterceptors.chainUnaryInterceptors.func1
2026-06-01T15:16:25.3480166Z 	/src/vendor/google.golang.org/grpc/server.go:1234
2026-06-01T15:16:25.3480395Z 
2026-06-01T15:16:25.3480632Z 7 v0.30.0 /usr/bin/buildkitd --debug --allow-insecure-entitlement=network.host
2026-06-01T15:16:25.3481309Z github.com/moby/buildkit/cache/util.StatFile
2026-06-01T15:16:25.3481814Z 	/src/cache/util/fsutil.go:105
2026-06-01T15:16:25.3482187Z github.com/moby/buildkit/frontend/gateway.(*llbBridgeForwarder).StatFile
2026-06-01T15:16:25.3482593Z 	/src/frontend/gateway/gateway.go:986
2026-06-01T15:16:25.3482786Z 
2026-06-01T15:16:25.3483609Z time="2026-06-01T15:13:57Z" level=error msg="/moby.buildkit.v1.frontend.LLBBridge/StatFile returned error: rpc error: code = Unknown desc = lstat docker-bake.json: no such file or directory" spanID=4a5bb47467541f41 traceID=8167776e6c9f85885fa5ca16adf112b7
2026-06-01T15:16:25.3484769Z lstat docker-bake.json: no such file or directory
2026-06-01T15:16:25.3485207Z 7 v0.30.0 /usr/bin/buildkitd --debug --allow-insecure-entitlement=network.host
2026-06-01T15:16:25.3485623Z github.com/tonistiigi/fsutil.Stat
2026-06-01T15:16:25.3485927Z 	/src/vendor/github.com/tonistiigi/fsutil/stat.go:61
2026-06-01T15:16:25.3486468Z github.com/moby/buildkit/cache/util.StatFile
2026-06-01T15:16:25.3486774Z 	/src/cache/util/fsutil.go:99
2026-06-01T15:16:25.3487133Z github.com/moby/buildkit/frontend/gateway.(*llbBridgeForwarder).StatFile
2026-06-01T15:16:25.3487538Z 	/src/frontend/gateway/gateway.go:986
2026-06-01T15:16:25.3487899Z github.com/moby/buildkit/control/gateway.(*GatewayForwarder).StatFile
2026-06-01T15:16:25.3488289Z 	/src/control/gateway/gateway.go:135
2026-06-01T15:16:25.3488687Z github.com/moby/buildkit/frontend/gateway/pb._LLBBridge_StatFile_Handler.func1
2026-06-01T15:16:25.3489130Z 	/src/frontend/gateway/pb/gateway_grpc.pb.go:469
2026-06-01T15:16:25.3489484Z google.golang.org/grpc.getChainUnaryHandler.func1
2026-06-01T15:16:25.3490084Z 	/src/vendor/google.golang.org/grpc/server.go:1243
2026-06-01T15:16:25.3490407Z main.unaryInterceptor
2026-06-01T15:16:25.3490650Z 	/src/cmd/buildkitd/main.go:775
2026-06-01T15:16:25.3491140Z google.golang.org/grpc.NewServer.chainUnaryServerInterceptors.chainUnaryInterceptors.func1
2026-06-01T15:16:25.3491692Z 	/src/vendor/google.golang.org/grpc/server.go:1234
2026-06-01T15:16:25.3492113Z github.com/moby/buildkit/frontend/gateway/pb._LLBBridge_StatFile_Handler
2026-06-01T15:16:25.3492532Z 	/src/frontend/gateway/pb/gateway_grpc.pb.go:471
2026-06-01T15:16:25.3492867Z google.golang.org/grpc.(*Server).processUnaryRPC
2026-06-01T15:16:25.3493211Z 	/src/vendor/google.golang.org/grpc/server.go:1430
2026-06-01T15:16:25.3493667Z google.golang.org/grpc.(*Server).handleStream
2026-06-01T15:16:25.3494023Z 	/src/vendor/google.golang.org/grpc/server.go:1856
2026-06-01T15:16:25.3494377Z google.golang.org/grpc.(*Server).serveStreams.func2.1
2026-06-01T15:16:25.3494726Z 	/src/vendor/google.golang.org/grpc/server.go:1065
2026-06-01T15:16:25.3495016Z runtime.goexit
2026-06-01T15:16:25.3495244Z 	/usr/local/go/src/runtime/asm_amd64.s:1771
2026-06-01T15:16:25.3495448Z 
2026-06-01T15:16:25.3495664Z 7 v0.30.0 /usr/bin/buildkitd --debug --allow-insecure-entitlement=network.host
2026-06-01T15:16:25.3496108Z main.unaryInterceptor
2026-06-01T15:16:25.3496344Z 	/src/cmd/buildkitd/main.go:779
2026-06-01T15:16:25.3496820Z google.golang.org/grpc.NewServer.chainUnaryServerInterceptors.chainUnaryInterceptors.func1
2026-06-01T15:16:25.3497368Z 	/src/vendor/google.golang.org/grpc/server.go:1234
2026-06-01T15:16:25.3497580Z 
2026-06-01T15:16:25.3497790Z 7 v0.30.0 /usr/bin/buildkitd --debug --allow-insecure-entitlement=network.host
2026-06-01T15:16:25.3498214Z github.com/moby/buildkit/cache/util.StatFile
2026-06-01T15:16:25.3498511Z 	/src/cache/util/fsutil.go:105
2026-06-01T15:16:25.3498870Z github.com/moby/buildkit/frontend/gateway.(*llbBridgeForwarder).StatFile
2026-06-01T15:16:25.3499267Z 	/src/frontend/gateway/gateway.go:986
2026-06-01T15:16:25.3499450Z 
2026-06-01T15:16:25.3500531Z time="2026-06-01T15:13:57Z" level=error msg="/moby.buildkit.v1.frontend.LLBBridge/StatFile returned error: rpc error: code = Unknown desc = lstat docker-bake.override.json: no such file or directory" spanID=29a70d1b4395eb0f traceID=8167776e6c9f85885fa5ca16adf112b7
2026-06-01T15:16:25.3502016Z lstat docker-bake.override.json: no such file or directory
2026-06-01T15:16:25.3502520Z 7 v0.30.0 /usr/bin/buildkitd --debug --allow-insecure-entitlement=network.host
2026-06-01T15:16:25.3502930Z github.com/tonistiigi/fsutil.Stat
2026-06-01T15:16:25.3503234Z 	/src/vendor/github.com/tonistiigi/fsutil/stat.go:61
2026-06-01T15:16:25.3503577Z github.com/moby/buildkit/cache/util.StatFile
2026-06-01T15:16:25.3503875Z 	/src/cache/util/fsutil.go:99
2026-06-01T15:16:25.3504236Z github.com/moby/buildkit/frontend/gateway.(*llbBridgeForwarder).StatFile
2026-06-01T15:16:25.3504637Z 	/src/frontend/gateway/gateway.go:986
2026-06-01T15:16:25.3504997Z github.com/moby/buildkit/control/gateway.(*GatewayForwarder).StatFile
2026-06-01T15:16:25.3505405Z 	/src/control/gateway/gateway.go:135
2026-06-01T15:16:25.3505882Z github.com/moby/buildkit/frontend/gateway/pb._LLBBridge_StatFile_Handler.func1
2026-06-01T15:16:25.3506463Z 	/src/frontend/gateway/pb/gateway_grpc.pb.go:469
2026-06-01T15:16:25.3507162Z google.golang.org/grpc.getChainUnaryHandler.func1
2026-06-01T15:16:25.3507532Z 	/src/vendor/google.golang.org/grpc/server.go:1243
2026-06-01T15:16:25.3507843Z main.unaryInterceptor
2026-06-01T15:16:25.3508080Z 	/src/cmd/buildkitd/main.go:775
2026-06-01T15:16:25.3508658Z google.golang.org/grpc.NewServer.chainUnaryServerInterceptors.chainUnaryInterceptors.func1
2026-06-01T15:16:25.3509877Z 	/src/vendor/google.golang.org/grpc/server.go:1234
2026-06-01T15:16:25.3510670Z github.com/moby/buildkit/frontend/gateway/pb._LLBBridge_StatFile_Handler
2026-06-01T15:16:25.3511248Z 	/src/frontend/gateway/pb/gateway_grpc.pb.go:471
2026-06-01T15:16:25.3511598Z google.golang.org/grpc.(*Server).processUnaryRPC
2026-06-01T15:16:25.3511936Z 	/src/vendor/google.golang.org/grpc/server.go:1430
2026-06-01T15:16:25.3512269Z google.golang.org/grpc.(*Server).handleStream
2026-06-01T15:16:25.3512602Z 	/src/vendor/google.golang.org/grpc/server.go:1856
2026-06-01T15:16:25.3512955Z google.golang.org/grpc.(*Server).serveStreams.func2.1
2026-06-01T15:16:25.3513317Z 	/src/vendor/google.golang.org/grpc/server.go:1065
2026-06-01T15:16:25.3513627Z runtime.goexit
2026-06-01T15:16:25.3513855Z 	/usr/local/go/src/runtime/asm_amd64.s:1771
2026-06-01T15:16:25.3514060Z 
2026-06-01T15:16:25.3514277Z 7 v0.30.0 /usr/bin/buildkitd --debug --allow-insecure-entitlement=network.host
2026-06-01T15:16:25.3514696Z main.unaryInterceptor
2026-06-01T15:16:25.3515094Z 	/src/cmd/buildkitd/main.go:779
2026-06-01T15:16:25.3515578Z google.golang.org/grpc.NewServer.chainUnaryServerInterceptors.chainUnaryInterceptors.func1
2026-06-01T15:16:25.3516133Z 	/src/vendor/google.golang.org/grpc/server.go:1234
2026-06-01T15:16:25.3516354Z 
2026-06-01T15:16:25.3516565Z 7 v0.30.0 /usr/bin/buildkitd --debug --allow-insecure-entitlement=network.host
2026-06-01T15:16:25.3517090Z github.com/moby/buildkit/cache/util.StatFile
2026-06-01T15:16:25.3517580Z 	/src/cache/util/fsutil.go:105
2026-06-01T15:16:25.3518070Z github.com/moby/buildkit/frontend/gateway.(*llbBridgeForwarder).StatFile
2026-06-01T15:16:25.3518596Z 	/src/frontend/gateway/gateway.go:986
2026-06-01T15:16:25.3518928Z 
2026-06-01T15:16:25.3520131Z time="2026-06-01T15:13:57Z" level=error msg="/moby.buildkit.v1.frontend.LLBBridge/StatFile returned error: rpc error: code = Unknown desc = lstat docker-bake.override.hcl: no such file or directory" spanID=9ca7613d2f8e82e5 traceID=8167776e6c9f85885fa5ca16adf112b7
2026-06-01T15:16:25.3521356Z lstat docker-bake.override.hcl: no such file or directory
2026-06-01T15:16:25.3522029Z 7 v0.30.0 /usr/bin/buildkitd --debug --allow-insecure-entitlement=network.host
2026-06-01T15:16:25.3522551Z github.com/tonistiigi/fsutil.Stat
2026-06-01T15:16:25.3522974Z 	/src/vendor/github.com/tonistiigi/fsutil/stat.go:61
2026-06-01T15:16:25.3523515Z github.com/moby/buildkit/cache/util.StatFile
2026-06-01T15:16:25.3523916Z 	/src/cache/util/fsutil.go:99
2026-06-01T15:16:25.3524414Z github.com/moby/buildkit/frontend/gateway.(*llbBridgeForwarder).StatFile
2026-06-01T15:16:25.3524960Z 	/src/frontend/gateway/gateway.go:986
2026-06-01T15:16:25.3525494Z github.com/moby/buildkit/control/gateway.(*GatewayForwarder).StatFile
2026-06-01T15:16:25.3526037Z 	/src/control/gateway/gateway.go:135
2026-06-01T15:16:25.3526522Z github.com/moby/buildkit/frontend/gateway/pb._LLBBridge_StatFile_Handler.func1
2026-06-01T15:16:25.3527127Z 	/src/frontend/gateway/pb/gateway_grpc.pb.go:469
2026-06-01T15:16:25.3527660Z google.golang.org/grpc.getChainUnaryHandler.func1
2026-06-01T15:16:25.3528570Z 	/src/vendor/google.golang.org/grpc/server.go:1243
2026-06-01T15:16:25.3541568Z main.unaryInterceptor
2026-06-01T15:16:25.3541830Z 	/src/cmd/buildkitd/main.go:775
2026-06-01T15:16:25.3542336Z google.golang.org/grpc.NewServer.chainUnaryServerInterceptors.chainUnaryInterceptors.func1
2026-06-01T15:16:25.3542909Z 	/src/vendor/google.golang.org/grpc/server.go:1234
2026-06-01T15:16:25.3543357Z github.com/moby/buildkit/frontend/gateway/pb._LLBBridge_StatFile_Handler
2026-06-01T15:16:25.3543800Z 	/src/frontend/gateway/pb/gateway_grpc.pb.go:471
2026-06-01T15:16:25.3544487Z google.golang.org/grpc.(*Server).processUnaryRPC
2026-06-01T15:16:25.3544857Z 	/src/vendor/google.golang.org/grpc/server.go:1430
2026-06-01T15:16:25.3545337Z google.golang.org/grpc.(*Server).handleStream
2026-06-01T15:16:25.3545702Z 	/src/vendor/google.golang.org/grpc/server.go:1856
2026-06-01T15:16:25.3546054Z google.golang.org/grpc.(*Server).serveStreams.func2.1
2026-06-01T15:16:25.3546562Z 	/src/vendor/google.golang.org/grpc/server.go:1065
2026-06-01T15:16:25.3546866Z runtime.goexit
2026-06-01T15:16:25.3547086Z 	/usr/local/go/src/runtime/asm_amd64.s:1771
2026-06-01T15:16:25.3547287Z 
2026-06-01T15:16:25.3547578Z 7 v0.30.0 /usr/bin/buildkitd --debug --allow-insecure-entitlement=network.host
2026-06-01T15:16:25.3548081Z main.unaryInterceptor
2026-06-01T15:16:25.3548321Z 	/src/cmd/buildkitd/main.go:779
2026-06-01T15:16:25.3548944Z google.golang.org/grpc.NewServer.chainUnaryServerInterceptors.chainUnaryInterceptors.func1
2026-06-01T15:16:25.3549503Z 	/src/vendor/google.golang.org/grpc/server.go:1234
2026-06-01T15:16:25.3549972Z 
2026-06-01T15:16:25.3550318Z 7 v0.30.0 /usr/bin/buildkitd --debug --allow-insecure-entitlement=network.host
2026-06-01T15:16:25.3550764Z github.com/moby/buildkit/cache/util.StatFile
2026-06-01T15:16:25.3551065Z 	/src/cache/util/fsutil.go:105
2026-06-01T15:16:25.3551590Z github.com/moby/buildkit/frontend/gateway.(*llbBridgeForwarder).StatFile
2026-06-01T15:16:25.3552156Z 	/src/frontend/gateway/gateway.go:986
2026-06-01T15:16:25.3552423Z 
2026-06-01T15:16:25.3552919Z time="2026-06-01T15:13:57Z" level=debug msg="session finished: <nil>" spanID=92fb45abbe5baee0 traceID=8167776e6c9f85885fa5ca16adf112b7
2026-06-01T15:16:25.3553886Z time="2026-06-01T15:13:57Z" level=debug msg="session started" spanID=f023c83ebb425124 traceID=8167776e6c9f85885fa5ca16adf112b7
2026-06-01T15:16:25.3554695Z time="2026-06-01T15:13:57Z" level=debug msg="session finished: <nil>" spanID=f023c83ebb425124 traceID=8167776e6c9f85885fa5ca16adf112b7
2026-06-01T15:16:25.3555673Z time="2026-06-01T15:13:57Z" level=debug msg="session started" spanID=61e0e23076c33b60 traceID=c93976041b4df203edd192da65da64ec
2026-06-01T15:16:25.3557036Z time="2026-06-01T15:13:57Z" level=debug msg="load cache for [internal] load git source https://github.com/moby/buildkit.git#ac2615479413ee4a103ee86de56ddeac5c7897cb with 1l1htq0pj3pqm8ni6vbufvbbj::wgekiloqq1nrc6iui3m0ctpdr"
2026-06-01T15:16:25.3558945Z time="2026-06-01T15:13:57Z" level=error msg="/moby.buildkit.v1.frontend.LLBBridge/StatFile returned error: rpc error: code = Unknown desc = lstat Dockerfile.rego: no such file or directory" spanID=72bb41683b59245e traceID=8167776e6c9f85885fa5ca16adf112b7
2026-06-01T15:16:25.3560223Z lstat Dockerfile.rego: no such file or directory
2026-06-01T15:16:25.3560870Z 7 v0.30.0 /usr/bin/buildkitd --debug --allow-insecure-entitlement=network.host
2026-06-01T15:16:25.3561317Z github.com/tonistiigi/fsutil.Stat
2026-06-01T15:16:25.3561623Z 	/src/vendor/github.com/tonistiigi/fsutil/stat.go:61
2026-06-01T15:16:25.3562114Z github.com/moby/buildkit/cache/util.StatFile
2026-06-01T15:16:25.3562425Z 	/src/cache/util/fsutil.go:99
2026-06-01T15:16:25.3562787Z github.com/moby/buildkit/frontend/gateway.(*llbBridgeForwarder).StatFile
2026-06-01T15:16:25.3563344Z 	/src/frontend/gateway/gateway.go:986
2026-06-01T15:16:25.3563714Z github.com/moby/buildkit/control/gateway.(*GatewayForwarder).StatFile
2026-06-01T15:16:25.3564100Z 	/src/control/gateway/gateway.go:135
2026-06-01T15:16:25.3564658Z github.com/moby/buildkit/frontend/gateway/pb._LLBBridge_StatFile_Handler.func1
2026-06-01T15:16:25.3565106Z 	/src/frontend/gateway/pb/gateway_grpc.pb.go:469
2026-06-01T15:16:25.3565588Z google.golang.org/grpc.getChainUnaryHandler.func1
2026-06-01T15:16:25.3565959Z 	/src/vendor/google.golang.org/grpc/server.go:1243
2026-06-01T15:16:25.3566266Z main.unaryInterceptor
2026-06-01T15:16:25.3566498Z 	/src/cmd/buildkitd/main.go:775
2026-06-01T15:16:25.3567138Z google.golang.org/grpc.NewServer.chainUnaryServerInterceptors.chainUnaryInterceptors.func1
2026-06-01T15:16:25.3567949Z 	/src/vendor/google.golang.org/grpc/server.go:1234
2026-06-01T15:16:25.3568440Z github.com/moby/buildkit/frontend/gateway/pb._LLBBridge_StatFile_Handler
2026-06-01T15:16:25.3568862Z 	/src/frontend/gateway/pb/gateway_grpc.pb.go:471
2026-06-01T15:16:25.3569338Z google.golang.org/grpc.(*Server).processUnaryRPC
2026-06-01T15:16:25.3569826Z 	/src/vendor/google.golang.org/grpc/server.go:1430
2026-06-01T15:16:25.3570340Z google.golang.org/grpc.(*Server).handleStream
2026-06-01T15:16:25.3570683Z 	/src/vendor/google.golang.org/grpc/server.go:1856
2026-06-01T15:16:25.3571038Z google.golang.org/grpc.(*Server).serveStreams.func2.1
2026-06-01T15:16:25.3571388Z 	/src/vendor/google.golang.org/grpc/server.go:1065
2026-06-01T15:16:25.3571679Z runtime.goexit
2026-06-01T15:16:25.3571901Z 	/usr/local/go/src/runtime/asm_amd64.s:1771
2026-06-01T15:16:25.3572094Z 
2026-06-01T15:16:25.3572312Z 7 v0.30.0 /usr/bin/buildkitd --debug --allow-insecure-entitlement=network.host
2026-06-01T15:16:25.3572964Z main.unaryInterceptor
2026-06-01T15:16:25.3573206Z 	/src/cmd/buildkitd/main.go:779
2026-06-01T15:16:25.3573685Z google.golang.org/grpc.NewServer.chainUnaryServerInterceptors.chainUnaryInterceptors.func1
2026-06-01T15:16:25.3574228Z 	/src/vendor/google.golang.org/grpc/server.go:1234
2026-06-01T15:16:25.3574437Z 
2026-06-01T15:16:25.3574649Z 7 v0.30.0 /usr/bin/buildkitd --debug --allow-insecure-entitlement=network.host
2026-06-01T15:16:25.3575218Z github.com/moby/buildkit/cache/util.StatFile
2026-06-01T15:16:25.3575522Z 	/src/cache/util/fsutil.go:105
2026-06-01T15:16:25.3575886Z github.com/moby/buildkit/frontend/gateway.(*llbBridgeForwarder).StatFile
2026-06-01T15:16:25.3576371Z 	/src/frontend/gateway/gateway.go:986
2026-06-01T15:16:25.3576636Z 
2026-06-01T15:16:25.3577008Z time="2026-06-01T15:13:57Z" level=debug msg="session started" spanID=a4305d8fe6cadb39 traceID=8167776e6c9f85885fa5ca16adf112b7
2026-06-01T15:16:25.3577870Z time="2026-06-01T15:13:57Z" level=debug msg="resolve exporter local with map[]" spanID=9a560c67f4cfbb48 traceID=8167776e6c9f85885fa5ca16adf112b7
2026-06-01T15:16:25.3578948Z time="2026-06-01T15:13:57Z" level=debug msg="parsed token: scopes: [{Scope:refs/heads/master Permission:Read|Write}], issued: 2026-06-01 15:08:39 +0000 UTC, expires: 2026-06-01 21:23:39 +0000 UTC"
2026-06-01T15:16:25.3580248Z time="2026-06-01T15:13:57Z" level=debug msg="skipping invalid cache export mode: " spanID=9a560c67f4cfbb48 traceID=8167776e6c9f85885fa5ca16adf112b7
2026-06-01T15:16:25.3581789Z time="2026-06-01T15:13:59Z" level=debug msg="checked for cached auth handler namespace" cached=false key="docker.io/docker/dockerfile-upstream::pull" name=docker.io/docker/dockerfile-upstream scope=pull
2026-06-01T15:16:25.3583933Z time="2026-06-01T15:13:59Z" level=debug msg=resolving span="resolving docker.io/docker/dockerfile-upstream:master" spanID=665c6ae7aaecbe7b traceID=8167776e6c9f85885fa5ca16adf112b7
2026-06-01T15:16:25.3587579Z time="2026-06-01T15:13:59Z" level=debug msg="do request" request.header.accept="application/vnd.docker.distribution.manifest.v2+json, application/vnd.docker.distribution.manifest.list.v2+json, application/vnd.oci.image.manifest.v1+json, application/vnd.oci.image.index.v1+json, */*" request.header.user-agent=buildkit/v0.30 request.method=HEAD span="resolving docker.io/docker/dockerfile-upstream:master" spanID=665c6ae7aaecbe7b traceID=8167776e6c9f85885fa5ca16adf112b7
2026-06-01T15:16:25.3594103Z time="2026-06-01T15:13:59Z" level=debug msg="fetch response received" response.header.connection=keep-alive response.header.content-length=169 response.header.content-type=application/json response.header.date="Mon, 01 Jun 2026 15:13:59 GMT" response.header.docker-distribution-api-version=registry/2.0 response.header.docker-ratelimit-source=52.188.87.65 response.header.strict-transport-security="max-age=31536000" response.header.www-authenticate="***"https://auth.docker.io/token\",service=\"registry.docker.io\",scope=\"repository:docker/dockerfile-upstream:pull\"" response.status="401 Unauthorized" span="resolving docker.io/docker/dockerfile-upstream:master" spanID=665c6ae7aaecbe7b traceID=8167776e6c9f85885fa5ca16adf112b7
2026-06-01T15:16:25.3600407Z time="2026-06-01T15:13:59Z" level=debug msg=Unauthorized header="***"https://auth.docker.io/token\",service=\"registry.docker.io\",scope=\"repository:docker/dockerfile-upstream:pull\"" span="resolving docker.io/docker/dockerfile-upstream:master" spanID=665c6ae7aaecbe7b traceID=8167776e6c9f85885fa5ca16adf112b7
2026-06-01T15:16:25.3603455Z time="2026-06-01T15:13:59Z" level=debug msg="do request" request.header.accept="application/vnd.docker.distribution.manifest.v2+json, application/vnd.docker.distribution.manifest.list.v2+json, application/vnd.oci.image.manifest.v1+json, application/vnd.oci.image.index.v1+json, */*" request.header.user-agent=buildkit/v0.30 request.method=HEAD span="resolving docker.io/docker/dockerfile-upstream:master" spanID=665c6ae7aaecbe7b traceID=8167776e6c9f85885fa5ca16adf112b7
2026-06-01T15:16:25.3608080Z time="2026-06-01T15:13:59Z" level=debug msg="fetch response received" response.header.connection=keep-alive response.header.content-length=9078 response.header.content-type=application/vnd.oci.image.index.v1+json response.header.date="Mon, 01 Jun 2026 15:13:59 GMT" response.header.docker-content-digest="sha256:68ad55f72bf20cc12f5b7b78d7d24477e179c4fc9d48ce39cd6d954f0ac31424" response.header.docker-distribution-api-version=registry/2.0 response.header.docker-ratelimit-source=59aa2839-97c5-4781-8b76-14f597fd2a04 response.header.etag="\"sha256:68ad55f72bf20cc12f5b7b78d7d24477e179c4fc9d48ce39cd6d954f0ac31424\"" response.header.strict-transport-security="max-age=31536000" response.status="200 OK" span="resolving docker.io/docker/dockerfile-upstream:master" spanID=665c6ae7aaecbe7b traceID=8167776e6c9f85885fa5ca16adf112b7
2026-06-01T15:16:25.3612567Z time="2026-06-01T15:13:59Z" level=debug msg=resolved desc.digest="sha256:68ad55f72bf20cc12f5b7b78d7d24477e179c4fc9d48ce39cd6d954f0ac31424" span="resolving docker.io/docker/dockerfile-upstream:master" spanID=665c6ae7aaecbe7b traceID=8167776e6c9f85885fa5ca16adf112b7
2026-06-01T15:16:25.3614057Z time="2026-06-01T15:13:59Z" level=debug msg=fetch span="resolving docker.io/docker/dockerfile-upstream:master" spanID=665c6ae7aaecbe7b traceID=8167776e6c9f85885fa5ca16adf112b7
2026-06-01T15:16:25.3616018Z time="2026-06-01T15:13:59Z" level=debug msg="fetching layer" chunk_size=0 initial_parallelism=0 offset=0 parallelism=1 span="resolving docker.io/docker/dockerfile-upstream:master" spanID=665c6ae7aaecbe7b traceID=8167776e6c9f85885fa5ca16adf112b7
2026-06-01T15:16:25.3619605Z time="2026-06-01T15:13:59Z" level=debug msg="do request" request.header.accept="application/vnd.oci.image.index.v1+json, */*" request.header.accept-encoding="zstd;q=1.0, gzip;q=0.8, deflate;q=0.5" request.header.user-agent=buildkit/v0.30 request.method=GET span="resolving docker.io/docker/dockerfile-upstream:master" spanID=665c6ae7aaecbe7b traceID=8167776e6c9f85885fa5ca16adf112b7
2026-06-01T15:16:25.3626854Z time="2026-06-01T15:14:00Z" level=debug msg="fetch response received" response.header.connection=keep-alive response.header.content-length=9078 response.header.content-type=application/vnd.oci.image.index.v1+json response.header.date="Mon, 01 Jun 2026 15:13:59 GMT" response.header.docker-content-digest="sha256:68ad55f72bf20cc12f5b7b78d7d24477e179c4fc9d48ce39cd6d954f0ac31424" response.header.docker-distribution-api-version=registry/2.0 response.header.docker-ratelimit-source=52.188.87.65 response.header.etag="\"sha256:68ad55f72bf20cc12f5b7b78d7d24477e179c4fc9d48ce39cd6d954f0ac31424\"" response.header.strict-transport-security="max-age=31536000" response.status="200 OK" span="resolving docker.io/docker/dockerfile-upstream:master" spanID=665c6ae7aaecbe7b traceID=8167776e6c9f85885fa5ca16adf112b7
2026-06-01T15:16:25.3630638Z time="2026-06-01T15:14:00Z" level=debug msg=fetch span="resolving docker.io/docker/dockerfile-upstream:master" spanID=665c6ae7aaecbe7b traceID=8167776e6c9f85885fa5ca16adf112b7
2026-06-01T15:16:25.3632247Z time="2026-06-01T15:14:00Z" level=debug msg="fetching layer" chunk_size=0 initial_parallelism=0 offset=0 parallelism=1 span="resolving docker.io/docker/dockerfile-upstream:master" spanID=665c6ae7aaecbe7b traceID=8167776e6c9f85885fa5ca16adf112b7
2026-06-01T15:16:25.3634374Z time="2026-06-01T15:14:00Z" level=debug msg="do request" request.header.accept="application/vnd.oci.image.manifest.v1+json, */*" request.header.accept-encoding="zstd;q=1.0, gzip;q=0.8, deflate;q=0.5" request.header.user-agent=buildkit/v0.30 request.method=GET span="resolving docker.io/docker/dockerfile-upstream:master" spanID=665c6ae7aaecbe7b traceID=8167776e6c9f85885fa5ca16adf112b7
2026-06-01T15:16:25.3638571Z time="2026-06-01T15:14:00Z" level=debug msg="fetch response received" response.header.connection=keep-alive response.header.content-length=1134 response.header.content-type=application/vnd.oci.image.manifest.v1+json response.header.date="Mon, 01 Jun 2026 15:14:00 GMT" response.header.docker-content-digest="sha256:5049fafbbd81c2e0dc6e16cac46167cd7ea63611eaee49b63a909344882f130c" response.header.docker-distribution-api-version=registry/2.0 response.header.docker-ratelimit-source=52.188.87.65 response.header.etag="\"sha256:5049fafbbd81c2e0dc6e16cac46167cd7ea63611eaee49b63a909344882f130c\"" response.header.strict-transport-security="max-age=31536000" response.status="200 OK" span="resolving docker.io/docker/dockerfile-upstream:master" spanID=665c6ae7aaecbe7b traceID=8167776e6c9f85885fa5ca16adf112b7
2026-06-01T15:16:25.3642444Z time="2026-06-01T15:14:00Z" level=debug msg=fetch span="resolving docker.io/docker/dockerfile-upstream:master" spanID=665c6ae7aaecbe7b traceID=8167776e6c9f85885fa5ca16adf112b7
2026-06-01T15:16:25.3643846Z time="2026-06-01T15:14:00Z" level=debug msg="fetching layer" chunk_size=0 initial_parallelism=0 offset=0 parallelism=1 span="resolving docker.io/docker/dockerfile-upstream:master" spanID=665c6ae7aaecbe7b traceID=8167776e6c9f85885fa5ca16adf112b7
2026-06-01T15:16:25.3645940Z time="2026-06-01T15:14:00Z" level=debug msg="do request" request.header.accept="application/vnd.oci.image.config.v1+json, */*" request.header.accept-encoding="zstd;q=1.0, gzip;q=0.8, deflate;q=0.5" request.header.user-agent=buildkit/v0.30 request.method=GET span="resolving docker.io/docker/dockerfile-upstream:master" spanID=665c6ae7aaecbe7b traceID=8167776e6c9f85885fa5ca16adf112b7
2026-06-01T15:16:25.3651656Z time="2026-06-01T15:14:00Z" level=debug msg="fetch response received" response.header.accept-ranges=bytes response.header.age=5385 response.header.alt-svc="h3=\":443\"; ma=86400" response.header.connection=keep-alive response.header.content-length=1332 response.header.content-type=application/octet-stream response.header.date="Mon, 01 Jun 2026 13:44:16 GMT" response.header.etag="\"730852f35597d7454f3a89bd66f43749\"" response.header.last-modified="Mon, 01 Jun 2026 13:42:33 GMT" response.header.server=AmazonS3 response.header.via="1.1 7ab35bc3156ccfb47b4791332a7ae78a.cloudfront.net (CloudFront)" response.header.x-amz-cf-id="QUGFPZFfYwzimyOJIpVp_Y6x-NY7wn3Pq1jIs5KNTAJCZbhTy_7Q1g==" response.header.x-amz-cf-pop=IAD61-P5 response.header.x-amz-server-side-encryption=AES256 response.header.x-amz-version-id=0XVWZneXQzE06TSynsu0CDWpWWLAcXgc response.header.x-cache="Hit from cloudfront" response.status="200 OK" span="resolving docker.io/docker/dockerfile-upstream:master" spanID=665c6ae7aaecbe7b traceID=8167776e6c9f85885fa5ca16adf112b7
2026-06-01T15:16:25.3660146Z time="2026-06-01T15:14:00Z" level=debug msg="checked for cached auth handler namespace" cached=true key="docker.io/docker/dockerfile-upstream::pull" name=docker.io/docker/dockerfile-upstream scope=pull
2026-06-01T15:16:25.3662480Z time="2026-06-01T15:14:00Z" level=debug msg=fetch digest="sha256:68ad55f72bf20cc12f5b7b78d7d24477e179c4fc9d48ce39cd6d954f0ac31424" mediatype=application/vnd.oci.image.index.v1+json size=9078 spanID=d68286fae534495d traceID=8167776e6c9f85885fa5ca16adf112b7
2026-06-01T15:16:25.3664645Z time="2026-06-01T15:14:00Z" level=debug msg=fetch digest="sha256:5049fafbbd81c2e0dc6e16cac46167cd7ea63611eaee49b63a909344882f130c" mediatype=application/vnd.oci.image.manifest.v1+json size=1134 spanID=d68286fae534495d traceID=8167776e6c9f85885fa5ca16adf112b7
2026-06-01T15:16:25.3666595Z time="2026-06-01T15:14:00Z" level=debug msg=fetch digest="sha256:5c46f16556bda36a2071b5a523e2d04ed71683923e0e1f22f875b5a5ca7cfaa9" mediatype=application/vnd.oci.image.config.v1+json size=1332 spanID=d68286fae534495d traceID=8167776e6c9f85885fa5ca16adf112b7
2026-06-01T15:16:25.3668441Z time="2026-06-01T15:14:00Z" level=debug msg="checked for cached auth handler namespace" cached=true key="docker.io/docker/dockerfile-upstream::pull" name=docker.io/docker/dockerfile-upstream scope=pull
2026-06-01T15:16:25.3670473Z time="2026-06-01T15:14:00Z" level=debug msg="checked for cached auth handler namespace" cached=true key="docker.io/docker/dockerfile-upstream::pull" name=docker.io/docker/dockerfile-upstream scope=pull
2026-06-01T15:16:25.3673359Z time="2026-06-01T15:14:00Z" level=debug msg=fetch digest="sha256:5b126fee80ad6bf982103e92ecb0b63d688f843d8e0858b207946907940dc4e6" mediatype=application/vnd.oci.image.layer.v1.tar+gzip size=14384286 spanID=d68286fae534495d traceID=8167776e6c9f85885fa5ca16adf112b7
2026-06-01T15:16:25.3677180Z time="2026-06-01T15:14:00Z" level=debug msg="fetching layer" chunk_size=0 digest="sha256:5b126fee80ad6bf982103e92ecb0b63d688f843d8e0858b207946907940dc4e6" initial_parallelism=0 mediatype=application/vnd.oci.image.layer.v1.tar+gzip offset=0 parallelism=1 size=14384286 spanID=d68286fae534495d traceID=8167776e6c9f85885fa5ca16adf112b7
2026-06-01T15:16:25.3683768Z time="2026-06-01T15:14:00Z" level=debug msg="do request" digest="sha256:5b126fee80ad6bf982103e92ecb0b63d688f843d8e0858b207946907940dc4e6" mediatype=application/vnd.oci.image.layer.v1.tar+gzip request.header.accept="application/vnd.oci.image.layer.v1.tar+gzip, */*" request.header.accept-encoding="zstd;q=1.0, gzip;q=0.8, deflate;q=0.5" request.header.user-agent=buildkit/v0.30 request.method=GET size=14384286 spanID=d68286fae534495d traceID=8167776e6c9f85885fa5ca16adf112b7 url="https://registry-1.docker.io/v2/docker/dockerfile-upstream/blobs/sha256:5b126fee80ad6bf982103e92ecb0b63d688f843d8e0858b207946907940dc4e6"
2026-06-01T15:16:25.3691618Z time="2026-06-01T15:14:00Z" level=debug msg="fetch response received" digest="sha256:5b126fee80ad6bf982103e92ecb0b63d688f843d8e0858b207946907940dc4e6" mediatype=application/vnd.oci.image.layer.v1.tar+gzip response.header.accept-ranges=bytes response.header.age=5136 response.header.alt-svc="h3=\":443\"; ma=86400" response.header.connection=keep-alive response.header.content-length=14384286 response.header.content-type=application/octet-stream response.header.date="Mon, 01 Jun 2026 13:48:24 GMT" response.header.etag="\"0d6d4e684f0a8c34e20c64574f6623a0\"" response.header.last-modified="Mon, 01 Jun 2026 13:42:33 GMT" response.header.server=AmazonS3 response.header.via="1.1 7ab35bc3156ccfb47b4791332a7ae78a.cloudfront.net (CloudFront)" response.header.x-amz-cf-id="25-GVeUsh1p7-0t1uIrr7Qu20MMlnhhESiqUDr7i_v66EffttVK9KQ==" response.header.x-amz-cf-pop=IAD61-P5 response.header.x-amz-server-side-encryption=AES256 response.header.x-amz-version-id=Zom2xZavMtVeIvFJ293CuJs7PN4QtQ6n response.header.x-cache="Hit from cloudfront" response.status="200 OK" size=14384286 spanID=d68286fae534495d traceID=8167776e6c9f85885fa5ca16adf112b7 url="https://registry-1.docker.io/v2/docker/dockerfile-upstream/blobs/sha256:5b126fee80ad6bf982103e92ecb0b63d688f843d8e0858b207946907940dc4e6"
2026-06-01T15:16:25.3696716Z time="2026-06-01T15:14:00Z" level=debug msg=" not found" error="exec: \"igzip\": executable file not found in $PATH"
2026-06-01T15:16:25.3697332Z time="2026-06-01T15:14:00Z" level=debug msg="using unpigz for decompression"
2026-06-01T15:16:25.3698589Z time="2026-06-01T15:14:00Z" level=debug msg="diff applied" d=110.853117ms digest="sha256:5b126fee80ad6bf982103e92ecb0b63d688f843d8e0858b207946907940dc4e6" media=application/vnd.oci.image.layer.v1.tar+gzip size=14384286 span=extract spanID=0161607053316d2d traceID=8167776e6c9f85885fa5ca16adf112b7
2026-06-01T15:16:25.3700432Z time="2026-06-01T15:14:00Z" level=debug msg="serving grpc connection" spanID=d68286fae534495d traceID=8167776e6c9f85885fa5ca16adf112b7
2026-06-01T15:16:25.3701480Z time="2026-06-01T15:14:00Z" level=debug msg="> creating ecavlufq52nruhj7gil50k3ej [/bin/dockerfile-frontend]" spanID=d68286fae534495d traceID=8167776e6c9f85885fa5ca16adf112b7
2026-06-01T15:16:25.3702660Z time="2026-06-01T15:14:00Z" level=debug msg="checked for cached auth handler namespace" cached=false key="docker.io/library/golang::pull" name=docker.io/library/golang scope=pull
2026-06-01T15:16:25.3703827Z time="2026-06-01T15:14:00Z" level=debug msg=resolving span="resolving docker.io/library/golang:1.26-alpine3.23" spanID=7b2d93e06875793d traceID=8167776e6c9f85885fa5ca16adf112b7
2026-06-01T15:16:25.3706028Z time="2026-06-01T15:14:00Z" level=debug msg="do request" request.header.accept="application/vnd.docker.distribution.manifest.v2+json, application/vnd.docker.distribution.manifest.list.v2+json, application/vnd.oci.image.manifest.v1+json, application/vnd.oci.image.index.v1+json, */*" request.header.user-agent=buildkit/v0.30 request.method=HEAD span="resolving docker.io/library/golang:1.26-alpine3.23" spanID=7b2d93e06875793d traceID=8167776e6c9f85885fa5ca16adf112b7
2026-06-01T15:16:25.3708228Z time="2026-06-01T15:14:00Z" level=debug msg="checked for cached auth handler namespace" cached=false key="docker.io/tonistiigi/xx::pull" name=docker.io/tonistiigi/xx scope=pull
2026-06-01T15:16:25.3709462Z time="2026-06-01T15:14:00Z" level=debug msg=resolving span="resolving docker.io/tonistiigi/xx:1.9.0" spanID=3493667d3f6b3a7e traceID=8167776e6c9f85885fa5ca16adf112b7
2026-06-01T15:16:25.3712204Z time="2026-06-01T15:14:00Z" level=debug msg="do request" request.header.accept="application/vnd.docker.distribution.manifest.v2+json, application/vnd.docker.distribution.manifest.list.v2+json, application/vnd.oci.image.manifest.v1+json, application/vnd.oci.image.index.v1+json, */*" request.header.user-agent=buildkit/v0.30 request.method=HEAD span="resolving docker.io/tonistiigi/xx:1.9.0" spanID=3493667d3f6b3a7e traceID=8167776e6c9f85885fa5ca16adf112b7
2026-06-01T15:16:25.3717300Z time="2026-06-01T15:14:00Z" level=debug msg="fetch response received" response.header.connection=keep-alive response.header.content-length=157 response.header.content-type=application/json response.header.date="Mon, 01 Jun 2026 15:14:00 GMT" response.header.docker-distribution-api-version=registry/2.0 response.header.docker-ratelimit-source=52.188.87.65 response.header.strict-transport-security="max-age=31536000" response.header.www-authenticate="***"https://auth.docker.io/token\",service=\"registry.docker.io\",scope=\"repository:library/golang:pull\"" response.status="401 Unauthorized" span="resolving docker.io/library/golang:1.26-alpine3.23" spanID=7b2d93e06875793d traceID=8167776e6c9f85885fa5ca16adf112b7
2026-06-01T15:16:25.3722120Z time="2026-06-01T15:14:00Z" level=debug msg=Unauthorized header="***"https://auth.docker.io/token\",service=\"registry.docker.io\",scope=\"repository:library/golang:pull\"" span="resolving docker.io/library/golang:1.26-alpine3.23" spanID=7b2d93e06875793d traceID=8167776e6c9f85885fa5ca16adf112b7
2026-06-01T15:16:25.3726856Z time="2026-06-01T15:14:00Z" level=debug msg="do request" request.header.accept="application/vnd.docker.distribution.manifest.v2+json, application/vnd.docker.distribution.manifest.list.v2+json, application/vnd.oci.image.manifest.v1+json, application/vnd.oci.image.index.v1+json, */*" request.header.user-agent=buildkit/v0.30 request.method=HEAD span="resolving docker.io/library/golang:1.26-alpine3.23" spanID=7b2d93e06875793d traceID=8167776e6c9f85885fa5ca16adf112b7
2026-06-01T15:16:25.3735022Z time="2026-06-01T15:14:00Z" level=debug msg="fetch response received" response.header.connection=keep-alive response.header.content-length=156 response.header.content-type=application/json response.header.date="Mon, 01 Jun 2026 15:14:00 GMT" response.header.docker-distribution-api-version=registry/2.0 response.header.docker-ratelimit-source=52.188.87.65 response.header.strict-transport-security="max-age=31536000" response.header.www-authenticate="***"https://auth.docker.io/token\",service=\"registry.docker.io\",scope=\"repository:tonistiigi/xx:pull\"" response.status="401 Unauthorized" span="resolving docker.io/tonistiigi/xx:1.9.0" spanID=3493667d3f6b3a7e traceID=8167776e6c9f85885fa5ca16adf112b7
2026-06-01T15:16:25.3741560Z time="2026-06-01T15:14:00Z" level=debug msg=Unauthorized header="***"https://auth.docker.io/token\",service=\"registry.docker.io\",scope=\"repository:tonistiigi/xx:pull\"" span="resolving docker.io/tonistiigi/xx:1.9.0" spanID=3493667d3f6b3a7e traceID=8167776e6c9f85885fa5ca16adf112b7
2026-06-01T15:16:25.3746104Z time="2026-06-01T15:14:00Z" level=debug msg="do request" request.header.accept="application/vnd.docker.distribution.manifest.v2+json, application/vnd.docker.distribution.manifest.list.v2+json, application/vnd.oci.image.manifest.v1+json, application/vnd.oci.image.index.v1+json, */*" request.header.user-agent=buildkit/v0.30 request.method=HEAD span="resolving docker.io/tonistiigi/xx:1.9.0" spanID=3493667d3f6b3a7e traceID=8167776e6c9f85885fa5ca16adf112b7
2026-06-01T15:16:25.3754884Z time="2026-06-01T15:14:00Z" level=debug msg="fetch response received" response.header.connection=keep-alive response.header.content-length=10293 response.header.content-type=application/vnd.oci.image.index.v1+json response.header.date="Mon, 01 Jun 2026 15:14:00 GMT" response.header.docker-content-digest="sha256:91eda9776261207ea25fd06b5b7fed8d397dd2c0a283e77f2ab6e91bfa71079d" response.header.docker-distribution-api-version=registry/2.0 response.header.docker-ratelimit-source=59aa2839-97c5-4781-8b76-14f597fd2a04 response.header.etag="\"sha256:91eda9776261207ea25fd06b5b7fed8d397dd2c0a283e77f2ab6e91bfa71079d\"" response.header.strict-transport-security="max-age=31536000" response.status="200 OK" span="resolving docker.io/library/golang:1.26-alpine3.23" spanID=7b2d93e06875793d traceID=8167776e6c9f85885fa5ca16adf112b7
2026-06-01T15:16:25.3761294Z time="2026-06-01T15:14:00Z" level=debug msg=resolved desc.digest="sha256:91eda9776261207ea25fd06b5b7fed8d397dd2c0a283e77f2ab6e91bfa71079d" span="resolving docker.io/library/golang:1.26-alpine3.23" spanID=7b2d93e06875793d traceID=8167776e6c9f85885fa5ca16adf112b7
2026-06-01T15:16:25.3762779Z time="2026-06-01T15:14:00Z" level=debug msg=fetch span="resolving docker.io/library/golang:1.26-alpine3.23" spanID=7b2d93e06875793d traceID=8167776e6c9f85885fa5ca16adf112b7
2026-06-01T15:16:25.3765211Z time="2026-06-01T15:14:00Z" level=debug msg="fetching layer" chunk_size=0 initial_parallelism=0 offset=0 parallelism=1 span="resolving docker.io/library/golang:1.26-alpine3.23" spanID=7b2d93e06875793d traceID=8167776e6c9f85885fa5ca16adf112b7
2026-06-01T15:16:25.3768983Z time="2026-06-01T15:14:00Z" level=debug msg="do request" request.header.accept="application/vnd.oci.image.index.v1+json, */*" request.header.accept-encoding="zstd;q=1.0, gzip;q=0.8, deflate;q=0.5" request.header.user-agent=buildkit/v0.30 request.method=GET span="resolving docker.io/library/golang:1.26-alpine3.23" spanID=7b2d93e06875793d traceID=8167776e6c9f85885fa5ca16adf112b7
2026-06-01T15:16:25.3775764Z time="2026-06-01T15:14:00Z" level=debug msg="fetch response received" response.header.connection=keep-alive response.header.content-length=10708 response.header.content-type=application/vnd.oci.image.index.v1+json response.header.date="Mon, 01 Jun 2026 15:14:00 GMT" response.header.docker-content-digest="sha256:c64defb9ed5a91eacb37f96ccc3d4cd72521c4bd18d5442905b95e2226b0e707" response.header.docker-distribution-api-version=registry/2.0 response.header.docker-ratelimit-source=59aa2839-97c5-4781-8b76-14f597fd2a04 response.header.etag="\"sha256:c64defb9ed5a91eacb37f96ccc3d4cd72521c4bd18d5442905b95e2226b0e707\"" response.header.strict-transport-security="max-age=31536000" response.status="200 OK" span="resolving docker.io/tonistiigi/xx:1.9.0" spanID=3493667d3f6b3a7e traceID=8167776e6c9f85885fa5ca16adf112b7
2026-06-01T15:16:25.3781924Z time="2026-06-01T15:14:00Z" level=debug msg=resolved desc.digest="sha256:c64defb9ed5a91eacb37f96ccc3d4cd72521c4bd18d5442905b95e2226b0e707" span="resolving docker.io/tonistiigi/xx:1.9.0" spanID=3493667d3f6b3a7e traceID=8167776e6c9f85885fa5ca16adf112b7
2026-06-01T15:16:25.3784188Z time="2026-06-01T15:14:00Z" level=debug msg=fetch span="resolving docker.io/tonistiigi/xx:1.9.0" spanID=3493667d3f6b3a7e traceID=8167776e6c9f85885fa5ca16adf112b7
2026-06-01T15:16:25.3785968Z time="2026-06-01T15:14:00Z" level=debug msg="fetching layer" chunk_size=0 initial_parallelism=0 offset=0 parallelism=1 span="resolving docker.io/tonistiigi/xx:1.9.0" spanID=3493667d3f6b3a7e traceID=8167776e6c9f85885fa5ca16adf112b7
2026-06-01T15:16:25.3788396Z time="2026-06-01T15:14:00Z" level=debug msg="do request" request.header.accept="application/vnd.oci.image.index.v1+json, */*" request.header.accept-encoding="zstd;q=1.0, gzip;q=0.8, deflate;q=0.5" request.header.user-agent=buildkit/v0.30 request.method=GET span="resolving docker.io/tonistiigi/xx:1.9.0" spanID=3493667d3f6b3a7e traceID=8167776e6c9f85885fa5ca16adf112b7
2026-06-01T15:16:25.3793154Z time="2026-06-01T15:14:00Z" level=debug msg="fetch response received" response.header.connection=keep-alive response.header.content-length=10293 response.header.content-type=application/vnd.oci.image.index.v1+json response.header.date="Mon, 01 Jun 2026 15:14:00 GMT" response.header.docker-content-digest="sha256:91eda9776261207ea25fd06b5b7fed8d397dd2c0a283e77f2ab6e91bfa71079d" response.header.docker-distribution-api-version=registry/2.0 response.header.docker-ratelimit-source=59aa2839-97c5-4781-8b76-14f597fd2a04 response.header.etag="\"sha256:91eda9776261207ea25fd06b5b7fed8d397dd2c0a283e77f2ab6e91bfa71079d\"" response.header.strict-transport-security="max-age=31536000" response.status="200 OK" span="resolving docker.io/library/golang:1.26-alpine3.23" spanID=7b2d93e06875793d traceID=8167776e6c9f85885fa5ca16adf112b7
2026-06-01T15:16:25.3796892Z time="2026-06-01T15:14:00Z" level=debug msg=fetch span="resolving docker.io/library/golang:1.26-alpine3.23" spanID=7b2d93e06875793d traceID=8167776e6c9f85885fa5ca16adf112b7
2026-06-01T15:16:25.3798221Z time="2026-06-01T15:14:00Z" level=debug msg="fetching layer" chunk_size=0 initial_parallelism=0 offset=0 parallelism=1 span="resolving docker.io/library/golang:1.26-alpine3.23" spanID=7b2d93e06875793d traceID=8167776e6c9f85885fa5ca16adf112b7
2026-06-01T15:16:25.3800708Z time="2026-06-01T15:14:00Z" level=debug msg="do request" request.header.accept="application/vnd.oci.image.manifest.v1+json, */*" request.header.accept-encoding="zstd;q=1.0, gzip;q=0.8, deflate;q=0.5" request.header.user-agent=buildkit/v0.30 request.method=GET span="resolving docker.io/library/golang:1.26-alpine3.23" spanID=7b2d93e06875793d traceID=8167776e6c9f85885fa5ca16adf112b7
2026-06-01T15:16:25.3806113Z time="2026-06-01T15:14:00Z" level=debug msg="fetch response received" response.header.connection=keep-alive response.header.content-length=10708 response.header.content-type=application/vnd.oci.image.index.v1+json response.header.date="Mon, 01 Jun 2026 15:14:00 GMT" response.header.docker-content-digest="sha256:c64defb9ed5a91eacb37f96ccc3d4cd72521c4bd18d5442905b95e2226b0e707" response.header.docker-distribution-api-version=registry/2.0 response.header.docker-ratelimit-source=59aa2839-97c5-4781-8b76-14f597fd2a04 response.header.etag="\"sha256:c64defb9ed5a91eacb37f96ccc3d4cd72521c4bd18d5442905b95e2226b0e707\"" response.header.strict-transport-security="max-age=31536000" response.status="200 OK" span="resolving docker.io/tonistiigi/xx:1.9.0" spanID=3493667d3f6b3a7e traceID=8167776e6c9f85885fa5ca16adf112b7
2026-06-01T15:16:25.3810769Z time="2026-06-01T15:14:00Z" level=debug msg=fetch span="resolving docker.io/tonistiigi/xx:1.9.0" spanID=3493667d3f6b3a7e traceID=8167776e6c9f85885fa5ca16adf112b7
2026-06-01T15:16:25.3812605Z time="2026-06-01T15:14:00Z" level=debug msg="fetching layer" chunk_size=0 initial_parallelism=0 offset=0 parallelism=1 span="resolving docker.io/tonistiigi/xx:1.9.0" spanID=3493667d3f6b3a7e traceID=8167776e6c9f85885fa5ca16adf112b7
2026-06-01T15:16:25.3817556Z time="2026-06-01T15:14:00Z" level=debug msg="do request" request.header.accept="application/vnd.oci.image.manifest.v1+json, */*" request.header.accept-encoding="zstd;q=1.0, gzip;q=0.8, deflate;q=0.5" request.header.user-agent=buildkit/v0.30 request.method=GET span="resolving docker.io/tonistiigi/xx:1.9.0" spanID=3493667d3f6b3a7e traceID=8167776e6c9f85885fa5ca16adf112b7
2026-06-01T15:16:25.3822824Z time="2026-06-01T15:14:00Z" level=debug msg="fetch response received" response.header.connection=keep-alive response.header.content-length=1921 response.header.content-type=application/vnd.oci.image.manifest.v1+json response.header.date="Mon, 01 Jun 2026 15:14:00 GMT" response.header.docker-content-digest="sha256:f44b851aa23dfa219d18db6eab743203245429d355cb619cf96a2ffe2a84ba7a" response.header.docker-distribution-api-version=registry/2.0 response.header.docker-ratelimit-source=59aa2839-97c5-4781-8b76-14f597fd2a04 response.header.etag="\"sha256:f44b851aa23dfa219d18db6eab743203245429d355cb619cf96a2ffe2a84ba7a\"" response.header.strict-transport-security="max-age=31536000" response.status="200 OK" span="resolving docker.io/library/golang:1.26-alpine3.23" spanID=7b2d93e06875793d traceID=8167776e6c9f85885fa5ca16adf112b7
2026-06-01T15:16:25.3827158Z time="2026-06-01T15:14:00Z" level=debug msg=fetch span="resolving docker.io/library/golang:1.26-alpine3.23" spanID=7b2d93e06875793d traceID=8167776e6c9f85885fa5ca16adf112b7
2026-06-01T15:16:25.3829452Z time="2026-06-01T15:14:00Z" level=debug msg="fetching layer" chunk_size=0 initial_parallelism=0 offset=0 parallelism=1 span="resolving docker.io/library/golang:1.26-alpine3.23" spanID=7b2d93e06875793d traceID=8167776e6c9f85885fa5ca16adf112b7
2026-06-01T15:16:25.3833468Z time="2026-06-01T15:14:00Z" level=debug msg="do request" request.header.accept="application/vnd.oci.image.config.v1+json, */*" request.header.accept-encoding="zstd;q=1.0, gzip;q=0.8, deflate;q=0.5" request.header.user-agent=buildkit/v0.30 request.method=GET span="resolving docker.io/library/golang:1.26-alpine3.23" spanID=7b2d93e06875793d traceID=8167776e6c9f85885fa5ca16adf112b7
2026-06-01T15:16:25.3841353Z time="2026-06-01T15:14:00Z" level=debug msg="fetch response received" response.header.accept-ranges=bytes response.header.age=7844 response.header.alt-svc="h3=\":443\"; ma=86400" response.header.connection=keep-alive response.header.content-length=2193 response.header.content-type=application/octet-stream response.header.date="Mon, 01 Jun 2026 13:03:17 GMT" response.header.etag="\"9c1a62029b56f4a969e2899b527b643c\"" response.header.last-modified="Thu, 07 May 2026 17:37:52 GMT" response.header.server=AmazonS3 response.header.vary=Accept-Encoding response.header.via="1.1 7ab35bc3156ccfb47b4791332a7ae78a.cloudfront.net (CloudFront)" response.header.x-amz-cf-id="d498DVCmByPkFWdHwQz9-RbVtgkxNJTiotZATu7o7amv4t5TpPVSDA==" response.header.x-amz-cf-pop=IAD61-P5 response.header.x-amz-server-side-encryption=AES256 response.header.x-amz-version-id=FYadm_1_iHieVVsHtNJnX9Suzcc.R0S3 response.header.x-cache="Hit from cloudfront" response.status="200 OK" span="resolving docker.io/library/golang:1.26-alpine3.23" spanID=7b2d93e06875793d traceID=8167776e6c9f85885fa5ca16adf112b7
2026-06-01T15:16:25.3849911Z time="2026-06-01T15:14:00Z" level=debug msg="fetch response received" response.header.connection=keep-alive response.header.content-length=478 response.header.content-type=application/vnd.oci.image.manifest.v1+json response.header.date="Mon, 01 Jun 2026 15:14:00 GMT" response.header.docker-content-digest="sha256:50f4a46e93c5f7e8679f5a14222395a3ee5c65e406e16c96d987f6c911f55f90" response.header.docker-distribution-api-version=registry/2.0 response.header.docker-ratelimit-source=59aa2839-97c5-4781-8b76-14f597fd2a04 response.header.etag="\"sha256:50f4a46e93c5f7e8679f5a14222395a3ee5c65e406e16c96d987f6c911f55f90\"" response.header.strict-transport-security="max-age=31536000" response.status="200 OK" span="resolving docker.io/tonistiigi/xx:1.9.0" spanID=3493667d3f6b3a7e traceID=8167776e6c9f85885fa5ca16adf112b7
2026-06-01T15:16:25.3854209Z time="2026-06-01T15:14:00Z" level=debug msg=fetch span="resolving docker.io/tonistiigi/xx:1.9.0" spanID=3493667d3f6b3a7e traceID=8167776e6c9f85885fa5ca16adf112b7
2026-06-01T15:16:25.3855705Z time="2026-06-01T15:14:00Z" level=debug msg="fetching layer" chunk_size=0 initial_parallelism=0 offset=0 parallelism=1 span="resolving docker.io/tonistiigi/xx:1.9.0" spanID=3493667d3f6b3a7e traceID=8167776e6c9f85885fa5ca16adf112b7
2026-06-01T15:16:25.3858022Z time="2026-06-01T15:14:00Z" level=debug msg="do request" request.header.accept="application/vnd.oci.image.config.v1+json, */*" request.header.accept-encoding="zstd;q=1.0, gzip;q=0.8, deflate;q=0.5" request.header.user-agent=buildkit/v0.30 request.method=GET span="resolving docker.io/tonistiigi/xx:1.9.0" spanID=3493667d3f6b3a7e traceID=8167776e6c9f85885fa5ca16adf112b7
2026-06-01T15:16:25.3863721Z time="2026-06-01T15:14:00Z" level=debug msg="fetch response received" response.header.accept-ranges=bytes response.header.age=83468 response.header.alt-svc="h3=\":443\"; ma=86400" response.header.connection=keep-alive response.header.content-length=919 response.header.content-type=application/octet-stream response.header.date="Sun, 31 May 2026 16:02:53 GMT" response.header.etag="\"ce6985b0b2d07968f8d48065e6bc6441\"" response.header.last-modified="Fri, 05 Dec 2025 10:16:58 GMT" response.header.server=AmazonS3 response.header.via="1.1 7ab35bc3156ccfb47b4791332a7ae78a.cloudfront.net (CloudFront)" response.header.x-amz-cf-id="eSTLpbsWGkz9OViMhEB_6BT5f5M8Ct2oX-wiaNzg6NdqREurpP4WWg==" response.header.x-amz-cf-pop=IAD61-P5 response.header.x-amz-server-side-encryption=AES256 response.header.x-amz-version-id=iTUB1EROJWp74RzgONjk9ojAKe3._67c response.header.x-cache="Hit from cloudfront" response.status="200 OK" span="resolving docker.io/tonistiigi/xx:1.9.0" spanID=3493667d3f6b3a7e traceID=8167776e6c9f85885fa5ca16adf112b7
2026-06-01T15:16:25.3870171Z time="2026-06-01T15:14:00Z" level=debug msg="parsed token: scopes: [{Scope:refs/heads/master Permission:Read|Write}], issued: 2026-06-01 15:08:39 +0000 UTC, expires: 2026-06-01 21:23:39 +0000 UTC"
2026-06-01T15:16:25.3871609Z time="2026-06-01T15:14:00Z" level=debug msg="checked for cached auth handler namespace" cached=true key="docker.io/library/golang::pull" name=docker.io/library/golang scope=pull
2026-06-01T15:16:25.3872951Z time="2026-06-01T15:14:00Z" level=debug msg="checked for cached auth handler namespace" cached=true key="docker.io/tonistiigi/xx::pull" name=docker.io/tonistiigi/xx scope=pull
2026-06-01T15:16:25.3874889Z time="2026-06-01T15:14:00Z" level=debug msg=fetch digest="sha256:91eda9776261207ea25fd06b5b7fed8d397dd2c0a283e77f2ab6e91bfa71079d" mediatype=application/vnd.oci.image.index.v1+json size=10293 spanID=9a560c67f4cfbb48 traceID=8167776e6c9f85885fa5ca16adf112b7
2026-06-01T15:16:25.3877001Z time="2026-06-01T15:14:00Z" level=debug msg=fetch digest="sha256:c64defb9ed5a91eacb37f96ccc3d4cd72521c4bd18d5442905b95e2226b0e707" mediatype=application/vnd.oci.image.index.v1+json size=10708 spanID=9a560c67f4cfbb48 traceID=8167776e6c9f85885fa5ca16adf112b7
2026-06-01T15:16:25.3878913Z time="2026-06-01T15:14:00Z" level=debug msg=fetch digest="sha256:f44b851aa23dfa219d18db6eab743203245429d355cb619cf96a2ffe2a84ba7a" mediatype=application/vnd.oci.image.manifest.v1+json size=1921 spanID=9a560c67f4cfbb48 traceID=8167776e6c9f85885fa5ca16adf112b7
2026-06-01T15:16:25.3881113Z time="2026-06-01T15:14:00Z" level=debug msg=fetch digest="sha256:b8fbd9862b05789bb9e5462bf7d67300660e2ab5217aeb637b8db103ac45ea21" mediatype=application/vnd.oci.image.config.v1+json size=2193 spanID=9a560c67f4cfbb48 traceID=8167776e6c9f85885fa5ca16adf112b7
2026-06-01T15:16:25.3883020Z time="2026-06-01T15:14:00Z" level=debug msg=fetch digest="sha256:50f4a46e93c5f7e8679f5a14222395a3ee5c65e406e16c96d987f6c911f55f90" mediatype=application/vnd.oci.image.manifest.v1+json size=478 spanID=9a560c67f4cfbb48 traceID=8167776e6c9f85885fa5ca16adf112b7
2026-06-01T15:16:25.3884908Z time="2026-06-01T15:14:00Z" level=debug msg=fetch digest="sha256:166b249494acf77ae1b27c2b7e6867c50d16a5265c710e16aa5e3447ec1cd1ef" mediatype=application/vnd.oci.image.config.v1+json size=919 spanID=9a560c67f4cfbb48 traceID=8167776e6c9f85885fa5ca16adf112b7
2026-06-01T15:16:25.3886462Z time="2026-06-01T15:14:01Z" level=debug msg="checked for cached auth handler namespace" cached=true key="docker.io/tonistiigi/xx::pull" name=docker.io/tonistiigi/xx scope=pull
2026-06-01T15:16:25.3887712Z time="2026-06-01T15:14:01Z" level=debug msg="checked for cached auth handler namespace" cached=true key="docker.io/tonistiigi/xx::pull" name=docker.io/tonistiigi/xx scope=pull
2026-06-01T15:16:25.3889175Z time="2026-06-01T15:14:01Z" level=debug msg=fetch digest="sha256:ff62ee5b594035d8ad03d05aadc05e2a73f7e0e11bf2574dc5473677a60e22b4" mediatype=application/vnd.oci.image.layer.v1.tar+gzip size=17700 spanID=f6f4983bc1a65579 traceID=8167776e6c9f85885fa5ca16adf112b7
2026-06-01T15:16:25.3891523Z time="2026-06-01T15:14:01Z" level=debug msg="fetching layer" chunk_size=0 digest="sha256:ff62ee5b594035d8ad03d05aadc05e2a73f7e0e11bf2574dc5473677a60e22b4" initial_parallelism=0 mediatype=application/vnd.oci.image.layer.v1.tar+gzip offset=0 parallelism=1 size=17700 spanID=f6f4983bc1a65579 traceID=8167776e6c9f85885fa5ca16adf112b7
2026-06-01T15:16:25.3895277Z time="2026-06-01T15:14:01Z" level=debug msg="do request" digest="sha256:ff62ee5b594035d8ad03d05aadc05e2a73f7e0e11bf2574dc5473677a60e22b4" mediatype=application/vnd.oci.image.layer.v1.tar+gzip request.header.accept="application/vnd.oci.image.layer.v1.tar+gzip, */*" request.header.accept-encoding="zstd;q=1.0, gzip;q=0.8, deflate;q=0.5" request.header.user-agent=buildkit/v0.30 request.method=GET size=17700 spanID=f6f4983bc1a65579 traceID=8167776e6c9f85885fa5ca16adf112b7 url="https://registry-1.docker.io/v2/tonistiigi/xx/blobs/sha256:ff62ee5b594035d8ad03d05aadc05e2a73f7e0e11bf2574dc5473677a60e22b4"
2026-06-01T15:16:25.3907377Z time="2026-06-01T15:14:01Z" level=debug msg="fetch response received" digest="sha256:ff62ee5b594035d8ad03d05aadc05e2a73f7e0e11bf2574dc5473677a60e22b4" mediatype=application/vnd.oci.image.layer.v1.tar+gzip response.header.accept-ranges=bytes response.header.age=64854 response.header.alt-svc="h3=\":443\"; ma=86400" response.header.connection=keep-alive response.header.content-length=17700 response.header.content-type=application/octet-stream response.header.date="Sun, 31 May 2026 21:13:08 GMT" response.header.etag="\"10a6f1a3455c3fd44efa8f0a00409c87\"" response.header.last-modified="Fri, 05 Dec 2025 10:16:58 GMT" response.header.server=AmazonS3 response.header.via="1.1 7ab35bc3156ccfb47b4791332a7ae78a.cloudfront.net (CloudFront)" response.header.x-amz-cf-id="kT-4ksbnIjIPBkU2K-AjdXU02Xx4hqK0GpcjKX-PJNnfTJSpYSNt3Q==" response.header.x-amz-cf-pop=IAD61-P5 response.header.x-amz-server-side-encryption=AES256 response.header.x-amz-version-id=ZI9WOFNyva6HK.uXLDFlT1g5T7A7086b response.header.x-cache="Hit from cloudfront" response.status="200 OK" size=17700 spanID=f6f4983bc1a65579 traceID=8167776e6c9f85885fa5ca16adf112b7 url="https://registry-1.docker.io/v2/tonistiigi/xx/blobs/sha256:ff62ee5b594035d8ad03d05aadc05e2a73f7e0e11bf2574dc5473677a60e22b4"
2026-06-01T15:16:25.3914414Z time="2026-06-01T15:14:01Z" level=debug msg="diff applied" d=3.612898ms digest="sha256:ff62ee5b594035d8ad03d05aadc05e2a73f7e0e11bf2574dc5473677a60e22b4" media=application/vnd.oci.image.layer.v1.tar+gzip size=17700 span=extract spanID=2c68383bdf624d5e traceID=8167776e6c9f85885fa5ca16adf112b7
2026-06-01T15:16:25.3915995Z time="2026-06-01T15:14:01Z" level=debug msg="checked for cached auth handler namespace" cached=true key="docker.io/library/golang::pull" name=docker.io/library/golang scope=pull
2026-06-01T15:16:25.3917142Z time="2026-06-01T15:14:01Z" level=debug msg="checked for cached auth handler namespace" cached=true key="docker.io/library/golang::pull" name=docker.io/library/golang scope=pull
2026-06-01T15:16:25.3918584Z time="2026-06-01T15:14:01Z" level=debug msg=fetch digest="sha256:4f4fb700ef54461cfa02571ae0db9a0dc1e0cdb5577484a6d75e68dc38e8acc1" mediatype=application/vnd.oci.image.layer.v1.tar+gzip size=32 spanID=f14ad8df89813567 traceID=8167776e6c9f85885fa5ca16adf112b7
2026-06-01T15:16:25.3921612Z time="2026-06-01T15:14:01Z" level=debug msg=fetch digest="sha256:1512b43389a873b0519ae3d6c1a3c4d9b19295b8e3330b040d95d73c50ba2f9e" mediatype=application/vnd.oci.image.layer.v1.tar+gzip size=124 spanID=f14ad8df89813567 traceID=8167776e6c9f85885fa5ca16adf112b7
2026-06-01T15:16:25.3924899Z time="2026-06-01T15:14:01Z" level=debug msg=fetch digest="sha256:1a70bdedd442d430ea119cf8db8c0031b4eedeb5bde886892773876ded7629e8" mediatype=application/vnd.oci.image.layer.v1.tar+gzip size=67285082 spanID=f14ad8df89813567 traceID=8167776e6c9f85885fa5ca16adf112b7
2026-06-01T15:16:25.3928119Z time="2026-06-01T15:14:01Z" level=debug msg=fetch digest="sha256:17423c887b377ec28c3923bc88337384a7a0c1f2b50b7faf4912760e8d503ebb" mediatype=application/vnd.oci.image.layer.v1.tar+gzip size=290240 spanID=f14ad8df89813567 traceID=8167776e6c9f85885fa5ca16adf112b7
2026-06-01T15:16:25.3931691Z time="2026-06-01T15:14:01Z" level=debug msg=fetch digest="sha256:6a0ac1617861a677b045b7ff88545213ec31c0ff08763195a70a4a5adda577bb" mediatype=application/vnd.oci.image.layer.v1.tar+gzip size=3864189 spanID=f14ad8df89813567 traceID=8167776e6c9f85885fa5ca16adf112b7
2026-06-01T15:16:25.3934902Z time="2026-06-01T15:14:01Z" level=debug msg="fetching layer" chunk_size=0 digest="sha256:4f4fb700ef54461cfa02571ae0db9a0dc1e0cdb5577484a6d75e68dc38e8acc1" initial_parallelism=0 mediatype=application/vnd.oci.image.layer.v1.tar+gzip offset=0 parallelism=1 size=32 spanID=f14ad8df89813567 traceID=8167776e6c9f85885fa5ca16adf112b7
2026-06-01T15:16:25.3938766Z time="2026-06-01T15:14:01Z" level=debug msg="do request" digest="sha256:4f4fb700ef54461cfa02571ae0db9a0dc1e0cdb5577484a6d75e68dc38e8acc1" mediatype=application/vnd.oci.image.layer.v1.tar+gzip request.header.accept="application/vnd.oci.image.layer.v1.tar+gzip, */*" request.header.accept-encoding="zstd;q=1.0, gzip;q=0.8, deflate;q=0.5" request.header.user-agent=buildkit/v0.30 request.method=GET size=32 spanID=f14ad8df89813567 traceID=8167776e6c9f85885fa5ca16adf112b7 url="https://registry-1.docker.io/v2/library/golang/blobs/sha256:4f4fb700ef54461cfa02571ae0db9a0dc1e0cdb5577484a6d75e68dc38e8acc1"
2026-06-01T15:16:25.3942220Z time="2026-06-01T15:14:01Z" level=debug msg="fetching layer" chunk_size=0 digest="sha256:1512b43389a873b0519ae3d6c1a3c4d9b19295b8e3330b040d95d73c50ba2f9e" initial_parallelism=0 mediatype=application/vnd.oci.image.layer.v1.tar+gzip offset=0 parallelism=1 size=124 spanID=f14ad8df89813567 traceID=8167776e6c9f85885fa5ca16adf112b7
2026-06-01T15:16:25.3945497Z time="2026-06-01T15:14:01Z" level=debug msg="do request" digest="sha256:1512b43389a873b0519ae3d6c1a3c4d9b19295b8e3330b040d95d73c50ba2f9e" mediatype=application/vnd.oci.image.layer.v1.tar+gzip request.header.accept="application/vnd.oci.image.layer.v1.tar+gzip, */*" request.header.accept-encoding="zstd;q=1.0, gzip;q=0.8, deflate;q=0.5" request.header.user-agent=buildkit/v0.30 request.method=GET size=124 spanID=f14ad8df89813567 traceID=8167776e6c9f85885fa5ca16adf112b7 url="https://registry-1.docker.io/v2/library/golang/blobs/sha256:1512b43389a873b0519ae3d6c1a3c4d9b19295b8e3330b040d95d73c50ba2f9e"
2026-06-01T15:16:25.3948620Z time="2026-06-01T15:14:01Z" level=debug msg="fetching layer" chunk_size=0 digest="sha256:17423c887b377ec28c3923bc88337384a7a0c1f2b50b7faf4912760e8d503ebb" initial_parallelism=0 mediatype=application/vnd.oci.image.layer.v1.tar+gzip offset=0 parallelism=1 size=290240 spanID=f14ad8df89813567 traceID=8167776e6c9f85885fa5ca16adf112b7
2026-06-01T15:16:25.3951966Z time="2026-06-01T15:14:01Z" level=debug msg="do request" digest="sha256:17423c887b377ec28c3923bc88337384a7a0c1f2b50b7faf4912760e8d503ebb" mediatype=application/vnd.oci.image.layer.v1.tar+gzip request.header.accept="application/vnd.oci.image.layer.v1.tar+gzip, */*" request.header.accept-encoding="zstd;q=1.0, gzip;q=0.8, deflate;q=0.5" request.header.user-agent=buildkit/v0.30 request.method=GET size=290240 spanID=f14ad8df89813567 traceID=8167776e6c9f85885fa5ca16adf112b7 url="https://registry-1.docker.io/v2/library/golang/blobs/sha256:17423c887b377ec28c3923bc88337384a7a0c1f2b50b7faf4912760e8d503ebb"
2026-06-01T15:16:25.3955310Z time="2026-06-01T15:14:01Z" level=debug msg="fetching layer" chunk_size=0 digest="sha256:1a70bdedd442d430ea119cf8db8c0031b4eedeb5bde886892773876ded7629e8" initial_parallelism=0 mediatype=application/vnd.oci.image.layer.v1.tar+gzip offset=0 parallelism=1 size=67285082 spanID=f14ad8df89813567 traceID=8167776e6c9f85885fa5ca16adf112b7
2026-06-01T15:16:25.3958556Z time="2026-06-01T15:14:01Z" level=debug msg="do request" digest="sha256:1a70bdedd442d430ea119cf8db8c0031b4eedeb5bde886892773876ded7629e8" mediatype=application/vnd.oci.image.layer.v1.tar+gzip request.header.accept="application/vnd.oci.image.layer.v1.tar+gzip, */*" request.header.accept-encoding="zstd;q=1.0, gzip;q=0.8, deflate;q=0.5" request.header.user-agent=buildkit/v0.30 request.method=GET size=67285082 spanID=f14ad8df89813567 traceID=8167776e6c9f85885fa5ca16adf112b7 url="https://registry-1.docker.io/v2/library/golang/blobs/sha256:1a70bdedd442d430ea119cf8db8c0031b4eedeb5bde886892773876ded7629e8"
2026-06-01T15:16:25.3968270Z time="2026-06-01T15:14:01Z" level=debug msg="fetch response received" digest="sha256:4f4fb700ef54461cfa02571ae0db9a0dc1e0cdb5577484a6d75e68dc38e8acc1" mediatype=application/vnd.oci.image.layer.v1.tar+gzip response.header.accept-ranges=bytes response.header.age=82260 response.header.alt-svc="h3=\":443\"; ma=86400" response.header.connection=keep-alive response.header.content-length=32 response.header.content-type=application/octet-stream response.header.date="Sun, 31 May 2026 16:23:02 GMT" response.header.etag="\"0c981b7b1e0a1ffa5aa2e85ce10addf7\"" response.header.last-modified="Tue, 07 Mar 2017 15:01:14 GMT" response.header.server=AmazonS3 response.header.vary=Accept-Encoding response.header.via="1.1 7ab35bc3156ccfb47b4791332a7ae78a.cloudfront.net (CloudFront)" response.header.x-amz-cf-id="ak5KuLd8iM_cT1FMXTPUHxHjnj-DMDZMAMJvj1zUQJxCv3k551n-7g==" response.header.x-amz-cf-pop=IAD61-P5 response.header.x-amz-version-id=LAYyCSQew06o7Ea1PuAbExWijcT8O9Ci response.header.x-cache="Hit from cloudfront" response.status="200 OK" size=32 spanID=f14ad8df89813567 traceID=8167776e6c9f85885fa5ca16adf112b7 url="https://registry-1.docker.io/v2/library/golang/blobs/sha256:4f4fb700ef54461cfa02571ae0db9a0dc1e0cdb5577484a6d75e68dc38e8acc1"
2026-06-01T15:16:25.3975605Z time="2026-06-01T15:14:01Z" level=debug msg="fetching layer" chunk_size=0 digest="sha256:6a0ac1617861a677b045b7ff88545213ec31c0ff08763195a70a4a5adda577bb" initial_parallelism=0 mediatype=application/vnd.oci.image.layer.v1.tar+gzip offset=0 parallelism=1 size=3864189 spanID=f14ad8df89813567 traceID=8167776e6c9f85885fa5ca16adf112b7
2026-06-01T15:16:25.3981832Z time="2026-06-01T15:14:01Z" level=debug msg="do request" digest="sha256:6a0ac1617861a677b045b7ff88545213ec31c0ff08763195a70a4a5adda577bb" mediatype=application/vnd.oci.image.layer.v1.tar+gzip request.header.accept="application/vnd.oci.image.layer.v1.tar+gzip, */*" request.header.accept-encoding="zstd;q=1.0, gzip;q=0.8, deflate;q=0.5" request.header.user-agent=buildkit/v0.30 request.method=GET size=3864189 spanID=f14ad8df89813567 traceID=8167776e6c9f85885fa5ca16adf112b7 url="https://registry-1.docker.io/v2/library/golang/blobs/sha256:6a0ac1617861a677b045b7ff88545213ec31c0ff08763195a70a4a5adda577bb"
2026-06-01T15:16:25.3994625Z time="2026-06-01T15:14:01Z" level=debug msg="fetch response received" digest="sha256:1512b43389a873b0519ae3d6c1a3c4d9b19295b8e3330b040d95d73c50ba2f9e" mediatype=application/vnd.oci.image.layer.v1.tar+gzip response.header.accept-ranges=bytes response.header.age=83406 response.header.alt-svc="h3=\":443\"; ma=86400" response.header.connection=keep-alive response.header.content-length=124 response.header.content-type=application/octet-stream response.header.date="Sun, 31 May 2026 16:03:56 GMT" response.header.etag="\"ada065af1f70d65a34aadde146ec7d56\"" response.header.last-modified="Thu, 07 May 2026 17:37:52 GMT" response.header.server=AmazonS3 response.header.via="1.1 7ab35bc3156ccfb47b4791332a7ae78a.cloudfront.net (CloudFront)" response.header.x-amz-cf-id="JGgI6vZdAe6bRUx3V12fXtFmQTTppJn_PVHcdbXfc0J1Sughg1roPw==" response.header.x-amz-cf-pop=IAD61-P5 response.header.x-amz-server-side-encryption=AES256 response.header.x-amz-version-id=vljqYu74DFTRim5l4qVCV7_Oyi3Jn3aV response.header.x-cache="Hit from cloudfront" response.status="200 OK" size=124 spanID=f14ad8df89813567 traceID=8167776e6c9f85885fa5ca16adf112b7 url="https://registry-1.docker.io/v2/library/golang/blobs/sha256:1512b43389a873b0519ae3d6c1a3c4d9b19295b8e3330b040d95d73c50ba2f9e"
2026-06-01T15:16:25.4013445Z time="2026-06-01T15:14:01Z" level=debug msg="fetch response received" digest="sha256:17423c887b377ec28c3923bc88337384a7a0c1f2b50b7faf4912760e8d503ebb" mediatype=application/vnd.oci.image.layer.v1.tar+gzip response.header.accept-ranges=bytes response.header.age=7919 response.header.alt-svc="h3=\":443\"; ma=86400" response.header.connection=keep-alive response.header.content-length=290240 response.header.content-type=application/octet-stream response.header.date="Mon, 01 Jun 2026 13:02:03 GMT" response.header.etag="\"cd3b441db1fbaaa1d484ffd8fb81f44a\"" response.header.last-modified="Thu, 07 May 2026 17:37:52 GMT" response.header.server=AmazonS3 response.header.via="1.1 7ab35bc3156ccfb47b4791332a7ae78a.cloudfront.net (CloudFront)" response.header.x-amz-cf-id="VZVckfyKiNTlhCH-vOXZ8TgpHPFYqoqCJOw7igPnB4BDiqdjGdwxiQ==" response.header.x-amz-cf-pop=IAD61-P5 response.header.x-amz-server-side-encryption=AES256 response.header.x-amz-storage-class=INTELLIGENT_TIERING response.header.x-amz-version-id=PU5OmdnmNIetKdHwPQsSnIgXHEpzRvph response.header.x-cache="Hit from cloudfront" response.status="200 OK" size=290240 spanID=f14ad8df89813567 traceID=8167776e6c9f85885fa5ca16adf112b7 url="https://registry-1.docker.io/v2/library/golang/blobs/sha256:17423c887b377ec28c3923bc88337384a7a0c1f2b50b7faf4912760e8d503ebb"
2026-06-01T15:16:25.4037423Z time="2026-06-01T15:14:01Z" level=debug msg="fetch response received" digest="sha256:1a70bdedd442d430ea119cf8db8c0031b4eedeb5bde886892773876ded7629e8" mediatype=application/vnd.oci.image.layer.v1.tar+gzip response.header.accept-ranges=bytes response.header.age=69079 response.header.alt-svc="h3=\":443\"; ma=86400" response.header.connection=keep-alive response.header.content-length=67285082 response.header.content-type=application/octet-stream response.header.date="Sun, 31 May 2026 20:02:43 GMT" response.header.etag="\"674131856c6a9ee857afd83f6e92b4d5-3\"" response.header.last-modified="Thu, 07 May 2026 17:37:31 GMT" response.header.server=AmazonS3 response.header.via="1.1 7ab35bc3156ccfb47b4791332a7ae78a.cloudfront.net (CloudFront)" response.header.x-amz-cf-id="PUdH2vgwv9pgansTpc85MfR2YFkhpk4HHEdI8RBNt0EsYYrCgRtmeQ==" response.header.x-amz-cf-pop=IAD61-P5 response.header.x-amz-server-side-encryption=AES256 response.header.x-amz-storage-class=INTELLIGENT_TIERING response.header.x-amz-version-id=4QtzOaGUevyvS1yzOct5cEbS5u4OYqS1 response.header.x-cache="Hit from cloudfront" response.status="200 OK" size=67285082 spanID=f14ad8df89813567 traceID=8167776e6c9f85885fa5ca16adf112b7 url="https://registry-1.docker.io/v2/library/golang/blobs/sha256:1a70bdedd442d430ea119cf8db8c0031b4eedeb5bde886892773876ded7629e8"
2026-06-01T15:16:25.4056144Z time="2026-06-01T15:14:01Z" level=debug msg="fetch response received" digest="sha256:6a0ac1617861a677b045b7ff88545213ec31c0ff08763195a70a4a5adda577bb" mediatype=application/vnd.oci.image.layer.v1.tar+gzip response.header.accept-ranges=bytes response.header.age=35236 response.header.alt-svc="h3=\":443\"; ma=86400" response.header.connection=keep-alive response.header.content-length=3864189 response.header.content-type=application/octet-stream response.header.date="Mon, 01 Jun 2026 05:26:46 GMT" response.header.etag="\"d562645d2c2c56f884f4f6d0b912cf89\"" response.header.last-modified="Wed, 15 Apr 2026 20:01:46 GMT" response.header.server=AmazonS3 response.header.via="1.1 f856d6edb2082e212ebf7f252cb484d6.cloudfront.net (CloudFront)" response.header.x-amz-cf-id="DwTn1VufiZQQytOK358Bj-gqVW6ssfvnHQ_EeHdNvok-93r2Z2L5TQ==" response.header.x-amz-cf-pop=IAD89-P4 response.header.x-amz-server-side-encryption=AES256 response.header.x-amz-storage-class=INTELLIGENT_TIERING response.header.x-amz-version-id=Z3RYCs8a5qC8Kg._X.YUKwyVB99EtbP4 response.header.x-cache="Hit from cloudfront" response.status="200 OK" size=3864189 spanID=f14ad8df89813567 traceID=8167776e6c9f85885fa5ca16adf112b7 url="https://registry-1.docker.io/v2/library/golang/blobs/sha256:6a0ac1617861a677b045b7ff88545213ec31c0ff08763195a70a4a5adda577bb"
2026-06-01T15:16:25.4067354Z time="2026-06-01T15:14:01Z" level=debug msg="diff applied" d=104.276622ms digest="sha256:6a0ac1617861a677b045b7ff88545213ec31c0ff08763195a70a4a5adda577bb" media=application/vnd.oci.image.layer.v1.tar+gzip size=3864189 span=extract spanID=c912b24aece0031f traceID=8167776e6c9f85885fa5ca16adf112b7
2026-06-01T15:16:25.4071336Z time="2026-06-01T15:14:01Z" level=debug msg="diff applied" d=45.128409ms digest="sha256:17423c887b377ec28c3923bc88337384a7a0c1f2b50b7faf4912760e8d503ebb" media=application/vnd.oci.image.layer.v1.tar+gzip size=290240 span=extract spanID=638155ff1dd4dedc traceID=8167776e6c9f85885fa5ca16adf112b7
2026-06-01T15:16:25.4074908Z time="2026-06-01T15:14:02Z" level=debug msg="reset healthcheck failure" actualDuration="961.344µs" spanID=61e0e23076c33b60 timeout=15s traceID=c93976041b4df203edd192da65da64ec
2026-06-01T15:16:25.4077418Z time="2026-06-01T15:14:02Z" level=debug msg="reset healthcheck failure" actualDuration="923.835µs" spanID=a4305d8fe6cadb39 timeout=15s traceID=8167776e6c9f85885fa5ca16adf112b7
2026-06-01T15:16:25.4080785Z time="2026-06-01T15:14:04Z" level=debug msg="diff applied" d=2.950671579s digest="sha256:1a70bdedd442d430ea119cf8db8c0031b4eedeb5bde886892773876ded7629e8" media=application/vnd.oci.image.layer.v1.tar+gzip size=67285082 span=extract spanID=a7f86875f860f072 traceID=8167776e6c9f85885fa5ca16adf112b7
2026-06-01T15:16:25.4084429Z time="2026-06-01T15:14:04Z" level=debug msg="diff applied" d=1.410328ms digest="sha256:1512b43389a873b0519ae3d6c1a3c4d9b19295b8e3330b040d95d73c50ba2f9e" media=application/vnd.oci.image.layer.v1.tar+gzip size=124 span=extract spanID=ad52f547b21f6908 traceID=8167776e6c9f85885fa5ca16adf112b7
2026-06-01T15:16:25.4088515Z time="2026-06-01T15:14:04Z" level=debug msg="diff applied" d="933.303µs" digest="sha256:4f4fb700ef54461cfa02571ae0db9a0dc1e0cdb5577484a6d75e68dc38e8acc1" media=application/vnd.oci.image.layer.v1.tar+gzip size=32 span=extract spanID=5f972ed549df9776 traceID=8167776e6c9f85885fa5ca16adf112b7
2026-06-01T15:16:25.4092418Z time="2026-06-01T15:14:04Z" level=debug msg="> creating la4xbyq20ktrimy5gxz21kc48 [/bin/sh -c apk add --no-cache file bash clang lld musl-dev pkgconfig git make]" span="[gobuild-base 1/2] RUN apk add --no-cache file bash clang lld musl-dev pkgconfig git make" spanID=2c7d3640a116b33b traceID=8167776e6c9f85885fa5ca16adf112b7
2026-06-01T15:16:25.4095286Z time="2026-06-01T15:14:07Z" level=debug msg="reset healthcheck failure" actualDuration=1.000115ms spanID=61e0e23076c33b60 timeout=15s traceID=c93976041b4df203edd192da65da64ec
2026-06-01T15:16:25.4097674Z time="2026-06-01T15:14:07Z" level=debug msg="reset healthcheck failure" actualDuration="725.322µs" spanID=a4305d8fe6cadb39 timeout=15s traceID=8167776e6c9f85885fa5ca16adf112b7
2026-06-01T15:16:25.4100045Z time="2026-06-01T15:14:09Z" level=debug msg="Using single walk diff for /tmp/buildkit-mount753020148" spanID=9d4a581ccb88fc17 traceID=8167776e6c9f85885fa5ca16adf112b7
2026-06-01T15:16:25.4109589Z time="2026-06-01T15:14:09Z" level=debug msg="> creating v2xx9kr68689judancr04sqwt [/bin/sh -c   # if git is worktree (file starting with gitdir:) then skip verions check\n  if [ -f .git ] && head -1 .git | grep -q \"^gitdir:\"; then\n    echo >&2 \"Skipping version check for worktree\"\n    # set dev stubs\n    echo \"-X github.com/moby/buildkit/version.Version=dev -X github.com/moby/buildkit/version.Revision=dev -X github.com/moby/buildkit/version.Package=github.com/moby/buildkit\" > /tmp/.ldflags;\n    echo -n \"dev\" > /tmp/.version;\n    echo -n \"$(date -u +%Y-%m-%dT%H:%M:%SZ)\" > /tmp/.commit_date;\n    exit 0\n  fi\n  if ! git rev-parse HEAD 2>/dev/null; then\n    echo >&2 \"Failed to get git revision, make sure --build-arg BUILDKIT_CONTEXT_KEEP_GIT_DIR=1 is set when building from Git directly\"\n    exit 1\n  fi\n  set -ex\n  export PKG=github.com/moby/buildkit VERSION=$(git describe --match 'v[0-9]*' --dirty='.m' --always --tags) REVISION=$(git rev-parse HEAD)$(if ! git diff --no-ext-diff --quiet --exit-code; then echo .m; fi) COMMIT_DATE=$(git show -s --format=%cI HEAD);\n  echo \"-X ${PKG}/version.Version=${VERSION} -X ${PKG}/version.Revision=${REVISION} -X ${PKG}/version.Package=${PKG}\" > /tmp/.ldflags;\n  echo -n \"${VERSION}\" > /tmp/.version;\n  echo -n \"${COMMIT_DATE}\" > /tmp/.commit_date;\n]" span="[buildkit-version 1/1] RUN --mount=target=. <<'EOT' (# if git is worktree (file starting with gitdir:) then skip verions check...)" spanID=c50f83317fc47202 traceID=8167776e6c9f85885fa5ca16adf112b7
2026-06-01T15:16:25.4120270Z time="2026-06-01T15:14:10Z" level=debug msg="created new ref for cache dir \"//go/pkg/mod\": kvdh445uzjs29520w6lxbzc7l" span="[buildctl 1/1] RUN --mount=target=. --mount=target=/root/.cache,type=cache   --mount=target=/go/pkg/mod,type=cache   --mount=source=/tmp/.ldflags,target=/tmp/.ldflags,from=buildkit-version <<EOT (set -ex...)" spanID=92e4b8bf5e5ffbe5 traceID=8167776e6c9f85885fa5ca16adf112b7
2026-06-01T15:16:25.4124701Z time="2026-06-01T15:14:10Z" level=debug msg="created new ref for cache dir \"//root/.cache\": 89ak2v7146lbfycxm92fbnqne" span="[buildctl 1/1] RUN --mount=target=. --mount=target=/root/.cache,type=cache   --mount=target=/go/pkg/mod,type=cache   --mount=source=/tmp/.ldflags,target=/tmp/.ldflags,from=buildkit-version <<EOT (set -ex...)" spanID=92e4b8bf5e5ffbe5 traceID=8167776e6c9f85885fa5ca16adf112b7
2026-06-01T15:16:25.4134783Z time="2026-06-01T15:14:10Z" level=debug msg="> creating gala7r49r4cyyiibtxtv3ons6 [/bin/sh -c   set -ex\n  xx-go build ${GOBUILDFLAGS} -gcflags=\"${GOGCFLAGS}\" -ldflags \"$(cat /tmp/.ldflags) -extldflags '-static'\" -tags \"osusergo netgo static_build seccomp ${BUILDKITD_TAGS}\" -o /usr/bin/buildkitd ./cmd/buildkitd\n  xx-verify ${VERIFYFLAGS} /usr/bin/buildkitd\n\n  # buildkitd --version can be flaky when running through emulation related to\n  # https://github.com/moby/buildkit/pull/4491. Retry a few times as a workaround.\n  set +ex\n  if [ \"$(xx-info os)\" = \"linux\" ]; then\n    max_retries=5\n    for attempt in $(seq \"$max_retries\"); do\n      timeout 3 /usr/bin/buildkitd --version\n      exitcode=$?\n      if ! xx-info is-cross; then\n        exit $exitcode\n      elif [ $exitcode -eq 0 ]; then\n        break\n      elif [ $exitcode -eq 124 ] || [ $exitcode -eq 143 ]; then\n        echo \"WARN: buildkitd --version timed out ($attempt/$max_retries)\"\n        if [ \"$attempt\" -eq \"$max_retries\" ]; then\n          exit $exitcode\n        fi\n      else\n        echo \"ERROR: buildkitd --version failed with exit code $exitcode\"\n      fi\n      sleep 1\n    done\n  fi\n]" span="[buildkitd 1/1] RUN --mount=target=. --mount=target=/root/.cache,type=cache   --mount=target=/go/pkg/mod,type=cache   --mount=source=/tmp/.ldflags,target=/tmp/.ldflags,from=buildkit-version <<EOT (set -ex...)" spanID=e4632c5345483252 traceID=8167776e6c9f85885fa5ca16adf112b7
2026-06-01T15:16:25.4147118Z time="2026-06-01T15:14:10Z" level=debug msg="> creating 0bgn3m5vpewsnycovb0jmyerb [/bin/sh -c   set -ex\n  xx-go build ${GOBUILDFLAGS} -ldflags \"$(cat /tmp/.ldflags)\" -o /usr/bin/buildctl ./cmd/buildctl\n  xx-verify --static /usr/bin/buildctl\n  if [ \"$(xx-info os)\" = \"linux\" ]; then /usr/bin/buildctl --version; fi\n]" span="[buildctl 1/1] RUN --mount=target=. --mount=target=/root/.cache,type=cache   --mount=target=/go/pkg/mod,type=cache   --mount=source=/tmp/.ldflags,target=/tmp/.ldflags,from=buildkit-version <<EOT (set -ex...)" spanID=92e4b8bf5e5ffbe5 traceID=8167776e6c9f85885fa5ca16adf112b7
2026-06-01T15:16:25.4151701Z time="2026-06-01T15:14:12Z" level=debug msg="reset healthcheck failure" actualDuration=1.453313ms spanID=61e0e23076c33b60 timeout=15s traceID=c93976041b4df203edd192da65da64ec
2026-06-01T15:16:25.4154361Z time="2026-06-01T15:14:12Z" level=debug msg="reset healthcheck failure" actualDuration="722.317µs" spanID=a4305d8fe6cadb39 timeout=15s traceID=8167776e6c9f85885fa5ca16adf112b7
2026-06-01T15:16:25.4156378Z time="2026-06-01T15:14:17Z" level=debug msg="reset healthcheck failure" actualDuration=1.121394ms spanID=61e0e23076c33b60 timeout=15s traceID=c93976041b4df203edd192da65da64ec
2026-06-01T15:16:25.4158479Z time="2026-06-01T15:14:17Z" level=debug msg="reset healthcheck failure" actualDuration=1.248308ms spanID=a4305d8fe6cadb39 timeout=15s traceID=8167776e6c9f85885fa5ca16adf112b7
2026-06-01T15:16:25.4160894Z time="2026-06-01T15:14:22Z" level=debug msg="reset healthcheck failure" actualDuration=1.182764ms spanID=61e0e23076c33b60 timeout=15s traceID=c93976041b4df203edd192da65da64ec
2026-06-01T15:16:25.4163037Z time="2026-06-01T15:14:22Z" level=debug msg="reset healthcheck failure" actualDuration="879.438µs" spanID=a4305d8fe6cadb39 timeout=15s traceID=8167776e6c9f85885fa5ca16adf112b7
2026-06-01T15:16:25.4165250Z time="2026-06-01T15:14:27Z" level=debug msg="reset healthcheck failure" actualDuration=1.087976ms spanID=61e0e23076c33b60 timeout=15s traceID=c93976041b4df203edd192da65da64ec
2026-06-01T15:16:25.4167665Z time="2026-06-01T15:14:27Z" level=debug msg="reset healthcheck failure" actualDuration="963.196µs" spanID=a4305d8fe6cadb39 timeout=15s traceID=8167776e6c9f85885fa5ca16adf112b7
2026-06-01T15:16:25.4170270Z time="2026-06-01T15:14:32Z" level=debug msg="reset healthcheck failure" actualDuration=1.182468ms spanID=61e0e23076c33b60 timeout=15s traceID=c93976041b4df203edd192da65da64ec
2026-06-01T15:16:25.4171700Z time="2026-06-01T15:14:32Z" level=debug msg="reset healthcheck failure" actualDuration=1.017187ms spanID=a4305d8fe6cadb39 timeout=15s traceID=8167776e6c9f85885fa5ca16adf112b7
2026-06-01T15:16:25.4172920Z time="2026-06-01T15:14:37Z" level=debug msg="reset healthcheck failure" actualDuration=1.191897ms spanID=61e0e23076c33b60 timeout=15s traceID=c93976041b4df203edd192da65da64ec
2026-06-01T15:16:25.4174375Z time="2026-06-01T15:14:37Z" level=debug msg="reset healthcheck failure" actualDuration="945.537µs" spanID=a4305d8fe6cadb39 timeout=15s traceID=8167776e6c9f85885fa5ca16adf112b7
2026-06-01T15:16:25.4174909Z time="2026-06-01T15:14:42Z" level=debug msg="reset healthcheck failure" actualDuration=1.188623ms spanID=61e0e23076c33b60 timeout=15s traceID=c93976041b4df203edd192da65da64ec
2026-06-01T15:16:25.4175441Z time="2026-06-01T15:14:42Z" level=debug msg="reset healthcheck failure" actualDuration=1.064881ms spanID=a4305d8fe6cadb39 timeout=15s traceID=8167776e6c9f85885fa5ca16adf112b7
2026-06-01T15:16:25.4175954Z time="2026-06-01T15:14:47Z" level=debug msg="reset healthcheck failure" actualDuration=1.118224ms spanID=61e0e23076c33b60 timeout=15s traceID=c93976041b4df203edd192da65da64ec
2026-06-01T15:16:25.4176880Z time="2026-06-01T15:14:47Z" level=debug msg="reset healthcheck failure" actualDuration="795.514µs" spanID=a4305d8fe6cadb39 timeout=15s traceID=8167776e6c9f85885fa5ca16adf112b7
2026-06-01T15:16:25.4177469Z time="2026-06-01T15:14:49Z" level=debug msg="remove snapshot" key=ifwkmi0o2dtbqhy5407y2gedh snapshotter=overlayfs
2026-06-01T15:16:25.4178016Z time="2026-06-01T15:14:49Z" level=debug msg="remove snapshot" key=tgn5f16tkm1tskgokne7xaqd8 snapshotter=overlayfs
2026-06-01T15:16:25.4178453Z time="2026-06-01T15:14:49Z" level=debug msg="schedule snapshotter cleanup" snapshotter=overlayfs
2026-06-01T15:16:25.4179120Z time="2026-06-01T15:14:49Z" level=debug msg="removed snapshot" key=buildkit/25/tgn5f16tkm1tskgokne7xaqd8 snapshotter=overlayfs
2026-06-01T15:16:25.4179925Z time="2026-06-01T15:14:49Z" level=debug msg="removed snapshot" key=buildkit/6/ifwkmi0o2dtbqhy5407y2gedh snapshotter=overlayfs
2026-06-01T15:16:25.4180852Z time="2026-06-01T15:14:52Z" level=debug msg="reset healthcheck failure" actualDuration=1.761849ms spanID=61e0e23076c33b60 timeout=15s traceID=c93976041b4df203edd192da65da64ec
2026-06-01T15:16:25.4182202Z time="2026-06-01T15:14:52Z" level=debug msg="reset healthcheck failure" actualDuration="742.044µs" spanID=a4305d8fe6cadb39 timeout=15s traceID=8167776e6c9f85885fa5ca16adf112b7
2026-06-01T15:16:25.4183123Z time="2026-06-01T15:14:57Z" level=debug msg="reset healthcheck failure" actualDuration=1.046202ms spanID=61e0e23076c33b60 timeout=15s traceID=c93976041b4df203edd192da65da64ec
2026-06-01T15:16:25.4184077Z time="2026-06-01T15:14:57Z" level=debug msg="reset healthcheck failure" actualDuration=1.569589ms spanID=a4305d8fe6cadb39 timeout=15s traceID=8167776e6c9f85885fa5ca16adf112b7
2026-06-01T15:16:25.4185013Z time="2026-06-01T15:15:02Z" level=debug msg="reset healthcheck failure" actualDuration=1.799424ms spanID=61e0e23076c33b60 timeout=15s traceID=c93976041b4df203edd192da65da64ec
2026-06-01T15:16:25.4186195Z time="2026-06-01T15:15:02Z" level=debug msg="reset healthcheck failure" actualDuration="970.679µs" spanID=a4305d8fe6cadb39 timeout=15s traceID=8167776e6c9f85885fa5ca16adf112b7
2026-06-01T15:16:25.4187145Z time="2026-06-01T15:15:07Z" level=debug msg="reset healthcheck failure" actualDuration=1.328096ms spanID=61e0e23076c33b60 timeout=15s traceID=c93976041b4df203edd192da65da64ec
2026-06-01T15:16:25.4188368Z time="2026-06-01T15:15:07Z" level=debug msg="reset healthcheck failure" actualDuration="738.848µs" spanID=a4305d8fe6cadb39 timeout=15s traceID=8167776e6c9f85885fa5ca16adf112b7
2026-06-01T15:16:25.4189212Z time="2026-06-01T15:15:12Z" level=debug msg="reset healthcheck failure" actualDuration=1.004834ms spanID=61e0e23076c33b60 timeout=15s traceID=c93976041b4df203edd192da65da64ec
2026-06-01T15:16:25.4190394Z time="2026-06-01T15:15:12Z" level=debug msg="reset healthcheck failure" actualDuration="736.801µs" spanID=a4305d8fe6cadb39 timeout=15s traceID=8167776e6c9f85885fa5ca16adf112b7
2026-06-01T15:16:25.4190923Z time="2026-06-01T15:15:17Z" level=debug msg="reset healthcheck failure" actualDuration=1.175242ms spanID=61e0e23076c33b60 timeout=15s traceID=c93976041b4df203edd192da65da64ec
2026-06-01T15:16:25.4191582Z time="2026-06-01T15:15:17Z" level=debug msg="reset healthcheck failure" actualDuration="746.713µs" spanID=a4305d8fe6cadb39 timeout=15s traceID=8167776e6c9f85885fa5ca16adf112b7
2026-06-01T15:16:25.4192095Z time="2026-06-01T15:15:22Z" level=debug msg="reset healthcheck failure" actualDuration=7.713157ms spanID=61e0e23076c33b60 timeout=15s traceID=c93976041b4df203edd192da65da64ec
2026-06-01T15:16:25.4192607Z time="2026-06-01T15:15:22Z" level=debug msg="reset healthcheck failure" actualDuration=7.500251ms spanID=a4305d8fe6cadb39 timeout=15s traceID=8167776e6c9f85885fa5ca16adf112b7
2026-06-01T15:16:25.4193121Z time="2026-06-01T15:15:27Z" level=debug msg="reset healthcheck failure" actualDuration=1.133414ms spanID=61e0e23076c33b60 timeout=15s traceID=c93976041b4df203edd192da65da64ec
2026-06-01T15:16:25.4193747Z time="2026-06-01T15:15:27Z" level=debug msg="reset healthcheck failure" actualDuration="709.243µs" spanID=a4305d8fe6cadb39 timeout=15s traceID=8167776e6c9f85885fa5ca16adf112b7
2026-06-01T15:16:25.4194374Z time="2026-06-01T15:15:32Z" level=debug msg="reset healthcheck failure" actualDuration="970.349µs" spanID=61e0e23076c33b60 timeout=15s traceID=c93976041b4df203edd192da65da64ec
2026-06-01T15:16:25.4194995Z time="2026-06-01T15:15:32Z" level=debug msg="reset healthcheck failure" actualDuration="691.79µs" spanID=a4305d8fe6cadb39 timeout=15s traceID=8167776e6c9f85885fa5ca16adf112b7
2026-06-01T15:16:25.4195489Z time="2026-06-01T15:15:33Z" level=debug msg="Using single walk diff for /tmp/buildkit-mount996863376" spanID=a1a8afbf5b384c88 traceID=8167776e6c9f85885fa5ca16adf112b7
2026-06-01T15:16:25.4196156Z time="2026-06-01T15:15:33Z" level=debug msg="load cache for [binaries-for-test 4/5] LINK COPY --link --from=containerd /out / with sha256:23051dd227cb7442054754f01c4531eeb69e22a62ad519002ecade875d6a8298"
2026-06-01T15:16:25.4196598Z time="2026-06-01T15:15:33Z" level=debug msg=fetch span="exporting to client directory" spanID=57959467c6f04a4f traceID=8167776e6c9f85885fa5ca16adf112b7
2026-06-01T15:16:25.4197163Z time="2026-06-01T15:15:33Z" level=debug msg=fetch span="exporting to client directory" spanID=57959467c6f04a4f traceID=8167776e6c9f85885fa5ca16adf112b7
2026-06-01T15:16:25.4197589Z time="2026-06-01T15:15:33Z" level=debug msg=fetch span="exporting to client directory" spanID=57959467c6f04a4f traceID=8167776e6c9f85885fa5ca16adf112b7
2026-06-01T15:16:25.4198011Z time="2026-06-01T15:15:33Z" level=debug msg=fetch span="exporting to client directory" spanID=57959467c6f04a4f traceID=8167776e6c9f85885fa5ca16adf112b7
2026-06-01T15:16:25.4198959Z time="2026-06-01T15:15:33Z" level=debug msg="diff applied" d=51.683037ms digest="sha256:07d77e9e021b2d5830ead02c53c45b78072fc8ec2458c40147f1f4c6809d56c6" media=application/vnd.oci.image.layer.v1.tar+gzip size=6961952 span=extract spanID=ac751541cfe0fdfc traceID=8167776e6c9f85885fa5ca16adf112b7
2026-06-01T15:16:25.4200157Z time="2026-06-01T15:15:33Z" level=debug msg="diff applied" d=86.968835ms digest="sha256:c9298540f9cbdcf2c5baab9ad84bb4c584f731ea2279142d0c36349df4540f97" media=application/vnd.oci.image.layer.v1.tar+gzip size=11692901 span=extract spanID=22673a93d63b8cf6 traceID=8167776e6c9f85885fa5ca16adf112b7
2026-06-01T15:16:25.4201112Z time="2026-06-01T15:15:33Z" level=debug msg="diff applied" d=98.199897ms digest="sha256:7d67262b8b9a300bdce0f8dc9191efbf2fd399e50135f80f517300e811ffa8c5" media=application/vnd.oci.image.layer.v1.tar+gzip size=12596480 span=extract spanID=b706f571a89accef traceID=8167776e6c9f85885fa5ca16adf112b7
2026-06-01T15:16:25.4202183Z time="2026-06-01T15:15:34Z" level=debug msg="diff applied" d=249.26615ms digest="sha256:e899e6c7268e249a5f82eb56f1fe985b481b8304d0c255517be2c9d23799dc6d" media=application/vnd.oci.image.layer.v1.tar+gzip size=25297009 span=extract spanID=a34f83ac106985a1 traceID=8167776e6c9f85885fa5ca16adf112b7
2026-06-01T15:16:25.4202800Z time="2026-06-01T15:15:34Z" level=debug msg="Using single walk diff for /tmp/buildkit-mount281452318" span="exporting to client directory" spanID=57959467c6f04a4f traceID=8167776e6c9f85885fa5ca16adf112b7
2026-06-01T15:16:25.4203327Z time="2026-06-01T15:15:37Z" level=debug msg="reset healthcheck failure" actualDuration=1.084323ms spanID=61e0e23076c33b60 timeout=15s traceID=c93976041b4df203edd192da65da64ec
2026-06-01T15:16:25.4203991Z time="2026-06-01T15:15:37Z" level=debug msg="reset healthcheck failure" actualDuration="771.14µs" spanID=a4305d8fe6cadb39 timeout=15s traceID=8167776e6c9f85885fa5ca16adf112b7
2026-06-01T15:16:25.4205280Z time="2026-06-01T15:15:40Z" level=debug msg="save cache req https://results-receiver.actions.githubusercontent.com/twirp/github.actions.results.api.v1.CacheService/CreateCacheEntry body={\"key\":\"buildkit-blob-1-sha256:9f9f4670033f1f33fc7d79337bcdd22a13d8bebc65da3484634214fd28bc5882\",\"version\":\"693bb7016429d80366022f036f84856888c9f13e00145f5f6f4dce303a38d6f2\"}"
2026-06-01T15:16:25.4207478Z time="2026-06-01T15:15:40Z" level=debug msg="save cache resp https://results-receiver.actions.githubusercontent.com/twirp/github.actions.results.api.v1.CacheService/CreateCacheEntry body={\"ok\":true, \"signed_upload_url\":\"https://productionresultssa19.blob.core.windows.net/actions-cache/ca7-4709052196?se=2026-06-01T16%3A15%3A40Z&sig=8%2FgoLaXT0npLJzG8fFNbu3utJek8617j%2BJQJsvZUFTo%3D&ske=2026-06-01T17%3A32%3A26Z&skoid=ca7593d4-ee42-46cd-af88-8b886a2f84eb&sks=b&skt=2026-06-01T13%3A32%3A26Z&sktid=398a6654-997b-47e9-b12b-9515b896b4de&skv=2025-11-05&sp=cw&spr=https&sr=b&st=2026-06-01T15%3A15%3A35Z&sv=2025-11-05\", \"message\":\"\"}"
2026-06-01T15:16:25.4208139Z time="2026-06-01T15:15:42Z" level=debug msg="reset healthcheck failure" actualDuration="891.921µs" spanID=61e0e23076c33b60 timeout=15s traceID=c93976041b4df203edd192da65da64ec
2026-06-01T15:16:25.4208772Z time="2026-06-01T15:15:42Z" level=debug msg="reset healthcheck failure" actualDuration="629.331µs" spanID=a4305d8fe6cadb39 timeout=15s traceID=8167776e6c9f85885fa5ca16adf112b7
2026-06-01T15:16:25.4210996Z time="2026-06-01T15:15:42Z" level=debug msg="upload cache https://productionresultssa19.blob.core.windows.net/actions-cache/ca7-4709052196?se=2026-06-01T16%3A15%3A40Z&sig=8%2FgoLaXT0npLJzG8fFNbu3utJek8617j%2BJQJsvZUFTo%3D&ske=2026-06-01T17%3A32%3A26Z&skoid=ca7593d4-ee42-46cd-af88-8b886a2f84eb&sks=b&skt=2026-06-01T13%3A32%3A26Z&sktid=398a6654-997b-47e9-b12b-9515b896b4de&skv=2025-11-05&sp=cw&spr=https&sr=b&st=2026-06-01T15%3A15%3A35Z&sv=2025-11-05 aa74a2f7-401e-00fa-62d9-f1c244000000"
2026-06-01T15:16:25.4212425Z time="2026-06-01T15:15:42Z" level=debug msg="commit cache req https://results-receiver.actions.githubusercontent.com/twirp/github.actions.results.api.v1.CacheService/FinalizeCacheEntryUpload body={\"key\":\"buildkit-blob-1-sha256:9f9f4670033f1f33fc7d79337bcdd22a13d8bebc65da3484634214fd28bc5882\",\"size_bytes\":51512205,\"version\":\"693bb7016429d80366022f036f84856888c9f13e00145f5f6f4dce303a38d6f2\"}"
2026-06-01T15:16:25.4213135Z time="2026-06-01T15:15:42Z" level=debug msg="commit cache resp https://results-receiver.actions.githubusercontent.com/twirp/github.actions.results.api.v1.CacheService/FinalizeCacheEntryUpload 4709052196"
2026-06-01T15:16:25.4214396Z time="2026-06-01T15:15:42Z" level=debug msg="save cache req https://results-receiver.actions.githubusercontent.com/twirp/github.actions.results.api.v1.CacheService/CreateCacheEntry body={\"key\":\"buildkit-blob-1-sha256:9f9f4670033f1f33fc7d79337bcdd22a13d8bebc65da3484634214fd28bc5882\",\"version\":\"693bb7016429d80366022f036f84856888c9f13e00145f5f6f4dce303a38d6f2\"}"
2026-06-01T15:16:25.4214924Z time="2026-06-01T15:15:47Z" level=debug msg="reset healthcheck failure" actualDuration=1.098463ms spanID=61e0e23076c33b60 timeout=15s traceID=c93976041b4df203edd192da65da64ec
2026-06-01T15:16:25.4215714Z time="2026-06-01T15:15:47Z" level=debug msg="reset healthcheck failure" actualDuration="802.485µs" spanID=a4305d8fe6cadb39 timeout=15s traceID=8167776e6c9f85885fa5ca16adf112b7
2026-06-01T15:16:25.4216527Z time="2026-06-01T15:15:52Z" level=debug msg="reset healthcheck failure" actualDuration=1.02054ms spanID=61e0e23076c33b60 timeout=15s traceID=c93976041b4df203edd192da65da64ec
2026-06-01T15:16:25.4217566Z time="2026-06-01T15:15:52Z" level=debug msg="reset healthcheck failure" actualDuration="559.894µs" spanID=a4305d8fe6cadb39 timeout=15s traceID=8167776e6c9f85885fa5ca16adf112b7
2026-06-01T15:16:25.4218383Z time="2026-06-01T15:15:57Z" level=debug msg="reset healthcheck failure" actualDuration=1.015143ms spanID=61e0e23076c33b60 timeout=15s traceID=c93976041b4df203edd192da65da64ec
2026-06-01T15:16:25.4219602Z time="2026-06-01T15:15:57Z" level=debug msg="reset healthcheck failure" actualDuration="655.763µs" spanID=a4305d8fe6cadb39 timeout=15s traceID=8167776e6c9f85885fa5ca16adf112b7
2026-06-01T15:16:25.4220709Z time="2026-06-01T15:16:02Z" level=debug msg="reset healthcheck failure" actualDuration=1.110572ms spanID=61e0e23076c33b60 timeout=15s traceID=c93976041b4df203edd192da65da64ec
2026-06-01T15:16:25.4221888Z time="2026-06-01T15:16:02Z" level=debug msg="reset healthcheck failure" actualDuration="592.926µs" spanID=a4305d8fe6cadb39 timeout=15s traceID=8167776e6c9f85885fa5ca16adf112b7
2026-06-01T15:16:25.4222784Z time="2026-06-01T15:16:07Z" level=debug msg="reset healthcheck failure" actualDuration=1.019791ms spanID=61e0e23076c33b60 timeout=15s traceID=c93976041b4df203edd192da65da64ec
2026-06-01T15:16:25.4223860Z time="2026-06-01T15:16:07Z" level=debug msg="reset healthcheck failure" actualDuration="578.828µs" spanID=a4305d8fe6cadb39 timeout=15s traceID=8167776e6c9f85885fa5ca16adf112b7
2026-06-01T15:16:25.4224764Z time="2026-06-01T15:16:12Z" level=debug msg="reset healthcheck failure" actualDuration=1.069346ms spanID=61e0e23076c33b60 timeout=15s traceID=c93976041b4df203edd192da65da64ec
2026-06-01T15:16:25.4225900Z time="2026-06-01T15:16:12Z" level=debug msg="reset healthcheck failure" actualDuration="657.006µs" spanID=a4305d8fe6cadb39 timeout=15s traceID=8167776e6c9f85885fa5ca16adf112b7
2026-06-01T15:16:25.4227056Z time="2026-06-01T15:16:17Z" level=debug msg="reset healthcheck failure" actualDuration="951.246µs" spanID=61e0e23076c33b60 timeout=15s traceID=c93976041b4df203edd192da65da64ec
2026-06-01T15:16:25.4228466Z time="2026-06-01T15:16:17Z" level=debug msg="reset healthcheck failure" actualDuration="545.387µs" spanID=a4305d8fe6cadb39 timeout=15s traceID=8167776e6c9f85885fa5ca16adf112b7
2026-06-01T15:16:25.4229413Z time="2026-06-01T15:16:22Z" level=debug msg="reset healthcheck failure" actualDuration=1.097326ms spanID=61e0e23076c33b60 timeout=15s traceID=c93976041b4df203edd192da65da64ec
2026-06-01T15:16:25.4230827Z time="2026-06-01T15:16:22Z" level=debug msg="reset healthcheck failure" actualDuration="647.113µs" spanID=a4305d8fe6cadb39 timeout=15s traceID=8167776e6c9f85885fa5ca16adf112b7
2026-06-01T15:16:25.4233596Z time="2026-06-01T15:16:23Z" level=error msg="/moby.buildkit.v1.Control/Solve returned error: rpc error: code = Unknown desc = failed to parse error response 503: upstream connect error or disconnect/reset before headers. retried and the latest reset reason: remote connection failure, transport failure reason: delayed connect error: Connection refused: invalid character 'u' looking for beginning of value" spanID=9a560c67f4cfbb48 traceID=8167776e6c9f85885fa5ca16adf112b7
2026-06-01T15:16:25.4235215Z failed to parse error response 503: upstream connect error or disconnect/reset before headers. retried and the latest reset reason: remote connection failure, transport failure reason: delayed connect error: Connection refused: invalid character 'u' looking for beginning of value
2026-06-01T15:16:25.4235635Z 7 v0.30.0 /usr/bin/buildkitd --debug --allow-insecure-entitlement=network.host
2026-06-01T15:16:25.4236273Z github.com/tonistiigi/go-actions-cache.checkResponse
2026-06-01T15:16:25.4236588Z 	/src/vendor/github.com/tonistiigi/go-actions-cache/cache.go:778
2026-06-01T15:16:25.4236900Z github.com/tonistiigi/go-actions-cache.(*Cache).doWithRetries
2026-06-01T15:16:25.4237215Z 	/src/vendor/github.com/tonistiigi/go-actions-cache/cache.go:530
2026-06-01T15:16:25.4237465Z github.com/tonistiigi/go-actions-cache.(*Cache).loadV2
2026-06-01T15:16:25.4237814Z 	/src/vendor/github.com/tonistiigi/go-actions-cache/cache_v2.go:178
2026-06-01T15:16:25.4238086Z github.com/tonistiigi/go-actions-cache.(*Cache).Load
2026-06-01T15:16:25.4238425Z 	/src/vendor/github.com/tonistiigi/go-actions-cache/cache.go:241
2026-06-01T15:16:25.4238733Z github.com/tonistiigi/go-actions-cache.(*Cache).SaveMutable
2026-06-01T15:16:25.4239068Z 	/src/vendor/github.com/tonistiigi/go-actions-cache/cache.go:426
2026-06-01T15:16:25.4239432Z github.com/moby/buildkit/cache/remotecache/gha.(*exporter).Finalize
2026-06-01T15:16:25.4239637Z 	/src/cache/remotecache/gha/gha.go:316
2026-06-01T15:16:25.4240279Z github.com/moby/buildkit/solver/llbsolver.runCacheExporters.func1.1
2026-06-01T15:16:25.4240484Z 	/src/solver/llbsolver/export.go:113
2026-06-01T15:16:25.4240842Z github.com/moby/buildkit/solver/llbsolver.inBuilderContext.func1
2026-06-01T15:16:25.4241038Z 	/src/solver/llbsolver/solver.go:473
2026-06-01T15:16:25.4241283Z github.com/moby/buildkit/solver.(*Job).InContext
2026-06-01T15:16:25.4241448Z 	/src/solver/jobs.go:919
2026-06-01T15:16:25.4241763Z github.com/moby/buildkit/solver/llbsolver.inBuilderContext
2026-06-01T15:16:25.4241958Z 	/src/solver/llbsolver/solver.go:469
2026-06-01T15:16:25.4242317Z github.com/moby/buildkit/solver/llbsolver.runCacheExporters.func1
2026-06-01T15:16:25.4242496Z 	/src/solver/llbsolver/export.go:92
2026-06-01T15:16:25.4242709Z golang.org/x/sync/errgroup.(*Group).Go.func1
2026-06-01T15:16:25.4242976Z 	/src/vendor/golang.org/x/sync/errgroup/errgroup.go:93
2026-06-01T15:16:25.4243141Z runtime.goexit
2026-06-01T15:16:25.4243400Z 	/usr/local/go/src/runtime/asm_amd64.s:1771
2026-06-01T15:16:25.4243411Z 
2026-06-01T15:16:25.4243821Z 7 v0.30.0 /usr/bin/buildkitd --debug --allow-insecure-entitlement=network.host
2026-06-01T15:16:25.4243995Z main.unaryInterceptor
2026-06-01T15:16:25.4244240Z 	/src/cmd/buildkitd/main.go:779
2026-06-01T15:16:25.4244903Z google.golang.org/grpc.NewServer.chainUnaryServerInterceptors.chainUnaryInterceptors.func1
2026-06-01T15:16:25.4245146Z 	/src/vendor/google.golang.org/grpc/server.go:1234
2026-06-01T15:16:25.4245509Z github.com/moby/buildkit/api/services/control._Control_Solve_Handler
2026-06-01T15:16:25.4246021Z 	/src/api/services/control/control_grpc.pb.go:289
2026-06-01T15:16:25.4246302Z google.golang.org/grpc.(*Server).processUnaryRPC
2026-06-01T15:16:25.4246554Z 	/src/vendor/google.golang.org/grpc/server.go:1430
2026-06-01T15:16:25.4246792Z google.golang.org/grpc.(*Server).handleStream
2026-06-01T15:16:25.4247047Z 	/src/vendor/google.golang.org/grpc/server.go:1856
2026-06-01T15:16:25.4247381Z google.golang.org/grpc.(*Server).serveStreams.func2.1
2026-06-01T15:16:25.4247629Z 	/src/vendor/google.golang.org/grpc/server.go:1065
2026-06-01T15:16:25.4247801Z runtime.goexit
2026-06-01T15:16:25.4248004Z 	/usr/local/go/src/runtime/asm_amd64.s:1771
2026-06-01T15:16:25.4248013Z 
2026-06-01T15:16:25.4248437Z 7 v0.30.0 /usr/bin/buildkitd --debug --allow-insecure-entitlement=network.host
2026-06-01T15:16:25.4248725Z github.com/tonistiigi/go-actions-cache.(*Cache).loadV2
2026-06-01T15:16:25.4249078Z 	/src/vendor/github.com/tonistiigi/go-actions-cache/cache_v2.go:180
2026-06-01T15:16:25.4249335Z github.com/tonistiigi/go-actions-cache.(*Cache).Load
2026-06-01T15:16:25.4249948Z 	/src/vendor/github.com/tonistiigi/go-actions-cache/cache.go:241
2026-06-01T15:16:25.4249964Z 
2026-06-01T15:16:25.4250675Z time="2026-06-01T15:16:23Z" level=debug msg="session finished: <nil>" spanID=a4305d8fe6cadb39 traceID=8167776e6c9f85885fa5ca16adf112b7
2026-06-01T15:16:25.4251360Z time="2026-06-01T15:16:23Z" level=debug msg="session finished: <nil>" spanID=61e0e23076c33b60 traceID=c93976041b4df203edd192da65da64ec
2026-06-01T15:16:25.4252852Z time="2026-06-01T15:16:23Z" level=error msg="/moby.buildkit.v1.Control/Solve returned error: rpc error: code = Canceled desc = context canceled" spanID=68a4c4586da97009 traceID=90a9e24f86450ae895012166ba915263
2026-06-01T15:16:25.4253042Z Canceled: context canceled
2026-06-01T15:16:25.4253419Z 7 v0.30.0 /usr/bin/buildkitd --debug --allow-insecure-entitlement=network.host
2026-06-01T15:16:25.4253576Z main.unaryInterceptor
2026-06-01T15:16:25.4253729Z 	/src/cmd/buildkitd/main.go:779
2026-06-01T15:16:25.4254291Z google.golang.org/grpc.NewServer.chainUnaryServerInterceptors.chainUnaryInterceptors.func1
2026-06-01T15:16:25.4254514Z 	/src/vendor/google.golang.org/grpc/server.go:1234
2026-06-01T15:16:25.4254848Z github.com/moby/buildkit/api/services/control._Control_Solve_Handler
2026-06-01T15:16:25.4255057Z 	/src/api/services/control/control_grpc.pb.go:289
2026-06-01T15:16:25.4255287Z google.golang.org/grpc.(*Server).processUnaryRPC
2026-06-01T15:16:25.4255525Z 	/src/vendor/google.golang.org/grpc/server.go:1430
2026-06-01T15:16:25.4255739Z google.golang.org/grpc.(*Server).handleStream
2026-06-01T15:16:25.4255946Z 	/src/vendor/google.golang.org/grpc/server.go:1856
2026-06-01T15:16:25.4256179Z google.golang.org/grpc.(*Server).serveStreams.func2.1
2026-06-01T15:16:25.4256382Z 	/src/vendor/google.golang.org/grpc/server.go:1065
2026-06-01T15:16:25.4256529Z runtime.goexit
2026-06-01T15:16:25.4256707Z 	/usr/local/go/src/runtime/asm_amd64.s:1771
2026-06-01T15:16:25.4256716Z 
2026-06-01T15:16:25.4257294Z time="2026-06-01T15:16:24Z" level=debug msg="remove snapshot" key=6fr1g8slb17hipn27c8ym6vxg snapshotter=overlayfs
2026-06-01T15:16:25.4257862Z time="2026-06-01T15:16:24Z" level=debug msg="remove snapshot" key=8gqrzd46tjkr00atwos4kqbhj snapshotter=overlayfs
2026-06-01T15:16:25.4258462Z time="2026-06-01T15:16:24Z" level=debug msg="remove snapshot" key=gk90sgb647zo261ieqc9ls9w9-view snapshotter=overlayfs
2026-06-01T15:16:25.4259394Z time="2026-06-01T15:16:24Z" level=debug msg="remove snapshot" key="sha256:a8521dc4ce33015271bc7813595f3b84016c94cceac12f2bd170b647167a50ee-view" snapshotter=overlayfs
2026-06-01T15:16:25.4260267Z time="2026-06-01T15:16:24Z" level=debug msg="remove snapshot" key=xwx1z24065dr7wy3w446te1s0-view snapshotter=overlayfs
2026-06-01T15:16:25.4260733Z time="2026-06-01T15:16:24Z" level=debug msg="schedule snapshotter cleanup" snapshotter=overlayfs
2026-06-01T15:16:25.4261415Z time="2026-06-01T15:16:24Z" level=debug msg="removed snapshot" key=buildkit/41/xwx1z24065dr7wy3w446te1s0-view snapshotter=overlayfs
2026-06-01T15:16:25.4262233Z time="2026-06-01T15:16:24Z" level=debug msg="removed snapshot" key=buildkit/39/8gqrzd46tjkr00atwos4kqbhj snapshotter=overlayfs
2026-06-01T15:16:25.4262825Z time="2026-06-01T15:16:24Z" level=debug msg="removed snapshot" key=buildkit/53/6fr1g8slb17hipn27c8ym6vxg snapshotter=overlayfs
2026-06-01T15:16:25.4263437Z time="2026-06-01T15:16:24Z" level=debug msg="removed snapshot" key=buildkit/55/gk90sgb647zo261ieqc9ls9w9-view snapshotter=overlayfs
2026-06-01T15:16:25.4264357Z time="2026-06-01T15:16:24Z" level=debug msg="removed snapshot" key="buildkit/9/sha256:a8521dc4ce33015271bc7813595f3b84016c94cceac12f2bd170b647167a50ee-view" snapshotter=overlayfs
2026-06-01T15:16:25.4264837Z ##[endgroup]
2026-06-01T15:16:25.4265294Z ##[group]Removing builder
2026-06-01T15:16:25.4267013Z [command]/usr/bin/docker buildx rm builder-e8add0e5-80d5-4b27-bfaa-04c82d97fe20
2026-06-01T15:16:26.9358064Z builder-e8add0e5-80d5-4b27-bfaa-04c82d97fe20 removed
2026-06-01T15:16:26.9411571Z ##[endgroup]
2026-06-01T15:16:26.9412196Z ##[group]Cleaning up certificates
2026-06-01T15:16:26.9413471Z ##[endgroup]
2026-06-01T15:16:26.9415247Z ##[group]Post cache
2026-06-01T15:16:26.9416602Z State not set
2026-06-01T15:16:26.9417683Z ##[endgroup]
2026-06-01T15:16:26.9574884Z Cleaning up orphan processes
